{
    "name": "MDT - East",
    "type": "FeatureCollection",
    "features": [
        {
            "type": "Feature",
            "geometry": {
                "type": "Point",
                "coordinates": [
                    -78.1277778,
                    42.3666667
                ]
            },
            "properties": {
                "isLineDefaults": true,
                "bcg": 18,
                "filters": [
                    20,
                    29
                ],
                "style": "solid",
                "thickness": 1
            }
        },
        {
            "type": "Feature",
            "geometry": {
                "type": "Point",
                "coordinates": [
                    -78.1277778,
                    42.3666667
                ]
            },
            "properties": {
                "isTextDefaults": true,
                "bcg": 18,
                "filters": [
                    20,
                    29
                ],
                "size": 1,
                "underline": false,
                "opaque": false,
                "xOffset": 0,
                "yOffset": 0
            }
        },
        {
            "type": "Feature",
            "geometry": {
                "type": "Point",
                "coordinates": [
                    -78.1277778,
                    42.3666667
                ]
            },
            "properties": {
                "isSymbolDefaults": true,
                "bcg": 18,
                "filters": [
                    20,
                    29
                ],
                "style": "Vor",
                "size": 1
            }
        },
        {
            "type": "Feature",
            "properties": {},
            "geometry": {
                "type": "LineString",
                "coordinates": [
                    [
                        -76.79507194444444,
                        40.18578972222222
                    ],
                    [
                        -76.79507194444444,
                        40.18578972222222
                    ]
                ]
            }
        },
        {
            "type": "Feature",
            "properties": {},
            "geometry": {
                "type": "LineString",
                "coordinates": [
                    [
                        -76.22940027777778,
                        40.3916125
                    ],
                    [
                        -76.24049444444445,
                        40.4547225
                    ]
                ]
            }
        },
        {
            "type": "Feature",
            "properties": {},
            "geometry": {
                "type": "LineString",
                "coordinates": [
                    [
                        -76.78189083333334,
                        40.467395
                    ],
                    [
                        -76.71535361111111,
                        40.495738333333335
                    ],
                    [
                        -76.653265,
                        40.492201944444446
                    ],
                    [
                        -76.74175555555556,
                        40.4595125
                    ]
                ]
            }
        },
        {
            "type": "Feature",
            "properties": {},
            "geometry": {
                "type": "LineString",
                "coordinates": [
                    [
                        -76.72517222222223,
                        40.390407777777774
                    ],
                    [
                        -76.72625888888889,
                        40.381165
                    ]
                ]
            }
        },
        {
            "type": "Feature",
            "properties": {},
            "geometry": {
                "type": "LineString",
                "coordinates": [
                    [
                        -77.25756472222223,
                        40.549297777777774
                    ],
                    [
                        -77.2931925,
                        40.48344111111111
                    ]
                ]
            }
        },
        {
            "type": "Feature",
            "properties": {},
            "geometry": {
                "type": "LineString",
                "coordinates": [
                    [
                        -77.29827583333334,
                        40.47399277777778
                    ],
                    [
                        -77.31086666666667,
                        40.474944444444446
                    ]
                ]
            }
        },
        {
            "type": "Feature",
            "properties": {},
            "geometry": {
                "type": "LineString",
                "coordinates": [
                    [
                        -77.8313636111111,
                        40.42872388888889
                    ],
                    [
                        -77.82042055555556,
                        40.43367166666666
                    ]
                ]
            }
        },
        {
            "type": "Feature",
            "properties": {},
            "geometry": {
                "type": "LineString",
                "coordinates": [
                    [
                        -77.81030833333332,
                        40.438244999999995
                    ],
                    [
                        -77.74960777777778,
                        40.465851111111114
                    ]
                ]
            }
        },
        {
            "type": "Feature",
            "properties": {},
            "geometry": {
                "type": "LineString",
                "coordinates": [
                    [
                        -77.73901083333334,
                        40.47069666666667
                    ],
                    [
                        -77.72781527777778,
                        40.47572944444445
                    ]
                ]
            }
        },
        {
            "type": "Feature",
            "properties": {},
            "geometry": {
                "type": "LineString",
                "coordinates": [
                    [
                        -77.71792805555556,
                        40.480201111111114
                    ],
                    [
                        -77.66990861111111,
                        40.50198944444445
                    ]
                ]
            }
        },
        {
            "type": "Feature",
            "properties": {},
            "geometry": {
                "type": "LineString",
                "coordinates": [
                    [
                        -77.89774194444445,
                        40.202223333333336
                    ],
                    [
                        -77.8573686111111,
                        40.200496111111114
                    ]
                ]
            }
        },
        {
            "type": "Feature",
            "properties": {},
            "geometry": {
                "type": "LineString",
                "coordinates": [
                    [
                        -77.92222972222223,
                        40.20326861111111
                    ],
                    [
                        -77.91004527777778,
                        40.20274638888889
                    ]
                ]
            }
        },
        {
            "type": "Feature",
            "properties": {},
            "geometry": {
                "type": "LineString",
                "coordinates": [
                    [
                        -77.90991194444445,
                        40.40752666666666
                    ],
                    [
                        -77.90109055555556,
                        40.37666138888889
                    ]
                ]
            }
        },
        {
            "type": "Feature",
            "properties": {},
            "geometry": {
                "type": "LineString",
                "coordinates": [
                    [
                        -77.91691527777779,
                        40.434463055555554
                    ],
                    [
                        -77.90991194444445,
                        40.40752666666666
                    ]
                ]
            }
        },
        {
            "type": "Feature",
            "properties": {},
            "geometry": {
                "type": "LineString",
                "coordinates": [
                    [
                        -77.93917027777778,
                        40.5102675
                    ],
                    [
                        -77.92387805555556,
                        40.461218611111114
                    ]
                ]
            }
        },
        {
            "type": "Feature",
            "properties": {},
            "geometry": {
                "type": "LineString",
                "coordinates": [
                    [
                        -77.92178611111112,
                        40.45322916666667
                    ],
                    [
                        -77.919295,
                        40.443621666666665
                    ]
                ]
            }
        },
        {
            "type": "Feature",
            "properties": {},
            "geometry": {
                "type": "LineString",
                "coordinates": [
                    [
                        -77.83554888888888,
                        40.51407694444445
                    ],
                    [
                        -77.84695388888889,
                        40.51489
                    ]
                ]
            }
        },
        {
            "type": "Feature",
            "properties": {},
            "geometry": {
                "type": "LineString",
                "coordinates": [
                    [
                        -77.75080111111112,
                        40.507940833333336
                    ],
                    [
                        -77.82474583333332,
                        40.51335
                    ]
                ]
            }
        },
        {
            "type": "Feature",
            "properties": {},
            "geometry": {
                "type": "LineString",
                "coordinates": [
                    [
                        -77.72595611111112,
                        40.50612944444445
                    ],
                    [
                        -77.74023916666667,
                        40.50720416666667
                    ]
                ]
            }
        },
        {
            "type": "Feature",
            "properties": {},
            "geometry": {
                "type": "LineString",
                "coordinates": [
                    [
                        -77.64314805555556,
                        40.500082222222225
                    ],
                    [
                        -77.71527444444445,
                        40.50539083333334
                    ]
                ]
            }
        },
        {
            "type": "Feature",
            "properties": {},
            "geometry": {
                "type": "LineString",
                "coordinates": [
                    [
                        -77.62022805555554,
                        40.49832611111111
                    ],
                    [
                        -77.63234777777777,
                        40.49924611111111
                    ]
                ]
            }
        },
        {
            "type": "Feature",
            "properties": {},
            "geometry": {
                "type": "LineString",
                "coordinates": [
                    [
                        -77.53767888888889,
                        40.492202222222225
                    ],
                    [
                        -77.60942916666666,
                        40.49757833333334
                    ]
                ]
            }
        },
        {
            "type": "Feature",
            "properties": {},
            "geometry": {
                "type": "LineString",
                "coordinates": [
                    [
                        -77.51164472222223,
                        40.49016916666667
                    ],
                    [
                        -77.52520194444445,
                        40.49127388888889
                    ]
                ]
            }
        },
        {
            "type": "Feature",
            "properties": {},
            "geometry": {
                "type": "LineString",
                "coordinates": [
                    [
                        -77.42947527777778,
                        40.483965833333336
                    ],
                    [
                        -77.50216805555556,
                        40.489494722222226
                    ]
                ]
            }
        },
        {
            "type": "Feature",
            "properties": {},
            "geometry": {
                "type": "LineString",
                "coordinates": [
                    [
                        -77.32465583333332,
                        40.47598055555556
                    ],
                    [
                        -77.39589166666667,
                        40.48139916666667
                    ]
                ]
            }
        },
        {
            "type": "Feature",
            "properties": {},
            "geometry": {
                "type": "LineString",
                "coordinates": [
                    [
                        -77.40392861111111,
                        40.48208944444445
                    ],
                    [
                        -77.41772138888889,
                        40.483114722222226
                    ]
                ]
            }
        },
        {
            "type": "Feature",
            "properties": {},
            "geometry": {
                "type": "LineString",
                "coordinates": [
                    [
                        -77.04354222222221,
                        40.94344472222222
                    ],
                    [
                        -77.04629916666667,
                        40.93840611111111
                    ]
                ]
            }
        },
        {
            "type": "Feature",
            "properties": {},
            "geometry": {
                "type": "LineString",
                "coordinates": [
                    [
                        -77.05109222222222,
                        40.92961111111111
                    ],
                    [
                        -77.055165,
                        40.92209888888889
                    ]
                ]
            }
        },
        {
            "type": "Feature",
            "properties": {},
            "geometry": {
                "type": "LineString",
                "coordinates": [
                    [
                        -77.06019583333332,
                        40.912936944444446
                    ],
                    [
                        -77.08783833333332,
                        40.86226861111111
                    ]
                ]
            }
        },
        {
            "type": "Feature",
            "properties": {},
            "geometry": {
                "type": "LineString",
                "coordinates": [
                    [
                        -77.09214277777777,
                        40.85429666666667
                    ],
                    [
                        -77.0971636111111,
                        40.84522444444445
                    ]
                ]
            }
        },
        {
            "type": "Feature",
            "properties": {},
            "geometry": {
                "type": "LineString",
                "coordinates": [
                    [
                        -77.10194277777777,
                        40.83633583333334
                    ],
                    [
                        -77.12952333333332,
                        40.78565583333333
                    ]
                ]
            }
        },
        {
            "type": "Feature",
            "properties": {},
            "geometry": {
                "type": "LineString",
                "coordinates": [
                    [
                        -77.13357888888889,
                        40.77814027777778
                    ],
                    [
                        -77.13870722222222,
                        40.76879111111111
                    ]
                ]
            }
        },
        {
            "type": "Feature",
            "properties": {},
            "geometry": {
                "type": "LineString",
                "coordinates": [
                    [
                        -77.14252222222223,
                        40.7616425
                    ],
                    [
                        -77.17016111111111,
                        40.710859722222224
                    ]
                ]
            }
        },
        {
            "type": "Feature",
            "properties": {},
            "geometry": {
                "type": "LineString",
                "coordinates": [
                    [
                        -77.17539888888889,
                        40.701325555555556
                    ],
                    [
                        -77.17968222222223,
                        40.693349999999995
                    ]
                ]
            }
        },
        {
            "type": "Feature",
            "properties": {},
            "geometry": {
                "type": "LineString",
                "coordinates": [
                    [
                        -77.183965,
                        40.68546527777777
                    ],
                    [
                        -77.2114213888889,
                        40.63476388888889
                    ]
                ]
            }
        },
        {
            "type": "Feature",
            "properties": {},
            "geometry": {
                "type": "LineString",
                "coordinates": [
                    [
                        -77.2161713888889,
                        40.62586944444445
                    ],
                    [
                        -77.2208025,
                        40.61743388888889
                    ]
                ]
            }
        },
        {
            "type": "Feature",
            "properties": {},
            "geometry": {
                "type": "LineString",
                "coordinates": [
                    [
                        -76.98150694444445,
                        40.94054027777777
                    ],
                    [
                        -77.04354222222221,
                        40.94344472222222
                    ]
                ]
            }
        },
        {
            "type": "Feature",
            "properties": {},
            "geometry": {
                "type": "LineString",
                "coordinates": [
                    [
                        -76.95556027777778,
                        40.939388888888885
                    ],
                    [
                        -76.96823166666667,
                        40.940011388888884
                    ]
                ]
            }
        },
        {
            "type": "Feature",
            "properties": {},
            "geometry": {
                "type": "LineString",
                "coordinates": [
                    [
                        -76.87289833333332,
                        40.935538611111106
                    ],
                    [
                        -76.94373361111111,
                        40.93885583333333
                    ]
                ]
            }
        },
        {
            "type": "Feature",
            "properties": {},
            "geometry": {
                "type": "LineString",
                "coordinates": [
                    [
                        -76.84840333333332,
                        40.93436305555555
                    ],
                    [
                        -76.86119305555555,
                        40.93499666666666
                    ]
                ]
            }
        },
        {
            "type": "Feature",
            "properties": {},
            "geometry": {
                "type": "LineString",
                "coordinates": [
                    [
                        -76.76249555555556,
                        40.930252777777774
                    ],
                    [
                        -76.8353711111111,
                        40.933727499999996
                    ]
                ]
            }
        },
        {
            "type": "Feature",
            "properties": {},
            "geometry": {
                "type": "LineString",
                "coordinates": [
                    [
                        -76.68866277777778,
                        40.92673166666666
                    ],
                    [
                        -76.72726777777778,
                        40.92859055555555
                    ]
                ]
            }
        },
        {
            "type": "Feature",
            "properties": {},
            "geometry": {
                "type": "LineString",
                "coordinates": [
                    [
                        -76.73909083333334,
                        40.92914583333333
                    ],
                    [
                        -76.75199972222222,
                        40.92979222222222
                    ]
                ]
            }
        },
        {
            "type": "Feature",
            "properties": {},
            "geometry": {
                "type": "LineString",
                "coordinates": [
                    [
                        -76.68866277777778,
                        40.92673166666666
                    ],
                    [
                        -76.65534166666667,
                        40.93776888888888
                    ]
                ]
            }
        },
        {
            "type": "Feature",
            "properties": {},
            "geometry": {
                "type": "LineString",
                "coordinates": [
                    [
                        -76.644715,
                        40.94132444444444
                    ],
                    [
                        -76.63348388888889,
                        40.94506083333333
                    ]
                ]
            }
        },
        {
            "type": "Feature",
            "properties": {},
            "geometry": {
                "type": "LineString",
                "coordinates": [
                    [
                        -76.62249277777777,
                        40.948705555555556
                    ],
                    [
                        -76.58637138888888,
                        40.96063361111111
                    ]
                ]
            }
        },
        {
            "type": "Feature",
            "properties": {},
            "geometry": {
                "type": "LineString",
                "coordinates": [
                    [
                        -76.63308027777776,
                        40.912393611111106
                    ],
                    [
                        -76.68866277777778,
                        40.92673166666666
                    ]
                ]
            }
        },
        {
            "type": "Feature",
            "properties": {},
            "geometry": {
                "type": "LineString",
                "coordinates": [
                    [
                        -76.61102249999999,
                        40.90668722222222
                    ],
                    [
                        -76.62223138888888,
                        40.90954138888889
                    ]
                ]
            }
        },
        {
            "type": "Feature",
            "properties": {},
            "geometry": {
                "type": "LineString",
                "coordinates": [
                    [
                        -76.53017555555556,
                        40.88576055555556
                    ],
                    [
                        -76.60138083333332,
                        40.90420111111111
                    ]
                ]
            }
        },
        {
            "type": "Feature",
            "properties": {},
            "geometry": {
                "type": "LineString",
                "coordinates": [
                    [
                        -76.50861666666667,
                        40.88021916666667
                    ],
                    [
                        -76.52017888888889,
                        40.88317527777778
                    ]
                ]
            }
        },
        {
            "type": "Feature",
            "properties": {},
            "geometry": {
                "type": "LineString",
                "coordinates": [
                    [
                        -76.42711194444445,
                        40.85903555555556
                    ],
                    [
                        -76.49693611111111,
                        40.87717055555556
                    ]
                ]
            }
        },
        {
            "type": "Feature",
            "properties": {},
            "geometry": {
                "type": "LineString",
                "coordinates": [
                    [
                        -76.33796111111111,
                        40.835752222222226
                    ],
                    [
                        -76.39365833333333,
                        40.850232222222225
                    ]
                ]
            }
        },
        {
            "type": "Feature",
            "properties": {},
            "geometry": {
                "type": "LineString",
                "coordinates": [
                    [
                        -76.40665333333334,
                        40.85366194444445
                    ],
                    [
                        -76.41796527777778,
                        40.8566275
                    ]
                ]
            }
        },
        {
            "type": "Feature",
            "properties": {},
            "geometry": {
                "type": "LineString",
                "coordinates": [
                    [
                        -76.37491194444443,
                        40.841748055555556
                    ],
                    [
                        -76.36923499999999,
                        40.843923333333336
                    ]
                ]
            }
        },
        {
            "type": "Feature",
            "properties": {},
            "geometry": {
                "type": "LineString",
                "coordinates": [
                    [
                        -76.30857222222222,
                        40.83444388888889
                    ],
                    [
                        -76.33796111111111,
                        40.835752222222226
                    ]
                ]
            }
        },
        {
            "type": "Feature",
            "properties": {},
            "geometry": {
                "type": "LineString",
                "coordinates": [
                    [
                        -76.28183472222221,
                        40.83323166666667
                    ],
                    [
                        -76.29496222222222,
                        40.83383777777778
                    ]
                ]
            }
        },
        {
            "type": "Feature",
            "properties": {},
            "geometry": {
                "type": "LineString",
                "coordinates": [
                    [
                        -76.19958055555556,
                        40.829455
                    ],
                    [
                        -76.2728013888889,
                        40.83282555555556
                    ]
                ]
            }
        },
        {
            "type": "Feature",
            "properties": {},
            "geometry": {
                "type": "LineString",
                "coordinates": [
                    [
                        -76.15478361111111,
                        40.82738777777778
                    ],
                    [
                        -76.1630925,
                        40.827799444444445
                    ]
                ]
            }
        },
        {
            "type": "Feature",
            "properties": {},
            "geometry": {
                "type": "LineString",
                "coordinates": [
                    [
                        -76.17826527777778,
                        40.828520833333336
                    ],
                    [
                        -76.18994611111111,
                        40.82903944444445
                    ]
                ]
            }
        },
        {
            "type": "Feature",
            "properties": {},
            "geometry": {
                "type": "LineString",
                "coordinates": [
                    [
                        -76.1142236111111,
                        40.83548583333334
                    ],
                    [
                        -76.15478361111111,
                        40.82738777777778
                    ]
                ]
            }
        },
        {
            "type": "Feature",
            "properties": {},
            "geometry": {
                "type": "LineString",
                "coordinates": [
                    [
                        -76.04213416666667,
                        40.84977638888889
                    ],
                    [
                        -76.07788083333332,
                        40.84268027777778
                    ]
                ]
            }
        },
        {
            "type": "Feature",
            "properties": {},
            "geometry": {
                "type": "LineString",
                "coordinates": [
                    [
                        -76.08995583333333,
                        40.84028277777778
                    ],
                    [
                        -76.10468638888888,
                        40.83735138888889
                    ]
                ]
            }
        },
        {
            "type": "Feature",
            "properties": {},
            "geometry": {
                "type": "LineString",
                "coordinates": [
                    [
                        -76.23532805555556,
                        40.688430555555556
                    ],
                    [
                        -76.19697083333334,
                        40.68915444444444
                    ]
                ]
            }
        },
        {
            "type": "Feature",
            "properties": {},
            "geometry": {
                "type": "LineString",
                "coordinates": [
                    [
                        -76.18626944444445,
                        40.68937416666666
                    ],
                    [
                        -76.1735225,
                        40.68967277777777
                    ]
                ]
            }
        },
        {
            "type": "Feature",
            "properties": {},
            "geometry": {
                "type": "LineString",
                "coordinates": [
                    [
                        -76.23812166666667,
                        40.68496583333333
                    ],
                    [
                        -76.23532805555556,
                        40.688430555555556
                    ]
                ]
            }
        },
        {
            "type": "Feature",
            "properties": {},
            "geometry": {
                "type": "LineString",
                "coordinates": [
                    [
                        -76.26459194444445,
                        40.65150416666666
                    ],
                    [
                        -76.25888666666667,
                        40.65879944444444
                    ]
                ]
            }
        },
        {
            "type": "Feature",
            "properties": {},
            "geometry": {
                "type": "LineString",
                "coordinates": [
                    [
                        -76.3090911111111,
                        40.595599722222225
                    ],
                    [
                        -76.27162916666667,
                        40.64265944444444
                    ]
                ]
            }
        },
        {
            "type": "Feature",
            "properties": {},
            "geometry": {
                "type": "LineString",
                "coordinates": [
                    [
                        -76.32822638888888,
                        40.57142694444445
                    ],
                    [
                        -76.32568444444443,
                        40.57462
                    ]
                ]
            }
        },
        {
            "type": "Feature",
            "properties": {},
            "geometry": {
                "type": "LineString",
                "coordinates": [
                    [
                        -76.32168777777777,
                        40.579728333333335
                    ],
                    [
                        -76.31526972222223,
                        40.58775527777778
                    ]
                ]
            }
        },
        {
            "type": "Feature",
            "properties": {},
            "geometry": {
                "type": "LineString",
                "coordinates": [
                    [
                        -76.33399861111111,
                        40.5169975
                    ],
                    [
                        -76.32822638888888,
                        40.57142694444445
                    ]
                ]
            }
        },
        {
            "type": "Feature",
            "properties": {},
            "geometry": {
                "type": "LineString",
                "coordinates": [
                    [
                        -76.34026694444444,
                        40.45863416666667
                    ],
                    [
                        -76.33680972222221,
                        40.49138416666667
                    ]
                ]
            }
        },
        {
            "type": "Feature",
            "properties": {},
            "geometry": {
                "type": "LineString",
                "coordinates": [
                    [
                        -76.33591916666666,
                        40.499068333333334
                    ],
                    [
                        -76.33501777777778,
                        40.50821638888889
                    ]
                ]
            }
        },
        {
            "type": "Feature",
            "properties": {},
            "geometry": {
                "type": "LineString",
                "coordinates": [
                    [
                        -76.26887972222222,
                        40.45586138888889
                    ],
                    [
                        -76.34026694444444,
                        40.45863416666667
                    ]
                ]
            }
        },
        {
            "type": "Feature",
            "properties": {},
            "geometry": {
                "type": "LineString",
                "coordinates": [
                    [
                        -76.24049444444445,
                        40.4547225
                    ],
                    [
                        -76.24372777777778,
                        40.45492138888889
                    ]
                ]
            }
        },
        {
            "type": "Feature",
            "properties": {},
            "geometry": {
                "type": "LineString",
                "coordinates": [
                    [
                        -76.25007527777778,
                        40.45513444444445
                    ],
                    [
                        -76.2619325,
                        40.455646944444446
                    ]
                ]
            }
        },
        {
            "type": "Feature",
            "properties": {},
            "geometry": {
                "type": "LineString",
                "coordinates": [
                    [
                        -76.07867416666666,
                        40.68885361111111
                    ],
                    [
                        -76.0666525,
                        40.68877916666666
                    ]
                ]
            }
        },
        {
            "type": "Feature",
            "properties": {},
            "geometry": {
                "type": "LineString",
                "coordinates": [
                    [
                        -76.05210749999999,
                        40.68859555555555
                    ],
                    [
                        -75.98142555555556,
                        40.6877575
                    ]
                ]
            }
        },
        {
            "type": "Feature",
            "properties": {},
            "geometry": {
                "type": "LineString",
                "coordinates": [
                    [
                        -75.96952583333334,
                        40.68758222222222
                    ],
                    [
                        -75.95594333333334,
                        40.687393611111105
                    ]
                ]
            }
        },
        {
            "type": "Feature",
            "properties": {},
            "geometry": {
                "type": "LineString",
                "coordinates": [
                    [
                        -75.9469275,
                        40.687327777777774
                    ],
                    [
                        -75.91663638888889,
                        40.68692027777777
                    ],
                    [
                        -75.91635611111111,
                        40.653057499999996
                    ]
                ]
            }
        },
        {
            "type": "Feature",
            "properties": {},
            "geometry": {
                "type": "LineString",
                "coordinates": [
                    [
                        -75.91636555555556,
                        40.64308194444445
                    ],
                    [
                        -75.91623111111112,
                        40.63493555555556
                    ]
                ]
            }
        },
        {
            "type": "Feature",
            "properties": {},
            "geometry": {
                "type": "LineString",
                "coordinates": [
                    [
                        -75.91611583333334,
                        40.625326111111114
                    ],
                    [
                        -75.91575666666667,
                        40.56986305555556
                    ]
                ]
            }
        },
        {
            "type": "Feature",
            "properties": {},
            "geometry": {
                "type": "LineString",
                "coordinates": [
                    [
                        -75.91573111111111,
                        40.56263305555555
                    ],
                    [
                        -75.91562305555556,
                        40.55247305555555
                    ],
                    [
                        -75.91445861111112,
                        40.54971916666666
                    ]
                ]
            }
        },
        {
            "type": "Feature",
            "properties": {},
            "geometry": {
                "type": "LineString",
                "coordinates": [
                    [
                        -75.91190361111111,
                        40.54329305555555
                    ],
                    [
                        -75.88021749999999,
                        40.46452277777778
                    ]
                ]
            }
        },
        {
            "type": "Feature",
            "properties": {},
            "geometry": {
                "type": "LineString",
                "coordinates": [
                    [
                        -75.8527411111111,
                        40.52426305555556
                    ],
                    [
                        -75.86384555555556,
                        40.528572499999996
                    ],
                    [
                        -75.87525444444444,
                        40.53239166666667
                    ],
                    [
                        -75.88693083333334,
                        40.5357075
                    ],
                    [
                        -75.89883666666667,
                        40.538508888888884
                    ],
                    [
                        -75.91093388888889,
                        40.54078777777777
                    ]
                ]
            }
        },
        {
            "type": "Feature",
            "properties": {},
            "geometry": {
                "type": "LineString",
                "coordinates": [
                    [
                        -75.83315138888888,
                        40.515058333333336
                    ],
                    [
                        -75.83615499999999,
                        40.51661388888889
                    ],
                    [
                        -75.83919138888888,
                        40.51813138888889
                    ],
                    [
                        -75.84226027777777,
                        40.51961
                    ]
                ]
            }
        },
        {
            "type": "Feature",
            "properties": {},
            "geometry": {
                "type": "LineString",
                "coordinates": [
                    [
                        -75.77392222222223,
                        40.46840111111111
                    ],
                    [
                        -75.78092388888889,
                        40.47618777777778
                    ],
                    [
                        -75.7884938888889,
                        40.48365916666667
                    ],
                    [
                        -75.79660777777778,
                        40.490790833333335
                    ],
                    [
                        -75.80523833333334,
                        40.49755916666667
                    ],
                    [
                        -75.81435888888889,
                        40.50394388888889
                    ],
                    [
                        -75.82393944444443,
                        40.50992277777778
                    ],
                    [
                        -75.82393944444443,
                        40.50992277777778
                    ]
                ]
            }
        },
        {
            "type": "Feature",
            "properties": {},
            "geometry": {
                "type": "LineString",
                "coordinates": [
                    [
                        -75.76179666666667,
                        40.45211805555556
                    ],
                    [
                        -75.763845,
                        40.45518888888889
                    ],
                    [
                        -75.76597611111112,
                        40.45822694444445
                    ],
                    [
                        -75.76818944444445,
                        40.46123027777778
                    ]
                ]
            }
        },
        {
            "type": "Feature",
            "properties": {},
            "geometry": {
                "type": "LineString",
                "coordinates": [
                    [
                        -75.73961777777778,
                        40.3901775
                    ],
                    [
                        -75.740835,
                        40.3993625
                    ],
                    [
                        -75.7427163888889,
                        40.40848222222222
                    ],
                    [
                        -75.745255,
                        40.41750805555555
                    ],
                    [
                        -75.74844361111111,
                        40.42641333333333
                    ],
                    [
                        -75.7522725,
                        40.43516944444444
                    ],
                    [
                        -75.75673083333334,
                        40.443751111111105
                    ],
                    [
                        -75.75673083333334,
                        40.443751111111105
                    ]
                ]
            }
        },
        {
            "type": "Feature",
            "properties": {},
            "geometry": {
                "type": "LineString",
                "coordinates": [
                    [
                        -75.739215,
                        40.37108416666667
                    ],
                    [
                        -75.73908055555556,
                        40.374362500000004
                    ],
                    [
                        -75.73903111111112,
                        40.37764277777778
                    ],
                    [
                        -75.73906527777778,
                        40.380922222222225
                    ],
                    [
                        -75.73906527777778,
                        40.380922222222225
                    ]
                ]
            }
        },
        {
            "type": "Feature",
            "properties": {},
            "geometry": {
                "type": "LineString",
                "coordinates": [
                    [
                        -75.77019777777778,
                        40.291931388888884
                    ],
                    [
                        -75.76824,
                        40.29447805555555
                    ],
                    [
                        -75.76634111111112,
                        40.29705055555555
                    ],
                    [
                        -75.76450111111112,
                        40.29964805555555
                    ]
                ]
            }
        },
        {
            "type": "Feature",
            "properties": {},
            "geometry": {
                "type": "LineString",
                "coordinates": [
                    [
                        -75.75859833333334,
                        40.30883277777777
                    ],
                    [
                        -75.75380916666667,
                        40.3175425
                    ],
                    [
                        -75.74967027777778,
                        40.32644527777778
                    ],
                    [
                        -75.74619555555556,
                        40.33551305555556
                    ],
                    [
                        -75.74339666666667,
                        40.34471638888889
                    ],
                    [
                        -75.74128222222222,
                        40.35402666666667
                    ],
                    [
                        -75.73985944444445,
                        40.363413333333334
                    ]
                ]
            }
        },
        {
            "type": "Feature",
            "properties": {},
            "geometry": {
                "type": "LineString",
                "coordinates": [
                    [
                        -75.75705805555556,
                        40.33004444444445
                    ],
                    [
                        -75.75094138888889,
                        40.32339944444445
                    ]
                ]
            }
        },
        {
            "type": "Feature",
            "properties": {},
            "geometry": {
                "type": "LineString",
                "coordinates": [
                    [
                        -75.77058666666666,
                        40.3449
                    ],
                    [
                        -75.76435083333334,
                        40.3380725
                    ]
                ]
            }
        },
        {
            "type": "Feature",
            "properties": {},
            "geometry": {
                "type": "LineString",
                "coordinates": [
                    [
                        -75.81839833333333,
                        40.39720777777778
                    ],
                    [
                        -75.77823611111111,
                        40.35329611111111
                    ]
                ]
            }
        },
        {
            "type": "Feature",
            "properties": {},
            "geometry": {
                "type": "LineString",
                "coordinates": [
                    [
                        -75.88021749999999,
                        40.46452277777778
                    ],
                    [
                        -75.83985555555554,
                        40.42063333333333
                    ]
                ]
            }
        },
        {
            "type": "Feature",
            "properties": {},
            "geometry": {
                "type": "LineString",
                "coordinates": [
                    [
                        -75.83112916666666,
                        40.41113388888889
                    ],
                    [
                        -75.82535194444444,
                        40.4048625
                    ]
                ]
            }
        },
        {
            "type": "Feature",
            "properties": {},
            "geometry": {
                "type": "LineString",
                "coordinates": [
                    [
                        -76.32879638888889,
                        40.43662444444444
                    ],
                    [
                        -76.34026694444444,
                        40.45863416666667
                    ]
                ]
            }
        },
        {
            "type": "Feature",
            "properties": {},
            "geometry": {
                "type": "LineString",
                "coordinates": [
                    [
                        -76.31957916666666,
                        40.41874055555555
                    ],
                    [
                        -76.32406999999999,
                        40.42736166666666
                    ]
                ]
            }
        },
        {
            "type": "Feature",
            "properties": {},
            "geometry": {
                "type": "LineString",
                "coordinates": [
                    [
                        -76.28075472222223,
                        40.34352805555556
                    ],
                    [
                        -76.28452861111111,
                        40.350683333333336
                    ]
                ]
            }
        },
        {
            "type": "Feature",
            "properties": {},
            "geometry": {
                "type": "LineString",
                "coordinates": [
                    [
                        -76.28912694444445,
                        40.35967277777778
                    ],
                    [
                        -76.31591722222223,
                        40.41167861111111
                    ]
                ]
            }
        },
        {
            "type": "Feature",
            "properties": {},
            "geometry": {
                "type": "LineString",
                "coordinates": [
                    [
                        -76.24737722222223,
                        40.28507638888889
                    ],
                    [
                        -76.27579777777778,
                        40.334811944444446
                    ]
                ]
            }
        },
        {
            "type": "Feature",
            "properties": {},
            "geometry": {
                "type": "LineString",
                "coordinates": [
                    [
                        -76.23736333333333,
                        40.26754777777778
                    ],
                    [
                        -76.24254666666667,
                        40.276541944444446
                    ]
                ]
            }
        },
        {
            "type": "Feature",
            "properties": {},
            "geometry": {
                "type": "LineString",
                "coordinates": [
                    [
                        -76.20441111111111,
                        40.20990777777778
                    ],
                    [
                        -76.23277055555556,
                        40.25947166666667
                    ]
                ]
            }
        },
        {
            "type": "Feature",
            "properties": {},
            "geometry": {
                "type": "LineString",
                "coordinates": [
                    [
                        -75.73764333333334,
                        40.04100555555555
                    ],
                    [
                        -75.73305444444445,
                        40.01451111111111
                    ]
                ]
            }
        },
        {
            "type": "Feature",
            "properties": {},
            "geometry": {
                "type": "LineString",
                "coordinates": [
                    [
                        -75.74059777777778,
                        40.057873888888885
                    ],
                    [
                        -75.73895444444445,
                        40.04861444444444
                    ]
                ]
            }
        },
        {
            "type": "Feature",
            "properties": {},
            "geometry": {
                "type": "LineString",
                "coordinates": [
                    [
                        -75.75506416666667,
                        40.14019805555556
                    ],
                    [
                        -75.75352527777778,
                        40.13167277777778
                    ]
                ]
            }
        },
        {
            "type": "Feature",
            "properties": {},
            "geometry": {
                "type": "LineString",
                "coordinates": [
                    [
                        -75.7662663888889,
                        40.20381916666667
                    ],
                    [
                        -75.75648972222223,
                        40.1483575
                    ]
                ]
            }
        },
        {
            "type": "Feature",
            "properties": {},
            "geometry": {
                "type": "LineString",
                "coordinates": [
                    [
                        -75.78001638888888,
                        40.282288333333334
                    ],
                    [
                        -75.77088138888888,
                        40.230312222222224
                    ]
                ]
            }
        },
        {
            "type": "Feature",
            "properties": {},
            "geometry": {
                "type": "LineString",
                "coordinates": [
                    [
                        -75.76945305555556,
                        40.22206166666667
                    ],
                    [
                        -75.76758111111111,
                        40.21161055555556
                    ]
                ]
            }
        },
        {
            "type": "Feature",
            "properties": {},
            "geometry": {
                "type": "LineString",
                "coordinates": [
                    [
                        -76.40461722222223,
                        40.830778611111114
                    ],
                    [
                        -76.38541833333333,
                        40.837942222222225
                    ]
                ]
            }
        },
        {
            "type": "Feature",
            "properties": {},
            "geometry": {
                "type": "LineString",
                "coordinates": [
                    [
                        -76.4636375,
                        40.808724722222216
                    ],
                    [
                        -76.44312305555556,
                        40.81644277777777
                    ]
                ]
            }
        },
        {
            "type": "Feature",
            "properties": {},
            "geometry": {
                "type": "LineString",
                "coordinates": [
                    [
                        -76.52491027777778,
                        40.785822499999995
                    ],
                    [
                        -76.50332444444444,
                        40.79391444444444
                    ]
                ]
            }
        },
        {
            "type": "Feature",
            "properties": {},
            "geometry": {
                "type": "LineString",
                "coordinates": [
                    [
                        -76.62661722222222,
                        40.74767138888889
                    ],
                    [
                        -76.61662027777777,
                        40.7515
                    ]
                ]
            }
        },
        {
            "type": "Feature",
            "properties": {},
            "geometry": {
                "type": "LineString",
                "coordinates": [
                    [
                        -76.58095944444445,
                        40.76489138888889
                    ],
                    [
                        -76.56035138888889,
                        40.77263055555555
                    ]
                ]
            }
        },
        {
            "type": "Feature",
            "properties": {},
            "geometry": {
                "type": "LineString",
                "coordinates": [
                    [
                        -76.63108833333332,
                        40.739716111111115
                    ],
                    [
                        -76.62661722222222,
                        40.74767138888889
                    ]
                ]
            }
        },
        {
            "type": "Feature",
            "properties": {},
            "geometry": {
                "type": "LineString",
                "coordinates": [
                    [
                        -76.65596527777778,
                        40.69490805555555
                    ],
                    [
                        -76.64667055555556,
                        40.711734722222225
                    ]
                ]
            }
        },
        {
            "type": "Feature",
            "properties": {},
            "geometry": {
                "type": "LineString",
                "coordinates": [
                    [
                        -76.68153111111111,
                        40.64899666666667
                    ],
                    [
                        -76.67273138888889,
                        40.66491138888889
                    ]
                ]
            }
        },
        {
            "type": "Feature",
            "properties": {},
            "geometry": {
                "type": "LineString",
                "coordinates": [
                    [
                        -76.70694222222222,
                        40.60317055555556
                    ],
                    [
                        -76.69767361111111,
                        40.6197275
                    ]
                ]
            }
        },
        {
            "type": "Feature",
            "properties": {},
            "geometry": {
                "type": "LineString",
                "coordinates": [
                    [
                        -76.73183861111112,
                        40.55807027777777
                    ],
                    [
                        -76.72330333333333,
                        40.573439722222226
                    ]
                ]
            }
        },
        {
            "type": "Feature",
            "properties": {},
            "geometry": {
                "type": "LineString",
                "coordinates": [
                    [
                        -76.78189083333334,
                        40.467395
                    ],
                    [
                        -76.77361805555556,
                        40.48240194444445
                    ]
                ]
            }
        },
        {
            "type": "Feature",
            "properties": {},
            "geometry": {
                "type": "LineString",
                "coordinates": [
                    [
                        -76.75814194444445,
                        40.51049416666667
                    ],
                    [
                        -76.74853777777778,
                        40.527969999999996
                    ]
                ]
            }
        },
        {
            "type": "Feature",
            "properties": {},
            "geometry": {
                "type": "LineString",
                "coordinates": [
                    [
                        -76.70526333333333,
                        40.374629444444444
                    ],
                    [
                        -76.71186055555556,
                        40.37890361111111
                    ],
                    [
                        -76.71864027777778,
                        40.38301027777778
                    ],
                    [
                        -76.72559333333334,
                        40.386942499999996
                    ]
                ]
            }
        },
        {
            "type": "Feature",
            "properties": {},
            "geometry": {
                "type": "LineString",
                "coordinates": [
                    [
                        -76.66006722222222,
                        40.33522166666667
                    ],
                    [
                        -76.66482666666667,
                        40.34048888888889
                    ],
                    [
                        -76.66980333333333,
                        40.34563638888889
                    ],
                    [
                        -76.67499305555556,
                        40.350660833333336
                    ]
                ]
            }
        },
        {
            "type": "Feature",
            "properties": {},
            "geometry": {
                "type": "LineString",
                "coordinates": [
                    [
                        -76.63066666666666,
                        40.29012833333333
                    ],
                    [
                        -76.63333861111111,
                        40.29570416666667
                    ],
                    [
                        -76.63622527777778,
                        40.30121666666666
                    ],
                    [
                        -76.63932472222223,
                        40.306661388888884
                    ],
                    [
                        -76.63932472222223,
                        40.306661388888884
                    ]
                ]
            }
        },
        {
            "type": "Feature",
            "properties": {},
            "geometry": {
                "type": "LineString",
                "coordinates": [
                    [
                        -76.61673583333332,
                        40.23943416666667
                    ],
                    [
                        -76.61753055555555,
                        40.24588138888889
                    ],
                    [
                        -76.61859638888889,
                        40.25230555555556
                    ],
                    [
                        -76.61993194444443,
                        40.258699722222225
                    ]
                ]
            }
        },
        {
            "type": "Feature",
            "properties": {},
            "geometry": {
                "type": "LineString",
                "coordinates": [
                    [
                        -76.752825,
                        40.19246333333333
                    ],
                    [
                        -76.751985,
                        40.19969333333333
                    ]
                ]
            }
        },
        {
            "type": "Feature",
            "properties": {},
            "geometry": {
                "type": "LineString",
                "coordinates": [
                    [
                        -77.83965583333332,
                        39.878929722222225
                    ],
                    [
                        -77.83914722222222,
                        39.86895777777778
                    ]
                ]
            }
        },
        {
            "type": "Feature",
            "properties": {},
            "geometry": {
                "type": "LineString",
                "coordinates": [
                    [
                        -77.83864694444443,
                        39.85953416666667
                    ],
                    [
                        -77.83846916666666,
                        39.855691944444445
                    ]
                ]
            }
        },
        {
            "type": "Feature",
            "properties": {},
            "geometry": {
                "type": "LineString",
                "coordinates": [
                    [
                        -76.97123222222223,
                        39.88365361111111
                    ],
                    [
                        -76.96893055555556,
                        39.880183611111114
                    ],
                    [
                        -76.96642055555556,
                        39.876801111111114
                    ],
                    [
                        -76.96370777777778,
                        39.873513055555556
                    ]
                ]
            }
        },
        {
            "type": "Feature",
            "properties": {},
            "geometry": {
                "type": "LineString",
                "coordinates": [
                    [
                        -76.95661333333334,
                        39.866238333333335
                    ],
                    [
                        -76.95102916666667,
                        39.86150388888889
                    ],
                    [
                        -76.94498944444445,
                        39.85711416666667
                    ],
                    [
                        -76.93853,
                        39.853095
                    ],
                    [
                        -76.93168916666667,
                        39.849471111111114
                    ],
                    [
                        -76.9245075,
                        39.84626277777778
                    ],
                    [
                        -76.9170275,
                        39.84348972222222
                    ],
                    [
                        -76.90929333333334,
                        39.841167222222225
                    ],
                    [
                        -76.90135111111111,
                        39.839310833333336
                    ],
                    [
                        -76.8932475,
                        39.83793027777778
                    ],
                    [
                        -76.88503,
                        39.83703305555556
                    ]
                ]
            }
        },
        {
            "type": "Feature",
            "properties": {},
            "geometry": {
                "type": "LineString",
                "coordinates": [
                    [
                        -76.87350027777777,
                        39.836602222222226
                    ],
                    [
                        -76.86895194444443,
                        39.836693333333336
                    ],
                    [
                        -76.8644136111111,
                        39.8369325
                    ],
                    [
                        -76.85989166666666,
                        39.83731944444445
                    ]
                ]
            }
        },
        {
            "type": "Feature",
            "properties": {},
            "geometry": {
                "type": "LineString",
                "coordinates": [
                    [
                        -76.84915749999999,
                        39.83884305555556
                    ],
                    [
                        -76.8404811111111,
                        39.84072555555556
                    ],
                    [
                        -76.83203805555556,
                        39.843160555555556
                    ],
                    [
                        -76.82388805555556,
                        39.84613
                    ],
                    [
                        -76.81608722222222,
                        39.84961305555556
                    ],
                    [
                        -76.80869055555556,
                        39.853585
                    ],
                    [
                        -76.80174972222223,
                        39.85802
                    ],
                    [
                        -76.79531194444445,
                        39.86288583333334
                    ],
                    [
                        -76.78942388888889,
                        39.86814805555556
                    ]
                ]
            }
        },
        {
            "type": "Feature",
            "properties": {},
            "geometry": {
                "type": "LineString",
                "coordinates": [
                    [
                        -76.7819575,
                        39.87639027777778
                    ],
                    [
                        -76.77997583333334,
                        39.87899138888889
                    ],
                    [
                        -76.77811777777778,
                        39.88164666666667
                    ],
                    [
                        -76.77638583333334,
                        39.88435166666667
                    ]
                ]
            }
        },
        {
            "type": "Feature",
            "properties": {},
            "geometry": {
                "type": "LineString",
                "coordinates": [
                    [
                        -75.93488888888889,
                        40.10369388888889
                    ],
                    [
                        -75.94319222222222,
                        40.087829722222224
                    ]
                ]
            }
        },
        {
            "type": "Feature",
            "properties": {},
            "geometry": {
                "type": "LineString",
                "coordinates": [
                    [
                        -76.06318444444445,
                        39.94422333333333
                    ],
                    [
                        -76.04667305555556,
                        39.93176083333333
                    ]
                ]
            }
        },
        {
            "type": "Feature",
            "properties": {},
            "geometry": {
                "type": "LineString",
                "coordinates": [
                    [
                        -76.3893638888889,
                        39.96294833333334
                    ],
                    [
                        -76.39968944444445,
                        39.946235277777774
                    ]
                ]
            }
        },
        {
            "type": "Feature",
            "properties": {},
            "geometry": {
                "type": "LineString",
                "coordinates": [
                    [
                        -76.42777972222223,
                        39.96335194444445
                    ],
                    [
                        -76.43950666666667,
                        39.949843611111106
                    ]
                ]
            }
        },
        {
            "type": "Feature",
            "properties": {},
            "geometry": {
                "type": "LineString",
                "coordinates": [
                    [
                        -77.15498972222223,
                        39.96337555555556
                    ],
                    [
                        -77.16001138888889,
                        39.945969999999996
                    ]
                ]
            }
        },
        {
            "type": "Feature",
            "properties": {},
            "geometry": {
                "type": "LineString",
                "coordinates": [
                    [
                        -77.22229138888889,
                        39.69424166666666
                    ],
                    [
                        -77.22483416666667,
                        39.68407305555555
                    ]
                ]
            }
        },
        {
            "type": "Feature",
            "properties": {},
            "geometry": {
                "type": "LineString",
                "coordinates": [
                    [
                        -77.59411777777777,
                        40.317661111111114
                    ],
                    [
                        -77.58329138888888,
                        40.301718611111106
                    ]
                ]
            }
        },
        {
            "type": "Feature",
            "properties": {},
            "geometry": {
                "type": "LineString",
                "coordinates": [
                    [
                        -77.29981111111111,
                        40.45485861111111
                    ],
                    [
                        -77.28006666666667,
                        40.44139777777777
                    ]
                ]
            }
        },
        {
            "type": "Feature",
            "properties": {},
            "geometry": {
                "type": "LineString",
                "coordinates": [
                    [
                        -76.34032388888889,
                        40.41443111111111
                    ],
                    [
                        -76.32040305555554,
                        40.40373472222222
                    ]
                ]
            }
        },
        {
            "type": "Feature",
            "properties": {},
            "geometry": {
                "type": "LineString",
                "coordinates": [
                    [
                        -76.60928555555554,
                        39.74476777777778
                    ],
                    [
                        -76.60831055555555,
                        39.754650833333336
                    ],
                    [
                        -76.60057722222221,
                        39.76369916666667
                    ]
                ]
            }
        },
        {
            "type": "Feature",
            "properties": {},
            "geometry": {
                "type": "LineString",
                "coordinates": [
                    [
                        -76.60831055555555,
                        39.754650833333336
                    ],
                    [
                        -76.61493,
                        39.76253305555556
                    ]
                ]
            }
        },
        {
            "type": "Feature",
            "properties": {},
            "geometry": {
                "type": "LineString",
                "coordinates": [
                    [
                        -77.23298333333334,
                        39.68028944444444
                    ],
                    [
                        -77.21396777777778,
                        39.68932972222222
                    ]
                ]
            }
        },
        {
            "type": "Feature",
            "properties": {},
            "geometry": {
                "type": "LineString",
                "coordinates": [
                    [
                        -76.75098111111112,
                        39.906909444444445
                    ],
                    [
                        -76.72910416666667,
                        39.91714944444444
                    ]
                ]
            }
        },
        {
            "type": "Feature",
            "properties": {},
            "geometry": {
                "type": "LineString",
                "coordinates": [
                    [
                        -77.14554916666667,
                        39.95470944444445
                    ],
                    [
                        -77.17028305555556,
                        39.95417444444445
                    ]
                ]
            }
        },
        {
            "type": "Feature",
            "properties": {},
            "geometry": {
                "type": "LineString",
                "coordinates": [
                    [
                        -77.28938083333333,
                        39.99417916666667
                    ],
                    [
                        -77.3129375,
                        39.99361805555556
                    ]
                ]
            }
        },
        {
            "type": "Feature",
            "properties": {},
            "geometry": {
                "type": "LineString",
                "coordinates": [
                    [
                        -76.76985666666667,
                        39.962653333333336
                    ],
                    [
                        -76.79483361111112,
                        39.96229
                    ]
                ]
            }
        },
        {
            "type": "Feature",
            "properties": {},
            "geometry": {
                "type": "LineString",
                "coordinates": [
                    [
                        -77.60036333333333,
                        40.309930277777774
                    ],
                    [
                        -77.57692777777777,
                        40.30972416666666
                    ]
                ]
            }
        },
        {
            "type": "Feature",
            "properties": {},
            "geometry": {
                "type": "LineString",
                "coordinates": [
                    [
                        -77.29706444444444,
                        40.43986111111111
                    ],
                    [
                        -77.28051666666667,
                        40.4541175
                    ]
                ]
            }
        },
        {
            "type": "Feature",
            "properties": {},
            "geometry": {
                "type": "LineString",
                "coordinates": [
                    [
                        -76.23120777777778,
                        40.76427361111111
                    ],
                    [
                        -76.25563166666667,
                        40.765395833333336
                    ]
                ]
            }
        },
        {
            "type": "Feature",
            "properties": {},
            "geometry": {
                "type": "LineString",
                "coordinates": [
                    [
                        -76.26144833333333,
                        40.68434305555555
                    ],
                    [
                        -76.23852111111111,
                        40.680301111111106
                    ]
                ]
            }
        },
        {
            "type": "Feature",
            "properties": {},
            "geometry": {
                "type": "LineString",
                "coordinates": [
                    [
                        -76.24304666666667,
                        40.773665
                    ],
                    [
                        -76.24439972222223,
                        40.75536916666667
                    ]
                ]
            }
        },
        {
            "type": "Feature",
            "properties": {},
            "geometry": {
                "type": "LineString",
                "coordinates": [
                    [
                        -76.2490038888889,
                        40.69206444444444
                    ],
                    [
                        -76.25060444444445,
                        40.672487499999995
                    ]
                ]
            }
        },
        {
            "type": "Feature",
            "properties": {},
            "geometry": {
                "type": "LineString",
                "coordinates": [
                    [
                        -76.34073749999999,
                        40.40628722222222
                    ],
                    [
                        -76.31986666666667,
                        40.411969722222224
                    ]
                ]
            }
        },
        {
            "type": "Feature",
            "properties": {},
            "geometry": {
                "type": "LineString",
                "coordinates": [
                    [
                        -76.46654833333334,
                        40.03888527777777
                    ],
                    [
                        -76.44518166666667,
                        40.04907361111111
                    ]
                ]
            }
        },
        {
            "type": "Feature",
            "properties": {},
            "geometry": {
                "type": "LineString",
                "coordinates": [
                    [
                        -76.61051305555554,
                        40.300959444444445
                    ],
                    [
                        -76.61199888888888,
                        40.28192527777777
                    ]
                ]
            }
        },
        {
            "type": "Feature",
            "properties": {},
            "geometry": {
                "type": "LineString",
                "coordinates": [
                    [
                        -76.62356555555554,
                        40.291736111111106
                    ],
                    [
                        -76.59894638888889,
                        40.29114777777777
                    ]
                ]
            }
        },
        {
            "type": "Feature",
            "properties": {},
            "geometry": {
                "type": "LineString",
                "coordinates": [
                    [
                        -76.78852944444444,
                        39.96988666666667
                    ],
                    [
                        -76.77604388888889,
                        39.95496638888889
                    ]
                ]
            }
        },
        {
            "type": "Feature",
            "properties": {},
            "geometry": {
                "type": "LineString",
                "coordinates": [
                    [
                        -76.74645611111112,
                        39.91972083333333
                    ],
                    [
                        -76.73363222222223,
                        39.90433861111111
                    ]
                ]
            }
        },
        {
            "type": "Feature",
            "properties": {},
            "geometry": {
                "type": "LineString",
                "coordinates": [
                    [
                        -76.30804305555556,
                        39.80795444444444
                    ],
                    [
                        -76.2843963888889,
                        39.81206222222222
                    ]
                ]
            }
        },
        {
            "type": "Feature",
            "properties": {},
            "geometry": {
                "type": "LineString",
                "coordinates": [
                    [
                        -76.06621861111111,
                        39.93847611111111
                    ],
                    [
                        -76.0422125,
                        39.93731472222222
                    ]
                ]
            }
        },
        {
            "type": "Feature",
            "properties": {},
            "geometry": {
                "type": "LineString",
                "coordinates": [
                    [
                        -76.4067725,
                        39.95532027777778
                    ],
                    [
                        -76.38239944444443,
                        39.95413777777778
                    ]
                ]
            }
        },
        {
            "type": "Feature",
            "properties": {},
            "geometry": {
                "type": "LineString",
                "coordinates": [
                    [
                        -76.44482083333334,
                        39.95709027777778
                    ],
                    [
                        -76.42211,
                        39.95610305555556
                    ]
                ]
            }
        },
        {
            "type": "Feature",
            "properties": {},
            "geometry": {
                "type": "LineString",
                "coordinates": [
                    [
                        -76.46685833333333,
                        40.04867972222222
                    ],
                    [
                        -76.44487472222222,
                        40.03927972222222
                    ]
                ]
            }
        },
        {
            "type": "Feature",
            "properties": {},
            "geometry": {
                "type": "LineString",
                "coordinates": [
                    [
                        -76.29633055555556,
                        39.819253333333336
                    ],
                    [
                        -76.29670416666667,
                        39.80058333333333
                    ]
                ]
            }
        },
        {
            "type": "Feature",
            "properties": {},
            "geometry": {
                "type": "LineString",
                "coordinates": [
                    [
                        -77.65243555555556,
                        40.68433222222222
                    ],
                    [
                        -77.63411611111111,
                        40.670921111111106
                    ]
                ]
            }
        },
        {
            "type": "Feature",
            "properties": {},
            "geometry": {
                "type": "LineString",
                "coordinates": [
                    [
                        -77.65597027777778,
                        40.67872305555555
                    ],
                    [
                        -77.63130333333332,
                        40.67670694444444
                    ]
                ]
            }
        },
        {
            "type": "Feature",
            "properties": {},
            "geometry": {
                "type": "LineString",
                "coordinates": [
                    [
                        -76.52930083333334,
                        40.09981916666667
                    ],
                    [
                        -76.52532111111111,
                        40.08150527777778
                    ]
                ]
            }
        },
        {
            "type": "Feature",
            "properties": {},
            "geometry": {
                "type": "LineString",
                "coordinates": [
                    [
                        -76.44318972222223,
                        40.11194444444445
                    ],
                    [
                        -76.44065,
                        40.09601166666667
                    ]
                ]
            }
        },
        {
            "type": "Feature",
            "properties": {},
            "geometry": {
                "type": "LineString",
                "coordinates": [
                    [
                        -76.442035,
                        40.104618611111114
                    ],
                    [
                        -76.42140444444445,
                        40.10665916666667
                    ]
                ]
            }
        },
        {
            "type": "Feature",
            "properties": {},
            "geometry": {
                "type": "LineString",
                "coordinates": [
                    [
                        -76.16222,
                        40.68979472222222
                    ],
                    [
                        -76.08973277777777,
                        40.68901222222222
                    ]
                ]
            }
        },
        {
            "type": "Feature",
            "properties": {},
            "geometry": {
                "type": "LineString",
                "coordinates": [
                    [
                        -76.15784083333334,
                        40.771675
                    ],
                    [
                        -76.15478361111111,
                        40.82738777777778
                    ]
                ]
            }
        },
        {
            "type": "Feature",
            "properties": {},
            "geometry": {
                "type": "LineString",
                "coordinates": [
                    [
                        -76.16222,
                        40.68979472222222
                    ],
                    [
                        -76.15917583333334,
                        40.74496055555556
                    ]
                ]
            }
        },
        {
            "type": "Feature",
            "properties": {},
            "geometry": {
                "type": "LineString",
                "coordinates": [
                    [
                        -76.15873666666667,
                        40.75328583333334
                    ],
                    [
                        -76.15828222222223,
                        40.76316638888889
                    ]
                ]
            }
        },
        {
            "type": "Feature",
            "properties": {},
            "geometry": {
                "type": "LineString",
                "coordinates": [
                    [
                        -76.16622194444444,
                        40.63454138888889
                    ],
                    [
                        -76.16222,
                        40.68979472222222
                    ]
                ]
            }
        },
        {
            "type": "Feature",
            "properties": {},
            "geometry": {
                "type": "LineString",
                "coordinates": [
                    [
                        -76.16760666666667,
                        40.614782222222225
                    ],
                    [
                        -76.16678222222222,
                        40.62594277777778
                    ]
                ]
            }
        },
        {
            "type": "Feature",
            "properties": {},
            "geometry": {
                "type": "LineString",
                "coordinates": [
                    [
                        -76.17228138888889,
                        40.55056222222222
                    ],
                    [
                        -76.1681575,
                        40.60718888888889
                    ]
                ]
            }
        },
        {
            "type": "Feature",
            "properties": {},
            "geometry": {
                "type": "LineString",
                "coordinates": [
                    [
                        -76.17352777777778,
                        40.53244861111111
                    ],
                    [
                        -76.17270666666667,
                        40.54351805555555
                    ]
                ]
            }
        },
        {
            "type": "Feature",
            "properties": {},
            "geometry": {
                "type": "LineString",
                "coordinates": [
                    [
                        -76.18244861111111,
                        40.40830444444444
                    ],
                    [
                        -76.17997638888889,
                        40.44325277777777
                    ]
                ]
            }
        },
        {
            "type": "Feature",
            "properties": {},
            "geometry": {
                "type": "LineString",
                "coordinates": [
                    [
                        -76.17929527777778,
                        40.452309444444445
                    ],
                    [
                        -76.17873416666667,
                        40.46127527777778
                    ]
                ]
            }
        },
        {
            "type": "Feature",
            "properties": {},
            "geometry": {
                "type": "LineString",
                "coordinates": [
                    [
                        -76.74175555555556,
                        40.4595125
                    ],
                    [
                        -76.7460975,
                        40.41878916666666
                    ]
                ]
            }
        },
        {
            "type": "Feature",
            "properties": {},
            "geometry": {
                "type": "LineString",
                "coordinates": [
                    [
                        -76.72517222222223,
                        40.390407777777774
                    ],
                    [
                        -76.73631722222223,
                        40.37522194444445
                    ]
                ]
            }
        },
        {
            "type": "Feature",
            "properties": {},
            "geometry": {
                "type": "LineString",
                "coordinates": [
                    [
                        -76.6211286111111,
                        40.16991722222222
                    ],
                    [
                        -76.6424763888889,
                        40.1732425
                    ]
                ]
            }
        },
        {
            "type": "Feature",
            "properties": {},
            "geometry": {
                "type": "LineString",
                "coordinates": [
                    [
                        -76.64488277777778,
                        40.164093333333334
                    ],
                    [
                        -76.64006944444445,
                        40.18229972222222
                    ]
                ]
            }
        },
        {
            "type": "Feature",
            "properties": {},
            "geometry": {
                "type": "LineString",
                "coordinates": [
                    [
                        -76.95841777777778,
                        40.82417944444445
                    ],
                    [
                        -76.96681166666667,
                        40.85656138888889
                    ]
                ]
            }
        },
        {
            "type": "Feature",
            "properties": {},
            "geometry": {
                "type": "LineString",
                "coordinates": [
                    [
                        -76.94126194444445,
                        40.84334194444445
                    ],
                    [
                        -76.95554055555556,
                        40.84139583333334
                    ],
                    [
                        -76.9697725,
                        40.83926944444445
                    ],
                    [
                        -76.98395666666667,
                        40.83696305555556
                    ]
                ]
            }
        },
        {
            "type": "Feature",
            "properties": {},
            "geometry": {
                "type": "LineString",
                "coordinates": [
                    [
                        -76.1775425,
                        40.15833055555555
                    ],
                    [
                        -76.16501527777778,
                        40.13281888888889
                    ]
                ]
            }
        },
        {
            "type": "Feature",
            "properties": {},
            "geometry": {
                "type": "LineString",
                "coordinates": [
                    [
                        -76.66572444444445,
                        40.80967222222222
                    ],
                    [
                        -76.67026416666667,
                        40.82944305555556
                    ]
                ]
            }
        },
        {
            "type": "Feature",
            "properties": {},
            "geometry": {
                "type": "LineString",
                "coordinates": [
                    [
                        -76.45861166666667,
                        40.63337527777778
                    ],
                    [
                        -76.47595777777778,
                        40.64852305555556
                    ]
                ]
            }
        },
        {
            "type": "Feature",
            "properties": {},
            "geometry": {
                "type": "LineString",
                "coordinates": [
                    [
                        -76.40146416666667,
                        40.42197611111111
                    ],
                    [
                        -76.41962666666667,
                        40.407485
                    ]
                ]
            }
        },
        {
            "type": "Feature",
            "properties": {},
            "geometry": {
                "type": "LineString",
                "coordinates": [
                    [
                        -76.18244861111111,
                        40.40830444444444
                    ],
                    [
                        -76.15555222222223,
                        40.40385861111111
                    ]
                ]
            }
        },
        {
            "type": "Feature",
            "properties": {},
            "geometry": {
                "type": "LineString",
                "coordinates": [
                    [
                        -76.14312027777778,
                        40.40186666666666
                    ],
                    [
                        -76.13296194444443,
                        40.4001625
                    ]
                ]
            }
        },
        {
            "type": "Feature",
            "properties": {},
            "geometry": {
                "type": "LineString",
                "coordinates": [
                    [
                        -76.12148805555555,
                        40.398265277777774
                    ],
                    [
                        -76.05134694444445,
                        40.386671388888885
                    ]
                ]
            }
        },
        {
            "type": "Feature",
            "properties": {},
            "geometry": {
                "type": "LineString",
                "coordinates": [
                    [
                        -76.04023611111111,
                        40.384860833333335
                    ],
                    [
                        -76.0298425,
                        40.38314555555556
                    ]
                ]
            }
        },
        {
            "type": "Feature",
            "properties": {},
            "geometry": {
                "type": "LineString",
                "coordinates": [
                    [
                        -75.9334625,
                        40.36709333333334
                    ],
                    [
                        -75.92128472222223,
                        40.364988333333336
                    ]
                ]
            }
        },
        {
            "type": "Feature",
            "properties": {},
            "geometry": {
                "type": "LineString",
                "coordinates": [
                    [
                        -75.91197027777778,
                        40.363545
                    ],
                    [
                        -75.84118472222222,
                        40.35172638888889
                    ]
                ]
            }
        },
        {
            "type": "Feature",
            "properties": {},
            "geometry": {
                "type": "LineString",
                "coordinates": [
                    [
                        -75.82925055555555,
                        40.34970555555556
                    ],
                    [
                        -75.81815138888888,
                        40.34787388888889
                    ]
                ]
            }
        },
        {
            "type": "Feature",
            "properties": {},
            "geometry": {
                "type": "LineString",
                "coordinates": [
                    [
                        -75.80884361111112,
                        40.34633027777778
                    ],
                    [
                        -75.738095,
                        40.3343575
                    ]
                ]
            }
        },
        {
            "type": "Feature",
            "properties": {},
            "geometry": {
                "type": "LineString",
                "coordinates": [
                    [
                        -75.72616666666667,
                        40.332325833333336
                    ],
                    [
                        -75.7150738888889,
                        40.33048388888889
                    ]
                ]
            }
        },
        {
            "type": "Feature",
            "properties": {},
            "geometry": {
                "type": "LineString",
                "coordinates": [
                    [
                        -75.70565083333334,
                        40.32893166666667
                    ],
                    [
                        -75.68418472222223,
                        40.325249722222225
                    ]
                ]
            }
        },
        {
            "type": "Feature",
            "properties": {},
            "geometry": {
                "type": "LineString",
                "coordinates": [
                    [
                        -75.72404861111112,
                        40.30741166666667
                    ],
                    [
                        -75.73344,
                        40.303196388888885
                    ]
                ]
            }
        },
        {
            "type": "Feature",
            "properties": {},
            "geometry": {
                "type": "LineString",
                "coordinates": [
                    [
                        -75.74415444444445,
                        40.29835166666666
                    ],
                    [
                        -75.80600027777777,
                        40.27061444444444
                    ]
                ]
            }
        },
        {
            "type": "Feature",
            "properties": {},
            "geometry": {
                "type": "LineString",
                "coordinates": [
                    [
                        -75.81622222222222,
                        40.26603388888889
                    ],
                    [
                        -75.82788611111111,
                        40.260823333333335
                    ]
                ]
            }
        },
        {
            "type": "Feature",
            "properties": {},
            "geometry": {
                "type": "LineString",
                "coordinates": [
                    [
                        -75.83726277777777,
                        40.25669055555556
                    ],
                    [
                        -75.89867194444444,
                        40.229084722222225
                    ]
                ]
            }
        },
        {
            "type": "Feature",
            "properties": {},
            "geometry": {
                "type": "LineString",
                "coordinates": [
                    [
                        -76.0622711111111,
                        40.04032111111111
                    ],
                    [
                        -76.02895833333334,
                        40.03772472222222
                    ]
                ]
            }
        },
        {
            "type": "Feature",
            "properties": {},
            "geometry": {
                "type": "LineString",
                "coordinates": [
                    [
                        -76.0202725,
                        40.03711777777777
                    ],
                    [
                        -76.00909,
                        40.03621805555555
                    ]
                ]
            }
        },
        {
            "type": "Feature",
            "properties": {},
            "geometry": {
                "type": "LineString",
                "coordinates": [
                    [
                        -75.99457611111112,
                        40.03511111111111
                    ],
                    [
                        -75.92225222222223,
                        40.02946138888889
                    ]
                ]
            }
        },
        {
            "type": "Feature",
            "properties": {},
            "geometry": {
                "type": "LineString",
                "coordinates": [
                    [
                        -75.91261777777778,
                        40.0287475
                    ],
                    [
                        -75.90001027777778,
                        40.02773444444444
                    ]
                ]
            }
        },
        {
            "type": "Feature",
            "properties": {},
            "geometry": {
                "type": "LineString",
                "coordinates": [
                    [
                        -75.88799777777778,
                        40.02681694444444
                    ],
                    [
                        -75.81759388888888,
                        40.021299722222224
                    ]
                ]
            }
        },
        {
            "type": "Feature",
            "properties": {},
            "geometry": {
                "type": "LineString",
                "coordinates": [
                    [
                        -75.80546555555556,
                        40.02028055555555
                    ],
                    [
                        -75.79512055555556,
                        40.019458888888884
                    ]
                ]
            }
        },
        {
            "type": "Feature",
            "properties": {},
            "geometry": {
                "type": "LineString",
                "coordinates": [
                    [
                        -75.78073222222223,
                        40.018326944444446
                    ],
                    [
                        -75.73305444444445,
                        40.01451111111111
                    ]
                ]
            }
        },
        {
            "type": "Feature",
            "properties": {},
            "geometry": {
                "type": "LineString",
                "coordinates": [
                    [
                        -76.03398916666667,
                        40.173674722222216
                    ],
                    [
                        -76.03768527777778,
                        40.17388194444444
                    ]
                ]
            }
        },
        {
            "type": "Feature",
            "properties": {},
            "geometry": {
                "type": "LineString",
                "coordinates": [
                    [
                        -76.04877361111112,
                        40.17459472222222
                    ],
                    [
                        -76.06010222222221,
                        40.175216388888884
                    ]
                ]
            }
        },
        {
            "type": "Feature",
            "properties": {},
            "geometry": {
                "type": "LineString",
                "coordinates": [
                    [
                        -76.07429166666667,
                        40.17603805555555
                    ],
                    [
                        -76.1041036111111,
                        40.17777583333333
                    ],
                    [
                        -76.13330527777777,
                        40.156529722222224
                    ]
                ]
            }
        },
        {
            "type": "Feature",
            "properties": {},
            "geometry": {
                "type": "LineString",
                "coordinates": [
                    [
                        -76.14279361111112,
                        40.14971972222222
                    ],
                    [
                        -76.15168138888889,
                        40.14317916666667
                    ]
                ]
            }
        },
        {
            "type": "Feature",
            "properties": {},
            "geometry": {
                "type": "LineString",
                "coordinates": [
                    [
                        -76.15972611111111,
                        40.13736611111111
                    ],
                    [
                        -76.16501527777778,
                        40.13281888888889
                    ]
                ]
            }
        },
        {
            "type": "Feature",
            "properties": {},
            "geometry": {
                "type": "LineString",
                "coordinates": [
                    [
                        -76.08456888888888,
                        40.06032166666667
                    ],
                    [
                        -76.0622711111111,
                        40.04032111111111
                    ]
                ]
            }
        },
        {
            "type": "Feature",
            "properties": {},
            "geometry": {
                "type": "LineString",
                "coordinates": [
                    [
                        -76.10038416666666,
                        40.07460444444445
                    ],
                    [
                        -76.09188499999999,
                        40.06695638888889
                    ]
                ]
            }
        },
        {
            "type": "Feature",
            "properties": {},
            "geometry": {
                "type": "LineString",
                "coordinates": [
                    [
                        -76.16501527777778,
                        40.13281888888889
                    ],
                    [
                        -76.160285,
                        40.12858277777778
                    ]
                ]
            }
        },
        {
            "type": "Feature",
            "properties": {},
            "geometry": {
                "type": "LineString",
                "coordinates": [
                    [
                        -76.66787166666667,
                        40.82047277777778
                    ],
                    [
                        -76.68859444444445,
                        40.81765638888889
                    ]
                ]
            }
        },
        {
            "type": "Feature",
            "properties": {},
            "geometry": {
                "type": "LineString",
                "coordinates": [
                    [
                        -76.4106063888889,
                        40.41468527777778
                    ],
                    [
                        -76.4257525,
                        40.42571611111111
                    ]
                ]
            }
        },
        {
            "type": "Feature",
            "properties": {},
            "geometry": {
                "type": "LineString",
                "coordinates": [
                    [
                        -76.4672238888889,
                        40.640994722222224
                    ],
                    [
                        -76.48300944444445,
                        40.63051472222222
                    ]
                ]
            }
        },
        {
            "type": "Feature",
            "properties": {},
            "geometry": {
                "type": "LineString",
                "coordinates": [
                    [
                        -76.45162666666667,
                        40.42433194444444
                    ],
                    [
                        -76.47233138888889,
                        40.42686194444444
                    ]
                ]
            }
        },
        {
            "type": "Feature",
            "properties": {},
            "geometry": {
                "type": "LineString",
                "coordinates": [
                    [
                        -77.85355638888889,
                        40.00163777777778
                    ],
                    [
                        -77.86518472222221,
                        40.044915833333334
                    ]
                ]
            }
        },
        {
            "type": "Feature",
            "properties": {},
            "geometry": {
                "type": "LineString",
                "coordinates": [
                    [
                        -77.85945166666666,
                        40.020988055555556
                    ],
                    [
                        -77.80386722222222,
                        40.02981666666667
                    ]
                ]
            }
        },
        {
            "type": "Feature",
            "properties": {},
            "geometry": {
                "type": "LineString",
                "coordinates": [
                    [
                        -75.78273694444444,
                        40.33228527777778
                    ],
                    [
                        -75.7256825,
                        40.34028416666667
                    ]
                ]
            }
        },
        {
            "type": "Feature",
            "properties": {},
            "geometry": {
                "type": "LineString",
                "coordinates": [
                    [
                        -75.7207975,
                        40.31709638888889
                    ],
                    [
                        -75.72392388888889,
                        40.33182472222222
                    ],
                    [
                        -75.72739638888889,
                        40.34650666666667
                    ],
                    [
                        -75.73121305555556,
                        40.36113944444445
                    ]
                ]
            }
        },
        {
            "type": "Feature",
            "properties": {},
            "geometry": {
                "type": "LineString",
                "coordinates": [
                    [
                        -77.78322555555556,
                        40.31428
                    ],
                    [
                        -77.75898833333333,
                        40.30826083333333
                    ]
                ]
            }
        },
        {
            "type": "Feature",
            "properties": {},
            "geometry": {
                "type": "LineString",
                "coordinates": [
                    [
                        -77.76981166666667,
                        40.32098416666667
                    ],
                    [
                        -77.7725211111111,
                        40.301557777777774
                    ]
                ]
            }
        },
        {
            "type": "Feature",
            "properties": {},
            "geometry": {
                "type": "LineString",
                "coordinates": [
                    [
                        -76.47073,
                        40.43619222222222
                    ],
                    [
                        -76.4748963888889,
                        40.41616194444444
                    ]
                ]
            }
        },
        {
            "type": "Feature",
            "properties": {},
            "geometry": {
                "type": "LineString",
                "coordinates": [
                    [
                        -77.18058083333334,
                        40.91388305555555
                    ],
                    [
                        -77.19196166666667,
                        40.9209825
                    ]
                ]
            }
        },
        {
            "type": "Feature",
            "properties": {},
            "geometry": {
                "type": "LineString",
                "coordinates": [
                    [
                        -77.19946861111112,
                        40.92562361111111
                    ],
                    [
                        -77.25605194444445,
                        40.96091777777778
                    ]
                ]
            }
        },
        {
            "type": "Feature",
            "properties": {},
            "geometry": {
                "type": "LineString",
                "coordinates": [
                    [
                        -77.06606472222222,
                        40.902675
                    ],
                    [
                        -77.08066388888888,
                        40.90410416666666
                    ]
                ]
            }
        },
        {
            "type": "Feature",
            "properties": {},
            "geometry": {
                "type": "LineString",
                "coordinates": [
                    [
                        -77.09031638888888,
                        40.90499555555555
                    ],
                    [
                        -77.16284,
                        40.91211027777778
                    ]
                ]
            }
        },
        {
            "type": "Feature",
            "properties": {},
            "geometry": {
                "type": "LineString",
                "coordinates": [
                    [
                        -77.17587444444445,
                        40.91344111111111
                    ],
                    [
                        -77.18058083333334,
                        40.91388305555555
                    ]
                ]
            }
        },
        {
            "type": "Feature",
            "properties": {},
            "geometry": {
                "type": "LineString",
                "coordinates": [
                    [
                        -77.12104888888888,
                        40.228345833333336
                    ],
                    [
                        -77.14260055555556,
                        40.239815
                    ]
                ]
            }
        },
        {
            "type": "Feature",
            "properties": {},
            "geometry": {
                "type": "LineString",
                "coordinates": [
                    [
                        -77.11946583333332,
                        40.24692944444445
                    ],
                    [
                        -77.13122555555555,
                        40.233808055555556
                    ]
                ]
            }
        },
        {
            "type": "Feature",
            "properties": {},
            "geometry": {
                "type": "LineString",
                "coordinates": [
                    [
                        -76.77860111111112,
                        40.19942555555555
                    ],
                    [
                        -76.74817361111111,
                        40.18761055555555
                    ]
                ]
            }
        },
        {
            "type": "Feature",
            "properties": {},
            "geometry": {
                "type": "LineString",
                "coordinates": [
                    [
                        -76.79793666666666,
                        40.20711472222222
                    ],
                    [
                        -76.81715694444443,
                        40.214708611111114
                    ]
                ]
            }
        },
        {
            "type": "Feature",
            "properties": {},
            "geometry": {
                "type": "LineString",
                "coordinates": [
                    [
                        -76.8366211111111,
                        40.222299722222225
                    ],
                    [
                        -76.85596972222221,
                        40.22979611111111
                    ]
                ]
            }
        },
        {
            "type": "Feature",
            "properties": {},
            "geometry": {
                "type": "LineString",
                "coordinates": [
                    [
                        -76.87532277777777,
                        40.23738027777778
                    ],
                    [
                        -76.89468027777778,
                        40.24496166666667
                    ]
                ]
            }
        },
        {
            "type": "Feature",
            "properties": {},
            "geometry": {
                "type": "LineString",
                "coordinates": [
                    [
                        -76.91416111111111,
                        40.252538888888886
                    ],
                    [
                        -76.93352722222222,
                        40.260022222222226
                    ]
                ]
            }
        },
        {
            "type": "Feature",
            "properties": {},
            "geometry": {
                "type": "LineString",
                "coordinates": [
                    [
                        -76.9528975,
                        40.26759416666667
                    ],
                    [
                        -76.97227166666667,
                        40.27516166666667
                    ]
                ]
            }
        },
        {
            "type": "Feature",
            "properties": {},
            "geometry": {
                "type": "LineString",
                "coordinates": [
                    [
                        -76.99165083333334,
                        40.28272666666667
                    ],
                    [
                        -77.01103388888889,
                        40.29019722222222
                    ]
                ]
            }
        },
        {
            "type": "Feature",
            "properties": {},
            "geometry": {
                "type": "LineString",
                "coordinates": [
                    [
                        -77.03042166666667,
                        40.29775583333333
                    ],
                    [
                        -77.04993305555556,
                        40.30531055555555
                    ]
                ]
            }
        },
        {
            "type": "Feature",
            "properties": {},
            "geometry": {
                "type": "LineString",
                "coordinates": [
                    [
                        -76.71947583333333,
                        40.02486805555556
                    ],
                    [
                        -76.723065,
                        40.007846944444445
                    ]
                ]
            }
        },
        {
            "type": "Feature",
            "properties": {},
            "geometry": {
                "type": "LineString",
                "coordinates": [
                    [
                        -76.70905666666667,
                        40.0739175
                    ],
                    [
                        -76.71312888888889,
                        40.05625638888888
                    ]
                ]
            }
        },
        {
            "type": "Feature",
            "properties": {},
            "geometry": {
                "type": "LineString",
                "coordinates": [
                    [
                        -76.69898083333334,
                        40.122324722222224
                    ],
                    [
                        -76.70258027777778,
                        40.10594555555556
                    ]
                ]
            }
        },
        {
            "type": "Feature",
            "properties": {},
            "geometry": {
                "type": "LineString",
                "coordinates": [
                    [
                        -76.73071277777778,
                        39.9760925
                    ],
                    [
                        -76.73310222222223,
                        39.96492777777778
                    ]
                ]
            }
        },
        {
            "type": "Feature",
            "properties": {},
            "geometry": {
                "type": "LineString",
                "coordinates": [
                    [
                        -76.68997361111111,
                        40.165058333333334
                    ],
                    [
                        -76.69225583333333,
                        40.154718333333335
                    ]
                ]
            }
        },
        {
            "type": "Feature",
            "properties": {},
            "geometry": {
                "type": "LineString",
                "coordinates": [
                    [
                        -76.52624777777778,
                        40.269219722222225
                    ],
                    [
                        -76.507445,
                        40.27988277777778
                    ]
                ]
            }
        },
        {
            "type": "Feature",
            "properties": {},
            "geometry": {
                "type": "LineString",
                "coordinates": [
                    [
                        -76.57496944444443,
                        40.24031027777778
                    ],
                    [
                        -76.55965166666667,
                        40.249249444444445
                    ]
                ]
            }
        },
        {
            "type": "Feature",
            "properties": {},
            "geometry": {
                "type": "LineString",
                "coordinates": [
                    [
                        -76.63871944444445,
                        40.198679999999996
                    ],
                    [
                        -76.6222211111111,
                        40.20945666666667
                    ]
                ]
            }
        },
        {
            "type": "Feature",
            "properties": {},
            "geometry": {
                "type": "LineString",
                "coordinates": [
                    [
                        -76.68997361111111,
                        40.165058333333334
                    ],
                    [
                        -76.67122222222223,
                        40.17739472222222
                    ]
                ]
            }
        },
        {
            "type": "Feature",
            "properties": {},
            "geometry": {
                "type": "LineString",
                "coordinates": [
                    [
                        -76.59028444444444,
                        40.23072888888889
                    ],
                    [
                        -76.57508777777777,
                        40.2404025
                    ]
                ]
            }
        },
        {
            "type": "Feature",
            "properties": {},
            "geometry": {
                "type": "LineString",
                "coordinates": [
                    [
                        -76.47473027777778,
                        40.29938166666666
                    ],
                    [
                        -76.45698722222222,
                        40.30994805555555
                    ]
                ]
            }
        },
        {
            "type": "Feature",
            "properties": {},
            "geometry": {
                "type": "LineString",
                "coordinates": [
                    [
                        -76.34183138888888,
                        40.33225138888889
                    ],
                    [
                        -76.31896083333334,
                        40.33637
                    ]
                ]
            }
        },
        {
            "type": "Feature",
            "properties": {},
            "geometry": {
                "type": "LineString",
                "coordinates": [
                    [
                        -76.40396833333334,
                        40.320123333333335
                    ],
                    [
                        -76.38278027777777,
                        40.32416777777778
                    ]
                ]
            }
        },
        {
            "type": "Feature",
            "properties": {},
            "geometry": {
                "type": "LineString",
                "coordinates": [
                    [
                        -76.4571075,
                        40.30985694444444
                    ],
                    [
                        -76.44538,
                        40.31210972222222
                    ]
                ]
            }
        },
        {
            "type": "Feature",
            "properties": {},
            "geometry": {
                "type": "LineString",
                "coordinates": [
                    [
                        -76.2910561111111,
                        40.34156027777778
                    ],
                    [
                        -76.28075472222223,
                        40.34352805555556
                    ]
                ]
            }
        },
        {
            "type": "Feature",
            "properties": {},
            "geometry": {
                "type": "LineString",
                "coordinates": [
                    [
                        -76.22951944444445,
                        40.39161277777778
                    ],
                    [
                        -76.2414613888889,
                        40.38032194444445
                    ]
                ]
            }
        },
        {
            "type": "Feature",
            "properties": {},
            "geometry": {
                "type": "LineString",
                "coordinates": [
                    [
                        -76.2690675,
                        40.35455
                    ],
                    [
                        -76.28087472222222,
                        40.34352916666667
                    ]
                ]
            }
        },
        {
            "type": "Feature",
            "properties": {},
            "geometry": {
                "type": "LineString",
                "coordinates": [
                    [
                        -76.22963944444444,
                        40.39161361111111
                    ],
                    [
                        -76.21703305555556,
                        40.39612694444445
                    ]
                ]
            }
        },
        {
            "type": "Feature",
            "properties": {},
            "geometry": {
                "type": "LineString",
                "coordinates": [
                    [
                        -76.19373805555556,
                        40.40433722222222
                    ],
                    [
                        -76.18244861111111,
                        40.40830444444444
                    ]
                ]
            }
        },
        {
            "type": "Feature",
            "properties": {},
            "geometry": {
                "type": "LineString",
                "coordinates": [
                    [
                        -76.70364972222222,
                        39.93058666666666
                    ],
                    [
                        -76.6919013888889,
                        39.916665
                    ]
                ]
            }
        },
        {
            "type": "Feature",
            "properties": {},
            "geometry": {
                "type": "LineString",
                "coordinates": [
                    [
                        -76.67233,
                        39.894130555555556
                    ],
                    [
                        -76.66426861111111,
                        39.88451166666667
                    ]
                ]
            }
        },
        {
            "type": "Feature",
            "properties": {},
            "geometry": {
                "type": "LineString",
                "coordinates": [
                    [
                        -76.73310222222223,
                        39.96492777777778
                    ],
                    [
                        -76.72704277777778,
                        39.95796861111111
                    ]
                ]
            }
        },
        {
            "type": "Feature",
            "properties": {},
            "geometry": {
                "type": "LineString",
                "coordinates": [
                    [
                        -76.70928972222222,
                        40.172578611111106
                    ],
                    [
                        -76.68997361111111,
                        40.165058333333334
                    ]
                ]
            }
        },
        {
            "type": "Feature",
            "properties": {},
            "geometry": {
                "type": "LineString",
                "coordinates": [
                    [
                        -76.74682194444445,
                        40.24234027777778
                    ],
                    [
                        -76.74814388888889,
                        40.23135777777778
                    ]
                ]
            }
        },
        {
            "type": "Feature",
            "properties": {},
            "geometry": {
                "type": "LineString",
                "coordinates": [
                    [
                        -77.22507583333334,
                        40.60954805555556
                    ],
                    [
                        -77.25247138888889,
                        40.558926388888885
                    ]
                ]
            }
        },
        {
            "type": "Feature",
            "properties": {},
            "geometry": {
                "type": "LineString",
                "coordinates": [
                    [
                        -76.98070861111111,
                        40.38899972222222
                    ],
                    [
                        -76.99809583333334,
                        40.39986111111111
                    ]
                ]
            }
        },
        {
            "type": "Feature",
            "properties": {},
            "geometry": {
                "type": "LineString",
                "coordinates": [
                    [
                        -76.93049611111111,
                        40.35740305555556
                    ],
                    [
                        -76.94810833333334,
                        40.36927861111111
                    ]
                ]
            }
        },
        {
            "type": "Feature",
            "properties": {},
            "geometry": {
                "type": "LineString",
                "coordinates": [
                    [
                        -76.88080972222221,
                        40.32660888888889
                    ],
                    [
                        -76.89756638888889,
                        40.337028333333336
                    ]
                ]
            }
        },
        {
            "type": "Feature",
            "properties": {},
            "geometry": {
                "type": "LineString",
                "coordinates": [
                    [
                        -76.82877666666667,
                        40.293504999999996
                    ],
                    [
                        -76.84778944444444,
                        40.30567055555555
                    ]
                ]
            }
        },
        {
            "type": "Feature",
            "properties": {},
            "geometry": {
                "type": "LineString",
                "coordinates": [
                    [
                        -77.23403805555556,
                        40.547374999999995
                    ],
                    [
                        -77.25247138888889,
                        40.558926388888885
                    ]
                ]
            }
        },
        {
            "type": "Feature",
            "properties": {},
            "geometry": {
                "type": "LineString",
                "coordinates": [
                    [
                        -77.18346916666667,
                        40.51579944444445
                    ],
                    [
                        -77.20068222222223,
                        40.526721944444446
                    ]
                ]
            }
        },
        {
            "type": "Feature",
            "properties": {},
            "geometry": {
                "type": "LineString",
                "coordinates": [
                    [
                        -77.1330686111111,
                        40.48438361111111
                    ],
                    [
                        -77.15110916666667,
                        40.496135
                    ]
                ]
            }
        },
        {
            "type": "Feature",
            "properties": {},
            "geometry": {
                "type": "LineString",
                "coordinates": [
                    [
                        -77.08331694444443,
                        40.453675833333335
                    ],
                    [
                        -77.1000161111111,
                        40.463974722222225
                    ]
                ]
            }
        },
        {
            "type": "Feature",
            "properties": {},
            "geometry": {
                "type": "LineString",
                "coordinates": [
                    [
                        -77.03060888888889,
                        40.42066555555555
                    ],
                    [
                        -77.05005249999999,
                        40.43261333333333
                    ]
                ]
            }
        },
        {
            "type": "Feature",
            "properties": {},
            "geometry": {
                "type": "LineString",
                "coordinates": [
                    [
                        -76.7957888888889,
                        40.272826944444446
                    ],
                    [
                        -76.77906361111111,
                        40.262208888888885
                    ]
                ]
            }
        },
        {
            "type": "Feature",
            "properties": {},
            "geometry": {
                "type": "LineString",
                "coordinates": [
                    [
                        -76.75744805555556,
                        40.249116944444445
                    ],
                    [
                        -76.74682194444445,
                        40.24234027777778
                    ]
                ]
            }
        },
        {
            "type": "Feature",
            "properties": {},
            "geometry": {
                "type": "LineString",
                "coordinates": [
                    [
                        -77.71890222222223,
                        40.041713611111106
                    ],
                    [
                        -77.71901111111112,
                        40.039961388888884
                    ],
                    [
                        -77.71938416666667,
                        40.03823027777778
                    ],
                    [
                        -77.72001583333333,
                        40.03654361111111
                    ],
                    [
                        -77.72089777777778,
                        40.03492527777777
                    ],
                    [
                        -77.72201833333334,
                        40.03339694444444
                    ],
                    [
                        -77.72336277777778,
                        40.03197861111111
                    ],
                    [
                        -77.72491166666667,
                        40.03068944444444
                    ],
                    [
                        -77.72664444444445,
                        40.02954805555555
                    ],
                    [
                        -77.72853805555556,
                        40.02856777777777
                    ],
                    [
                        -77.73056694444445,
                        40.027763888888884
                    ],
                    [
                        -77.73270305555556,
                        40.027146944444446
                    ],
                    [
                        -77.73491861111111,
                        40.02672416666667
                    ],
                    [
                        -77.73718305555556,
                        40.02650194444444
                    ],
                    [
                        -77.73946527777778,
                        40.02648305555555
                    ],
                    [
                        -77.741735,
                        40.026667777777774
                    ],
                    [
                        -77.74396138888889,
                        40.027054722222225
                    ],
                    [
                        -77.74611416666667,
                        40.02763722222222
                    ],
                    [
                        -77.748165,
                        40.02840777777778
                    ],
                    [
                        -77.75008555555556,
                        40.02935611111111
                    ],
                    [
                        -77.75184944444445,
                        40.03046916666666
                    ],
                    [
                        -77.75343388888889,
                        40.031732222222224
                    ],
                    [
                        -77.75481666666667,
                        40.03312888888889
                    ],
                    [
                        -77.75597944444445,
                        40.034638888888885
                    ],
                    [
                        -77.7569063888889,
                        40.0362425
                    ],
                    [
                        -77.757585,
                        40.03791777777778
                    ],
                    [
                        -77.75800555555556,
                        40.03964194444444
                    ],
                    [
                        -77.75816305555556,
                        40.04139277777777
                    ],
                    [
                        -77.75805472222223,
                        40.043145833333334
                    ],
                    [
                        -77.75768305555556,
                        40.04487694444444
                    ],
                    [
                        -77.75705222222223,
                        40.04656277777777
                    ],
                    [
                        -77.75617055555556,
                        40.048181388888885
                    ],
                    [
                        -77.75505055555556,
                        40.04971083333333
                    ],
                    [
                        -77.75370694444445,
                        40.05112916666666
                    ],
                    [
                        -77.75215777777778,
                        40.05241833333333
                    ],
                    [
                        -77.75042444444445,
                        40.05356083333333
                    ],
                    [
                        -77.74853083333333,
                        40.05454111111111
                    ],
                    [
                        -77.74650111111112,
                        40.055344999999996
                    ],
                    [
                        -77.74436416666667,
                        40.05596305555555
                    ],
                    [
                        -77.74214805555556,
                        40.05638555555555
                    ],
                    [
                        -77.73988277777778,
                        40.05660833333333
                    ],
                    [
                        -77.73759916666667,
                        40.05662694444444
                    ],
                    [
                        -77.73532861111111,
                        40.056441388888885
                    ],
                    [
                        -77.73310083333334,
                        40.05605527777777
                    ],
                    [
                        -77.73094722222223,
                        40.05547277777777
                    ],
                    [
                        -77.72889611111111,
                        40.05470111111111
                    ],
                    [
                        -77.72697527777778,
                        40.053752777777774
                    ],
                    [
                        -77.72521083333334,
                        40.05263861111111
                    ],
                    [
                        -77.72362694444445,
                        40.05137555555555
                    ],
                    [
                        -77.72224416666667,
                        40.04997916666667
                    ],
                    [
                        -77.72108194444445,
                        40.048468888888884
                    ],
                    [
                        -77.72015583333334,
                        40.04686472222222
                    ],
                    [
                        -77.71947777777778,
                        40.04518944444444
                    ],
                    [
                        -77.71905833333334,
                        40.04346472222222
                    ],
                    [
                        -77.71890222222223,
                        40.041713611111106
                    ],
                    [
                        -77.71890222222223,
                        40.041713611111106
                    ]
                ]
            }
        },
        {
            "type": "Feature",
            "properties": {},
            "geometry": {
                "type": "LineString",
                "coordinates": [
                    [
                        -76.60584361111111,
                        40.475295
                    ],
                    [
                        -76.7464575,
                        40.41842333333333
                    ],
                    [
                        -76.72613055555556,
                        40.39004305555555
                    ],
                    [
                        -76.61109666666665,
                        40.43842166666666
                    ],
                    [
                        -76.58697527777777,
                        40.45366416666667
                    ],
                    [
                        -76.60584361111111,
                        40.475295
                    ]
                ]
            }
        },
        {
            "type": "Feature",
            "properties": {},
            "geometry": {
                "type": "LineString",
                "coordinates": [
                    [
                        -76.74597861111111,
                        40.41860666666666
                    ],
                    [
                        -76.78189083333334,
                        40.467395
                    ]
                ]
            }
        },
        {
            "type": "Feature",
            "properties": {},
            "geometry": {
                "type": "LineString",
                "coordinates": [
                    [
                        -76.653265,
                        40.492201944444446
                    ],
                    [
                        -76.60584361111111,
                        40.475295
                    ]
                ]
            }
        },
        {
            "type": "Feature",
            "properties": {},
            "geometry": {
                "type": "LineString",
                "coordinates": [
                    [
                        -76.3250175,
                        40.94669805555555
                    ],
                    [
                        -76.34294472222221,
                        40.93688611111111
                    ]
                ]
            }
        },
        {
            "type": "Feature",
            "properties": {},
            "geometry": {
                "type": "LineString",
                "coordinates": [
                    [
                        -76.33647527777778,
                        40.93009027777777
                    ],
                    [
                        -76.34941583333332,
                        40.943682777777774
                    ]
                ]
            }
        },
        {
            "type": "Feature",
            "properties": {},
            "geometry": {
                "type": "LineString",
                "coordinates": [
                    [
                        -76.7714775,
                        39.7461975
                    ],
                    [
                        -76.78048555555556,
                        39.76139194444445
                    ]
                ]
            }
        },
        {
            "type": "Feature",
            "properties": {},
            "geometry": {
                "type": "LineString",
                "coordinates": [
                    [
                        -76.79032833333333,
                        39.757914722222225
                    ],
                    [
                        -76.7706411111111,
                        39.76486777777778
                    ]
                ]
            }
        },
        {
            "type": "Feature",
            "properties": {},
            "geometry": {
                "type": "LineString",
                "coordinates": [
                    [
                        -75.752255,
                        40.09001527777778
                    ],
                    [
                        -75.74486944444445,
                        40.07438777777778
                    ]
                ]
            }
        },
        {
            "type": "Feature",
            "properties": {},
            "geometry": {
                "type": "LineString",
                "coordinates": [
                    [
                        -75.94868555555556,
                        40.096473333333336
                    ],
                    [
                        -75.92868138888889,
                        40.09504333333334
                    ]
                ]
            }
        },
        {
            "type": "Feature",
            "properties": {},
            "geometry": {
                "type": "LineString",
                "coordinates": [
                    [
                        -75.7593925,
                        40.08303138888889
                    ],
                    [
                        -75.73772972222223,
                        40.0814625
                    ]
                ]
            }
        },
        {
            "type": "Feature",
            "properties": {},
            "geometry": {
                "type": "LineString",
                "coordinates": [
                    [
                        -75.76780166666667,
                        40.2128025
                    ],
                    [
                        -75.79817472222221,
                        40.217644722222225
                    ],
                    [
                        -75.84010222222221,
                        40.22468027777778
                    ],
                    [
                        -75.85310055555556,
                        40.225884722222226
                    ],
                    [
                        -75.86264472222221,
                        40.22651166666667
                    ],
                    [
                        -75.87350833333333,
                        40.226689722222225
                    ],
                    [
                        -75.88401666666667,
                        40.22668222222222
                    ],
                    [
                        -75.89441111111111,
                        40.226214444444444
                    ],
                    [
                        -75.90337916666667,
                        40.225276944444445
                    ],
                    [
                        -75.91426055555556,
                        40.22407916666667
                    ],
                    [
                        -75.92514861111111,
                        40.22233055555556
                    ],
                    [
                        -75.93568361111112,
                        40.22012138888889
                    ],
                    [
                        -75.94550333333333,
                        40.21781388888889
                    ],
                    [
                        -75.95341166666667,
                        40.2154925
                    ],
                    [
                        -75.96168,
                        40.212989722222225
                    ],
                    [
                        -75.97007527777778,
                        40.20984638888889
                    ],
                    [
                        -75.97823027777778,
                        40.206700833333336
                    ],
                    [
                        -75.98579111111111,
                        40.20336777777778
                    ],
                    [
                        -75.99227361111112,
                        40.20020944444445
                    ],
                    [
                        -76.00128111111111,
                        40.19551194444444
                    ],
                    [
                        -76.00909,
                        40.19108055555555
                    ],
                    [
                        -76.01630583333333,
                        40.186278611111106
                    ],
                    [
                        -76.0228013888889,
                        40.18174638888889
                    ],
                    [
                        -76.0291775,
                        40.17712083333333
                    ],
                    [
                        -76.03651805555555,
                        40.17158555555555
                    ],
                    [
                        -76.04242444444444,
                        40.166133333333335
                    ],
                    [
                        -76.04845638888888,
                        40.160039999999995
                    ],
                    [
                        -76.05291694444445,
                        40.155767222222224
                    ],
                    [
                        -76.05618194444445,
                        40.151668888888885
                    ],
                    [
                        -76.05944749999999,
                        40.147480277777774
                    ],
                    [
                        -76.05809583333333,
                        40.14014944444445
                    ],
                    [
                        -76.05673416666666,
                        40.13373388888889
                    ],
                    [
                        -76.05513805555556,
                        40.12695027777778
                    ],
                    [
                        -76.05306222222222,
                        40.12053083333333
                    ],
                    [
                        -76.04980944444445,
                        40.11273027777778
                    ],
                    [
                        -76.04655555555556,
                        40.105112222222225
                    ],
                    [
                        -76.04398527777778,
                        40.1004275
                    ],
                    [
                        -76.04083194444445,
                        40.094549444444446
                    ],
                    [
                        -76.03673444444445,
                        40.08793277777778
                    ],
                    [
                        -76.0331,
                        40.08260055555556
                    ],
                    [
                        -76.029105,
                        40.07763166666667
                    ],
                    [
                        -76.02393444444445,
                        40.07128138888889
                    ],
                    [
                        -76.01887583333333,
                        40.065664722222216
                    ],
                    [
                        -76.01169277777778,
                        40.058385277777774
                    ],
                    [
                        -76.00355944444445,
                        40.05100722222222
                    ],
                    [
                        -75.98160916666667,
                        40.034105555555556
                    ]
                ]
            }
        },
        {
            "type": "Feature",
            "properties": {},
            "geometry": {
                "type": "LineString",
                "coordinates": [
                    [
                        -75.75176722222223,
                        40.12186305555556
                    ],
                    [
                        -75.7469475,
                        40.09417777777778
                    ]
                ]
            }
        },
        {
            "type": "Feature",
            "properties": {},
            "geometry": {
                "type": "LineString",
                "coordinates": [
                    [
                        -75.74301111111112,
                        40.07125888888889
                    ],
                    [
                        -75.74224111111111,
                        40.06713305555556
                    ]
                ]
            }
        },
        {
            "type": "Feature",
            "properties": {},
            "geometry": {
                "type": "LineString",
                "coordinates": [
                    [
                        -76.15295527777778,
                        40.12195305555556
                    ],
                    [
                        -76.10711388888889,
                        40.080685
                    ]
                ]
            }
        },
        {
            "type": "Feature",
            "properties": {},
            "geometry": {
                "type": "LineString",
                "coordinates": [
                    [
                        -77.15918722222223,
                        39.88062361111111
                    ],
                    [
                        -77.1634125,
                        39.84903305555556
                    ]
                ]
            }
        },
        {
            "type": "Feature",
            "properties": {},
            "geometry": {
                "type": "LineString",
                "coordinates": [
                    [
                        -77.16467055555556,
                        39.84015138888889
                    ],
                    [
                        -77.16569472222223,
                        39.83209388888889
                    ]
                ]
            }
        },
        {
            "type": "Feature",
            "properties": {},
            "geometry": {
                "type": "LineString",
                "coordinates": [
                    [
                        -77.16740777777778,
                        39.81954944444445
                    ],
                    [
                        -77.17037388888889,
                        39.797756388888885
                    ]
                ]
            }
        },
        {
            "type": "Feature",
            "properties": {},
            "geometry": {
                "type": "LineString",
                "coordinates": [
                    [
                        -77.55802138888889,
                        40.03161361111111
                    ],
                    [
                        -77.5439925,
                        40.04433611111111
                    ]
                ]
            }
        },
        {
            "type": "Feature",
            "properties": {},
            "geometry": {
                "type": "LineString",
                "coordinates": [
                    [
                        -77.56797805555556,
                        40.03813722222222
                    ],
                    [
                        -77.54806666666667,
                        40.02508833333333
                    ]
                ]
            }
        },
        {
            "type": "Feature",
            "properties": {},
            "geometry": {
                "type": "LineString",
                "coordinates": [
                    [
                        -76.40843027777778,
                        40.94297805555555
                    ],
                    [
                        -76.43188166666667,
                        40.93554944444444
                    ]
                ]
            }
        },
        {
            "type": "Feature",
            "properties": {},
            "geometry": {
                "type": "LineString",
                "coordinates": [
                    [
                        -76.4130825,
                        40.93128027777777
                    ],
                    [
                        -76.4272325,
                        40.947247499999996
                    ]
                ]
            }
        },
        {
            "type": "Feature",
            "properties": {},
            "geometry": {
                "type": "LineString",
                "coordinates": [
                    [
                        -77.84326999999999,
                        39.944158611111106
                    ],
                    [
                        -77.84015083333333,
                        39.88798666666666
                    ]
                ]
            }
        },
        {
            "type": "Feature",
            "properties": {},
            "geometry": {
                "type": "LineString",
                "coordinates": [
                    [
                        -77.84424833333333,
                        39.961357222222226
                    ],
                    [
                        -77.84375055555554,
                        39.95220916666667
                    ]
                ]
            }
        },
        {
            "type": "Feature",
            "properties": {},
            "geometry": {
                "type": "LineString",
                "coordinates": [
                    [
                        -77.84772388888888,
                        40.02475694444444
                    ],
                    [
                        -77.84474,
                        39.97014027777778
                    ]
                ]
            }
        },
        {
            "type": "Feature",
            "properties": {},
            "geometry": {
                "type": "LineString",
                "coordinates": [
                    [
                        -77.84872722222222,
                        40.04341972222222
                    ],
                    [
                        -77.84822833333332,
                        40.03427138888889
                    ]
                ]
            }
        },
        {
            "type": "Feature",
            "properties": {},
            "geometry": {
                "type": "LineString",
                "coordinates": [
                    [
                        -77.85221277777777,
                        40.10690944444445
                    ],
                    [
                        -77.84921555555555,
                        40.05192722222222
                    ]
                ]
            }
        },
        {
            "type": "Feature",
            "properties": {},
            "geometry": {
                "type": "LineString",
                "coordinates": [
                    [
                        -77.85321083333332,
                        40.12511416666667
                    ],
                    [
                        -77.85270277777778,
                        40.11541694444445
                    ]
                ]
            }
        },
        {
            "type": "Feature",
            "properties": {},
            "geometry": {
                "type": "LineString",
                "coordinates": [
                    [
                        -77.85671083333332,
                        40.18896972222222
                    ],
                    [
                        -77.85369555555555,
                        40.13325583333334
                    ]
                ]
            }
        },
        {
            "type": "Feature",
            "properties": {},
            "geometry": {
                "type": "LineString",
                "coordinates": [
                    [
                        -77.85916222222221,
                        40.230314166666666
                    ],
                    [
                        -77.85821138888889,
                        40.216231111111114
                    ]
                ]
            }
        },
        {
            "type": "Feature",
            "properties": {},
            "geometry": {
                "type": "LineString",
                "coordinates": [
                    [
                        -77.85783527777777,
                        40.20744777777778
                    ],
                    [
                        -77.85721166666666,
                        40.198117499999995
                    ]
                ]
            }
        },
        {
            "type": "Feature",
            "properties": {},
            "geometry": {
                "type": "LineString",
                "coordinates": [
                    [
                        -77.87594027777777,
                        40.28928083333333
                    ],
                    [
                        -77.87279472222221,
                        40.278463333333335
                    ]
                ]
            }
        },
        {
            "type": "Feature",
            "properties": {},
            "geometry": {
                "type": "LineString",
                "coordinates": [
                    [
                        -77.89367638888889,
                        40.350995833333336
                    ],
                    [
                        -77.87834916666667,
                        40.29759527777777
                    ]
                ]
            }
        },
        {
            "type": "Feature",
            "properties": {},
            "geometry": {
                "type": "LineString",
                "coordinates": [
                    [
                        -77.89885527777778,
                        40.36906583333333
                    ],
                    [
                        -77.89615527777778,
                        40.35958083333333
                    ]
                ]
            }
        },
        {
            "type": "Feature",
            "properties": {},
            "geometry": {
                "type": "LineString",
                "coordinates": [
                    [
                        -77.7569288888889,
                        39.85914805555556
                    ],
                    [
                        -77.74505805555556,
                        39.859613333333336
                    ]
                ]
            }
        },
        {
            "type": "Feature",
            "properties": {},
            "geometry": {
                "type": "LineString",
                "coordinates": [
                    [
                        -77.73366277777778,
                        39.86007277777778
                    ],
                    [
                        -77.66291472222223,
                        39.86300777777778
                    ]
                ]
            }
        },
        {
            "type": "Feature",
            "properties": {},
            "geometry": {
                "type": "LineString",
                "coordinates": [
                    [
                        -77.65056833333334,
                        39.86346666666667
                    ],
                    [
                        -77.63869611111112,
                        39.86392027777778
                    ]
                ]
            }
        },
        {
            "type": "Feature",
            "properties": {},
            "geometry": {
                "type": "LineString",
                "coordinates": [
                    [
                        -77.62765722222221,
                        39.86445805555556
                    ],
                    [
                        -77.55630583333333,
                        39.8673325
                    ]
                ]
            }
        },
        {
            "type": "Feature",
            "properties": {},
            "geometry": {
                "type": "LineString",
                "coordinates": [
                    [
                        -77.54526416666667,
                        39.86777055555556
                    ],
                    [
                        -77.53267916666667,
                        39.86831
                    ]
                ]
            }
        },
        {
            "type": "Feature",
            "properties": {},
            "geometry": {
                "type": "LineString",
                "coordinates": [
                    [
                        -77.52211277777778,
                        39.868743333333335
                    ],
                    [
                        -77.44992083333334,
                        39.87155638888889
                    ]
                ]
            }
        },
        {
            "type": "Feature",
            "properties": {},
            "geometry": {
                "type": "LineString",
                "coordinates": [
                    [
                        -77.43804694444445,
                        39.871989722222224
                    ],
                    [
                        -77.42593472222222,
                        39.87242277777778
                    ]
                ]
            }
        },
        {
            "type": "Feature",
            "properties": {},
            "geometry": {
                "type": "LineString",
                "coordinates": [
                    [
                        -77.414535,
                        39.87285055555556
                    ],
                    [
                        -77.35801083333332,
                        39.87506305555556
                    ],
                    [
                        -77.34185888888888,
                        39.875507222222225
                    ]
                ]
            }
        },
        {
            "type": "Feature",
            "properties": {},
            "geometry": {
                "type": "LineString",
                "coordinates": [
                    [
                        -77.3323575,
                        39.87573527777778
                    ],
                    [
                        -77.31798722222221,
                        39.8761675
                    ]
                ]
            }
        },
        {
            "type": "Feature",
            "properties": {},
            "geometry": {
                "type": "LineString",
                "coordinates": [
                    [
                        -77.30694194444445,
                        39.876491111111115
                    ],
                    [
                        -77.23603638888889,
                        39.87852361111111
                    ]
                ]
            }
        },
        {
            "type": "Feature",
            "properties": {},
            "geometry": {
                "type": "LineString",
                "coordinates": [
                    [
                        -77.22463305555556,
                        39.878749722222224
                    ],
                    [
                        -77.21204277777778,
                        39.87907083333334
                    ]
                ]
            }
        },
        {
            "type": "Feature",
            "properties": {},
            "geometry": {
                "type": "LineString",
                "coordinates": [
                    [
                        -77.20135305555556,
                        39.87938416666667
                    ],
                    [
                        -77.15918722222223,
                        39.88062361111111
                    ],
                    [
                        -77.13044027777777,
                        39.881076944444445
                    ]
                ]
            }
        },
        {
            "type": "Feature",
            "properties": {},
            "geometry": {
                "type": "LineString",
                "coordinates": [
                    [
                        -77.11808611111111,
                        39.88129527777778
                    ],
                    [
                        -77.10620722222221,
                        39.88151055555556
                    ]
                ]
            }
        },
        {
            "type": "Feature",
            "properties": {},
            "geometry": {
                "type": "LineString",
                "coordinates": [
                    [
                        -77.09515944444443,
                        39.88163138888889
                    ],
                    [
                        -77.02376472222223,
                        39.882802222222224
                    ]
                ]
            }
        },
        {
            "type": "Feature",
            "properties": {},
            "geometry": {
                "type": "LineString",
                "coordinates": [
                    [
                        -77.01271638888889,
                        39.883007222222226
                    ],
                    [
                        -77.0001238888889,
                        39.88321305555556
                    ]
                ]
            }
        },
        {
            "type": "Feature",
            "properties": {},
            "geometry": {
                "type": "LineString",
                "coordinates": [
                    [
                        -76.98955166666667,
                        39.88341444444444
                    ],
                    [
                        -76.97553305555556,
                        39.88362027777778
                    ],
                    [
                        -76.91720166666667,
                        39.88388055555556
                    ]
                ]
            }
        },
        {
            "type": "Feature",
            "properties": {},
            "geometry": {
                "type": "LineString",
                "coordinates": [
                    [
                        -76.9053213888889,
                        39.8838925
                    ],
                    [
                        -76.89320305555556,
                        39.883903333333336
                    ]
                ]
            }
        },
        {
            "type": "Feature",
            "properties": {},
            "geometry": {
                "type": "LineString",
                "coordinates": [
                    [
                        -76.88179833333332,
                        39.88400388888889
                    ],
                    [
                        -76.80909055555556,
                        39.88421833333333
                    ]
                ]
            }
        },
        {
            "type": "Feature",
            "properties": {},
            "geometry": {
                "type": "LineString",
                "coordinates": [
                    [
                        -76.79958666666667,
                        39.88421944444445
                    ],
                    [
                        -76.78521083333334,
                        39.88421944444445
                    ]
                ]
            }
        },
        {
            "type": "Feature",
            "properties": {},
            "geometry": {
                "type": "LineString",
                "coordinates": [
                    [
                        -76.7741625,
                        39.88430944444445
                    ],
                    [
                        -76.70323666666667,
                        39.884457499999996
                    ]
                ]
            }
        },
        {
            "type": "Feature",
            "properties": {},
            "geometry": {
                "type": "LineString",
                "coordinates": [
                    [
                        -76.69183111111111,
                        39.88453916666666
                    ],
                    [
                        -76.67923805555556,
                        39.884527222222225
                    ]
                ]
            }
        },
        {
            "type": "Feature",
            "properties": {},
            "geometry": {
                "type": "LineString",
                "coordinates": [
                    [
                        -76.66854527777778,
                        39.88460777777778
                    ],
                    [
                        -76.5976186111111,
                        39.88469055555556
                    ]
                ]
            }
        },
        {
            "type": "Feature",
            "properties": {},
            "geometry": {
                "type": "LineString",
                "coordinates": [
                    [
                        -76.58526305555556,
                        39.88466916666667
                    ],
                    [
                        -76.57338277777778,
                        39.88464666666667
                    ]
                ]
            }
        },
        {
            "type": "Feature",
            "properties": {},
            "geometry": {
                "type": "LineString",
                "coordinates": [
                    [
                        -76.56233361111111,
                        39.88471666666667
                    ],
                    [
                        -76.53334527777777,
                        39.88474611111111
                    ],
                    [
                        -76.49227444444445,
                        39.87659055555556
                    ]
                ]
            }
        },
        {
            "type": "Feature",
            "properties": {},
            "geometry": {
                "type": "LineString",
                "coordinates": [
                    [
                        -76.48147361111111,
                        39.87463944444445
                    ],
                    [
                        -76.46925,
                        39.87222638888889
                    ]
                ]
            }
        },
        {
            "type": "Feature",
            "properties": {},
            "geometry": {
                "type": "LineString",
                "coordinates": [
                    [
                        -76.45904416666667,
                        39.87027444444445
                    ],
                    [
                        -76.40197583333334,
                        39.85892805555556
                    ],
                    [
                        -76.38880861111112,
                        39.856319722222224
                    ]
                ]
            }
        },
        {
            "type": "Feature",
            "properties": {},
            "geometry": {
                "type": "LineString",
                "coordinates": [
                    [
                        -76.37742277777777,
                        39.853990833333334
                    ],
                    [
                        -76.36579944444443,
                        39.85165972222222
                    ]
                ]
            }
        },
        {
            "type": "Feature",
            "properties": {},
            "geometry": {
                "type": "LineString",
                "coordinates": [
                    [
                        -76.35465166666665,
                        39.84942111111111
                    ],
                    [
                        -76.28446111111111,
                        39.83521888888889
                    ]
                ]
            }
        },
        {
            "type": "Feature",
            "properties": {},
            "geometry": {
                "type": "LineString",
                "coordinates": [
                    [
                        -76.275215,
                        39.83334638888889
                    ],
                    [
                        -76.26134666666667,
                        39.83053694444445
                    ]
                ]
            }
        },
        {
            "type": "Feature",
            "properties": {},
            "geometry": {
                "type": "LineString",
                "coordinates": [
                    [
                        -76.25020666666667,
                        39.82819722222222
                    ],
                    [
                        -76.21133722222223,
                        39.82031777777778
                    ]
                ]
            }
        },
        {
            "type": "Feature",
            "properties": {},
            "geometry": {
                "type": "LineString",
                "coordinates": [
                    [
                        -76.40197583333334,
                        39.85892805555556
                    ],
                    [
                        -76.35227722222221,
                        39.867625555555556
                    ]
                ]
            }
        },
        {
            "type": "Feature",
            "properties": {},
            "geometry": {
                "type": "LineString",
                "coordinates": [
                    [
                        -76.3403861111111,
                        39.869684444444445
                    ],
                    [
                        -76.32849444444444,
                        39.871741944444445
                    ]
                ]
            }
        },
        {
            "type": "Feature",
            "properties": {},
            "geometry": {
                "type": "LineString",
                "coordinates": [
                    [
                        -76.31648277777778,
                        39.8737975
                    ],
                    [
                        -76.24594277777778,
                        39.886113333333334
                    ]
                ]
            }
        },
        {
            "type": "Feature",
            "properties": {},
            "geometry": {
                "type": "LineString",
                "coordinates": [
                    [
                        -76.23547305555556,
                        39.88789305555556
                    ],
                    [
                        -76.22535888888889,
                        39.889674444444445
                    ]
                ]
            }
        },
        {
            "type": "Feature",
            "properties": {},
            "geometry": {
                "type": "LineString",
                "coordinates": [
                    [
                        -76.21536361111112,
                        39.891455
                    ],
                    [
                        -76.15835638888889,
                        39.90140472222222
                    ]
                ]
            }
        },
        {
            "type": "Feature",
            "properties": {},
            "geometry": {
                "type": "LineString",
                "coordinates": [
                    [
                        -76.21133722222223,
                        39.82031777777778
                    ],
                    [
                        -76.19738194444444,
                        39.84166333333334
                    ]
                ]
            }
        },
        {
            "type": "Feature",
            "properties": {},
            "geometry": {
                "type": "LineString",
                "coordinates": [
                    [
                        -76.19256777777778,
                        39.84905194444445
                    ],
                    [
                        -76.18727055555556,
                        39.85717
                    ]
                ]
            }
        },
        {
            "type": "Feature",
            "properties": {},
            "geometry": {
                "type": "LineString",
                "coordinates": [
                    [
                        -76.18221333333334,
                        39.86492305555556
                    ],
                    [
                        -76.15835638888889,
                        39.90140472222222
                    ],
                    [
                        -76.1499225,
                        39.913622499999995
                    ]
                ]
            }
        },
        {
            "type": "Feature",
            "properties": {},
            "geometry": {
                "type": "LineString",
                "coordinates": [
                    [
                        -76.14413722222223,
                        39.92201027777777
                    ],
                    [
                        -76.13859111111111,
                        39.93012472222222
                    ]
                ]
            }
        },
        {
            "type": "Feature",
            "properties": {},
            "geometry": {
                "type": "LineString",
                "coordinates": [
                    [
                        -76.13340527777778,
                        39.93769194444444
                    ],
                    [
                        -76.09985499999999,
                        39.98636916666667
                    ]
                ]
            }
        },
        {
            "type": "Feature",
            "properties": {},
            "geometry": {
                "type": "LineString",
                "coordinates": [
                    [
                        -76.09466222222221,
                        39.99384305555556
                    ],
                    [
                        -76.08874361111111,
                        40.002319444444446
                    ]
                ]
            }
        },
        {
            "type": "Feature",
            "properties": {},
            "geometry": {
                "type": "LineString",
                "coordinates": [
                    [
                        -76.08378805555554,
                        40.00961111111111
                    ],
                    [
                        -76.06250916666666,
                        40.040322499999995
                    ]
                ]
            }
        },
        {
            "type": "Feature",
            "properties": {},
            "geometry": {
                "type": "LineString",
                "coordinates": [
                    [
                        -75.6482775,
                        40.34128333333334
                    ],
                    [
                        -75.71393361111112,
                        40.31198555555555
                    ]
                ]
            }
        },
        {
            "type": "Feature",
            "properties": {},
            "geometry": {
                "type": "LineString",
                "coordinates": [
                    [
                        -76.147255,
                        39.793889444444446
                    ],
                    [
                        -76.11842277777777,
                        39.78191583333333
                    ]
                ]
            }
        },
        {
            "type": "Feature",
            "properties": {},
            "geometry": {
                "type": "LineString",
                "coordinates": [
                    [
                        -76.16581222222223,
                        39.80158944444444
                    ],
                    [
                        -76.15647416666667,
                        39.79769361111111
                    ]
                ]
            }
        },
        {
            "type": "Feature",
            "properties": {},
            "geometry": {
                "type": "LineString",
                "coordinates": [
                    [
                        -76.21133722222223,
                        39.82031777777778
                    ],
                    [
                        -76.17503305555556,
                        39.80539222222222
                    ]
                ]
            }
        },
        {
            "type": "Feature",
            "properties": {},
            "geometry": {
                "type": "LineString",
                "coordinates": [
                    [
                        -77.84024888888888,
                        39.855584444444446
                    ],
                    [
                        -77.76737361111111,
                        39.858694722222225
                    ]
                ]
            }
        },
        {
            "type": "Feature",
            "properties": {},
            "geometry": {
                "type": "LineString",
                "coordinates": [
                    [
                        -77.87109833333332,
                        39.85374361111111
                    ],
                    [
                        -77.84024888888888,
                        39.855584444444446
                    ]
                ]
            }
        },
        {
            "type": "Feature",
            "properties": {},
            "geometry": {
                "type": "LineString",
                "coordinates": [
                    [
                        -77.89209916666667,
                        39.852538611111115
                    ],
                    [
                        -77.88153833333332,
                        39.853096111111114
                    ]
                ]
            }
        },
        {
            "type": "Feature",
            "properties": {},
            "geometry": {
                "type": "LineString",
                "coordinates": [
                    [
                        -77.94245500000001,
                        40.521500277777776
                    ],
                    [
                        -77.93917027777778,
                        40.5102675
                    ]
                ]
            }
        },
        {
            "type": "Feature",
            "properties": {},
            "geometry": {
                "type": "LineString",
                "coordinates": [
                    [
                        -76.00625527777778,
                        40.54854805555556
                    ],
                    [
                        -75.97862611111111,
                        40.551468888888884
                    ]
                ]
            }
        },
        {
            "type": "Feature",
            "properties": {},
            "geometry": {
                "type": "LineString",
                "coordinates": [
                    [
                        -75.99244138888889,
                        40.55000916666666
                    ],
                    [
                        -75.99536583333334,
                        40.56650277777778
                    ]
                ]
            }
        },
        {
            "type": "Feature",
            "properties": {},
            "geometry": {
                "type": "LineString",
                "coordinates": [
                    [
                        -77.28414027777778,
                        40.93113472222222
                    ],
                    [
                        -77.3012975,
                        40.9244275
                    ],
                    [
                        -77.31829222222221,
                        40.91749027777777
                    ],
                    [
                        -77.33512138888888,
                        40.910325
                    ]
                ]
            }
        },
        {
            "type": "Feature",
            "properties": {},
            "geometry": {
                "type": "LineString",
                "coordinates": [
                    [
                        -77.18523166666667,
                        40.782312499999996
                    ],
                    [
                        -77.1989975,
                        40.7769375
                    ],
                    [
                        -77.21263361111112,
                        40.77137666666667
                    ],
                    [
                        -77.22613638888889,
                        40.7656325
                    ],
                    [
                        -77.22613638888889,
                        40.7656325
                    ]
                ]
            }
        },
        {
            "type": "Feature",
            "properties": {},
            "geometry": {
                "type": "LineString",
                "coordinates": [
                    [
                        -76.98907416666667,
                        40.48421694444445
                    ],
                    [
                        -76.99608583333334,
                        40.48148333333334
                    ],
                    [
                        -77.00303111111111,
                        40.47865361111111
                    ],
                    [
                        -77.00990805555556,
                        40.475728333333336
                    ],
                    [
                        -77.00990805555556,
                        40.475728333333336
                    ]
                ]
            }
        },
        {
            "type": "Feature",
            "properties": {},
            "geometry": {
                "type": "LineString",
                "coordinates": [
                    [
                        -77.08663861111111,
                        40.63350444444444
                    ],
                    [
                        -77.0971375,
                        40.6294125
                    ],
                    [
                        -77.10753777777778,
                        40.62517583333334
                    ],
                    [
                        -77.11783472222221,
                        40.62079777777778
                    ]
                ]
            }
        },
        {
            "type": "Feature",
            "properties": {},
            "geometry": {
                "type": "LineString",
                "coordinates": [
                    [
                        -76.8673461111111,
                        40.29825694444444
                    ],
                    [
                        -76.87025333333332,
                        40.297131111111106
                    ],
                    [
                        -76.87313083333332,
                        40.295961388888884
                    ],
                    [
                        -76.87597694444443,
                        40.29474694444444
                    ],
                    [
                        -76.87597694444443,
                        40.29474694444444
                    ]
                ]
            }
        },
        {
            "type": "Feature",
            "properties": {},
            "geometry": {
                "type": "LineString",
                "coordinates": [
                    [
                        -76.85266194444443,
                        40.275844722222224
                    ],
                    [
                        -76.85505527777777,
                        40.274921388888885
                    ],
                    [
                        -76.85742305555554,
                        40.27396111111111
                    ],
                    [
                        -76.85976444444444,
                        40.27296333333333
                    ],
                    [
                        -76.85976444444444,
                        40.27296333333333
                    ]
                ]
            }
        },
        {
            "type": "Feature",
            "properties": {},
            "geometry": {
                "type": "LineString",
                "coordinates": [
                    [
                        -76.8917825,
                        40.335254722222224
                    ],
                    [
                        -76.89551944444445,
                        40.333799722222224
                    ],
                    [
                        -76.89921916666667,
                        40.33228916666667
                    ],
                    [
                        -76.90287972222222,
                        40.33072527777778
                    ]
                ]
            }
        },
        {
            "type": "Feature",
            "properties": {},
            "geometry": {
                "type": "LineString",
                "coordinates": [
                    [
                        -76.84369166666666,
                        40.26060694444445
                    ],
                    [
                        -76.84532555555555,
                        40.25996972222222
                    ],
                    [
                        -76.84694444444445,
                        40.25931138888889
                    ],
                    [
                        -76.84854916666666,
                        40.258631944444446
                    ],
                    [
                        -76.84854916666666,
                        40.258631944444446
                    ]
                ]
            }
        },
        {
            "type": "Feature",
            "properties": {},
            "geometry": {
                "type": "LineString",
                "coordinates": [
                    [
                        -76.89059722222223,
                        40.251805833333336
                    ],
                    [
                        -76.89008833333334,
                        40.25508638888889
                    ],
                    [
                        -76.89006305555556,
                        40.25838944444445
                    ],
                    [
                        -76.89052111111111,
                        40.261674722222224
                    ],
                    [
                        -76.89407138888889,
                        40.260022222222226
                    ],
                    [
                        -76.89737333333333,
                        40.258093333333335
                    ],
                    [
                        -76.90039138888889,
                        40.25590694444445
                    ],
                    [
                        -76.90309083333334,
                        40.25348944444445
                    ],
                    [
                        -76.90309083333334,
                        40.25348944444445
                    ]
                ]
            }
        },
        {
            "type": "Feature",
            "properties": {},
            "geometry": {
                "type": "LineString",
                "coordinates": [
                    [
                        -76.90987833333334,
                        40.24295277777778
                    ],
                    [
                        -76.9107175,
                        40.23995027777778
                    ],
                    [
                        -76.91115444444445,
                        40.236898333333336
                    ],
                    [
                        -76.91118277777778,
                        40.233828055555556
                    ],
                    [
                        -76.9108025,
                        40.23077138888889
                    ],
                    [
                        -76.90661861111111,
                        40.23269194444445
                    ],
                    [
                        -76.90278611111111,
                        40.23500416666667
                    ],
                    [
                        -76.89936722222222,
                        40.23767111111111
                    ],
                    [
                        -76.89936722222222,
                        40.23767111111111
                    ]
                ]
            }
        },
        {
            "type": "Feature",
            "properties": {},
            "geometry": {
                "type": "LineString",
                "coordinates": [
                    [
                        -76.55950194444443,
                        40.42897055555555
                    ],
                    [
                        -76.55725388888888,
                        40.42802333333333
                    ],
                    [
                        -76.55478305555555,
                        40.42749388888889
                    ],
                    [
                        -76.55221861111112,
                        40.42740777777777
                    ],
                    [
                        -76.5496961111111,
                        40.427770833333334
                    ],
                    [
                        -76.54734805555556,
                        40.42856333333333
                    ],
                    [
                        -76.54529833333333,
                        40.42974472222222
                    ],
                    [
                        -76.54365472222221,
                        40.43125083333333
                    ],
                    [
                        -76.54250361111112,
                        40.43300416666666
                    ],
                    [
                        -76.54190555555556,
                        40.434912222222216
                    ],
                    [
                        -76.5418925,
                        40.43687388888888
                    ],
                    [
                        -76.54246444444445,
                        40.438786111111106
                    ],
                    [
                        -76.5435925,
                        40.44054777777777
                    ],
                    [
                        -76.54521638888889,
                        40.44206777777777
                    ],
                    [
                        -76.54725083333334,
                        40.44326444444444
                    ],
                    [
                        -76.54958888888889,
                        40.44407472222222
                    ],
                    [
                        -76.55210694444445,
                        40.44445694444444
                    ],
                    [
                        -76.55467277777778,
                        40.44439083333333
                    ],
                    [
                        -76.55715166666667,
                        40.44388
                    ],
                    [
                        -76.55941277777778,
                        40.442949999999996
                    ],
                    [
                        -76.56133638888889,
                        40.441651111111106
                    ],
                    [
                        -76.56282222222222,
                        40.44005166666666
                    ],
                    [
                        -76.56282222222222,
                        40.44005166666666
                    ]
                ]
            }
        },
        {
            "type": "Feature",
            "properties": {},
            "geometry": {
                "type": "LineString",
                "coordinates": [
                    [
                        -76.89422222222223,
                        40.05354777777777
                    ],
                    [
                        -76.88829333333334,
                        40.052676388888884
                    ],
                    [
                        -76.88233527777777,
                        40.05193194444444
                    ],
                    [
                        -76.87635222222221,
                        40.051314999999995
                    ]
                ]
            }
        },
        {
            "type": "Feature",
            "properties": {},
            "geometry": {
                "type": "LineString",
                "coordinates": [
                    [
                        -76.75572611111112,
                        40.275887499999996
                    ],
                    [
                        -76.76181055555556,
                        40.27605194444445
                    ],
                    [
                        -76.7678975,
                        40.275954999999996
                    ],
                    [
                        -76.77396805555556,
                        40.275596944444445
                    ],
                    [
                        -76.77396805555556,
                        40.275596944444445
                    ]
                ]
            }
        },
        {
            "type": "Feature",
            "properties": {},
            "geometry": {
                "type": "LineString",
                "coordinates": [
                    [
                        -76.83905194444444,
                        40.13370333333333
                    ],
                    [
                        -76.83463722222221,
                        40.13052555555556
                    ],
                    [
                        -76.82999972222221,
                        40.127541944444445
                    ],
                    [
                        -76.82515305555555,
                        40.12476027777778
                    ]
                ]
            }
        },
        {
            "type": "Feature",
            "properties": {},
            "geometry": {
                "type": "LineString",
                "coordinates": [
                    [
                        -76.85724722222221,
                        40.13341805555555
                    ],
                    [
                        -76.85117888888888,
                        40.133252222222225
                    ],
                    [
                        -76.84510722222221,
                        40.13334777777778
                    ],
                    [
                        -76.83905194444444,
                        40.13370333333333
                    ],
                    [
                        -76.83905194444444,
                        40.13370333333333
                    ]
                ]
            }
        },
        {
            "type": "Feature",
            "properties": {},
            "geometry": {
                "type": "LineString",
                "coordinates": [
                    [
                        -76.77396805555556,
                        40.275596944444445
                    ],
                    [
                        -76.77839277777778,
                        40.27877222222222
                    ],
                    [
                        -76.78304277777778,
                        40.281752499999996
                    ],
                    [
                        -76.7879025,
                        40.28453
                    ]
                ]
            }
        },
        {
            "type": "Feature",
            "properties": {},
            "geometry": {
                "type": "LineString",
                "coordinates": [
                    [
                        -76.73456444444444,
                        40.358021111111114
                    ],
                    [
                        -76.73975138888889,
                        40.360441111111115
                    ],
                    [
                        -76.74502416666667,
                        40.36275027777778
                    ],
                    [
                        -76.75038027777778,
                        40.36494527777778
                    ],
                    [
                        -76.75038027777778,
                        40.36494527777778
                    ]
                ]
            }
        },
        {
            "type": "Feature",
            "properties": {},
            "geometry": {
                "type": "LineString",
                "coordinates": [
                    [
                        -76.71658527777778,
                        40.35563666666667
                    ],
                    [
                        -76.72254833333334,
                        40.35656027777778
                    ],
                    [
                        -76.72854305555556,
                        40.357354722222226
                    ],
                    [
                        -76.73456444444444,
                        40.358021111111114
                    ]
                ]
            }
        },
        {
            "type": "Feature",
            "properties": {},
            "geometry": {
                "type": "LineString",
                "coordinates": [
                    [
                        -76.87635222222221,
                        40.051314999999995
                    ],
                    [
                        -76.87114166666666,
                        40.04893305555555
                    ],
                    [
                        -76.86584666666666,
                        40.046664444444446
                    ],
                    [
                        -76.86047166666665,
                        40.044508888888885
                    ],
                    [
                        -76.86047166666665,
                        40.044508888888885
                    ]
                ]
            }
        },
        {
            "type": "Feature",
            "properties": {},
            "geometry": {
                "type": "LineString",
                "coordinates": [
                    [
                        -76.3040225,
                        40.11994777777778
                    ],
                    [
                        -76.28107916666667,
                        40.12707833333334
                    ]
                ]
            }
        },
        {
            "type": "Feature",
            "properties": {},
            "geometry": {
                "type": "LineString",
                "coordinates": [
                    [
                        -76.32409416666667,
                        40.11371666666667
                    ],
                    [
                        -76.34416222222222,
                        40.10748111111111
                    ]
                ]
            }
        },
        {
            "type": "Feature",
            "properties": {},
            "geometry": {
                "type": "LineString",
                "coordinates": [
                    [
                        -76.36434555555554,
                        40.101243333333336
                    ],
                    [
                        -76.38452527777778,
                        40.09500194444445
                    ]
                ]
            }
        },
        {
            "type": "Feature",
            "properties": {},
            "geometry": {
                "type": "LineString",
                "coordinates": [
                    [
                        -76.4045825,
                        40.08866444444445
                    ],
                    [
                        -76.42463527777778,
                        40.082415833333336
                    ]
                ]
            }
        },
        {
            "type": "Feature",
            "properties": {},
            "geometry": {
                "type": "LineString",
                "coordinates": [
                    [
                        -76.444685,
                        40.076163333333334
                    ],
                    [
                        -76.46484972222223,
                        40.06990694444445
                    ]
                ]
            }
        },
        {
            "type": "Feature",
            "properties": {},
            "geometry": {
                "type": "LineString",
                "coordinates": [
                    [
                        -76.48489166666667,
                        40.063647777777774
                    ],
                    [
                        -76.50493,
                        40.05738472222222
                    ]
                ]
            }
        },
        {
            "type": "Feature",
            "properties": {},
            "geometry": {
                "type": "LineString",
                "coordinates": [
                    [
                        -76.52496472222222,
                        40.05111861111111
                    ],
                    [
                        -76.54511472222222,
                        40.04493972222222
                    ]
                ]
            }
        },
        {
            "type": "Feature",
            "properties": {},
            "geometry": {
                "type": "LineString",
                "coordinates": [
                    [
                        -76.55843583333333,
                        40.04954472222222
                    ],
                    [
                        -76.55039388888889,
                        40.033968611111106
                    ]
                ]
            }
        },
        {
            "type": "Feature",
            "properties": {},
            "geometry": {
                "type": "LineString",
                "coordinates": [
                    [
                        -76.43485194444445,
                        40.08821416666667
                    ],
                    [
                        -76.42683333333333,
                        40.072629722222224
                    ]
                ]
            }
        },
        {
            "type": "Feature",
            "properties": {},
            "geometry": {
                "type": "LineString",
                "coordinates": [
                    [
                        -77.33735416666666,
                        39.62227277777778
                    ],
                    [
                        -77.33394777777777,
                        39.640594722222225
                    ]
                ]
            }
        },
        {
            "type": "Feature",
            "properties": {},
            "geometry": {
                "type": "LineString",
                "coordinates": [
                    [
                        -77.34645527777778,
                        39.63550138888889
                    ],
                    [
                        -77.32484833333334,
                        39.627365833333336
                    ]
                ]
            }
        },
        {
            "type": "Feature",
            "properties": {},
            "geometry": {
                "type": "LineString",
                "coordinates": [
                    [
                        -76.89392027777778,
                        40.54367777777777
                    ],
                    [
                        -76.90588972222223,
                        40.52737777777778
                    ]
                ]
            }
        },
        {
            "type": "Feature",
            "properties": {},
            "geometry": {
                "type": "LineString",
                "coordinates": [
                    [
                        -76.91058916666667,
                        40.54000166666666
                    ],
                    [
                        -76.88922444444445,
                        40.531052777777774
                    ]
                ]
            }
        },
        {
            "type": "Feature",
            "properties": {},
            "geometry": {
                "type": "LineString",
                "coordinates": [
                    [
                        -77.10390249999999,
                        40.081315833333335
                    ],
                    [
                        -77.10953805555555,
                        40.063178888888885
                    ]
                ]
            }
        },
        {
            "type": "Feature",
            "properties": {},
            "geometry": {
                "type": "LineString",
                "coordinates": [
                    [
                        -77.1148536111111,
                        40.07908916666667
                    ],
                    [
                        -77.09858916666666,
                        40.06540444444444
                    ]
                ]
            }
        },
        {
            "type": "Feature",
            "properties": {},
            "geometry": {
                "type": "LineString",
                "coordinates": [
                    [
                        -77.37065194444443,
                        39.75400194444445
                    ],
                    [
                        -77.34671999999999,
                        39.756682222222224
                    ]
                ]
            }
        },
        {
            "type": "Feature",
            "properties": {},
            "geometry": {
                "type": "LineString",
                "coordinates": [
                    [
                        -77.35805083333332,
                        39.76458944444445
                    ],
                    [
                        -77.35932166666666,
                        39.746094722222225
                    ]
                ]
            }
        },
        {
            "type": "Feature",
            "properties": {},
            "geometry": {
                "type": "LineString",
                "coordinates": [
                    [
                        -77.00215,
                        40.27721777777778
                    ],
                    [
                        -76.99227583333334,
                        40.29224416666666
                    ]
                ]
            }
        },
        {
            "type": "Feature",
            "properties": {},
            "geometry": {
                "type": "LineString",
                "coordinates": [
                    [
                        -76.78509833333334,
                        39.843673611111114
                    ],
                    [
                        -76.76694138888888,
                        39.82170416666667
                    ],
                    [
                        -76.77252416666667,
                        39.80880083333333
                    ]
                ]
            }
        },
        {
            "type": "Feature",
            "properties": {},
            "geometry": {
                "type": "LineString",
                "coordinates": [
                    [
                        -76.79792222222223,
                        39.85868416666667
                    ],
                    [
                        -76.79210305555556,
                        39.851911111111114
                    ]
                ]
            }
        },
        {
            "type": "Feature",
            "properties": {},
            "geometry": {
                "type": "LineString",
                "coordinates": [
                    [
                        -76.81942666666666,
                        39.883942499999996
                    ],
                    [
                        -76.80492972222223,
                        39.86692055555556
                    ]
                ]
            }
        },
        {
            "type": "Feature",
            "properties": {},
            "geometry": {
                "type": "LineString",
                "coordinates": [
                    [
                        -77.42719611111112,
                        39.84184555555556
                    ],
                    [
                        -77.44219833333334,
                        39.87141694444445
                    ]
                ]
            }
        },
        {
            "type": "Feature",
            "properties": {},
            "geometry": {
                "type": "LineString",
                "coordinates": [
                    [
                        -77.40349583333334,
                        39.79373805555555
                    ],
                    [
                        -77.41473888888889,
                        39.816743611111114
                    ]
                ]
            }
        },
        {
            "type": "Feature",
            "properties": {},
            "geometry": {
                "type": "LineString",
                "coordinates": [
                    [
                        -77.41885083333334,
                        39.82514194444445
                    ],
                    [
                        -77.42296416666667,
                        39.83353944444445
                    ]
                ]
            }
        },
        {
            "type": "Feature",
            "properties": {},
            "geometry": {
                "type": "LineString",
                "coordinates": [
                    [
                        -76.85846444444444,
                        40.215608333333336
                    ],
                    [
                        -76.841515,
                        40.22001
                    ]
                ]
            }
        },
        {
            "type": "Feature",
            "properties": {},
            "geometry": {
                "type": "LineString",
                "coordinates": [
                    [
                        -76.90832944444445,
                        40.19360555555555
                    ],
                    [
                        -76.91551833333334,
                        40.209339722222225
                    ]
                ]
            }
        },
        {
            "type": "Feature",
            "properties": {},
            "geometry": {
                "type": "LineString",
                "coordinates": [
                    [
                        -77.00730416666667,
                        40.167473611111106
                    ],
                    [
                        -77.0142738888889,
                        40.18320277777777
                    ]
                ]
            }
        },
        {
            "type": "Feature",
            "properties": {},
            "geometry": {
                "type": "LineString",
                "coordinates": [
                    [
                        -76.87899138888888,
                        40.21019555555556
                    ],
                    [
                        -76.89951527777778,
                        40.20468805555556
                    ]
                ]
            }
        },
        {
            "type": "Feature",
            "properties": {},
            "geometry": {
                "type": "LineString",
                "coordinates": [
                    [
                        -76.92003611111112,
                        40.19935944444444
                    ],
                    [
                        -76.9406725,
                        40.193843611111106
                    ]
                ]
            }
        },
        {
            "type": "Feature",
            "properties": {},
            "geometry": {
                "type": "LineString",
                "coordinates": [
                    [
                        -76.96118638888889,
                        40.18841638888888
                    ],
                    [
                        -76.98157805555556,
                        40.182984999999995
                    ]
                ]
            }
        },
        {
            "type": "Feature",
            "properties": {},
            "geometry": {
                "type": "LineString",
                "coordinates": [
                    [
                        -77.00220444444444,
                        40.177458611111106
                    ],
                    [
                        -77.02270861111111,
                        40.17202083333333
                    ]
                ]
            }
        },
        {
            "type": "Feature",
            "properties": {},
            "geometry": {
                "type": "LineString",
                "coordinates": [
                    [
                        -77.04320916666667,
                        40.16657861111111
                    ],
                    [
                        -77.06370694444445,
                        40.16113277777777
                    ]
                ]
            }
        },
        {
            "type": "Feature",
            "properties": {},
            "geometry": {
                "type": "LineString",
                "coordinates": [
                    [
                        -77.08420166666666,
                        40.15568333333333
                    ],
                    [
                        -77.10481194444444,
                        40.15023027777777
                    ]
                ]
            }
        },
        {
            "type": "Feature",
            "properties": {},
            "geometry": {
                "type": "LineString",
                "coordinates": [
                    [
                        -77.12518,
                        40.144682777777774
                    ],
                    [
                        -77.14566444444445,
                        40.1392225
                    ]
                ]
            }
        },
        {
            "type": "Feature",
            "properties": {},
            "geometry": {
                "type": "LineString",
                "coordinates": [
                    [
                        -76.19289666666667,
                        40.189072499999995
                    ],
                    [
                        -76.19877111111111,
                        40.19962833333333
                    ]
                ]
            }
        },
        {
            "type": "Feature",
            "properties": {},
            "geometry": {
                "type": "LineString",
                "coordinates": [
                    [
                        -76.224795,
                        40.14219055555556
                    ],
                    [
                        -76.23636583333334,
                        40.15634166666666
                    ]
                ]
            }
        },
        {
            "type": "Feature",
            "properties": {},
            "geometry": {
                "type": "LineString",
                "coordinates": [
                    [
                        -76.17137111111111,
                        40.16790722222222
                    ],
                    [
                        -76.182935,
                        40.182063888888884
                    ]
                ]
            }
        },
        {
            "type": "Feature",
            "properties": {},
            "geometry": {
                "type": "LineString",
                "coordinates": [
                    [
                        -76.03631416666667,
                        40.23263166666667
                    ],
                    [
                        -76.04786138888889,
                        40.24680166666667
                    ]
                ]
            }
        },
        {
            "type": "Feature",
            "properties": {},
            "geometry": {
                "type": "LineString",
                "coordinates": [
                    [
                        -76.2304625,
                        40.14908305555556
                    ],
                    [
                        -76.21201888888889,
                        40.157960833333334
                    ]
                ]
            }
        },
        {
            "type": "Feature",
            "properties": {},
            "geometry": {
                "type": "LineString",
                "coordinates": [
                    [
                        -76.17691666666667,
                        40.174710555555556
                    ],
                    [
                        -76.15845861111112,
                        40.18357944444444
                    ]
                ]
            }
        },
        {
            "type": "Feature",
            "properties": {},
            "geometry": {
                "type": "LineString",
                "coordinates": [
                    [
                        -76.04173416666667,
                        40.23925666666667
                    ],
                    [
                        -76.02324138888889,
                        40.24810472222222
                    ]
                ]
            }
        },
        {
            "type": "Feature",
            "properties": {},
            "geometry": {
                "type": "LineString",
                "coordinates": [
                    [
                        -76.09491916666666,
                        40.28178333333333
                    ],
                    [
                        -76.08588805555556,
                        40.27687805555556
                    ],
                    [
                        -76.07914888888888,
                        40.270063888888885
                    ]
                ]
            }
        },
        {
            "type": "Feature",
            "properties": {},
            "geometry": {
                "type": "LineString",
                "coordinates": [
                    [
                        -77.42472166666667,
                        40.16613611111111
                    ],
                    [
                        -77.41298888888889,
                        40.14844388888889
                    ]
                ]
            }
        },
        {
            "type": "Feature",
            "properties": {},
            "geometry": {
                "type": "LineString",
                "coordinates": [
                    [
                        -77.42925111111111,
                        40.15293194444444
                    ],
                    [
                        -77.40786138888889,
                        40.161833611111106
                    ]
                ]
            }
        },
        {
            "type": "Feature",
            "properties": {},
            "geometry": {
                "type": "LineString",
                "coordinates": [
                    [
                        -77.0211675,
                        39.780299444444445
                    ],
                    [
                        -77.00079333333333,
                        39.789856111111106
                    ]
                ]
            }
        },
        {
            "type": "Feature",
            "properties": {},
            "geometry": {
                "type": "LineString",
                "coordinates": [
                    [
                        -77.01195861111111,
                        39.793862499999996
                    ],
                    [
                        -77.010005,
                        39.77629361111111
                    ]
                ]
            }
        },
        {
            "type": "Feature",
            "properties": {},
            "geometry": {
                "type": "LineString",
                "coordinates": [
                    [
                        -77.52578055555556,
                        39.94514611111111
                    ],
                    [
                        -77.54765499999999,
                        39.94463916666666
                    ]
                ]
            }
        },
        {
            "type": "Feature",
            "properties": {},
            "geometry": {
                "type": "LineString",
                "coordinates": [
                    [
                        -76.62533722222221,
                        39.96546027777778
                    ],
                    [
                        -76.63758916666667,
                        39.965202500000004
                    ]
                ]
            }
        },
        {
            "type": "Feature",
            "properties": {},
            "geometry": {
                "type": "LineString",
                "coordinates": [
                    [
                        -76.62533722222221,
                        39.96546027777778
                    ],
                    [
                        -76.63388583333334,
                        39.97197055555556
                    ]
                ]
            }
        },
        {
            "type": "Feature",
            "properties": {},
            "geometry": {
                "type": "LineString",
                "coordinates": [
                    [
                        -75.9526238888889,
                        40.751063611111114
                    ],
                    [
                        -75.97643666666667,
                        40.75214805555556
                    ]
                ]
            }
        },
        {
            "type": "Feature",
            "properties": {},
            "geometry": {
                "type": "LineString",
                "coordinates": [
                    [
                        -76.26298277777778,
                        40.50498
                    ],
                    [
                        -76.26432194444445,
                        40.48704861111111
                    ]
                ]
            }
        },
        {
            "type": "Feature",
            "properties": {},
            "geometry": {
                "type": "LineString",
                "coordinates": [
                    [
                        -75.95997277777778,
                        40.760084722222224
                    ],
                    [
                        -75.96884555555556,
                        40.74312666666667
                    ]
                ]
            }
        },
        {
            "type": "Feature",
            "properties": {},
            "geometry": {
                "type": "LineString",
                "coordinates": [
                    [
                        -76.25215916666667,
                        40.49413083333334
                    ],
                    [
                        -76.27526583333334,
                        40.49798888888889
                    ]
                ]
            }
        },
        {
            "type": "Feature",
            "properties": {},
            "geometry": {
                "type": "LineString",
                "coordinates": [
                    [
                        -76.00494666666667,
                        40.49628166666667
                    ],
                    [
                        -75.98257972222223,
                        40.501984444444446
                    ]
                ]
            }
        },
        {
            "type": "Feature",
            "properties": {},
            "geometry": {
                "type": "LineString",
                "coordinates": [
                    [
                        -76.30607444444445,
                        39.950452222222225
                    ],
                    [
                        -76.28229805555556,
                        39.94943416666666
                    ]
                ]
            }
        },
        {
            "type": "Feature",
            "properties": {},
            "geometry": {
                "type": "LineString",
                "coordinates": [
                    [
                        -76.62533722222221,
                        39.96546027777778
                    ],
                    [
                        -76.61475194444444,
                        39.96498583333334
                    ]
                ]
            }
        },
        {
            "type": "Feature",
            "properties": {},
            "geometry": {
                "type": "LineString",
                "coordinates": [
                    [
                        -76.29399833333333,
                        39.95937027777778
                    ],
                    [
                        -76.29437416666667,
                        39.94051777777778
                    ]
                ]
            }
        },
        {
            "type": "Feature",
            "properties": {},
            "geometry": {
                "type": "LineString",
                "coordinates": [
                    [
                        -75.97142388888889,
                        40.30540777777777
                    ],
                    [
                        -75.96804277777778,
                        40.30753055555555
                    ],
                    [
                        -75.96438222222223,
                        40.30936194444444
                    ],
                    [
                        -75.9604863888889,
                        40.31088194444444
                    ],
                    [
                        -75.95639861111111,
                        40.31207305555555
                    ]
                ]
            }
        },
        {
            "type": "Feature",
            "properties": {},
            "geometry": {
                "type": "LineString",
                "coordinates": [
                    [
                        -75.94251055555556,
                        40.31361888888889
                    ],
                    [
                        -75.93752444444445,
                        40.31292083333333
                    ],
                    [
                        -75.93269111111111,
                        40.311749999999996
                    ],
                    [
                        -75.92808833333333,
                        40.31012555555555
                    ],
                    [
                        -75.92808833333333,
                        40.31012555555555
                    ],
                    [
                        -75.93084083333333,
                        40.30809027777777
                    ],
                    [
                        -75.93386972222223,
                        40.3063
                    ],
                    [
                        -75.93713777777778,
                        40.30477555555555
                    ],
                    [
                        -75.940605,
                        40.30353722222222
                    ]
                ]
            }
        },
        {
            "type": "Feature",
            "properties": {},
            "geometry": {
                "type": "LineString",
                "coordinates": [
                    [
                        -75.95461083333333,
                        40.30199222222222
                    ],
                    [
                        -75.95811888888889,
                        40.30214944444444
                    ],
                    [
                        -75.96158916666667,
                        40.30257472222222
                    ],
                    [
                        -75.96498611111112,
                        40.303264999999996
                    ],
                    [
                        -75.96827527777778,
                        40.30421277777778
                    ],
                    [
                        -75.97142388888889,
                        40.30540777777777
                    ]
                ]
            }
        },
        {
            "type": "Feature",
            "properties": {},
            "geometry": {
                "type": "LineString",
                "coordinates": [
                    [
                        -76.07757611111111,
                        40.283233333333335
                    ],
                    [
                        -76.09431833333333,
                        40.27052277777778
                    ]
                ]
            }
        },
        {
            "type": "Feature",
            "properties": {},
            "geometry": {
                "type": "LineString",
                "coordinates": [
                    [
                        -75.95707222222222,
                        40.35436166666667
                    ],
                    [
                        -75.95404666666667,
                        40.33786527777778
                    ]
                ]
            }
        },
        {
            "type": "Feature",
            "properties": {},
            "geometry": {
                "type": "LineString",
                "coordinates": [
                    [
                        -75.95102138888889,
                        40.32146027777778
                    ],
                    [
                        -75.94799944444445,
                        40.304872499999995
                    ]
                ]
            }
        },
        {
            "type": "Feature",
            "properties": {},
            "geometry": {
                "type": "LineString",
                "coordinates": [
                    [
                        -75.94497833333334,
                        40.288376388888885
                    ],
                    [
                        -75.94195944444445,
                        40.271879722222224
                    ]
                ]
            }
        },
        {
            "type": "Feature",
            "properties": {},
            "geometry": {
                "type": "LineString",
                "coordinates": [
                    [
                        -75.93894083333333,
                        40.2553825
                    ],
                    [
                        -75.9359238888889,
                        40.238886111111114
                    ]
                ]
            }
        },
        {
            "type": "Feature",
            "properties": {},
            "geometry": {
                "type": "LineString",
                "coordinates": [
                    [
                        -75.93290888888889,
                        40.222388611111114
                    ],
                    [
                        -75.92955805555556,
                        40.20424194444445
                    ]
                ]
            }
        },
        {
            "type": "Feature",
            "properties": {},
            "geometry": {
                "type": "LineString",
                "coordinates": [
                    [
                        -75.92654583333334,
                        40.18774444444444
                    ],
                    [
                        -75.92365333333333,
                        40.17133916666666
                    ]
                ]
            }
        },
        {
            "type": "Feature",
            "properties": {},
            "geometry": {
                "type": "LineString",
                "coordinates": [
                    [
                        -75.92063666666667,
                        40.155390833333335
                    ],
                    [
                        -75.91762777777778,
                        40.138984444444446
                    ]
                ]
            }
        },
        {
            "type": "Feature",
            "properties": {},
            "geometry": {
                "type": "LineString",
                "coordinates": [
                    [
                        -76.87626055555555,
                        39.92244833333333
                    ],
                    [
                        -76.86971055555554,
                        39.911561388888884
                    ]
                ]
            }
        },
        {
            "type": "Feature",
            "properties": {},
            "geometry": {
                "type": "LineString",
                "coordinates": [
                    [
                        -76.88528527777778,
                        39.915394444444445
                    ],
                    [
                        -76.88148249999999,
                        39.915855
                    ]
                ]
            }
        },
        {
            "type": "Feature",
            "properties": {},
            "geometry": {
                "type": "LineString",
                "coordinates": [
                    [
                        -76.86448777777777,
                        39.91806305555556
                    ],
                    [
                        -76.86080333333332,
                        39.918522777777774
                    ]
                ]
            }
        },
        {
            "type": "Feature",
            "properties": {},
            "geometry": {
                "type": "LineString",
                "coordinates": [
                    [
                        -76.87495694444443,
                        39.926110277777774
                    ],
                    [
                        -76.87435972222221,
                        39.92354805555555
                    ]
                ]
            }
        },
        {
            "type": "Feature",
            "properties": {},
            "geometry": {
                "type": "LineString",
                "coordinates": [
                    [
                        -76.87149166666666,
                        39.91037027777778
                    ],
                    [
                        -76.87077527777777,
                        39.90735027777777
                    ]
                ]
            }
        },
        {
            "type": "Feature",
            "properties": {},
            "geometry": {
                "type": "LineString",
                "coordinates": [
                    [
                        -76.86774277777778,
                        39.91168805555555
                    ],
                    [
                        -76.86613333333332,
                        39.912934444444446
                    ],
                    [
                        -76.86500305555555,
                        39.91446055555556
                    ],
                    [
                        -76.86442833333332,
                        39.91616083333333
                    ],
                    [
                        -76.86444999999999,
                        39.917917777777774
                    ],
                    [
                        -76.86506722222222,
                        39.91960944444444
                    ],
                    [
                        -76.86623638888888,
                        39.921118888888884
                    ],
                    [
                        -76.86787694444443,
                        39.92234083333333
                    ],
                    [
                        -76.86987444444443,
                        39.92319055555555
                    ],
                    [
                        -76.87209055555554,
                        39.923608611111106
                    ],
                    [
                        -76.87437249999999,
                        39.92356722222222
                    ]
                ]
            }
        },
        {
            "type": "Feature",
            "properties": {},
            "geometry": {
                "type": "LineString",
                "coordinates": [
                    [
                        -76.87835333333332,
                        39.92224083333333
                    ],
                    [
                        -76.87996249999999,
                        39.92097916666666
                    ],
                    [
                        -76.88108472222221,
                        39.91943666666666
                    ],
                    [
                        -76.88164166666667,
                        39.917721111111106
                    ],
                    [
                        -76.8815936111111,
                        39.91595361111111
                    ],
                    [
                        -76.88094388888888,
                        39.91425722222222
                    ],
                    [
                        -76.87973916666667,
                        39.912752499999996
                    ],
                    [
                        -76.8780636111111,
                        39.91154361111111
                    ],
                    [
                        -76.87603416666666,
                        39.91071611111111
                    ],
                    [
                        -76.87379416666666,
                        39.91032861111111
                    ],
                    [
                        -76.87150055555554,
                        39.91040722222222
                    ]
                ]
            }
        },
        {
            "type": "Feature",
            "properties": {},
            "geometry": {
                "type": "LineString",
                "coordinates": [
                    [
                        -76.01575777777778,
                        40.40071472222222
                    ],
                    [
                        -75.99718277777778,
                        40.39216916666667
                    ]
                ]
            }
        },
        {
            "type": "Feature",
            "properties": {},
            "geometry": {
                "type": "LineString",
                "coordinates": [
                    [
                        -76.05280222222223,
                        40.41770666666667
                    ],
                    [
                        -76.03421805555556,
                        40.409166388888885
                    ]
                ]
            }
        },
        {
            "type": "Feature",
            "properties": {},
            "geometry": {
                "type": "LineString",
                "coordinates": [
                    [
                        -76.16404777777778,
                        40.468609444444446
                    ],
                    [
                        -76.14555555555556,
                        40.46008777777778
                    ]
                ]
            }
        },
        {
            "type": "Feature",
            "properties": {},
            "geometry": {
                "type": "LineString",
                "coordinates": [
                    [
                        -76.20116722222222,
                        40.485553333333336
                    ],
                    [
                        -76.18266555555556,
                        40.4770375
                    ]
                ]
            }
        },
        {
            "type": "Feature",
            "properties": {},
            "geometry": {
                "type": "LineString",
                "coordinates": [
                    [
                        -76.19105361111112,
                        40.49062611111111
                    ],
                    [
                        -76.20232722222222,
                        40.47622444444445
                    ]
                ]
            }
        },
        {
            "type": "Feature",
            "properties": {},
            "geometry": {
                "type": "LineString",
                "coordinates": [
                    [
                        -76.12303499999999,
                        40.45959305555556
                    ],
                    [
                        -76.13419888888889,
                        40.44519694444444
                    ]
                ]
            }
        },
        {
            "type": "Feature",
            "properties": {},
            "geometry": {
                "type": "LineString",
                "coordinates": [
                    [
                        -76.83157694444444,
                        41.0555175
                    ],
                    [
                        -76.83338444444443,
                        41.04618388888888
                    ],
                    [
                        -76.8353125,
                        41.03685027777777
                    ]
                ]
            }
        },
        {
            "type": "Feature",
            "properties": {},
            "geometry": {
                "type": "LineString",
                "coordinates": [
                    [
                        -76.84547166666667,
                        41.04782611111111
                    ],
                    [
                        -76.83338444444443,
                        41.04618388888888
                    ],
                    [
                        -76.82105638888889,
                        41.04453972222222
                    ]
                ]
            }
        },
        {
            "type": "Feature",
            "properties": {},
            "geometry": {
                "type": "LineString",
                "coordinates": [
                    [
                        -76.95464777777778,
                        40.60584027777778
                    ],
                    [
                        -76.95798805555556,
                        40.5968675
                    ],
                    [
                        -76.96144777777778,
                        40.58789361111111
                    ]
                ]
            }
        },
        {
            "type": "Feature",
            "properties": {},
            "geometry": {
                "type": "LineString",
                "coordinates": [
                    [
                        -76.94646,
                        40.595510555555556
                    ],
                    [
                        -76.95798805555556,
                        40.5968675
                    ],
                    [
                        -76.9696375,
                        40.59822333333334
                    ]
                ]
            }
        },
        {
            "type": "Feature",
            "properties": {},
            "geometry": {
                "type": "LineString",
                "coordinates": [
                    [
                        -77.39512527777778,
                        40.367827222222225
                    ],
                    [
                        -77.38337916666667,
                        40.36550777777778
                    ],
                    [
                        -77.37175305555554,
                        40.36318638888889
                    ]
                ]
            }
        },
        {
            "type": "Feature",
            "properties": {},
            "geometry": {
                "type": "LineString",
                "coordinates": [
                    [
                        -77.39133555555556,
                        40.358694722222225
                    ],
                    [
                        -77.38337916666667,
                        40.36550777777778
                    ],
                    [
                        -77.37542166666665,
                        40.37241138888889
                    ]
                ]
            }
        },
        {
            "type": "Feature",
            "properties": {},
            "geometry": {
                "type": "LineString",
                "coordinates": [
                    [
                        -77.0186625,
                        39.95749722222222
                    ],
                    [
                        -77.03043611111111,
                        39.95719916666667
                    ],
                    [
                        -77.04209055555556,
                        39.95699166666667
                    ]
                ]
            }
        },
        {
            "type": "Feature",
            "properties": {},
            "geometry": {
                "type": "LineString",
                "coordinates": [
                    [
                        -77.03154027777778,
                        39.96689861111111
                    ],
                    [
                        -77.03043611111111,
                        39.95719916666667
                    ],
                    [
                        -77.02933194444444,
                        39.94731611111111
                    ]
                ]
            }
        },
        {
            "type": "Feature",
            "properties": {},
            "geometry": {
                "type": "LineString",
                "coordinates": [
                    [
                        -76.23771027777778,
                        40.99682527777778
                    ],
                    [
                        -76.22596416666667,
                        41.00052027777778
                    ],
                    [
                        -76.21565194444445,
                        41.00586861111111
                    ]
                ]
            }
        },
        {
            "type": "Feature",
            "properties": {},
            "geometry": {
                "type": "LineString",
                "coordinates": [
                    [
                        -76.23581722222222,
                        41.00660666666667
                    ],
                    [
                        -76.22608472222223,
                        41.00052111111111
                    ],
                    [
                        -76.217325,
                        40.99389
                    ]
                ]
            }
        },
        {
            "type": "Feature",
            "properties": {},
            "geometry": {
                "type": "LineString",
                "coordinates": [
                    [
                        -76.12140527777777,
                        40.466813611111114
                    ],
                    [
                        -76.11119222222221,
                        40.469591111111114
                    ],
                    [
                        -76.10097944444443,
                        40.472185
                    ]
                ]
            }
        },
        {
            "type": "Feature",
            "properties": {},
            "geometry": {
                "type": "LineString",
                "coordinates": [
                    [
                        -76.10703527777777,
                        40.47771222222222
                    ],
                    [
                        -76.11119222222221,
                        40.469591111111114
                    ],
                    [
                        -76.11546777777777,
                        40.46147083333334
                    ]
                ]
            }
        },
        {
            "type": "Feature",
            "properties": {},
            "geometry": {
                "type": "LineString",
                "coordinates": [
                    [
                        -75.89383305555556,
                        40.42289583333333
                    ],
                    [
                        -75.88427722222222,
                        40.429959999999994
                    ],
                    [
                        -75.87495972222221,
                        40.43702444444444
                    ]
                ]
            }
        },
        {
            "type": "Feature",
            "properties": {},
            "geometry": {
                "type": "LineString",
                "coordinates": [
                    [
                        -75.87197166666667,
                        40.42775694444444
                    ],
                    [
                        -75.88427722222222,
                        40.429959999999994
                    ],
                    [
                        -75.8967038888889,
                        40.43216111111111
                    ]
                ]
            }
        },
        {
            "type": "Feature",
            "properties": {},
            "geometry": {
                "type": "LineString",
                "coordinates": [
                    [
                        -77.544735,
                        39.93861694444444
                    ],
                    [
                        -77.53671777777778,
                        39.944892777777774
                    ],
                    [
                        -77.52858,
                        39.951168611111115
                    ]
                ]
            }
        },
        {
            "type": "Feature",
            "properties": {},
            "geometry": {
                "type": "LineString",
                "coordinates": [
                    [
                        -76.07273305555555,
                        40.56993777777778
                    ],
                    [
                        -76.04500138888889,
                        40.57076888888889
                    ]
                ]
            }
        },
        {
            "type": "Feature",
            "properties": {},
            "geometry": {
                "type": "LineString",
                "coordinates": [
                    [
                        -76.06383194444444,
                        40.56073027777777
                    ],
                    [
                        -76.05377916666666,
                        40.58015944444445
                    ]
                ]
            }
        },
        {
            "type": "Feature",
            "properties": {},
            "geometry": {
                "type": "LineString",
                "coordinates": [
                    [
                        -75.83918694444444,
                        40.33221555555556
                    ],
                    [
                        -75.81570888888889,
                        40.34309416666667
                    ]
                ]
            }
        },
        {
            "type": "Feature",
            "properties": {},
            "geometry": {
                "type": "LineString",
                "coordinates": [
                    [
                        -75.81538222222223,
                        40.33256611111111
                    ],
                    [
                        -75.83927638888889,
                        40.34283305555556
                    ]
                ]
            }
        },
        {
            "type": "Feature",
            "properties": {},
            "geometry": {
                "type": "LineString",
                "coordinates": [
                    [
                        -75.93770805555556,
                        40.27733972222222
                    ],
                    [
                        -75.94871666666667,
                        40.276139444444446
                    ]
                ]
            }
        },
        {
            "type": "Feature",
            "properties": {},
            "geometry": {
                "type": "LineString",
                "coordinates": [
                    [
                        -76.08986583333333,
                        40.434686388888885
                    ],
                    [
                        -76.07127249999999,
                        40.42615166666666
                    ]
                ]
            }
        },
        {
            "type": "Feature",
            "properties": {},
            "geometry": {
                "type": "LineString",
                "coordinates": [
                    [
                        -75.91740138888889,
                        40.19353333333333
                    ],
                    [
                        -75.93891305555556,
                        40.191222777777774
                    ]
                ]
            }
        },
        {
            "type": "Feature",
            "properties": {},
            "geometry": {
                "type": "LineString",
                "coordinates": [
                    [
                        -75.94338666666667,
                        40.33906916666667
                    ],
                    [
                        -75.96494416666667,
                        40.336754444444445
                    ]
                ]
            }
        },
        {
            "type": "Feature",
            "properties": {},
            "geometry": {
                "type": "LineString",
                "coordinates": [
                    [
                        -75.93534333333334,
                        40.29425444444444
                    ],
                    [
                        -75.95688638888889,
                        40.29194111111111
                    ]
                ]
            }
        },
        {
            "type": "Feature",
            "properties": {},
            "geometry": {
                "type": "LineString",
                "coordinates": [
                    [
                        -76.28379833333334,
                        40.38408555555556
                    ],
                    [
                        -76.27235722222223,
                        40.377811111111114
                    ],
                    [
                        -76.26103666666667,
                        40.371719444444444
                    ]
                ]
            }
        },
        {
            "type": "Feature",
            "properties": {},
            "geometry": {
                "type": "LineString",
                "coordinates": [
                    [
                        -76.27303222222223,
                        40.36783805555556
                    ],
                    [
                        -76.27235722222223,
                        40.377811111111114
                    ],
                    [
                        -76.27143027777778,
                        40.389338611111114
                    ]
                ]
            }
        },
        {
            "type": "Feature",
            "properties": {},
            "geometry": {
                "type": "LineString",
                "coordinates": [
                    [
                        -75.97801555555556,
                        40.383523333333336
                    ],
                    [
                        -75.95861833333333,
                        40.37450805555556
                    ]
                ]
            }
        },
        {
            "type": "Feature",
            "properties": {},
            "geometry": {
                "type": "LineString",
                "coordinates": [
                    [
                        -75.96268027777778,
                        40.384787777777774
                    ],
                    [
                        -75.9600988888889,
                        40.37085777777778
                    ]
                ]
            }
        },
        {
            "type": "Feature",
            "properties": {},
            "geometry": {
                "type": "LineString",
                "coordinates": [
                    [
                        -76.12694722222221,
                        40.45165388888889
                    ],
                    [
                        -76.10834472222221,
                        40.443124999999995
                    ]
                ]
            }
        },
        {
            "type": "Feature",
            "properties": {},
            "geometry": {
                "type": "LineString",
                "coordinates": [
                    [
                        -76.07164499999999,
                        40.43612944444444
                    ],
                    [
                        -76.08293527777778,
                        40.42173916666666
                    ]
                ]
            }
        },
        {
            "type": "Feature",
            "properties": {},
            "geometry": {
                "type": "LineString",
                "coordinates": [
                    [
                        -76.62029194444443,
                        39.752564722222225
                    ],
                    [
                        -76.60831055555555,
                        39.754650833333336
                    ],
                    [
                        -76.5963275,
                        39.75673638888889
                    ]
                ]
            }
        },
        {
            "type": "Feature",
            "properties": {},
            "geometry": {
                "type": "LineString",
                "coordinates": [
                    [
                        -76.76124861111111,
                        40.29194916666666
                    ],
                    [
                        -76.75013111111112,
                        40.29496583333333
                    ],
                    [
                        -76.73781777777778,
                        40.29834694444444
                    ]
                ]
            }
        },
        {
            "type": "Feature",
            "properties": {},
            "geometry": {
                "type": "LineString",
                "coordinates": [
                    [
                        -76.76184444444445,
                        40.29524416666666
                    ],
                    [
                        -76.75013111111112,
                        40.29496583333333
                    ],
                    [
                        -76.73710333333334,
                        40.29468527777777
                    ]
                ]
            }
        },
        {
            "type": "Feature",
            "properties": {},
            "geometry": {
                "type": "LineString",
                "coordinates": [
                    [
                        -75.98990805555556,
                        40.49068666666667
                    ],
                    [
                        -75.99774083333334,
                        40.507580833333336
                    ]
                ]
            }
        },
        {
            "type": "Feature",
            "properties": {},
            "geometry": {
                "type": "LineString",
                "coordinates": [
                    [
                        -76.46402944444445,
                        40.287637499999995
                    ],
                    [
                        -76.45196111111112,
                        40.287327499999996
                    ],
                    [
                        -76.43989222222223,
                        40.287016944444446
                    ]
                ]
            }
        },
        {
            "type": "Feature",
            "properties": {},
            "geometry": {
                "type": "LineString",
                "coordinates": [
                    [
                        -76.45236638888889,
                        40.27808472222222
                    ],
                    [
                        -76.45155555555556,
                        40.296569999999996
                    ]
                ]
            }
        },
        {
            "type": "Feature",
            "properties": {},
            "geometry": {
                "type": "LineString",
                "coordinates": [
                    [
                        -76.17654277777778,
                        40.491281944444445
                    ],
                    [
                        -76.17572416666667,
                        40.50216805555556
                    ]
                ]
            }
        },
        {
            "type": "Feature",
            "properties": {},
            "geometry": {
                "type": "LineString",
                "coordinates": [
                    [
                        -76.1755775,
                        40.505095833333336
                    ],
                    [
                        -76.17407555555556,
                        40.52503861111111
                    ]
                ]
            }
        },
        {
            "type": "Feature",
            "properties": {},
            "geometry": {
                "type": "LineString",
                "coordinates": [
                    [
                        -76.85954166666666,
                        40.218719722222225
                    ],
                    [
                        -76.84700166666666,
                        40.21387527777778
                    ]
                ]
            }
        },
        {
            "type": "Feature",
            "properties": {},
            "geometry": {
                "type": "LineString",
                "coordinates": [
                    [
                        -76.30376111111111,
                        40.12315
                    ],
                    [
                        -76.29092555555556,
                        40.117694722222225
                    ]
                ]
            }
        },
        {
            "type": "Feature",
            "properties": {},
            "geometry": {
                "type": "LineString",
                "coordinates": [
                    [
                        -76.93408111111111,
                        40.0052225
                    ],
                    [
                        -76.90957583333334,
                        40.01238861111111
                    ]
                ]
            }
        },
        {
            "type": "Feature",
            "properties": {},
            "geometry": {
                "type": "LineString",
                "coordinates": [
                    [
                        -76.9812288888889,
                        40.0992425
                    ],
                    [
                        -76.95669527777778,
                        40.10641805555556
                    ]
                ]
            }
        },
        {
            "type": "Feature",
            "properties": {},
            "geometry": {
                "type": "LineString",
                "coordinates": [
                    [
                        -76.92182916666667,
                        40.00880611111111
                    ],
                    [
                        -76.92923722222223,
                        40.02371611111111
                    ]
                ]
            }
        },
        {
            "type": "Feature",
            "properties": {},
            "geometry": {
                "type": "LineString",
                "coordinates": [
                    [
                        -76.96896333333333,
                        40.102830833333336
                    ],
                    [
                        -76.97651166666667,
                        40.117738055555556
                    ]
                ]
            }
        },
        {
            "type": "Feature",
            "properties": {},
            "geometry": {
                "type": "LineString",
                "coordinates": [
                    [
                        -76.018375,
                        40.381238333333336
                    ],
                    [
                        -75.98791722222222,
                        40.376179722222226
                    ]
                ]
            }
        },
        {
            "type": "Feature",
            "properties": {},
            "geometry": {
                "type": "LineString",
                "coordinates": [
                    [
                        -76.52742805555556,
                        40.09102861111111
                    ],
                    [
                        -76.55258305555556,
                        40.08797194444445
                    ]
                ]
            }
        },
        {
            "type": "Feature",
            "properties": {},
            "geometry": {
                "type": "LineString",
                "coordinates": [
                    [
                        -76.39619666666667,
                        40.116551111111114
                    ],
                    [
                        -76.39225222222223,
                        40.0982325
                    ]
                ]
            }
        },
        {
            "type": "Feature",
            "properties": {},
            "geometry": {
                "type": "LineString",
                "coordinates": [
                    [
                        -76.2347,
                        40.08348027777778
                    ],
                    [
                        -76.21882027777778,
                        40.07324305555556
                    ]
                ]
            }
        },
        {
            "type": "Feature",
            "properties": {},
            "geometry": {
                "type": "LineString",
                "coordinates": [
                    [
                        -76.13511555555556,
                        40.01906833333333
                    ],
                    [
                        -76.11926555555554,
                        40.00881777777778
                    ]
                ]
            }
        },
        {
            "type": "Feature",
            "properties": {},
            "geometry": {
                "type": "LineString",
                "coordinates": [
                    [
                        -76.24238194444445,
                        40.07656166666667
                    ],
                    [
                        -76.227135,
                        40.09049111111111
                    ]
                ]
            }
        },
        {
            "type": "Feature",
            "properties": {},
            "geometry": {
                "type": "LineString",
                "coordinates": [
                    [
                        -76.14280027777778,
                        40.01215666666667
                    ],
                    [
                        -76.12754749999999,
                        40.02607305555556
                    ]
                ]
            }
        },
        {
            "type": "Feature",
            "properties": {},
            "geometry": {
                "type": "LineString",
                "coordinates": [
                    [
                        -76.99114361111111,
                        40.64504361111111
                    ],
                    [
                        -76.96913666666667,
                        40.63684277777778
                    ]
                ]
            }
        },
        {
            "type": "Feature",
            "properties": {},
            "geometry": {
                "type": "LineString",
                "coordinates": [
                    [
                        -76.98007916666667,
                        40.64094388888889
                    ],
                    [
                        -76.98928833333333,
                        40.626469722222225
                    ]
                ]
            }
        },
        {
            "type": "Feature",
            "properties": {},
            "geometry": {
                "type": "LineString",
                "coordinates": [
                    [
                        -76.16501527777778,
                        40.13281888888889
                    ],
                    [
                        -76.17644055555556,
                        40.082725
                    ]
                ]
            }
        },
        {
            "type": "Feature",
            "properties": {},
            "geometry": {
                "type": "LineString",
                "coordinates": [
                    [
                        -76.1783025,
                        40.07449805555556
                    ],
                    [
                        -76.18016361111111,
                        40.06627083333333
                    ]
                ]
            }
        },
        {
            "type": "Feature",
            "properties": {},
            "geometry": {
                "type": "LineString",
                "coordinates": [
                    [
                        -76.18202472222222,
                        40.05804305555555
                    ],
                    [
                        -76.18413166666667,
                        40.048901944444445
                    ],
                    [
                        -76.11927055555554,
                        40.044329999999995
                    ]
                ]
            }
        },
        {
            "type": "Feature",
            "properties": {},
            "geometry": {
                "type": "LineString",
                "coordinates": [
                    [
                        -76.10844055555555,
                        40.04362527777778
                    ],
                    [
                        -76.09761222222222,
                        40.042827777777774
                    ]
                ]
            }
        },
        {
            "type": "Feature",
            "properties": {},
            "geometry": {
                "type": "LineString",
                "coordinates": [
                    [
                        -76.08678305555556,
                        40.04212111111111
                    ],
                    [
                        -76.06250916666666,
                        40.040322499999995
                    ]
                ]
            }
        },
        {
            "type": "Feature",
            "properties": {},
            "geometry": {
                "type": "LineString",
                "coordinates": [
                    [
                        -76.677575,
                        39.88416
                    ],
                    [
                        -76.76694138888888,
                        39.82170416666667
                    ]
                ]
            }
        },
        {
            "type": "Feature",
            "properties": {},
            "geometry": {
                "type": "LineString",
                "coordinates": [
                    [
                        -76.8614711111111,
                        40.19107805555555
                    ],
                    [
                        -76.86161194444443,
                        40.190463611111106
                    ],
                    [
                        -76.86201833333332,
                        40.189922777777774
                    ],
                    [
                        -76.8626411111111,
                        40.189521388888885
                    ],
                    [
                        -76.863405,
                        40.18930722222222
                    ],
                    [
                        -76.8642186111111,
                        40.18930694444444
                    ],
                    [
                        -76.8649836111111,
                        40.189520277777774
                    ],
                    [
                        -76.86560722222222,
                        40.189921111111104
                    ],
                    [
                        -76.86601444444445,
                        40.190461111111105
                    ],
                    [
                        -76.86615583333332,
                        40.19107472222222
                    ],
                    [
                        -76.86601583333332,
                        40.191689999999994
                    ],
                    [
                        -76.86560944444444,
                        40.192229999999995
                    ],
                    [
                        -76.86498666666667,
                        40.192631388888884
                    ],
                    [
                        -76.86422222222221,
                        40.19284583333333
                    ],
                    [
                        -76.86340861111111,
                        40.19284583333333
                    ],
                    [
                        -76.86264416666666,
                        40.192632777777774
                    ],
                    [
                        -76.86202055555555,
                        40.192232499999996
                    ],
                    [
                        -76.86161333333332,
                        40.191692499999995
                    ],
                    [
                        -76.8614711111111,
                        40.19107805555555
                    ],
                    [
                        -76.8614711111111,
                        40.19107805555555
                    ]
                ]
            }
        },
        {
            "type": "Feature",
            "properties": {},
            "geometry": {
                "type": "LineString",
                "coordinates": [
                    [
                        -76.86237861111111,
                        40.19016305555555
                    ],
                    [
                        -76.86309361111111,
                        40.18933916666666
                    ]
                ]
            }
        },
        {
            "type": "Feature",
            "properties": {},
            "geometry": {
                "type": "LineString",
                "coordinates": [
                    [
                        -76.86142472222221,
                        40.19107944444444
                    ],
                    [
                        -76.86237861111111,
                        40.19016305555555
                    ]
                ]
            }
        },
        {
            "type": "Feature",
            "properties": {},
            "geometry": {
                "type": "LineString",
                "coordinates": [
                    [
                        -76.8628561111111,
                        40.190437777777774
                    ],
                    [
                        -76.8640486111111,
                        40.18924749999999
                    ]
                ]
            }
        },
        {
            "type": "Feature",
            "properties": {},
            "geometry": {
                "type": "LineString",
                "coordinates": [
                    [
                        -76.86166416666666,
                        40.19171972222222
                    ],
                    [
                        -76.8628561111111,
                        40.190437777777774
                    ]
                ]
            }
        },
        {
            "type": "Feature",
            "properties": {},
            "geometry": {
                "type": "LineString",
                "coordinates": [
                    [
                        -76.8633336111111,
                        40.19071222222222
                    ],
                    [
                        -76.86464527777777,
                        40.18933861111111
                    ]
                ]
            }
        },
        {
            "type": "Feature",
            "properties": {},
            "geometry": {
                "type": "LineString",
                "coordinates": [
                    [
                        -76.86202277777777,
                        40.19217694444444
                    ],
                    [
                        -76.8633336111111,
                        40.19071222222222
                    ]
                ]
            }
        },
        {
            "type": "Feature",
            "properties": {},
            "geometry": {
                "type": "LineString",
                "coordinates": [
                    [
                        -76.8639311111111,
                        40.19098583333333
                    ],
                    [
                        -76.86524194444443,
                        40.189612499999996
                    ]
                ]
            }
        },
        {
            "type": "Feature",
            "properties": {},
            "geometry": {
                "type": "LineString",
                "coordinates": [
                    [
                        -76.86238055555555,
                        40.192542777777774
                    ],
                    [
                        -76.8639311111111,
                        40.19098583333333
                    ]
                ]
            }
        },
        {
            "type": "Feature",
            "properties": {},
            "geometry": {
                "type": "LineString",
                "coordinates": [
                    [
                        -76.8644086111111,
                        40.19135166666666
                    ],
                    [
                        -76.86571972222221,
                        40.18997833333333
                    ]
                ]
            }
        },
        {
            "type": "Feature",
            "properties": {},
            "geometry": {
                "type": "LineString",
                "coordinates": [
                    [
                        -76.86297805555554,
                        40.19272583333333
                    ],
                    [
                        -76.8644086111111,
                        40.19135166666666
                    ]
                ]
            }
        },
        {
            "type": "Feature",
            "properties": {},
            "geometry": {
                "type": "LineString",
                "coordinates": [
                    [
                        -76.86488638888888,
                        40.191626388888885
                    ],
                    [
                        -76.86595916666666,
                        40.190436111111104
                    ]
                ]
            }
        },
        {
            "type": "Feature",
            "properties": {},
            "geometry": {
                "type": "LineString",
                "coordinates": [
                    [
                        -76.86369388888889,
                        40.19281694444444
                    ],
                    [
                        -76.86488638888888,
                        40.191626388888885
                    ]
                ]
            }
        },
        {
            "type": "Feature",
            "properties": {},
            "geometry": {
                "type": "LineString",
                "coordinates": [
                    [
                        -76.86536388888888,
                        40.19190083333333
                    ],
                    [
                        -76.86607888888888,
                        40.19116805555555
                    ]
                ]
            }
        },
        {
            "type": "Feature",
            "properties": {},
            "geometry": {
                "type": "LineString",
                "coordinates": [
                    [
                        -76.86452916666666,
                        40.192724999999996
                    ],
                    [
                        -76.86536388888888,
                        40.19190083333333
                    ]
                ]
            }
        },
        {
            "type": "Feature",
            "properties": {},
            "geometry": {
                "type": "LineString",
                "coordinates": [
                    [
                        -76.72260722222222,
                        40.15310722222222
                    ],
                    [
                        -76.72274916666667,
                        40.15249277777777
                    ],
                    [
                        -76.72315583333334,
                        40.15195305555555
                    ],
                    [
                        -76.72377944444445,
                        40.15155277777777
                    ],
                    [
                        -76.72454361111112,
                        40.15133972222222
                    ],
                    [
                        -76.72535666666667,
                        40.15133972222222
                    ],
                    [
                        -76.72612027777778,
                        40.151553888888884
                    ],
                    [
                        -76.72674305555556,
                        40.15195527777777
                    ],
                    [
                        -76.72714888888889,
                        40.15249611111111
                    ],
                    [
                        -76.72728972222222,
                        40.15311055555556
                    ],
                    [
                        -76.7271475,
                        40.153725
                    ],
                    [
                        -76.72674083333334,
                        40.154264999999995
                    ],
                    [
                        -76.7261175,
                        40.154665277777774
                    ],
                    [
                        -76.72535305555556,
                        40.15487833333333
                    ],
                    [
                        -76.72454,
                        40.15487805555556
                    ],
                    [
                        -76.72377583333333,
                        40.15466416666666
                    ],
                    [
                        -76.72315361111112,
                        40.154262777777774
                    ],
                    [
                        -76.72274777777778,
                        40.15372166666666
                    ],
                    [
                        -76.72260722222222,
                        40.15310722222222
                    ],
                    [
                        -76.72260722222222,
                        40.15310722222222
                    ]
                ]
            }
        },
        {
            "type": "Feature",
            "properties": {},
            "geometry": {
                "type": "LineString",
                "coordinates": [
                    [
                        -76.72350916666667,
                        40.15217916666666
                    ],
                    [
                        -76.72434472222223,
                        40.15135611111111
                    ]
                ]
            }
        },
        {
            "type": "Feature",
            "properties": {},
            "geometry": {
                "type": "LineString",
                "coordinates": [
                    [
                        -76.72267305555556,
                        40.15309416666666
                    ],
                    [
                        -76.72350916666667,
                        40.15217916666666
                    ]
                ]
            }
        },
        {
            "type": "Feature",
            "properties": {},
            "geometry": {
                "type": "LineString",
                "coordinates": [
                    [
                        -76.72398555555556,
                        40.15245361111111
                    ],
                    [
                        -76.72517972222222,
                        40.151264999999995
                    ]
                ]
            }
        },
        {
            "type": "Feature",
            "properties": {},
            "geometry": {
                "type": "LineString",
                "coordinates": [
                    [
                        -76.7227913888889,
                        40.15373472222222
                    ],
                    [
                        -76.72398555555556,
                        40.15245361111111
                    ]
                ]
            }
        },
        {
            "type": "Feature",
            "properties": {},
            "geometry": {
                "type": "LineString",
                "coordinates": [
                    [
                        -76.7245813888889,
                        40.15272916666667
                    ],
                    [
                        -76.72589527777778,
                        40.151356388888885
                    ]
                ]
            }
        },
        {
            "type": "Feature",
            "properties": {},
            "geometry": {
                "type": "LineString",
                "coordinates": [
                    [
                        -76.72314916666667,
                        40.1541925
                    ],
                    [
                        -76.7245813888889,
                        40.15272916666667
                    ]
                ]
            }
        },
        {
            "type": "Feature",
            "properties": {},
            "geometry": {
                "type": "LineString",
                "coordinates": [
                    [
                        -76.7250588888889,
                        40.15300388888889
                    ],
                    [
                        -76.72649111111112,
                        40.151631944444446
                    ]
                ]
            }
        },
        {
            "type": "Feature",
            "properties": {},
            "geometry": {
                "type": "LineString",
                "coordinates": [
                    [
                        -76.72362555555556,
                        40.154558611111106
                    ],
                    [
                        -76.7250588888889,
                        40.15300388888889
                    ]
                ]
            }
        },
        {
            "type": "Feature",
            "properties": {},
            "geometry": {
                "type": "LineString",
                "coordinates": [
                    [
                        -76.72565416666667,
                        40.153369999999995
                    ],
                    [
                        -76.7268488888889,
                        40.15208916666666
                    ]
                ]
            }
        },
        {
            "type": "Feature",
            "properties": {},
            "geometry": {
                "type": "LineString",
                "coordinates": [
                    [
                        -76.7241025,
                        40.15474222222222
                    ],
                    [
                        -76.72565416666667,
                        40.153369999999995
                    ]
                ]
            }
        },
        {
            "type": "Feature",
            "properties": {},
            "geometry": {
                "type": "LineString",
                "coordinates": [
                    [
                        -76.72601222222222,
                        40.15364472222222
                    ],
                    [
                        -76.72720611111112,
                        40.15245611111111
                    ]
                ]
            }
        },
        {
            "type": "Feature",
            "properties": {},
            "geometry": {
                "type": "LineString",
                "coordinates": [
                    [
                        -76.72481805555556,
                        40.15483416666667
                    ],
                    [
                        -76.72601222222222,
                        40.15364472222222
                    ]
                ]
            }
        },
        {
            "type": "Feature",
            "properties": {},
            "geometry": {
                "type": "LineString",
                "coordinates": [
                    [
                        -76.72660861111112,
                        40.15391944444444
                    ],
                    [
                        -76.72732444444445,
                        40.153187777777774
                    ]
                ]
            }
        },
        {
            "type": "Feature",
            "properties": {},
            "geometry": {
                "type": "LineString",
                "coordinates": [
                    [
                        -76.7257725,
                        40.15474333333333
                    ],
                    [
                        -76.72660861111112,
                        40.15391944444444
                    ]
                ]
            }
        },
        {
            "type": "Feature",
            "properties": {},
            "geometry": {
                "type": "LineString",
                "coordinates": [
                    [
                        -77.7141,
                        39.99590055555556
                    ],
                    [
                        -77.71420222222223,
                        39.9943025
                    ],
                    [
                        -77.71454861111111,
                        39.99272555555556
                    ],
                    [
                        -77.715135,
                        39.991191111111114
                    ],
                    [
                        -77.71595388888889,
                        39.98972083333334
                    ],
                    [
                        -77.7169925,
                        39.98833527777778
                    ],
                    [
                        -77.71823722222223,
                        39.987053333333336
                    ],
                    [
                        -77.71966944444445,
                        39.98589444444445
                    ],
                    [
                        -77.72127083333334,
                        39.98487388888889
                    ],
                    [
                        -77.72301722222223,
                        39.984006111111114
                    ],
                    [
                        -77.724885,
                        39.98330277777778
                    ],
                    [
                        -77.7268475,
                        39.982774722222224
                    ],
                    [
                        -77.72887777777778,
                        39.98242888888889
                    ],
                    [
                        -77.73094722222223,
                        39.98226944444445
                    ],
                    [
                        -77.73302611111112,
                        39.9823
                    ],
                    [
                        -77.73508555555556,
                        39.98252
                    ],
                    [
                        -77.73709694444445,
                        39.98292527777778
                    ],
                    [
                        -77.73903194444445,
                        39.98351
                    ],
                    [
                        -77.74086333333334,
                        39.98426777777778
                    ],
                    [
                        -77.74256611111112,
                        39.98518638888889
                    ],
                    [
                        -77.74411527777778,
                        39.98625305555556
                    ],
                    [
                        -77.74548944444444,
                        39.987453611111114
                    ],
                    [
                        -77.74666944444445,
                        39.988770833333334
                    ],
                    [
                        -77.74763861111111,
                        39.990185833333335
                    ],
                    [
                        -77.7483838888889,
                        39.99167888888889
                    ],
                    [
                        -77.74889416666667,
                        39.993229722222225
                    ],
                    [
                        -77.74916222222222,
                        39.99481611111111
                    ],
                    [
                        -77.74918472222222,
                        39.99641555555556
                    ],
                    [
                        -77.74896055555556,
                        39.99800555555556
                    ],
                    [
                        -77.74849361111112,
                        39.999564722222225
                    ],
                    [
                        -77.74779111111111,
                        40.00106944444445
                    ],
                    [
                        -77.74686111111112,
                        40.002500833333336
                    ],
                    [
                        -77.74571777777778,
                        40.00383638888889
                    ],
                    [
                        -77.74437666666667,
                        40.00505916666667
                    ],
                    [
                        -77.74285722222223,
                        40.00615194444445
                    ],
                    [
                        -77.74117972222223,
                        40.00709777777778
                    ],
                    [
                        -77.73936944444445,
                        40.00788527777778
                    ],
                    [
                        -77.73745027777778,
                        40.00850194444445
                    ],
                    [
                        -77.73545,
                        40.00894
                    ],
                    [
                        -77.73339555555556,
                        40.009193055555556
                    ],
                    [
                        -77.7313175,
                        40.009257222222224
                    ],
                    [
                        -77.72924361111112,
                        40.00913194444445
                    ],
                    [
                        -77.7272038888889,
                        40.00881916666667
                    ],
                    [
                        -77.72522611111111,
                        40.00832277777778
                    ],
                    [
                        -77.72333944444445,
                        40.00764972222222
                    ],
                    [
                        -77.72156833333334,
                        40.00681027777778
                    ],
                    [
                        -77.71994027777778,
                        40.00581555555556
                    ],
                    [
                        -77.71847555555556,
                        40.00467916666667
                    ],
                    [
                        -77.7171963888889,
                        40.003418333333336
                    ],
                    [
                        -77.71612,
                        40.002049722222225
                    ],
                    [
                        -77.71526194444445,
                        40.0005925
                    ],
                    [
                        -77.71463416666667,
                        39.9990675
                    ],
                    [
                        -77.714245,
                        39.99749638888889
                    ],
                    [
                        -77.7141,
                        39.99590055555556
                    ],
                    [
                        -77.7141,
                        39.99590055555556
                    ]
                ]
            }
        },
        {
            "type": "Feature",
            "properties": {},
            "geometry": {
                "type": "LineString",
                "coordinates": [
                    [
                        -76.96750416666667,
                        39.495018611111114
                    ],
                    [
                        -76.96779666666667,
                        39.49304611111111
                    ],
                    [
                        -76.96866861111111,
                        39.49117916666667
                    ],
                    [
                        -76.9700725,
                        39.489518333333336
                    ],
                    [
                        -76.97193277777778,
                        39.48815333333334
                    ],
                    [
                        -76.97414888888889,
                        39.48715722222222
                    ],
                    [
                        -76.97660166666667,
                        39.48658416666667
                    ],
                    [
                        -76.97915944444445,
                        39.48646388888889
                    ],
                    [
                        -76.98168333333334,
                        39.486804722222224
                    ],
                    [
                        -76.98403805555556,
                        39.487587222222224
                    ],
                    [
                        -76.98609583333334,
                        39.48876972222222
                    ],
                    [
                        -76.98774722222223,
                        39.49028777777778
                    ],
                    [
                        -76.98890222222222,
                        39.49206
                    ],
                    [
                        -76.98949888888889,
                        39.493990000000004
                    ],
                    [
                        -76.98950444444445,
                        39.49597527777778
                    ],
                    [
                        -76.98891888888889,
                        39.497908611111114
                    ],
                    [
                        -76.9877738888889,
                        39.49968444444445
                    ],
                    [
                        -76.98613083333333,
                        39.50120805555556
                    ],
                    [
                        -76.98407861111112,
                        39.50239666666667
                    ],
                    [
                        -76.9817275,
                        39.50318722222222
                    ],
                    [
                        -76.97920444444445,
                        39.50353555555556
                    ],
                    [
                        -76.9766463888889,
                        39.50342416666667
                    ],
                    [
                        -76.97418944444445,
                        39.50285916666667
                    ],
                    [
                        -76.9719675,
                        39.501869722222224
                    ],
                    [
                        -76.97010055555556,
                        39.50051055555556
                    ],
                    [
                        -76.96868805555556,
                        39.49885416666667
                    ],
                    [
                        -76.96780694444445,
                        39.496989722222224
                    ],
                    [
                        -76.96750416666667,
                        39.495018611111114
                    ],
                    [
                        -76.96750416666667,
                        39.495018611111114
                    ]
                ]
            }
        },
        {
            "type": "Feature",
            "properties": {},
            "geometry": {
                "type": "LineString",
                "coordinates": [
                    [
                        -75.65973111111111,
                        39.91802777777777
                    ],
                    [
                        -75.66006277777778,
                        39.91605888888889
                    ],
                    [
                        -75.66097583333334,
                        39.9142025
                    ],
                    [
                        -75.66241972222223,
                        39.91255805555556
                    ],
                    [
                        -75.66431722222222,
                        39.91121416666667
                    ],
                    [
                        -75.6665663888889,
                        39.91024361111111
                    ],
                    [
                        -75.66904472222222,
                        39.90969805555555
                    ],
                    [
                        -75.67162,
                        39.90960805555555
                    ],
                    [
                        -75.67415333333334,
                        39.909977222222224
                    ],
                    [
                        -75.67650722222223,
                        39.91078611111111
                    ],
                    [
                        -75.67855555555556,
                        39.911992222222224
                    ],
                    [
                        -75.6801875,
                        39.91352888888889
                    ],
                    [
                        -75.68131555555556,
                        39.91531416666667
                    ],
                    [
                        -75.68187888888889,
                        39.917251111111106
                    ],
                    [
                        -75.68184611111111,
                        39.91923666666666
                    ],
                    [
                        -75.68122027777778,
                        39.921162499999994
                    ],
                    [
                        -75.68003416666667,
                        39.92292527777778
                    ],
                    [
                        -75.67835166666667,
                        39.92442916666666
                    ],
                    [
                        -75.67626472222223,
                        39.925594999999994
                    ],
                    [
                        -75.67388416666667,
                        39.926357777777774
                    ],
                    [
                        -75.67133916666667,
                        39.92667833333333
                    ],
                    [
                        -75.6687675,
                        39.926537499999995
                    ],
                    [
                        -75.66630666666667,
                        39.92594416666667
                    ],
                    [
                        -75.66409,
                        39.92492972222222
                    ],
                    [
                        -75.6622375,
                        39.92354916666667
                    ],
                    [
                        -75.66084833333333,
                        39.92187666666666
                    ],
                    [
                        -75.6599975,
                        39.920002499999995
                    ],
                    [
                        -75.65973111111111,
                        39.91802777777777
                    ],
                    [
                        -75.65973111111111,
                        39.91802777777777
                    ]
                ]
            }
        },
        {
            "type": "Feature",
            "properties": {},
            "geometry": {
                "type": "LineString",
                "coordinates": [
                    [
                        -76.11454805555555,
                        40.975005
                    ],
                    [
                        -76.11487249999999,
                        40.973035
                    ],
                    [
                        -76.11578694444444,
                        40.971175833333334
                    ],
                    [
                        -76.11724249999999,
                        40.969525833333336
                    ],
                    [
                        -76.11916083333332,
                        40.968175
                    ],
                    [
                        -76.1214386111111,
                        40.967195555555556
                    ],
                    [
                        -76.12395249999999,
                        40.96664083333334
                    ],
                    [
                        -76.12656777777777,
                        40.96654
                    ],
                    [
                        -76.1291425,
                        40.96689972222222
                    ],
                    [
                        -76.13153916666666,
                        40.96769916666667
                    ],
                    [
                        -76.13362805555556,
                        40.968896111111114
                    ],
                    [
                        -76.13529611111112,
                        40.97042583333334
                    ],
                    [
                        -76.1364538888889,
                        40.97220611111111
                    ],
                    [
                        -76.1370388888889,
                        40.97414083333334
                    ],
                    [
                        -76.13701944444445,
                        40.976126111111114
                    ],
                    [
                        -76.13639666666667,
                        40.978053333333335
                    ],
                    [
                        -76.1352038888889,
                        40.979820833333335
                    ],
                    [
                        -76.13350555555556,
                        40.98133166666667
                    ],
                    [
                        -76.13139249999999,
                        40.982505
                    ],
                    [
                        -76.12898055555554,
                        40.98327666666667
                    ],
                    [
                        -76.12639777777777,
                        40.983607222222226
                    ],
                    [
                        -76.12378416666667,
                        40.98347694444445
                    ],
                    [
                        -76.1212811111111,
                        40.98289333333334
                    ],
                    [
                        -76.11902305555554,
                        40.98188777777778
                    ],
                    [
                        -76.11713138888888,
                        40.980514722222225
                    ],
                    [
                        -76.11570944444443,
                        40.97884777777778
                    ],
                    [
                        -76.11483249999999,
                        40.976978055555556
                    ],
                    [
                        -76.11454805555555,
                        40.975005
                    ],
                    [
                        -76.11454805555555,
                        40.975005
                    ]
                ]
            }
        },
        {
            "type": "Feature",
            "properties": {},
            "geometry": {
                "type": "LineString",
                "coordinates": [
                    [
                        -76.6540875,
                        41.02341194444444
                    ],
                    [
                        -76.65439583333334,
                        41.02144083333333
                    ],
                    [
                        -76.65529611111111,
                        41.019577222222225
                    ],
                    [
                        -76.65673916666667,
                        41.01792111111111
                    ],
                    [
                        -76.65864805555556,
                        41.01656083333334
                    ],
                    [
                        -76.66091944444445,
                        41.015571111111115
                    ],
                    [
                        -76.66343083333334,
                        41.015005
                    ],
                    [
                        -76.66604694444445,
                        41.0148925
                    ],
                    [
                        -76.66862666666667,
                        41.01523944444445
                    ],
                    [
                        -76.67103138888889,
                        41.01602888888889
                    ],
                    [
                        -76.67313055555556,
                        41.01721555555555
                    ],
                    [
                        -76.6748125,
                        41.01873777777778
                    ],
                    [
                        -76.67598555555556,
                        41.0205125
                    ],
                    [
                        -76.6765863888889,
                        41.02244472222222
                    ],
                    [
                        -76.67658277777778,
                        41.02442972222222
                    ],
                    [
                        -76.67597527777778,
                        41.026359722222224
                    ],
                    [
                        -76.67479583333333,
                        41.02813222222222
                    ],
                    [
                        -76.67310805555556,
                        41.02965111111111
                    ],
                    [
                        -76.67100388888889,
                        41.030833888888885
                    ],
                    [
                        -76.66859611111111,
                        41.031617499999996
                    ],
                    [
                        -76.66601416666667,
                        41.03195972222222
                    ],
                    [
                        -76.6633975,
                        41.03184111111111
                    ],
                    [
                        -76.66088805555556,
                        41.03126944444444
                    ],
                    [
                        -76.65861972222223,
                        41.030273888888885
                    ],
                    [
                        -76.65671666666667,
                        41.028909999999996
                    ],
                    [
                        -76.65528,
                        41.02725
                    ],
                    [
                        -76.65438722222223,
                        41.02538416666667
                    ],
                    [
                        -76.6540875,
                        41.02341194444444
                    ],
                    [
                        -76.6540875,
                        41.02341194444444
                    ]
                ]
            }
        },
        {
            "type": "Feature",
            "properties": {},
            "geometry": {
                "type": "LineString",
                "coordinates": [
                    [
                        -76.87282444444443,
                        40.79089416666667
                    ],
                    [
                        -76.87312555555555,
                        40.78892194444444
                    ],
                    [
                        -76.87401638888888,
                        40.787056111111106
                    ],
                    [
                        -76.87544972222221,
                        40.78539722222222
                    ],
                    [
                        -76.87734722222221,
                        40.784033888888885
                    ],
                    [
                        -76.87960777777778,
                        40.78303916666667
                    ],
                    [
                        -76.88210888888888,
                        40.78246861111111
                    ],
                    [
                        -76.88471555555556,
                        40.78235138888889
                    ],
                    [
                        -76.88728722222223,
                        40.78269361111111
                    ],
                    [
                        -76.88968638888889,
                        40.783478333333335
                    ],
                    [
                        -76.8917825,
                        40.784661388888885
                    ],
                    [
                        -76.89346361111112,
                        40.786180277777774
                    ],
                    [
                        -76.89463805555556,
                        40.78795361111111
                    ],
                    [
                        -76.89524333333334,
                        40.78988472222222
                    ],
                    [
                        -76.89524583333333,
                        40.791868888888885
                    ],
                    [
                        -76.89464666666667,
                        40.79380083333333
                    ],
                    [
                        -76.89347666666667,
                        40.79557555555555
                    ],
                    [
                        -76.89180055555556,
                        40.79709805555555
                    ],
                    [
                        -76.88970722222223,
                        40.79828444444444
                    ],
                    [
                        -76.88730972222223,
                        40.79907277777777
                    ],
                    [
                        -76.88473805555556,
                        40.79941972222222
                    ],
                    [
                        -76.88213055555555,
                        40.79930611111111
                    ],
                    [
                        -76.87962722222221,
                        40.798738888888884
                    ],
                    [
                        -76.87736388888888,
                        40.79774805555555
                    ],
                    [
                        -76.87546305555554,
                        40.7963875
                    ],
                    [
                        -76.87402583333332,
                        40.79473
                    ],
                    [
                        -76.87312999999999,
                        40.79286555555555
                    ],
                    [
                        -76.87282444444443,
                        40.79089416666667
                    ],
                    [
                        -76.87282444444443,
                        40.79089416666667
                    ]
                ]
            }
        },
        {
            "type": "Feature",
            "properties": {},
            "geometry": {
                "type": "LineString",
                "coordinates": [
                    [
                        -76.58787472222222,
                        40.55344833333333
                    ],
                    [
                        -76.5881825,
                        40.55147722222222
                    ],
                    [
                        -76.58907805555555,
                        40.549613888888885
                    ],
                    [
                        -76.59051333333333,
                        40.547957499999995
                    ],
                    [
                        -76.59241055555555,
                        40.54659833333333
                    ],
                    [
                        -76.59466666666667,
                        40.545609999999996
                    ],
                    [
                        -76.59716138888888,
                        40.545045277777774
                    ],
                    [
                        -76.59975944444444,
                        40.544933888888885
                    ],
                    [
                        -76.60232083333332,
                        40.54528305555555
                    ],
                    [
                        -76.60470833333333,
                        40.54607277777777
                    ],
                    [
                        -76.60679222222221,
                        40.54726222222222
                    ],
                    [
                        -76.60846027777777,
                        40.548784999999995
                    ],
                    [
                        -76.6096236111111,
                        40.55056083333333
                    ],
                    [
                        -76.61021833333332,
                        40.55249388888888
                    ],
                    [
                        -76.61021305555555,
                        40.55447833333333
                    ],
                    [
                        -76.60960777777777,
                        40.55640944444444
                    ],
                    [
                        -76.60843472222221,
                        40.55818138888888
                    ],
                    [
                        -76.6067575,
                        40.55969944444444
                    ],
                    [
                        -76.60466666666666,
                        40.56088083333333
                    ],
                    [
                        -76.60227444444443,
                        40.56166333333333
                    ],
                    [
                        -76.59971,
                        40.56200333333333
                    ],
                    [
                        -76.59711194444444,
                        40.56188361111111
                    ],
                    [
                        -76.59462027777778,
                        40.56131055555555
                    ],
                    [
                        -76.59236916666666,
                        40.560313888888885
                    ],
                    [
                        -76.59047972222221,
                        40.558948611111106
                    ],
                    [
                        -76.589055,
                        40.55728777777777
                    ],
                    [
                        -76.58817083333332,
                        40.55542083333333
                    ],
                    [
                        -76.58787472222222,
                        40.55344833333333
                    ],
                    [
                        -76.58787472222222,
                        40.55344833333333
                    ]
                ]
            }
        },
        {
            "type": "Feature",
            "properties": {},
            "geometry": {
                "type": "LineString",
                "coordinates": [
                    [
                        -77.05833833333332,
                        40.302301111111106
                    ],
                    [
                        -77.05863166666667,
                        40.300328888888885
                    ],
                    [
                        -77.05951138888888,
                        40.29846194444444
                    ],
                    [
                        -77.06092972222221,
                        40.29679972222222
                    ],
                    [
                        -77.06280972222221,
                        40.29543333333333
                    ],
                    [
                        -77.06505138888889,
                        40.29443555555555
                    ],
                    [
                        -77.06753222222221,
                        40.293859999999995
                    ],
                    [
                        -77.07012,
                        40.29373888888889
                    ],
                    [
                        -77.07267444444444,
                        40.2940775
                    ],
                    [
                        -77.0750586111111,
                        40.29485805555555
                    ],
                    [
                        -77.07714277777778,
                        40.29603833333333
                    ],
                    [
                        -77.07881583333332,
                        40.297554999999996
                    ],
                    [
                        -77.07998666666666,
                        40.29932611111111
                    ],
                    [
                        -77.08059277777778,
                        40.30125583333333
                    ],
                    [
                        -77.08060083333334,
                        40.303241111111106
                    ],
                    [
                        -77.08001138888889,
                        40.30517444444444
                    ],
                    [
                        -77.07885499999999,
                        40.30695138888888
                    ],
                    [
                        -77.07719416666666,
                        40.308476388888884
                    ],
                    [
                        -77.07511916666667,
                        40.309666111111106
                    ],
                    [
                        -77.07274166666666,
                        40.31045833333333
                    ],
                    [
                        -77.07018888888888,
                        40.31080972222222
                    ],
                    [
                        -77.06759972222221,
                        40.31069972222222
                    ],
                    [
                        -77.0651136111111,
                        40.310136111111106
                    ],
                    [
                        -77.06286416666666,
                        40.309148888888885
                    ],
                    [
                        -77.06097249999999,
                        40.30779083333333
                    ],
                    [
                        -77.0595411111111,
                        40.30613583333333
                    ],
                    [
                        -77.05864694444445,
                        40.304272499999996
                    ],
                    [
                        -77.05833833333332,
                        40.302301111111106
                    ],
                    [
                        -77.05833833333332,
                        40.302301111111106
                    ]
                ]
            }
        },
        {
            "type": "Feature",
            "properties": {},
            "geometry": {
                "type": "LineString",
                "coordinates": [
                    [
                        -77.63463194444445,
                        39.973104722222224
                    ],
                    [
                        -77.6348838888889,
                        39.97144277777778
                    ],
                    [
                        -77.635665,
                        39.969882222222225
                    ],
                    [
                        -77.63692583333334,
                        39.968519722222226
                    ],
                    [
                        -77.63858722222223,
                        39.967441111111114
                    ],
                    [
                        -77.64054583333333,
                        39.96671416666667
                    ],
                    [
                        -77.64267694444445,
                        39.966385833333334
                    ],
                    [
                        -77.64484805555556,
                        39.96647472222222
                    ],
                    [
                        -77.64692166666667,
                        39.966975833333336
                    ],
                    [
                        -77.64876833333334,
                        39.96785888888889
                    ],
                    [
                        -77.65027166666667,
                        39.96906666666667
                    ],
                    [
                        -77.65133722222222,
                        39.970525
                    ],
                    [
                        -77.65189833333334,
                        39.972141111111114
                    ],
                    [
                        -77.65191944444445,
                        39.97381388888889
                    ],
                    [
                        -77.65139888888889,
                        39.97543805555556
                    ],
                    [
                        -77.65037027777778,
                        39.976911111111114
                    ],
                    [
                        -77.64889694444445,
                        39.978141111111114
                    ],
                    [
                        -77.64707277777778,
                        39.97905138888889
                    ],
                    [
                        -77.64501138888889,
                        39.97958305555556
                    ],
                    [
                        -77.6428425,
                        39.97970472222222
                    ],
                    [
                        -77.64070333333333,
                        39.97940666666667
                    ],
                    [
                        -77.63872722222223,
                        39.97870916666667
                    ],
                    [
                        -77.6370388888889,
                        39.97765527777778
                    ],
                    [
                        -77.63574416666667,
                        39.976310833333336
                    ],
                    [
                        -77.63492472222222,
                        39.974762222222225
                    ],
                    [
                        -77.63463194444445,
                        39.973104722222224
                    ]
                ]
            }
        },
        {
            "type": "Feature",
            "properties": {},
            "geometry": {
                "type": "LineString",
                "coordinates": [
                    [
                        -77.65548972222223,
                        39.97134277777778
                    ],
                    [
                        -77.6518075,
                        39.9718275
                    ]
                ]
            }
        },
        {
            "type": "Feature",
            "properties": {},
            "geometry": {
                "type": "LineString",
                "coordinates": [
                    [
                        -77.63482527777778,
                        39.97414888888889
                    ],
                    [
                        -77.63102527777777,
                        39.97472555555556
                    ]
                ]
            }
        },
        {
            "type": "Feature",
            "properties": {},
            "geometry": {
                "type": "LineString",
                "coordinates": [
                    [
                        -77.64539444444445,
                        39.982218055555556
                    ],
                    [
                        -77.64476666666667,
                        39.97956777777778
                    ]
                ]
            }
        },
        {
            "type": "Feature",
            "properties": {},
            "geometry": {
                "type": "LineString",
                "coordinates": [
                    [
                        -77.64163027777778,
                        39.966502222222225
                    ],
                    [
                        -77.64087805555556,
                        39.96339583333334
                    ]
                ]
            }
        },
        {
            "type": "Feature",
            "properties": {},
            "geometry": {
                "type": "LineString",
                "coordinates": [
                    [
                        -76.99518,
                        40.01675611111111
                    ],
                    [
                        -76.99544805555556,
                        40.01509638888889
                    ],
                    [
                        -76.99624416666667,
                        40.01353944444445
                    ],
                    [
                        -76.99751888888889,
                        40.01218472222222
                    ],
                    [
                        -76.99919194444445,
                        40.011115
                    ],
                    [
                        -77.0011575,
                        40.010399722222225
                    ],
                    [
                        -77.00329305555556,
                        40.0100825
                    ],
                    [
                        -77.005465,
                        40.01018305555556
                    ],
                    [
                        -77.007535,
                        40.01069666666667
                    ],
                    [
                        -77.00937444444445,
                        40.011589444444446
                    ],
                    [
                        -77.0108675,
                        40.01280555555556
                    ],
                    [
                        -77.01192,
                        40.01427
                    ],
                    [
                        -77.01246666666667,
                        40.015888333333336
                    ],
                    [
                        -77.01247166666667,
                        40.01756111111111
                    ],
                    [
                        -77.01193611111111,
                        40.01918277777778
                    ],
                    [
                        -77.01089222222222,
                        40.020649999999996
                    ],
                    [
                        -77.00940722222222,
                        40.02187277777778
                    ],
                    [
                        -77.00757277777778,
                        40.02277222222222
                    ],
                    [
                        -77.00550472222223,
                        40.0232925
                    ],
                    [
                        -77.00333444444445,
                        40.023401388888885
                    ],
                    [
                        -77.00119611111111,
                        40.023092222222225
                    ],
                    [
                        -76.99922527777778,
                        40.02238305555556
                    ],
                    [
                        -76.99754583333333,
                        40.021319999999996
                    ],
                    [
                        -76.99626305555556,
                        40.01996916666666
                    ],
                    [
                        -76.9954575,
                        40.018415555555556
                    ],
                    [
                        -76.99518,
                        40.01675611111111
                    ]
                ]
            }
        },
        {
            "type": "Feature",
            "properties": {},
            "geometry": {
                "type": "LineString",
                "coordinates": [
                    [
                        -77.01611416666667,
                        40.0151625
                    ],
                    [
                        -77.01230694444445,
                        40.01562666666667
                    ]
                ]
            }
        },
        {
            "type": "Feature",
            "properties": {},
            "geometry": {
                "type": "LineString",
                "coordinates": [
                    [
                        -76.99529166666667,
                        40.01785472222222
                    ],
                    [
                        -76.99160222222223,
                        40.01831861111111
                    ]
                ]
            }
        },
        {
            "type": "Feature",
            "properties": {},
            "geometry": {
                "type": "LineString",
                "coordinates": [
                    [
                        -77.00579166666667,
                        40.025889722222225
                    ],
                    [
                        -77.00518833333334,
                        40.02332861111111
                    ]
                ]
            }
        },
        {
            "type": "Feature",
            "properties": {},
            "geometry": {
                "type": "LineString",
                "coordinates": [
                    [
                        -77.00229138888889,
                        40.010154444444446
                    ],
                    [
                        -77.00156833333334,
                        40.00713472222222
                    ]
                ]
            }
        },
        {
            "type": "Feature",
            "properties": {},
            "geometry": {
                "type": "LineString",
                "coordinates": [
                    [
                        -76.56568722222222,
                        40.09220888888889
                    ],
                    [
                        -76.56596527777778,
                        40.09055027777778
                    ],
                    [
                        -76.56677222222221,
                        40.088996111111115
                    ],
                    [
                        -76.56805722222222,
                        40.08764611111111
                    ],
                    [
                        -76.56973833333333,
                        40.08658305555556
                    ],
                    [
                        -76.57171111111111,
                        40.08587416666667
                    ],
                    [
                        -76.57385166666667,
                        40.085565
                    ],
                    [
                        -76.57602416666666,
                        40.08567472222222
                    ],
                    [
                        -76.5780936111111,
                        40.086195000000004
                    ],
                    [
                        -76.57992944444445,
                        40.087094722222226
                    ],
                    [
                        -76.58141666666667,
                        40.08831722222222
                    ],
                    [
                        -76.5824611111111,
                        40.08978444444445
                    ],
                    [
                        -76.58299749999999,
                        40.09140611111111
                    ],
                    [
                        -76.5829925,
                        40.09307805555556
                    ],
                    [
                        -76.58244583333332,
                        40.0946975
                    ],
                    [
                        -76.58139194444443,
                        40.09616166666667
                    ],
                    [
                        -76.57989722222221,
                        40.09737777777778
                    ],
                    [
                        -76.57805527777778,
                        40.09827055555556
                    ],
                    [
                        -76.57598222222222,
                        40.09878333333334
                    ],
                    [
                        -76.57380805555555,
                        40.09888472222222
                    ],
                    [
                        -76.57166972222223,
                        40.09856666666667
                    ],
                    [
                        -76.5697011111111,
                        40.09785138888889
                    ],
                    [
                        -76.56802666666667,
                        40.09678111111111
                    ],
                    [
                        -76.5667511111111,
                        40.09542555555556
                    ],
                    [
                        -76.56595416666666,
                        40.09386888888889
                    ],
                    [
                        -76.56568722222222,
                        40.09220888888889
                    ]
                ]
            }
        },
        {
            "type": "Feature",
            "properties": {},
            "geometry": {
                "type": "LineString",
                "coordinates": [
                    [
                        -76.58665444444443,
                        40.0906925
                    ],
                    [
                        -76.58295833333332,
                        40.091143611111114
                    ]
                ]
            }
        },
        {
            "type": "Feature",
            "properties": {},
            "geometry": {
                "type": "LineString",
                "coordinates": [
                    [
                        -76.56579166666667,
                        40.09330777777778
                    ],
                    [
                        -76.56209555555556,
                        40.09384888888889
                    ]
                ]
            }
        },
        {
            "type": "Feature",
            "properties": {},
            "geometry": {
                "type": "LineString",
                "coordinates": [
                    [
                        -76.5763711111111,
                        40.10147388888889
                    ],
                    [
                        -76.57578388888888,
                        40.09881861111111
                    ]
                ]
            }
        },
        {
            "type": "Feature",
            "properties": {},
            "geometry": {
                "type": "LineString",
                "coordinates": [
                    [
                        -76.57284722222222,
                        40.085724722222224
                    ],
                    [
                        -76.57214277777777,
                        40.08261138888889
                    ]
                ]
            }
        },
        {
            "type": "Feature",
            "properties": {},
            "geometry": {
                "type": "LineString",
                "coordinates": [
                    [
                        -76.52757833333334,
                        40.31720972222222
                    ],
                    [
                        -76.52785861111111,
                        40.315550277777774
                    ],
                    [
                        -76.52866944444445,
                        40.31399694444444
                    ],
                    [
                        -76.52995861111111,
                        40.31264722222222
                    ],
                    [
                        -76.53164611111112,
                        40.311584999999994
                    ],
                    [
                        -76.53362638888889,
                        40.31087722222222
                    ],
                    [
                        -76.53577333333334,
                        40.31056833333333
                    ],
                    [
                        -76.5379538888889,
                        40.31067833333333
                    ],
                    [
                        -76.54002972222222,
                        40.31120027777777
                    ],
                    [
                        -76.5418713888889,
                        40.31210027777777
                    ],
                    [
                        -76.5433625,
                        40.31332305555555
                    ],
                    [
                        -76.54440972222223,
                        40.314791111111106
                    ],
                    [
                        -76.54494694444445,
                        40.31641194444444
                    ],
                    [
                        -76.54494055555556,
                        40.318084722222224
                    ],
                    [
                        -76.54439083333334,
                        40.31970333333334
                    ],
                    [
                        -76.54333333333334,
                        40.32116666666667
                    ],
                    [
                        -76.54183277777777,
                        40.3223825
                    ],
                    [
                        -76.53998416666667,
                        40.323275
                    ],
                    [
                        -76.53790388888889,
                        40.3237875
                    ],
                    [
                        -76.53572277777778,
                        40.323887222222226
                    ],
                    [
                        -76.53357749999999,
                        40.323569444444445
                    ],
                    [
                        -76.5316025,
                        40.3228525
                    ],
                    [
                        -76.52992305555556,
                        40.321782222222225
                    ],
                    [
                        -76.5286438888889,
                        40.32042666666667
                    ],
                    [
                        -76.52784555555556,
                        40.318869722222225
                    ],
                    [
                        -76.52757833333334,
                        40.31720972222222
                    ]
                ]
            }
        },
        {
            "type": "Feature",
            "properties": {},
            "geometry": {
                "type": "LineString",
                "coordinates": [
                    [
                        -76.54854138888889,
                        40.315670555555556
                    ],
                    [
                        -76.54483361111112,
                        40.31611972222222
                    ]
                ]
            }
        },
        {
            "type": "Feature",
            "properties": {},
            "geometry": {
                "type": "LineString",
                "coordinates": [
                    [
                        -76.52772777777777,
                        40.31827777777778
                    ],
                    [
                        -76.52389972222223,
                        40.31881861111111
                    ]
                ]
            }
        },
        {
            "type": "Feature",
            "properties": {},
            "geometry": {
                "type": "LineString",
                "coordinates": [
                    [
                        -76.53821805555556,
                        40.3264475
                    ],
                    [
                        -76.53763083333334,
                        40.323792222222224
                    ]
                ]
            }
        },
        {
            "type": "Feature",
            "properties": {},
            "geometry": {
                "type": "LineString",
                "coordinates": [
                    [
                        -76.53469194444445,
                        40.310606111111106
                    ],
                    [
                        -76.53410555555556,
                        40.307584999999996
                    ]
                ]
            }
        },
        {
            "type": "Feature",
            "properties": {},
            "geometry": {
                "type": "LineString",
                "coordinates": [
                    [
                        -77.16553527777778,
                        40.187933888888885
                    ],
                    [
                        -77.16579944444445,
                        40.186273888888884
                    ],
                    [
                        -77.16659416666667,
                        40.18471583333333
                    ],
                    [
                        -77.16786861111112,
                        40.18335805555555
                    ],
                    [
                        -77.16954277777778,
                        40.18228666666666
                    ],
                    [
                        -77.17151194444445,
                        40.18156805555555
                    ],
                    [
                        -77.1736525,
                        40.18124805555556
                    ],
                    [
                        -77.17582944444445,
                        40.18134527777777
                    ],
                    [
                        -77.17790611111111,
                        40.18185555555555
                    ],
                    [
                        -77.17975277777778,
                        40.18274583333333
                    ],
                    [
                        -77.18125222222223,
                        40.18396055555555
                    ],
                    [
                        -77.18231138888889,
                        40.185422777777774
                    ],
                    [
                        -77.18286305555556,
                        40.18704083333333
                    ],
                    [
                        -77.1828725,
                        40.188713611111105
                    ],
                    [
                        -77.18233888888889,
                        40.19033555555555
                    ],
                    [
                        -77.18129666666667,
                        40.191804722222216
                    ],
                    [
                        -77.17981083333333,
                        40.19302888888888
                    ],
                    [
                        -77.17797444444444,
                        40.193931388888885
                    ],
                    [
                        -77.17590277777778,
                        40.19445472222222
                    ],
                    [
                        -77.17372666666667,
                        40.19456722222222
                    ],
                    [
                        -77.17158222222223,
                        40.19426055555555
                    ],
                    [
                        -77.169605,
                        40.193554999999996
                    ],
                    [
                        -77.16791805555556,
                        40.19249416666666
                    ],
                    [
                        -77.1666288888889,
                        40.19114527777777
                    ],
                    [
                        -77.1658175,
                        40.189592499999996
                    ],
                    [
                        -77.16553527777778,
                        40.187933888888885
                    ]
                ]
            }
        },
        {
            "type": "Feature",
            "properties": {},
            "geometry": {
                "type": "LineString",
                "coordinates": [
                    [
                        -77.18648,
                        40.18631666666666
                    ],
                    [
                        -77.18278305555556,
                        40.186787499999994
                    ]
                ]
            }
        },
        {
            "type": "Feature",
            "properties": {},
            "geometry": {
                "type": "LineString",
                "coordinates": [
                    [
                        -77.16573111111111,
                        40.18903944444444
                    ],
                    [
                        -77.16191527777778,
                        40.18960055555555
                    ]
                ]
            }
        },
        {
            "type": "Feature",
            "properties": {},
            "geometry": {
                "type": "LineString",
                "coordinates": [
                    [
                        -77.17627861111112,
                        40.19715111111111
                    ],
                    [
                        -77.17566666666667,
                        40.19449833333333
                    ]
                ]
            }
        },
        {
            "type": "Feature",
            "properties": {},
            "geometry": {
                "type": "LineString",
                "coordinates": [
                    [
                        -77.17261,
                        40.18132972222222
                    ],
                    [
                        -77.17199666666667,
                        40.17831111111111
                    ]
                ]
            }
        },
        {
            "type": "Feature",
            "properties": {},
            "geometry": {
                "type": "LineString",
                "coordinates": [
                    [
                        -76.95513611111112,
                        40.30502277777777
                    ],
                    [
                        -76.95002111111111,
                        40.31610388888888
                    ],
                    [
                        -76.93995916666667,
                        40.30705583333333
                    ]
                ]
            }
        },
        {
            "type": "Feature",
            "properties": {},
            "geometry": {
                "type": "LineString",
                "coordinates": [
                    [
                        -76.87328527777777,
                        40.33457638888889
                    ],
                    [
                        -76.86827388888888,
                        40.34556166666667
                    ],
                    [
                        -76.8582186111111,
                        40.336598611111114
                    ]
                ]
            }
        },
        {
            "type": "Feature",
            "properties": {},
            "geometry": {
                "type": "LineString",
                "coordinates": [
                    [
                        -76.60194861111111,
                        40.16009416666667
                    ],
                    [
                        -76.59690666666665,
                        40.17115916666666
                    ],
                    [
                        -76.58691277777777,
                        40.16208111111111
                    ]
                ]
            }
        },
        {
            "type": "Feature",
            "properties": {},
            "geometry": {
                "type": "LineString",
                "coordinates": [
                    [
                        -76.93175388888889,
                        40.091074722222224
                    ],
                    [
                        -76.92665111111111,
                        40.102155
                    ],
                    [
                        -76.91662333333333,
                        40.09310527777778
                    ]
                ]
            }
        },
        {
            "type": "Feature",
            "properties": {},
            "geometry": {
                "type": "LineString",
                "coordinates": [
                    [
                        -76.46922305555556,
                        40.25150138888889
                    ],
                    [
                        -76.46415277777778,
                        40.26246916666667
                    ],
                    [
                        -76.45416277777778,
                        40.25337944444444
                    ]
                ]
            }
        },
        {
            "type": "Feature",
            "properties": {},
            "geometry": {
                "type": "LineString",
                "coordinates": [
                    [
                        -76.67750916666667,
                        40.26773361111111
                    ],
                    [
                        -76.67549333333334,
                        40.258945555555556
                    ]
                ]
            }
        },
        {
            "type": "Feature",
            "properties": {},
            "geometry": {
                "type": "LineString",
                "coordinates": [
                    [
                        -76.6697413888889,
                        40.26873194444445
                    ],
                    [
                        -76.66772666666667,
                        40.25994388888889
                    ]
                ]
            }
        },
        {
            "type": "Feature",
            "properties": {},
            "geometry": {
                "type": "LineString",
                "coordinates": [
                    [
                        -76.67656027777778,
                        40.26361388888889
                    ],
                    [
                        -76.66879277777778,
                        40.26461194444445
                    ]
                ]
            }
        },
        {
            "type": "Feature",
            "properties": {},
            "geometry": {
                "type": "LineString",
                "coordinates": [
                    [
                        -77.86739999999999,
                        40.31825166666667
                    ],
                    [
                        -77.86764749999999,
                        40.31658972222222
                    ],
                    [
                        -77.86842722222221,
                        40.31502777777777
                    ],
                    [
                        -77.86969027777778,
                        40.31366277777777
                    ],
                    [
                        -77.87135666666666,
                        40.31258083333333
                    ],
                    [
                        -77.8733225,
                        40.31185055555555
                    ],
                    [
                        -77.8754636111111,
                        40.31151666666666
                    ],
                    [
                        -77.87764555555555,
                        40.31160166666666
                    ],
                    [
                        -77.87973166666666,
                        40.31209916666666
                    ],
                    [
                        -77.88159055555555,
                        40.312977499999995
                    ],
                    [
                        -77.88310555555555,
                        40.31418277777777
                    ],
                    [
                        -77.88418194444445,
                        40.315638888888884
                    ],
                    [
                        -77.88475111111111,
                        40.31725361111111
                    ],
                    [
                        -77.88477805555556,
                        40.31892555555556
                    ],
                    [
                        -77.88426055555556,
                        40.320550833333336
                    ],
                    [
                        -77.8832311111111,
                        40.322026111111114
                    ],
                    [
                        -77.88175527777777,
                        40.323259722222225
                    ],
                    [
                        -77.87992472222221,
                        40.324173333333334
                    ],
                    [
                        -77.87785472222221,
                        40.324709722222224
                    ],
                    [
                        -77.87567555555555,
                        40.324835
                    ],
                    [
                        -77.87352416666666,
                        40.32454166666667
                    ],
                    [
                        -77.87153527777777,
                        40.32384805555556
                    ],
                    [
                        -77.86983472222222,
                        40.3227975
                    ],
                    [
                        -77.86852888888889,
                        40.32145638888889
                    ],
                    [
                        -77.86769972222221,
                        40.31990805555556
                    ],
                    [
                        -77.86739999999999,
                        40.31825166666667
                    ]
                ]
            }
        },
        {
            "type": "Feature",
            "properties": {},
            "geometry": {
                "type": "LineString",
                "coordinates": [
                    [
                        -77.88835805555556,
                        40.316447499999995
                    ],
                    [
                        -77.8846588888889,
                        40.31694
                    ]
                ]
            }
        },
        {
            "type": "Feature",
            "properties": {},
            "geometry": {
                "type": "LineString",
                "coordinates": [
                    [
                        -77.86759805555555,
                        40.319296111111115
                    ],
                    [
                        -77.86378083333332,
                        40.31988055555556
                    ]
                ]
            }
        },
        {
            "type": "Feature",
            "properties": {},
            "geometry": {
                "type": "LineString",
                "coordinates": [
                    [
                        -77.87824888888888,
                        40.32734277777778
                    ],
                    [
                        -77.8776086111111,
                        40.32469444444445
                    ]
                ]
            }
        },
        {
            "type": "Feature",
            "properties": {},
            "geometry": {
                "type": "LineString",
                "coordinates": [
                    [
                        -77.8744111111111,
                        40.311636111111106
                    ],
                    [
                        -77.87364472222221,
                        40.30853083333333
                    ]
                ]
            }
        },
        {
            "type": "Feature",
            "properties": {},
            "geometry": {
                "type": "LineString",
                "coordinates": [
                    [
                        -76.62364527777777,
                        40.02348416666666
                    ],
                    [
                        -76.61861666666665,
                        40.034458888888885
                    ],
                    [
                        -76.60864027777777,
                        40.02538277777778
                    ]
                ]
            }
        },
        {
            "type": "Feature",
            "properties": {},
            "geometry": {
                "type": "LineString",
                "coordinates": [
                    [
                        -76.79444694444445,
                        40.18579916666666
                    ],
                    [
                        -76.79451805555556,
                        40.18557666666666
                    ],
                    [
                        -76.79471666666666,
                        40.185404999999996
                    ],
                    [
                        -76.79499638888889,
                        40.18532416666666
                    ],
                    [
                        -76.79529305555555,
                        40.18535166666666
                    ],
                    [
                        -76.79553916666667,
                        40.18548194444444
                    ],
                    [
                        -76.79567777777777,
                        40.18568444444444
                    ],
                    [
                        -76.79567777777777,
                        40.18591416666666
                    ],
                    [
                        -76.79553916666667,
                        40.186117499999995
                    ],
                    [
                        -76.79529305555555,
                        40.18624777777777
                    ],
                    [
                        -76.79499638888889,
                        40.186274999999995
                    ],
                    [
                        -76.79471666666666,
                        40.18619333333333
                    ],
                    [
                        -76.79451805555556,
                        40.18602166666666
                    ],
                    [
                        -76.79444694444445,
                        40.18579916666666
                    ],
                    [
                        -76.79444694444445,
                        40.18579916666666
                    ]
                ]
            }
        },
        {
            "type": "Feature",
            "properties": {},
            "geometry": {
                "type": "LineString",
                "coordinates": [
                    [
                        -76.79459472222221,
                        40.18615555555555
                    ],
                    [
                        -76.79447527777778,
                        40.185606388888885
                    ]
                ]
            }
        },
        {
            "type": "Feature",
            "properties": {},
            "geometry": {
                "type": "LineString",
                "coordinates": [
                    [
                        -76.79483305555556,
                        40.18624777777777
                    ],
                    [
                        -76.79459472222221,
                        40.185423888888884
                    ]
                ]
            }
        },
        {
            "type": "Feature",
            "properties": {},
            "geometry": {
                "type": "LineString",
                "coordinates": [
                    [
                        -76.79495277777778,
                        40.18624777777777
                    ],
                    [
                        -76.79483305555556,
                        40.185332499999994
                    ]
                ]
            }
        },
        {
            "type": "Feature",
            "properties": {},
            "geometry": {
                "type": "LineString",
                "coordinates": [
                    [
                        -76.79519138888888,
                        40.18624777777777
                    ],
                    [
                        -76.79495277777778,
                        40.185332499999994
                    ]
                ]
            }
        },
        {
            "type": "Feature",
            "properties": {},
            "geometry": {
                "type": "LineString",
                "coordinates": [
                    [
                        -76.79531055555556,
                        40.18624777777777
                    ],
                    [
                        -76.79519138888888,
                        40.185332499999994
                    ]
                ]
            }
        },
        {
            "type": "Feature",
            "properties": {},
            "geometry": {
                "type": "LineString",
                "coordinates": [
                    [
                        -76.79554944444445,
                        40.18615555555555
                    ],
                    [
                        -76.79531055555556,
                        40.185332499999994
                    ]
                ]
            }
        },
        {
            "type": "Feature",
            "properties": {},
            "geometry": {
                "type": "LineString",
                "coordinates": [
                    [
                        -76.79566833333332,
                        40.18597305555555
                    ],
                    [
                        -76.79554944444445,
                        40.185423888888884
                    ]
                ]
            }
        },
        {
            "type": "Feature",
            "properties": {},
            "geometry": {
                "type": "LineString",
                "coordinates": [
                    [
                        -77.26601444444445,
                        39.84135027777778
                    ],
                    [
                        -77.26627444444445,
                        39.839689722222225
                    ],
                    [
                        -77.26706277777778,
                        39.83813138888889
                    ],
                    [
                        -77.26832861111112,
                        39.8367725
                    ],
                    [
                        -77.26999305555556,
                        39.83569972222222
                    ],
                    [
                        -77.2719513888889,
                        39.83497888888889
                    ],
                    [
                        -77.27408055555556,
                        39.83465694444445
                    ],
                    [
                        -77.2762463888889,
                        39.83475277777778
                    ],
                    [
                        -77.27831361111112,
                        39.83526083333334
                    ],
                    [
                        -77.28015166666667,
                        39.83615
                    ],
                    [
                        -77.28164555555556,
                        39.83736305555556
                    ],
                    [
                        -77.28270166666667,
                        39.83882416666667
                    ],
                    [
                        -77.2832525,
                        39.84044222222222
                    ],
                    [
                        -77.28326472222223,
                        39.84211444444445
                    ],
                    [
                        -77.28273638888889,
                        39.843737222222224
                    ],
                    [
                        -77.28170138888889,
                        39.8452075
                    ],
                    [
                        -77.280225,
                        39.84643305555556
                    ],
                    [
                        -77.27839916666666,
                        39.84733638888889
                    ],
                    [
                        -77.27633861111111,
                        39.847862222222226
                    ],
                    [
                        -77.27417333333334,
                        39.84797666666667
                    ],
                    [
                        -77.27204,
                        39.84767166666667
                    ],
                    [
                        -77.2700713888889,
                        39.84696805555556
                    ],
                    [
                        -77.26839194444445,
                        39.84590861111111
                    ],
                    [
                        -77.26710694444445,
                        39.84456027777778
                    ],
                    [
                        -77.26629777777778,
                        39.84300888888889
                    ],
                    [
                        -77.26601444444445,
                        39.84135027777778
                    ]
                ]
            }
        },
        {
            "type": "Feature",
            "properties": {},
            "geometry": {
                "type": "LineString",
                "coordinates": [
                    [
                        -77.28683888888888,
                        39.83969416666667
                    ],
                    [
                        -77.28316166666667,
                        39.84016694444445
                    ]
                ]
            }
        },
        {
            "type": "Feature",
            "properties": {},
            "geometry": {
                "type": "LineString",
                "coordinates": [
                    [
                        -77.2661988888889,
                        39.842435
                    ],
                    [
                        -77.26240333333334,
                        39.842999444444445
                    ]
                ]
            }
        },
        {
            "type": "Feature",
            "properties": {},
            "geometry": {
                "type": "LineString",
                "coordinates": [
                    [
                        -77.27670444444445,
                        39.85053666666667
                    ],
                    [
                        -77.27609194444445,
                        39.84788555555556
                    ]
                ]
            }
        },
        {
            "type": "Feature",
            "properties": {},
            "geometry": {
                "type": "LineString",
                "coordinates": [
                    [
                        -77.27303222222223,
                        39.834809722222225
                    ],
                    [
                        -77.27229833333334,
                        39.831700833333336
                    ]
                ]
            }
        },
        {
            "type": "Feature",
            "properties": {},
            "geometry": {
                "type": "LineString",
                "coordinates": [
                    [
                        -76.19254388888889,
                        40.041532499999995
                    ],
                    [
                        -76.19283138888889,
                        40.039873888888884
                    ],
                    [
                        -76.1936463888889,
                        40.03832305555555
                    ],
                    [
                        -76.19493722222222,
                        40.03697694444444
                    ],
                    [
                        -76.19662333333333,
                        40.035919444444446
                    ],
                    [
                        -76.19859833333334,
                        40.035217499999995
                    ],
                    [
                        -76.20073888888889,
                        40.03491472222222
                    ],
                    [
                        -76.20290916666667,
                        40.03503138888889
                    ],
                    [
                        -76.20497444444445,
                        40.03555861111111
                    ],
                    [
                        -76.20680416666667,
                        40.03646444444444
                    ],
                    [
                        -76.20828277777778,
                        40.03769083333333
                    ],
                    [
                        -76.20931861111112,
                        40.039162499999996
                    ],
                    [
                        -76.20984555555556,
                        40.04078527777778
                    ],
                    [
                        -76.20983194444445,
                        40.04245805555556
                    ],
                    [
                        -76.20927666666667,
                        40.04407527777778
                    ],
                    [
                        -76.20821527777778,
                        40.04553527777777
                    ],
                    [
                        -76.206715,
                        40.046747499999995
                    ],
                    [
                        -76.20486972222223,
                        40.04763416666666
                    ],
                    [
                        -76.20279527777778,
                        40.04814
                    ],
                    [
                        -76.20062194444445,
                        40.04823444444444
                    ],
                    [
                        -76.19848722222223,
                        40.047909999999995
                    ],
                    [
                        -76.19652444444445,
                        40.04718694444444
                    ],
                    [
                        -76.1948563888889,
                        40.04611277777778
                    ],
                    [
                        -76.19358972222223,
                        40.044752777777774
                    ],
                    [
                        -76.19280222222223,
                        40.043193333333335
                    ],
                    [
                        -76.19254388888889,
                        40.041532499999995
                    ]
                ]
            }
        },
        {
            "type": "Feature",
            "properties": {},
            "geometry": {
                "type": "LineString",
                "coordinates": [
                    [
                        -76.21350472222223,
                        40.03999222222222
                    ],
                    [
                        -76.20980861111111,
                        40.040522777777774
                    ]
                ]
            }
        },
        {
            "type": "Feature",
            "properties": {},
            "geometry": {
                "type": "LineString",
                "coordinates": [
                    [
                        -76.19276166666667,
                        40.042631944444445
                    ],
                    [
                        -76.18894722222223,
                        40.04306916666666
                    ]
                ]
            }
        },
        {
            "type": "Feature",
            "properties": {},
            "geometry": {
                "type": "LineString",
                "coordinates": [
                    [
                        -76.20317055555556,
                        40.05073972222222
                    ],
                    [
                        -76.20259777777778,
                        40.04808305555555
                    ]
                ]
            }
        },
        {
            "type": "Feature",
            "properties": {},
            "geometry": {
                "type": "LineString",
                "coordinates": [
                    [
                        -76.199735,
                        40.03497972222222
                    ],
                    [
                        -76.19904833333334,
                        40.031864722222224
                    ]
                ]
            }
        },
        {
            "type": "Feature",
            "properties": {},
            "geometry": {
                "type": "LineString",
                "coordinates": [
                    [
                        -75.85676694444444,
                        39.978924722222224
                    ],
                    [
                        -75.85706222222221,
                        39.9772675
                    ],
                    [
                        -75.85788388888888,
                        39.97571888888889
                    ],
                    [
                        -75.85918027777777,
                        39.97437638888889
                    ],
                    [
                        -75.86087027777778,
                        39.97332388888889
                    ],
                    [
                        -75.86284666666666,
                        39.97262777777778
                    ],
                    [
                        -75.86498666666667,
                        39.97233166666667
                    ],
                    [
                        -75.86715472222221,
                        39.97245361111111
                    ],
                    [
                        -75.86921527777777,
                        39.9729875
                    ],
                    [
                        -75.87103888888888,
                        39.97389805555556
                    ],
                    [
                        -75.87251027777778,
                        39.97512916666667
                    ],
                    [
                        -75.87353805555554,
                        39.97660333333334
                    ],
                    [
                        -75.8740561111111,
                        39.978228333333334
                    ],
                    [
                        -75.8740336111111,
                        39.97990027777778
                    ],
                    [
                        -75.8734711111111,
                        39.98151638888889
                    ],
                    [
                        -75.87240416666666,
                        39.98297361111111
                    ],
                    [
                        -75.87089944444443,
                        39.98418138888889
                    ],
                    [
                        -75.86905138888888,
                        39.985062222222226
                    ],
                    [
                        -75.8669761111111,
                        39.98556277777778
                    ],
                    [
                        -75.86480499999999,
                        39.98565055555556
                    ],
                    [
                        -75.86267333333333,
                        39.98531916666667
                    ],
                    [
                        -75.86071555555554,
                        39.98459166666667
                    ],
                    [
                        -75.85905472222221,
                        39.983511944444444
                    ],
                    [
                        -75.85779527777777,
                        39.982148333333335
                    ],
                    [
                        -75.85701638888888,
                        39.98058666666667
                    ],
                    [
                        -75.85676694444444,
                        39.978924722222224
                    ]
                ]
            }
        },
        {
            "type": "Feature",
            "properties": {},
            "geometry": {
                "type": "LineString",
                "coordinates": [
                    [
                        -75.87770805555554,
                        39.977493611111115
                    ],
                    [
                        -75.87401416666665,
                        39.97792166666667
                    ]
                ]
            }
        },
        {
            "type": "Feature",
            "properties": {},
            "geometry": {
                "type": "LineString",
                "coordinates": [
                    [
                        -75.85685333333333,
                        39.979979722222225
                    ],
                    [
                        -75.85315833333333,
                        39.98049833333334
                    ]
                ]
            }
        },
        {
            "type": "Feature",
            "properties": {},
            "geometry": {
                "type": "LineString",
                "coordinates": [
                    [
                        -75.86733027777777,
                        39.98821083333333
                    ],
                    [
                        -75.86677194444444,
                        39.985551944444445
                    ]
                ]
            }
        },
        {
            "type": "Feature",
            "properties": {},
            "geometry": {
                "type": "LineString",
                "coordinates": [
                    [
                        -75.8639761111111,
                        39.97244055555556
                    ],
                    [
                        -75.86330472222221,
                        39.969323333333335
                    ]
                ]
            }
        },
        {
            "type": "Feature",
            "properties": {},
            "geometry": {
                "type": "LineString",
                "coordinates": [
                    [
                        -76.54363222222221,
                        40.83692527777778
                    ],
                    [
                        -76.54391416666667,
                        40.83526666666667
                    ],
                    [
                        -76.54473055555556,
                        40.83371416666667
                    ],
                    [
                        -76.54603,
                        40.83236388888889
                    ],
                    [
                        -76.54773,
                        40.83130166666667
                    ],
                    [
                        -76.54972527777778,
                        40.83059361111111
                    ],
                    [
                        -76.55188916666667,
                        40.830284722222224
                    ],
                    [
                        -76.55408555555556,
                        40.83039388888889
                    ],
                    [
                        -76.55617833333334,
                        40.830915555555556
                    ],
                    [
                        -76.55803416666666,
                        40.83181527777778
                    ],
                    [
                        -76.55953694444445,
                        40.8330375
                    ],
                    [
                        -76.56059222222223,
                        40.83450527777778
                    ],
                    [
                        -76.56113444444445,
                        40.83612611111111
                    ],
                    [
                        -76.5611286111111,
                        40.83779861111111
                    ],
                    [
                        -76.56057555555556,
                        40.839417222222224
                    ],
                    [
                        -76.55950916666666,
                        40.84088055555556
                    ],
                    [
                        -76.55799722222221,
                        40.84209666666667
                    ],
                    [
                        -76.55613527777777,
                        40.84298888888889
                    ],
                    [
                        -76.55403916666667,
                        40.84350138888889
                    ],
                    [
                        -76.5518411111111,
                        40.84360138888889
                    ],
                    [
                        -76.54967888888889,
                        40.84328388888889
                    ],
                    [
                        -76.54768861111111,
                        40.84256777777778
                    ],
                    [
                        -76.54599583333334,
                        40.8414975
                    ],
                    [
                        -76.54470666666667,
                        40.84014194444445
                    ],
                    [
                        -76.54390166666667,
                        40.83858527777778
                    ],
                    [
                        -76.54363222222221,
                        40.83692527777778
                    ]
                ]
            }
        },
        {
            "type": "Feature",
            "properties": {},
            "geometry": {
                "type": "LineString",
                "coordinates": [
                    [
                        -76.56483138888889,
                        40.835413611111115
                    ],
                    [
                        -76.56097472222221,
                        40.835863333333336
                    ]
                ]
            }
        },
        {
            "type": "Feature",
            "properties": {},
            "geometry": {
                "type": "LineString",
                "coordinates": [
                    [
                        -76.54373777777778,
                        40.83802388888889
                    ],
                    [
                        -76.53988027777777,
                        40.83847277777778
                    ]
                ]
            }
        },
        {
            "type": "Feature",
            "properties": {},
            "geometry": {
                "type": "LineString",
                "coordinates": [
                    [
                        -76.55431138888889,
                        40.84619055555556
                    ],
                    [
                        -76.55371833333334,
                        40.843535833333334
                    ]
                ]
            }
        },
        {
            "type": "Feature",
            "properties": {},
            "geometry": {
                "type": "LineString",
                "coordinates": [
                    [
                        -76.55087416666666,
                        40.830352500000004
                    ],
                    [
                        -76.55016222222221,
                        40.827331111111114
                    ]
                ]
            }
        },
        {
            "type": "Feature",
            "properties": {},
            "geometry": {
                "type": "LineString",
                "coordinates": [
                    [
                        -76.3643411111111,
                        40.70645777777778
                    ],
                    [
                        -76.36462722222221,
                        40.70479944444445
                    ],
                    [
                        -76.36544611111111,
                        40.7032475
                    ],
                    [
                        -76.36674666666666,
                        40.70189888888889
                    ],
                    [
                        -76.36844666666666,
                        40.70083944444445
                    ],
                    [
                        -76.37043916666666,
                        40.700134722222224
                    ],
                    [
                        -76.37259999999999,
                        40.69982916666666
                    ],
                    [
                        -76.37479222222221,
                        40.69994194444444
                    ],
                    [
                        -76.37687916666665,
                        40.70046638888889
                    ],
                    [
                        -76.37872916666666,
                        40.701368611111114
                    ],
                    [
                        -76.38022527777777,
                        40.70259388888889
                    ],
                    [
                        -76.38127555555555,
                        40.70406305555556
                    ],
                    [
                        -76.38181222222221,
                        40.705685
                    ],
                    [
                        -76.38180194444443,
                        40.70735666666667
                    ],
                    [
                        -76.38124527777777,
                        40.708975
                    ],
                    [
                        -76.38017749999999,
                        40.710437222222225
                    ],
                    [
                        -76.37866555555554,
                        40.71165055555556
                    ],
                    [
                        -76.37680444444443,
                        40.712539722222225
                    ],
                    [
                        -76.37471083333332,
                        40.71304972222222
                    ],
                    [
                        -76.37251666666666,
                        40.71314666666667
                    ],
                    [
                        -76.37035944444443,
                        40.712825
                    ],
                    [
                        -76.36837555555555,
                        40.71210611111111
                    ],
                    [
                        -76.3666886111111,
                        40.71103388888889
                    ],
                    [
                        -76.36540527777777,
                        40.709675833333336
                    ],
                    [
                        -76.3646061111111,
                        40.70811805555556
                    ],
                    [
                        -76.3643411111111,
                        40.70645777777778
                    ]
                ]
            }
        },
        {
            "type": "Feature",
            "properties": {},
            "geometry": {
                "type": "LineString",
                "coordinates": [
                    [
                        -76.3853838888889,
                        40.70497805555556
                    ],
                    [
                        -76.38165305555555,
                        40.705422222222225
                    ]
                ]
            }
        },
        {
            "type": "Feature",
            "properties": {},
            "geometry": {
                "type": "LineString",
                "coordinates": [
                    [
                        -76.3644436111111,
                        40.70755638888889
                    ],
                    [
                        -76.36059277777777,
                        40.70799944444445
                    ]
                ]
            }
        },
        {
            "type": "Feature",
            "properties": {},
            "geometry": {
                "type": "LineString",
                "coordinates": [
                    [
                        -76.37497527777776,
                        40.715739444444445
                    ],
                    [
                        -76.37438999999999,
                        40.71308305555556
                    ]
                ]
            }
        },
        {
            "type": "Feature",
            "properties": {},
            "geometry": {
                "type": "LineString",
                "coordinates": [
                    [
                        -76.37146638888888,
                        40.69989472222222
                    ],
                    [
                        -76.37088416666666,
                        40.69687305555555
                    ]
                ]
            }
        },
        {
            "type": "Feature",
            "properties": {},
            "geometry": {
                "type": "LineString",
                "coordinates": [
                    [
                        -76.56057472222221,
                        40.43485333333333
                    ],
                    [
                        -76.56085444444444,
                        40.43319444444444
                    ],
                    [
                        -76.56166583333334,
                        40.43164111111111
                    ],
                    [
                        -76.56295722222222,
                        40.43029055555555
                    ],
                    [
                        -76.56464694444445,
                        40.429227499999996
                    ],
                    [
                        -76.56663,
                        40.42851944444444
                    ],
                    [
                        -76.56878083333334,
                        40.42821027777777
                    ],
                    [
                        -76.570965,
                        40.42831944444444
                    ],
                    [
                        -76.57304444444443,
                        40.42884027777777
                    ],
                    [
                        -76.57488972222222,
                        40.429739999999995
                    ],
                    [
                        -76.57638416666666,
                        40.43096194444444
                    ],
                    [
                        -76.57743388888889,
                        40.43242972222222
                    ],
                    [
                        -76.57797305555555,
                        40.43405055555555
                    ],
                    [
                        -76.57796722222221,
                        40.43572333333333
                    ],
                    [
                        -76.57741777777777,
                        40.43734194444444
                    ],
                    [
                        -76.57635888888889,
                        40.438806111111106
                    ],
                    [
                        -76.57485638888889,
                        40.44002222222222
                    ],
                    [
                        -76.57300527777777,
                        40.44091472222222
                    ],
                    [
                        -76.57092138888889,
                        40.441427499999996
                    ],
                    [
                        -76.56873638888888,
                        40.44152888888888
                    ],
                    [
                        -76.56658722222222,
                        40.44121083333333
                    ],
                    [
                        -76.56460861111111,
                        40.44049527777778
                    ],
                    [
                        -76.56292583333332,
                        40.43942555555555
                    ],
                    [
                        -76.56164388888888,
                        40.438069999999996
                    ],
                    [
                        -76.56084333333332,
                        40.43651305555555
                    ],
                    [
                        -76.56057472222221,
                        40.43485333333333
                    ]
                ]
            }
        },
        {
            "type": "Feature",
            "properties": {},
            "geometry": {
                "type": "LineString",
                "coordinates": [
                    [
                        -76.58152833333332,
                        40.43333777777777
                    ],
                    [
                        -76.57781416666667,
                        40.433788611111105
                    ]
                ]
            }
        },
        {
            "type": "Feature",
            "properties": {},
            "geometry": {
                "type": "LineString",
                "coordinates": [
                    [
                        -76.56067944444445,
                        40.43595166666666
                    ],
                    [
                        -76.55684527777777,
                        40.43649305555555
                    ]
                ]
            }
        },
        {
            "type": "Feature",
            "properties": {},
            "geometry": {
                "type": "LineString",
                "coordinates": [
                    [
                        -76.57119277777777,
                        40.44411722222222
                    ],
                    [
                        -76.57060249999999,
                        40.4414625
                    ]
                ]
            }
        },
        {
            "type": "Feature",
            "properties": {},
            "geometry": {
                "type": "LineString",
                "coordinates": [
                    [
                        -76.56765194444444,
                        40.42836916666666
                    ],
                    [
                        -76.56706333333332,
                        40.42525666666666
                    ]
                ]
            }
        },
        {
            "type": "Feature",
            "properties": {},
            "geometry": {
                "type": "LineString",
                "coordinates": [
                    [
                        -76.32089444444443,
                        40.35211944444445
                    ],
                    [
                        -76.32118055555556,
                        40.35046166666667
                    ],
                    [
                        -76.32199555555555,
                        40.348909722222224
                    ],
                    [
                        -76.32329055555554,
                        40.34756138888889
                    ],
                    [
                        -76.32498194444445,
                        40.34650194444445
                    ],
                    [
                        -76.326965,
                        40.345798333333335
                    ],
                    [
                        -76.32911416666666,
                        40.34549305555556
                    ],
                    [
                        -76.33129555555556,
                        40.34560694444445
                    ],
                    [
                        -76.33337083333333,
                        40.3461325
                    ],
                    [
                        -76.33521055555555,
                        40.34703583333334
                    ],
                    [
                        -76.3366986111111,
                        40.348261111111114
                    ],
                    [
                        -76.33774194444445,
                        40.34973111111111
                    ],
                    [
                        -76.33827472222222,
                        40.351353333333336
                    ],
                    [
                        -76.3382636111111,
                        40.353025833333334
                    ],
                    [
                        -76.33770861111111,
                        40.354643333333335
                    ],
                    [
                        -76.33664583333334,
                        40.35610527777778
                    ],
                    [
                        -76.33514027777777,
                        40.35731861111111
                    ],
                    [
                        -76.3332886111111,
                        40.35820694444445
                    ],
                    [
                        -76.33120555555556,
                        40.358716111111114
                    ],
                    [
                        -76.32902277777778,
                        40.35881194444445
                    ],
                    [
                        -76.32687722222222,
                        40.35849
                    ],
                    [
                        -76.32490416666667,
                        40.35777
                    ],
                    [
                        -76.32322666666666,
                        40.35669638888889
                    ],
                    [
                        -76.32195055555555,
                        40.355338333333336
                    ],
                    [
                        -76.32115722222221,
                        40.35378027777778
                    ],
                    [
                        -76.32089444444443,
                        40.35211944444445
                    ]
                ]
            }
        },
        {
            "type": "Feature",
            "properties": {},
            "geometry": {
                "type": "LineString",
                "coordinates": [
                    [
                        -76.34182777777777,
                        40.35064777777778
                    ],
                    [
                        -76.33811694444444,
                        40.35109055555556
                    ]
                ]
            }
        },
        {
            "type": "Feature",
            "properties": {},
            "geometry": {
                "type": "LineString",
                "coordinates": [
                    [
                        -76.32099527777777,
                        40.35321805555556
                    ],
                    [
                        -76.31716416666666,
                        40.353659722222226
                    ]
                ]
            }
        },
        {
            "type": "Feature",
            "properties": {},
            "geometry": {
                "type": "LineString",
                "coordinates": [
                    [
                        -76.33146666666666,
                        40.361405833333336
                    ],
                    [
                        -76.33088666666666,
                        40.35874916666667
                    ]
                ]
            }
        },
        {
            "type": "Feature",
            "properties": {},
            "geometry": {
                "type": "LineString",
                "coordinates": [
                    [
                        -76.32798694444445,
                        40.34555916666667
                    ],
                    [
                        -76.32728999999999,
                        40.342535833333336
                    ]
                ]
            }
        },
        {
            "type": "Feature",
            "properties": {},
            "geometry": {
                "type": "LineString",
                "coordinates": [
                    [
                        -76.56873194444444,
                        40.287614999999995
                    ],
                    [
                        -76.56901083333332,
                        40.28595611111111
                    ],
                    [
                        -76.56982027777778,
                        40.28440194444444
                    ],
                    [
                        -76.57110861111111,
                        40.283051944444445
                    ],
                    [
                        -76.57279472222221,
                        40.28198888888889
                    ],
                    [
                        -76.57477277777777,
                        40.28128
                    ],
                    [
                        -76.57691916666667,
                        40.28097111111111
                    ],
                    [
                        -76.57909833333333,
                        40.281079999999996
                    ],
                    [
                        -76.58117416666666,
                        40.281600833333336
                    ],
                    [
                        -76.583015,
                        40.28250055555556
                    ],
                    [
                        -76.58450666666666,
                        40.283722499999996
                    ],
                    [
                        -76.58555416666667,
                        40.28519027777777
                    ],
                    [
                        -76.58609194444443,
                        40.286811111111106
                    ],
                    [
                        -76.58608694444445,
                        40.288483888888884
                    ],
                    [
                        -76.58553888888889,
                        40.290102499999996
                    ],
                    [
                        -76.58448194444443,
                        40.29156666666667
                    ],
                    [
                        -76.58298305555556,
                        40.292782777777774
                    ],
                    [
                        -76.58113583333333,
                        40.29367555555555
                    ],
                    [
                        -76.57905694444445,
                        40.29418916666666
                    ],
                    [
                        -76.57687638888889,
                        40.29428972222222
                    ],
                    [
                        -76.57473194444444,
                        40.293972499999995
                    ],
                    [
                        -76.57275777777778,
                        40.293256388888885
                    ],
                    [
                        -76.57107805555555,
                        40.29218722222222
                    ],
                    [
                        -76.56979833333332,
                        40.29083166666666
                    ],
                    [
                        -76.569,
                        40.289274999999996
                    ],
                    [
                        -76.56873194444444,
                        40.287614999999995
                    ]
                ]
            }
        },
        {
            "type": "Feature",
            "properties": {},
            "geometry": {
                "type": "LineString",
                "coordinates": [
                    [
                        -76.58975916666667,
                        40.28600611111111
                    ],
                    [
                        -76.58605361111111,
                        40.28645722222222
                    ]
                ]
            }
        },
        {
            "type": "Feature",
            "properties": {},
            "geometry": {
                "type": "LineString",
                "coordinates": [
                    [
                        -76.56883722222221,
                        40.288621388888885
                    ],
                    [
                        -76.56513027777777,
                        40.28916361111111
                    ]
                ]
            }
        },
        {
            "type": "Feature",
            "properties": {},
            "geometry": {
                "type": "LineString",
                "coordinates": [
                    [
                        -76.57932833333334,
                        40.29678666666666
                    ],
                    [
                        -76.57873888888888,
                        40.294131944444445
                    ]
                ]
            }
        },
        {
            "type": "Feature",
            "properties": {},
            "geometry": {
                "type": "LineString",
                "coordinates": [
                    [
                        -76.5759125,
                        40.28103861111111
                    ],
                    [
                        -76.57520555555556,
                        40.27792611111111
                    ]
                ]
            }
        },
        {
            "type": "Feature",
            "properties": {},
            "geometry": {
                "type": "LineString",
                "coordinates": [
                    [
                        -75.9030175,
                        40.34379888888889
                    ],
                    [
                        -75.89772944444445,
                        40.35474055555556
                    ],
                    [
                        -75.88792166666667,
                        40.34560333333334
                    ]
                ]
            }
        },
        {
            "type": "Feature",
            "properties": {},
            "geometry": {
                "type": "LineString",
                "coordinates": [
                    [
                        -75.89962333333334,
                        40.310915277777774
                    ],
                    [
                        -75.89445611111111,
                        40.32195
                    ],
                    [
                        -75.88453416666667,
                        40.31281166666666
                    ]
                ]
            }
        },
        {
            "type": "Feature",
            "properties": {},
            "geometry": {
                "type": "LineString",
                "coordinates": [
                    [
                        -76.8554036111111,
                        40.8212825
                    ],
                    [
                        -76.85567805555554,
                        40.81962388888889
                    ],
                    [
                        -76.85648722222221,
                        40.818068333333336
                    ],
                    [
                        -76.85777944444443,
                        40.81671472222222
                    ],
                    [
                        -76.85947499999999,
                        40.81564722222222
                    ],
                    [
                        -76.8614661111111,
                        40.81493444444444
                    ],
                    [
                        -76.86362777777777,
                        40.81461972222222
                    ],
                    [
                        -76.865825,
                        40.814723611111106
                    ],
                    [
                        -76.86791888888888,
                        40.815238888888885
                    ],
                    [
                        -76.8697786111111,
                        40.816133888888885
                    ],
                    [
                        -76.87128638888888,
                        40.81735194444445
                    ],
                    [
                        -76.87234888888888,
                        40.81881666666667
                    ],
                    [
                        -76.87289833333332,
                        40.820436111111114
                    ],
                    [
                        -76.87289999999999,
                        40.82210888888889
                    ],
                    [
                        -76.87235472222221,
                        40.823728611111115
                    ],
                    [
                        -76.87129555555555,
                        40.82519527777778
                    ],
                    [
                        -76.86978972222222,
                        40.826415555555556
                    ],
                    [
                        -76.86793194444444,
                        40.827312222222226
                    ],
                    [
                        -76.8658386111111,
                        40.82783055555556
                    ],
                    [
                        -76.86364138888888,
                        40.827937222222225
                    ],
                    [
                        -76.86147833333332,
                        40.827624722222225
                    ],
                    [
                        -76.85948583333332,
                        40.82691416666667
                    ],
                    [
                        -76.85778805555555,
                        40.82584888888889
                    ],
                    [
                        -76.85649305555555,
                        40.82449666666667
                    ],
                    [
                        -76.85568083333332,
                        40.822942222222224
                    ],
                    [
                        -76.8554036111111,
                        40.8212825
                    ]
                ]
            }
        },
        {
            "type": "Feature",
            "properties": {},
            "geometry": {
                "type": "LineString",
                "coordinates": [
                    [
                        -76.8766186111111,
                        40.81969027777778
                    ],
                    [
                        -76.87276499999999,
                        40.82015055555556
                    ]
                ]
            }
        },
        {
            "type": "Feature",
            "properties": {},
            "geometry": {
                "type": "LineString",
                "coordinates": [
                    [
                        -76.85554166666667,
                        40.82235638888889
                    ],
                    [
                        -76.85168777777777,
                        40.82281583333334
                    ]
                ]
            }
        },
        {
            "type": "Feature",
            "properties": {},
            "geometry": {
                "type": "LineString",
                "coordinates": [
                    [
                        -76.86615083333332,
                        40.83049444444445
                    ],
                    [
                        -76.86554555555556,
                        40.82784138888889
                    ]
                ]
            }
        },
        {
            "type": "Feature",
            "properties": {},
            "geometry": {
                "type": "LineString",
                "coordinates": [
                    [
                        -76.86264138888889,
                        40.81466583333333
                    ],
                    [
                        -76.86191527777777,
                        40.81164694444444
                    ]
                ]
            }
        },
        {
            "type": "Feature",
            "properties": {},
            "geometry": {
                "type": "LineString",
                "coordinates": [
                    [
                        -76.26966583333333,
                        39.75781166666667
                    ],
                    [
                        -76.26980361111112,
                        39.7572625
                    ],
                    [
                        -76.27018888888888,
                        39.75678888888889
                    ],
                    [
                        -76.27076972222223,
                        39.75645388888889
                    ],
                    [
                        -76.27146722222223,
                        39.756304722222225
                    ],
                    [
                        -76.27218888888889,
                        39.75635916666667
                    ],
                    [
                        -76.27283555555556,
                        39.75661138888889
                    ],
                    [
                        -76.27332111111112,
                        39.75702694444445
                    ],
                    [
                        -76.27357888888889,
                        39.757550277777774
                    ],
                    [
                        -76.27357444444445,
                        39.75810888888889
                    ],
                    [
                        -76.27330888888889,
                        39.758629722222224
                    ],
                    [
                        -76.2728175,
                        39.75904055555556
                    ],
                    [
                        -76.27216638888889,
                        39.75928694444445
                    ],
                    [
                        -76.27144472222223,
                        39.75933555555556
                    ],
                    [
                        -76.27074888888889,
                        39.75917916666667
                    ],
                    [
                        -76.27017305555556,
                        39.75883944444445
                    ],
                    [
                        -76.269795,
                        39.758362222222225
                    ],
                    [
                        -76.26966583333333,
                        39.75781166666667
                    ],
                    [
                        -76.26966583333333,
                        39.75781166666667
                    ]
                ]
            }
        },
        {
            "type": "Feature",
            "properties": {},
            "geometry": {
                "type": "LineString",
                "coordinates": [
                    [
                        -76.26777777777778,
                        39.76631527777778
                    ],
                    [
                        -76.2710338888889,
                        39.759282222222225
                    ]
                ]
            }
        },
        {
            "type": "Feature",
            "properties": {},
            "geometry": {
                "type": "LineString",
                "coordinates": [
                    [
                        -76.27236083333334,
                        39.75636
                    ],
                    [
                        -76.27549666666667,
                        39.74941805555556
                    ]
                ]
            }
        },
        {
            "type": "Feature",
            "properties": {},
            "geometry": {
                "type": "LineString",
                "coordinates": [
                    [
                        -76.27929444444445,
                        39.764719722222225
                    ],
                    [
                        -76.27281444444445,
                        39.759015833333336
                    ]
                ]
            }
        },
        {
            "type": "Feature",
            "properties": {},
            "geometry": {
                "type": "LineString",
                "coordinates": [
                    [
                        -76.27034222222223,
                        39.75671666666667
                    ],
                    [
                        -76.26398222222223,
                        39.75110388888889
                    ]
                ]
            }
        },
        {
            "type": "Feature",
            "properties": {},
            "geometry": {
                "type": "LineString",
                "coordinates": [
                    [
                        -76.28303527777777,
                        39.75613305555556
                    ],
                    [
                        -76.2735375,
                        39.757554722222224
                    ]
                ]
            }
        },
        {
            "type": "Feature",
            "properties": {},
            "geometry": {
                "type": "LineString",
                "coordinates": [
                    [
                        -76.26973888888888,
                        39.75808638888889
                    ],
                    [
                        -76.26024027777778,
                        39.759507222222226
                    ]
                ]
            }
        },
        {
            "type": "Feature",
            "properties": {},
            "geometry": {
                "type": "LineString",
                "coordinates": [
                    [
                        -76.26779527777778,
                        39.76634527777778
                    ],
                    [
                        -76.27079166666667,
                        39.766822499999996
                    ],
                    [
                        -76.27384583333333,
                        39.7666825
                    ],
                    [
                        -76.27674805555556,
                        39.76593527777778
                    ],
                    [
                        -76.27929861111112,
                        39.764631944444446
                    ]
                ]
            }
        },
        {
            "type": "Feature",
            "properties": {},
            "geometry": {
                "type": "LineString",
                "coordinates": [
                    [
                        -76.28310277777777,
                        39.75613888888889
                    ],
                    [
                        -76.28214694444445,
                        39.75391055555556
                    ],
                    [
                        -76.2804775,
                        39.75194777777778
                    ],
                    [
                        -76.27820861111111,
                        39.75038388888889
                    ],
                    [
                        -76.27549305555556,
                        39.74932555555556
                    ],
                    [
                        -76.27549305555556,
                        39.74932555555556
                    ]
                ]
            }
        },
        {
            "type": "Feature",
            "properties": {},
            "geometry": {
                "type": "LineString",
                "coordinates": [
                    [
                        -76.2639363888889,
                        39.75105305555556
                    ],
                    [
                        -76.26194611111111,
                        39.75279805555556
                    ],
                    [
                        -76.26060027777778,
                        39.75487694444445
                    ],
                    [
                        -76.25998777777778,
                        39.757153611111114
                    ],
                    [
                        -76.26014972222222,
                        39.75947472222222
                    ]
                ]
            }
        },
        {
            "type": "Feature",
            "properties": {},
            "geometry": {
                "type": "LineString",
                "coordinates": [
                    [
                        -76.55093833333333,
                        40.558496388888884
                    ],
                    [
                        -76.55121916666667,
                        40.5568375
                    ],
                    [
                        -76.55203194444444,
                        40.55528361111111
                    ],
                    [
                        -76.55332555555555,
                        40.553933888888885
                    ],
                    [
                        -76.55501916666667,
                        40.55287055555555
                    ],
                    [
                        -76.557005,
                        40.552162777777774
                    ],
                    [
                        -76.55916027777778,
                        40.551853611111106
                    ],
                    [
                        -76.56134861111111,
                        40.551963611111105
                    ],
                    [
                        -76.56343194444445,
                        40.55248472222222
                    ],
                    [
                        -76.56528,
                        40.55338444444444
                    ],
                    [
                        -76.56677722222221,
                        40.554606388888885
                    ],
                    [
                        -76.56782833333332,
                        40.55607416666666
                    ],
                    [
                        -76.56836861111111,
                        40.557694999999995
                    ],
                    [
                        -76.56836277777778,
                        40.55936777777777
                    ],
                    [
                        -76.56781166666666,
                        40.560986388888885
                    ],
                    [
                        -76.56675055555556,
                        40.56245027777778
                    ],
                    [
                        -76.56524499999999,
                        40.56366666666666
                    ],
                    [
                        -76.56339055555556,
                        40.56455916666666
                    ],
                    [
                        -76.56130277777777,
                        40.56507166666666
                    ],
                    [
                        -76.5591136111111,
                        40.565172222222216
                    ],
                    [
                        -76.55696083333333,
                        40.564853888888884
                    ],
                    [
                        -76.55497916666667,
                        40.56413777777777
                    ],
                    [
                        -76.55329305555556,
                        40.563068611111106
                    ],
                    [
                        -76.55200888888889,
                        40.56171305555555
                    ],
                    [
                        -76.55120694444444,
                        40.560156111111105
                    ],
                    [
                        -76.55093833333333,
                        40.558496388888884
                    ]
                ]
            }
        },
        {
            "type": "Feature",
            "properties": {},
            "geometry": {
                "type": "LineString",
                "coordinates": [
                    [
                        -76.57189916666667,
                        40.55695861111111
                    ],
                    [
                        -76.56817749999999,
                        40.55740861111111
                    ]
                ]
            }
        },
        {
            "type": "Feature",
            "properties": {},
            "geometry": {
                "type": "LineString",
                "coordinates": [
                    [
                        -76.55101222222223,
                        40.55957027777777
                    ],
                    [
                        -76.54717083333333,
                        40.560019999999994
                    ]
                ]
            }
        },
        {
            "type": "Feature",
            "properties": {},
            "geometry": {
                "type": "LineString",
                "coordinates": [
                    [
                        -76.56154305555555,
                        40.56773694444445
                    ],
                    [
                        -76.56095222222221,
                        40.565081388888885
                    ]
                ]
            }
        },
        {
            "type": "Feature",
            "properties": {},
            "geometry": {
                "type": "LineString",
                "coordinates": [
                    [
                        -76.55799805555556,
                        40.551897499999995
                    ],
                    [
                        -76.55740916666666,
                        40.548876111111106
                    ]
                ]
            }
        },
        {
            "type": "Feature",
            "properties": {},
            "geometry": {
                "type": "LineString",
                "coordinates": [
                    [
                        -76.143185,
                        40.46089777777778
                    ],
                    [
                        -76.14330916666667,
                        40.460412222222224
                    ],
                    [
                        -76.14365444444445,
                        40.45999333333334
                    ],
                    [
                        -76.14417444444445,
                        40.459697222222225
                    ],
                    [
                        -76.14479916666667,
                        40.459565833333336
                    ],
                    [
                        -76.14544388888889,
                        40.45961444444445
                    ],
                    [
                        -76.14602166666667,
                        40.45983916666667
                    ],
                    [
                        -76.146455,
                        40.46020722222222
                    ],
                    [
                        -76.146685,
                        40.46067027777778
                    ],
                    [
                        -76.14668,
                        40.46116527777778
                    ],
                    [
                        -76.14644111111112,
                        40.46162555555556
                    ],
                    [
                        -76.14600138888889,
                        40.46198888888889
                    ],
                    [
                        -76.14541916666667,
                        40.462205833333336
                    ],
                    [
                        -76.14477305555556,
                        40.462248333333335
                    ],
                    [
                        -76.14415111111111,
                        40.46210888888889
                    ],
                    [
                        -76.1436363888889,
                        40.46180805555556
                    ],
                    [
                        -76.14329972222222,
                        40.46138555555556
                    ],
                    [
                        -76.143185,
                        40.46089777777778
                    ],
                    [
                        -76.143185,
                        40.46089777777778
                    ]
                ]
            }
        },
        {
            "type": "Feature",
            "properties": {},
            "geometry": {
                "type": "LineString",
                "coordinates": [
                    [
                        -76.14373944444445,
                        40.462091111111114
                    ],
                    [
                        -76.143275,
                        40.46053194444445
                    ]
                ]
            }
        },
        {
            "type": "Feature",
            "properties": {},
            "geometry": {
                "type": "LineString",
                "coordinates": [
                    [
                        -76.14433611111112,
                        40.46227694444445
                    ],
                    [
                        -76.14375833333334,
                        40.460077222222225
                    ]
                ]
            }
        },
        {
            "type": "Feature",
            "properties": {},
            "geometry": {
                "type": "LineString",
                "coordinates": [
                    [
                        -76.14481444444445,
                        40.46237166666667
                    ],
                    [
                        -76.14412055555556,
                        40.459805
                    ]
                ]
            }
        },
        {
            "type": "Feature",
            "properties": {},
            "geometry": {
                "type": "LineString",
                "coordinates": [
                    [
                        -76.14529444444445,
                        40.46237388888889
                    ],
                    [
                        -76.14460194444445,
                        40.45962472222222
                    ]
                ]
            }
        },
        {
            "type": "Feature",
            "properties": {},
            "geometry": {
                "type": "LineString",
                "coordinates": [
                    [
                        -76.145775,
                        40.46219388888889
                    ],
                    [
                        -76.14520083333333,
                        40.459628333333335
                    ]
                ]
            }
        },
        {
            "type": "Feature",
            "properties": {},
            "geometry": {
                "type": "LineString",
                "coordinates": [
                    [
                        -76.14613722222222,
                        40.46192138888889
                    ],
                    [
                        -76.14555916666667,
                        40.45972166666667
                    ]
                ]
            }
        },
        {
            "type": "Feature",
            "properties": {},
            "geometry": {
                "type": "LineString",
                "coordinates": [
                    [
                        -76.14650083333333,
                        40.461465833333335
                    ],
                    [
                        -76.14615583333334,
                        40.45999916666667
                    ]
                ]
            }
        },
        {
            "type": "Feature",
            "properties": {},
            "geometry": {
                "type": "LineString",
                "coordinates": [
                    [
                        -76.16167722222222,
                        40.46942027777778
                    ],
                    [
                        -76.16180111111112,
                        40.46893388888889
                    ],
                    [
                        -76.16214611111111,
                        40.468514722222224
                    ],
                    [
                        -76.1626663888889,
                        40.46821972222222
                    ],
                    [
                        -76.16329083333333,
                        40.4680875
                    ],
                    [
                        -76.16393611111111,
                        40.468136944444446
                    ],
                    [
                        -76.16451388888889,
                        40.468360833333335
                    ],
                    [
                        -76.16494722222222,
                        40.46872888888889
                    ],
                    [
                        -76.16517722222223,
                        40.46919194444445
                    ],
                    [
                        -76.16517277777778,
                        40.46968694444445
                    ],
                    [
                        -76.16493416666667,
                        40.470147222222224
                    ],
                    [
                        -76.16449416666667,
                        40.470510555555556
                    ],
                    [
                        -76.16391194444445,
                        40.4707275
                    ],
                    [
                        -76.16326611111111,
                        40.47077027777778
                    ],
                    [
                        -76.1626438888889,
                        40.47063138888889
                    ],
                    [
                        -76.16212944444445,
                        40.470329722222225
                    ],
                    [
                        -76.16179194444445,
                        40.469907222222226
                    ],
                    [
                        -76.16167722222222,
                        40.46942027777778
                    ],
                    [
                        -76.16167722222222,
                        40.46942027777778
                    ]
                ]
            }
        },
        {
            "type": "Feature",
            "properties": {},
            "geometry": {
                "type": "LineString",
                "coordinates": [
                    [
                        -76.16223305555556,
                        40.47043
                    ],
                    [
                        -76.16188833333334,
                        40.468872222222224
                    ]
                ]
            }
        },
        {
            "type": "Feature",
            "properties": {},
            "geometry": {
                "type": "LineString",
                "coordinates": [
                    [
                        -76.16282972222223,
                        40.4707075
                    ],
                    [
                        -76.16225138888889,
                        40.46850777777778
                    ]
                ]
            }
        },
        {
            "type": "Feature",
            "properties": {},
            "geometry": {
                "type": "LineString",
                "coordinates": [
                    [
                        -76.16330805555556,
                        40.470801944444446
                    ],
                    [
                        -76.16261361111111,
                        40.46823555555556
                    ]
                ]
            }
        },
        {
            "type": "Feature",
            "properties": {},
            "geometry": {
                "type": "LineString",
                "coordinates": [
                    [
                        -76.16378805555556,
                        40.47080444444445
                    ],
                    [
                        -76.1630938888889,
                        40.46814666666667
                    ]
                ]
            }
        },
        {
            "type": "Feature",
            "properties": {},
            "geometry": {
                "type": "LineString",
                "coordinates": [
                    [
                        -76.16426861111111,
                        40.47062416666667
                    ],
                    [
                        -76.16369277777778,
                        40.46815
                    ]
                ]
            }
        },
        {
            "type": "Feature",
            "properties": {},
            "geometry": {
                "type": "LineString",
                "coordinates": [
                    [
                        -76.16463,
                        40.470443055555556
                    ],
                    [
                        -76.1640513888889,
                        40.46824361111111
                    ]
                ]
            }
        },
        {
            "type": "Feature",
            "properties": {},
            "geometry": {
                "type": "LineString",
                "coordinates": [
                    [
                        -76.16511472222223,
                        40.46989638888889
                    ],
                    [
                        -76.16464805555556,
                        40.468520833333336
                    ]
                ]
            }
        },
        {
            "type": "Feature",
            "properties": {},
            "geometry": {
                "type": "LineString",
                "coordinates": [
                    [
                        -76.18751,
                        40.524834999999996
                    ],
                    [
                        -76.19595833333334,
                        40.532383333333335
                    ],
                    [
                        -76.20011833333334,
                        40.523069722222225
                    ]
                ]
            }
        },
        {
            "type": "Feature",
            "properties": {},
            "geometry": {
                "type": "LineString",
                "coordinates": [
                    [
                        -76.00367777777778,
                        40.071602222222225
                    ],
                    [
                        -76.01204861111111,
                        40.079256111111114
                    ],
                    [
                        -76.01620694444445,
                        40.069856944444446
                    ]
                ]
            }
        },
        {
            "type": "Feature",
            "properties": {},
            "geometry": {
                "type": "LineString",
                "coordinates": [
                    [
                        -75.86979833333332,
                        40.12204527777778
                    ],
                    [
                        -75.87816305555555,
                        40.12952527777778
                    ],
                    [
                        -75.88234055555554,
                        40.120314722222226
                    ]
                ]
            }
        },
        {
            "type": "Feature",
            "properties": {},
            "geometry": {
                "type": "LineString",
                "coordinates": [
                    [
                        -76.18462916666667,
                        40.3256725
                    ],
                    [
                        -76.18023166666667,
                        40.3359
                    ],
                    [
                        -76.17097833333334,
                        40.32770527777778
                    ]
                ]
            }
        },
        {
            "type": "Feature",
            "properties": {},
            "geometry": {
                "type": "LineString",
                "coordinates": [
                    [
                        -76.03637444444445,
                        40.23794027777778
                    ],
                    [
                        -76.04582666666667,
                        40.236355
                    ],
                    [
                        -76.0428825,
                        40.243383333333334
                    ],
                    [
                        -76.03637444444445,
                        40.23794027777778
                    ]
                ]
            }
        },
        {
            "type": "Feature",
            "properties": {},
            "geometry": {
                "type": "LineString",
                "coordinates": [
                    [
                        -76.17167888888889,
                        40.17340111111111
                    ],
                    [
                        -76.18111805555556,
                        40.17189555555555
                    ],
                    [
                        -76.1780713888889,
                        40.17892666666666
                    ],
                    [
                        -76.17167888888889,
                        40.17340111111111
                    ]
                ]
            }
        },
        {
            "type": "Feature",
            "properties": {},
            "geometry": {
                "type": "LineString",
                "coordinates": [
                    [
                        -76.10621583333332,
                        40.443753611111106
                    ],
                    [
                        -76.10633999999999,
                        40.44326722222222
                    ],
                    [
                        -76.10668472222221,
                        40.44284805555555
                    ],
                    [
                        -76.10720527777777,
                        40.44255333333333
                    ],
                    [
                        -76.10782999999999,
                        40.44242166666666
                    ],
                    [
                        -76.10847472222221,
                        40.44247055555555
                    ],
                    [
                        -76.10905249999999,
                        40.44269527777777
                    ],
                    [
                        -76.10948527777778,
                        40.44306361111111
                    ],
                    [
                        -76.10971444444444,
                        40.443526388888884
                    ],
                    [
                        -76.10970944444443,
                        40.444021388888885
                    ],
                    [
                        -76.10947055555555,
                        40.44448194444444
                    ],
                    [
                        -76.10903083333332,
                        40.44484527777777
                    ],
                    [
                        -76.1084486111111,
                        40.44506194444444
                    ],
                    [
                        -76.10780249999999,
                        40.44510416666667
                    ],
                    [
                        -76.10718055555554,
                        40.444964999999996
                    ],
                    [
                        -76.10666666666665,
                        40.44466305555555
                    ],
                    [
                        -76.10632972222221,
                        40.44424027777777
                    ],
                    [
                        -76.10621583333332,
                        40.443753611111106
                    ],
                    [
                        -76.10621583333332,
                        40.443753611111106
                    ]
                ]
            }
        },
        {
            "type": "Feature",
            "properties": {},
            "geometry": {
                "type": "LineString",
                "coordinates": [
                    [
                        -76.1067711111111,
                        40.44476361111111
                    ],
                    [
                        -76.10642722222222,
                        40.44320555555555
                    ]
                ]
            }
        },
        {
            "type": "Feature",
            "properties": {},
            "geometry": {
                "type": "LineString",
                "coordinates": [
                    [
                        -76.10736722222222,
                        40.44504166666666
                    ],
                    [
                        -76.10679138888888,
                        40.44274972222222
                    ]
                ]
            }
        },
        {
            "type": "Feature",
            "properties": {},
            "geometry": {
                "type": "LineString",
                "coordinates": [
                    [
                        -76.10784527777777,
                        40.44513527777777
                    ],
                    [
                        -76.10715277777777,
                        40.442568611111106
                    ]
                ]
            }
        },
        {
            "type": "Feature",
            "properties": {},
            "geometry": {
                "type": "LineString",
                "coordinates": [
                    [
                        -76.10832444444443,
                        40.445138888888884
                    ],
                    [
                        -76.10775333333332,
                        40.44238972222222
                    ]
                ]
            }
        },
        {
            "type": "Feature",
            "properties": {},
            "geometry": {
                "type": "LineString",
                "coordinates": [
                    [
                        -76.10880499999999,
                        40.444958611111105
                    ],
                    [
                        -76.10823222222221,
                        40.44239222222222
                    ]
                ]
            }
        },
        {
            "type": "Feature",
            "properties": {},
            "geometry": {
                "type": "LineString",
                "coordinates": [
                    [
                        -76.10928694444443,
                        40.44468666666666
                    ],
                    [
                        -76.10858999999999,
                        40.44257777777777
                    ]
                ]
            }
        },
        {
            "type": "Feature",
            "properties": {},
            "geometry": {
                "type": "LineString",
                "coordinates": [
                    [
                        -76.10965138888888,
                        40.44423083333333
                    ],
                    [
                        -76.10930666666665,
                        40.442764999999994
                    ]
                ]
            }
        },
        {
            "type": "Feature",
            "properties": {},
            "geometry": {
                "type": "LineString",
                "coordinates": [
                    [
                        -75.93816333333334,
                        40.26016777777778
                    ],
                    [
                        -75.9382975,
                        40.259616111111114
                    ],
                    [
                        -75.93867,
                        40.25913305555556
                    ],
                    [
                        -75.93923527777778,
                        40.25877638888889
                    ],
                    [
                        -75.93992694444445,
                        40.258589444444446
                    ],
                    [
                        -75.94065944444445,
                        40.25859444444445
                    ],
                    [
                        -75.94134555555556,
                        40.25879194444445
                    ],
                    [
                        -75.94190222222223,
                        40.25915666666667
                    ],
                    [
                        -75.94226222222223,
                        40.25964555555556
                    ],
                    [
                        -75.94238277777778,
                        40.260199444444446
                    ],
                    [
                        -75.94224861111111,
                        40.26075138888889
                    ],
                    [
                        -75.94187611111111,
                        40.26123444444445
                    ],
                    [
                        -75.94131,
                        40.26159083333334
                    ],
                    [
                        -75.94061944444445,
                        40.26177777777778
                    ],
                    [
                        -75.9398863888889,
                        40.26177277777778
                    ],
                    [
                        -75.93920055555556,
                        40.26157527777778
                    ],
                    [
                        -75.93864388888889,
                        40.26121083333334
                    ],
                    [
                        -75.93828361111112,
                        40.26072166666667
                    ],
                    [
                        -75.93816333333334,
                        40.26016777777778
                    ],
                    [
                        -75.93816333333334,
                        40.26016777777778
                    ]
                ]
            }
        },
        {
            "type": "Feature",
            "properties": {},
            "geometry": {
                "type": "LineString",
                "coordinates": [
                    [
                        -75.93874611111112,
                        40.26133027777778
                    ],
                    [
                        -75.93841222222223,
                        40.25940611111111
                    ]
                ]
            }
        },
        {
            "type": "Feature",
            "properties": {},
            "geometry": {
                "type": "LineString",
                "coordinates": [
                    [
                        -75.9394588888889,
                        40.26170194444445
                    ],
                    [
                        -75.93877666666667,
                        40.25895055555556
                    ]
                ]
            }
        },
        {
            "type": "Feature",
            "properties": {},
            "geometry": {
                "type": "LineString",
                "coordinates": [
                    [
                        -75.94005555555556,
                        40.26170638888889
                    ],
                    [
                        -75.93925777777778,
                        40.25867972222222
                    ]
                ]
            }
        },
        {
            "type": "Feature",
            "properties": {},
            "geometry": {
                "type": "LineString",
                "coordinates": [
                    [
                        -75.94065305555556,
                        40.26171027777778
                    ],
                    [
                        -75.93973694444445,
                        40.25859194444445
                    ]
                ]
            }
        },
        {
            "type": "Feature",
            "properties": {},
            "geometry": {
                "type": "LineString",
                "coordinates": [
                    [
                        -75.94125194444445,
                        40.26162361111111
                    ],
                    [
                        -75.94045333333334,
                        40.2585975
                    ]
                ]
            }
        },
        {
            "type": "Feature",
            "properties": {},
            "geometry": {
                "type": "LineString",
                "coordinates": [
                    [
                        -75.94173388888889,
                        40.26126055555556
                    ],
                    [
                        -75.94104944444445,
                        40.25869333333333
                    ]
                ]
            }
        },
        {
            "type": "Feature",
            "properties": {},
            "geometry": {
                "type": "LineString",
                "coordinates": [
                    [
                        -75.94221861111112,
                        40.26071555555556
                    ],
                    [
                        -75.94164444444445,
                        40.258880833333336
                    ]
                ]
            }
        },
        {
            "type": "Feature",
            "properties": {},
            "geometry": {
                "type": "LineString",
                "coordinates": [
                    [
                        -75.93530472222223,
                        40.24369166666667
                    ],
                    [
                        -75.93543833333334,
                        40.243139722222224
                    ],
                    [
                        -75.9358113888889,
                        40.24265666666667
                    ],
                    [
                        -75.93637694444445,
                        40.24230027777778
                    ],
                    [
                        -75.93706777777778,
                        40.242113333333336
                    ],
                    [
                        -75.93780027777778,
                        40.24211888888889
                    ],
                    [
                        -75.93848611111112,
                        40.242315833333336
                    ],
                    [
                        -75.93904222222223,
                        40.24268055555556
                    ],
                    [
                        -75.93940222222223,
                        40.24316944444445
                    ],
                    [
                        -75.93952277777778,
                        40.243723333333335
                    ],
                    [
                        -75.93938861111111,
                        40.24427527777778
                    ],
                    [
                        -75.93901611111112,
                        40.24475805555556
                    ],
                    [
                        -75.93845083333333,
                        40.24511527777778
                    ],
                    [
                        -75.93775972222222,
                        40.24530166666667
                    ],
                    [
                        -75.93702722222223,
                        40.24529666666667
                    ],
                    [
                        -75.93634138888889,
                        40.24509916666667
                    ],
                    [
                        -75.93578472222222,
                        40.24473444444445
                    ],
                    [
                        -75.93542472222222,
                        40.24424555555556
                    ],
                    [
                        -75.93530472222223,
                        40.24369166666667
                    ],
                    [
                        -75.93530472222223,
                        40.24369166666667
                    ]
                ]
            }
        },
        {
            "type": "Feature",
            "properties": {},
            "geometry": {
                "type": "LineString",
                "coordinates": [
                    [
                        -75.93584777777778,
                        40.24492611111111
                    ],
                    [
                        -75.93551388888889,
                        40.24300138888889
                    ]
                ]
            }
        },
        {
            "type": "Feature",
            "properties": {},
            "geometry": {
                "type": "LineString",
                "coordinates": [
                    [
                        -75.93656,
                        40.24529694444445
                    ],
                    [
                        -75.93587805555556,
                        40.24254666666667
                    ]
                ]
            }
        },
        {
            "type": "Feature",
            "properties": {},
            "geometry": {
                "type": "LineString",
                "coordinates": [
                    [
                        -75.93715722222223,
                        40.24530166666667
                    ],
                    [
                        -75.93635888888889,
                        40.24227555555556
                    ]
                ]
            }
        },
        {
            "type": "Feature",
            "properties": {},
            "geometry": {
                "type": "LineString",
                "coordinates": [
                    [
                        -75.93775388888889,
                        40.24530638888889
                    ],
                    [
                        -75.9369575,
                        40.24218805555556
                    ]
                ]
            }
        },
        {
            "type": "Feature",
            "properties": {},
            "geometry": {
                "type": "LineString",
                "coordinates": [
                    [
                        -75.93835361111111,
                        40.2451275
                    ],
                    [
                        -75.93767416666667,
                        40.24219388888889
                    ]
                ]
            }
        },
        {
            "type": "Feature",
            "properties": {},
            "geometry": {
                "type": "LineString",
                "coordinates": [
                    [
                        -75.93883611111112,
                        40.24476527777778
                    ],
                    [
                        -75.93815027777778,
                        40.242288611111114
                    ]
                ]
            }
        },
        {
            "type": "Feature",
            "properties": {},
            "geometry": {
                "type": "LineString",
                "coordinates": [
                    [
                        -75.93932027777778,
                        40.24421944444445
                    ],
                    [
                        -75.93874611111112,
                        40.24238444444445
                    ]
                ]
            }
        },
        {
            "type": "Feature",
            "properties": {},
            "geometry": {
                "type": "LineString",
                "coordinates": [
                    [
                        -75.93232722222223,
                        40.22721527777778
                    ],
                    [
                        -75.93246166666667,
                        40.226663611111114
                    ],
                    [
                        -75.9328338888889,
                        40.22618055555556
                    ],
                    [
                        -75.9334,
                        40.22582388888889
                    ],
                    [
                        -75.93409055555556,
                        40.225637222222225
                    ],
                    [
                        -75.93482277777778,
                        40.22564194444445
                    ],
                    [
                        -75.93550861111112,
                        40.225839722222226
                    ],
                    [
                        -75.93606472222223,
                        40.22620416666667
                    ],
                    [
                        -75.93642472222223,
                        40.22669305555556
                    ],
                    [
                        -75.93654472222222,
                        40.227247222222225
                    ],
                    [
                        -75.93641027777778,
                        40.22779888888889
                    ],
                    [
                        -75.93603861111112,
                        40.22828194444445
                    ],
                    [
                        -75.93547305555556,
                        40.22863916666667
                    ],
                    [
                        -75.93478222222222,
                        40.22882527777778
                    ],
                    [
                        -75.93404972222223,
                        40.22882055555556
                    ],
                    [
                        -75.93336444444445,
                        40.22862305555556
                    ],
                    [
                        -75.93280777777778,
                        40.228258333333336
                    ],
                    [
                        -75.93244777777778,
                        40.22776944444445
                    ],
                    [
                        -75.93232722222223,
                        40.22721527777778
                    ],
                    [
                        -75.93232722222223,
                        40.22721527777778
                    ]
                ]
            }
        },
        {
            "type": "Feature",
            "properties": {},
            "geometry": {
                "type": "LineString",
                "coordinates": [
                    [
                        -75.9328325,
                        40.22842888888889
                    ],
                    [
                        -75.93249861111111,
                        40.226504722222224
                    ]
                ]
            }
        },
        {
            "type": "Feature",
            "properties": {},
            "geometry": {
                "type": "LineString",
                "coordinates": [
                    [
                        -75.93354388888889,
                        40.22880055555556
                    ],
                    [
                        -75.93286222222223,
                        40.22604916666667
                    ]
                ]
            }
        },
        {
            "type": "Feature",
            "properties": {},
            "geometry": {
                "type": "LineString",
                "coordinates": [
                    [
                        -75.93414111111112,
                        40.228805
                    ],
                    [
                        -75.93334361111111,
                        40.22577805555556
                    ]
                ]
            }
        },
        {
            "type": "Feature",
            "properties": {},
            "geometry": {
                "type": "LineString",
                "coordinates": [
                    [
                        -75.93473805555556,
                        40.22880888888889
                    ],
                    [
                        -75.93394166666667,
                        40.22569166666667
                    ]
                ]
            }
        },
        {
            "type": "Feature",
            "properties": {},
            "geometry": {
                "type": "LineString",
                "coordinates": [
                    [
                        -75.93533611111111,
                        40.228722222222224
                    ],
                    [
                        -75.93465805555556,
                        40.22569638888889
                    ]
                ]
            }
        },
        {
            "type": "Feature",
            "properties": {},
            "geometry": {
                "type": "LineString",
                "coordinates": [
                    [
                        -75.93581861111112,
                        40.22835972222222
                    ],
                    [
                        -75.93513416666667,
                        40.225791944444445
                    ]
                ]
            }
        },
        {
            "type": "Feature",
            "properties": {},
            "geometry": {
                "type": "LineString",
                "coordinates": [
                    [
                        -75.93630277777778,
                        40.22781416666667
                    ],
                    [
                        -75.93572944444445,
                        40.22597916666667
                    ]
                ]
            }
        },
        {
            "type": "Feature",
            "properties": {},
            "geometry": {
                "type": "LineString",
                "coordinates": [
                    [
                        -75.92935194444445,
                        40.21064777777778
                    ],
                    [
                        -75.92948638888889,
                        40.21009611111111
                    ],
                    [
                        -75.92985861111111,
                        40.20961277777778
                    ],
                    [
                        -75.93042416666667,
                        40.20925555555556
                    ],
                    [
                        -75.93111444444445,
                        40.209068611111114
                    ],
                    [
                        -75.93184694444444,
                        40.20907444444445
                    ],
                    [
                        -75.93253194444445,
                        40.209271944444446
                    ],
                    [
                        -75.93308888888889,
                        40.20963694444445
                    ],
                    [
                        -75.93344861111112,
                        40.21012555555556
                    ],
                    [
                        -75.93356861111111,
                        40.210679444444445
                    ],
                    [
                        -75.93343416666667,
                        40.21123111111111
                    ],
                    [
                        -75.9330625,
                        40.211714722222226
                    ],
                    [
                        -75.9324963888889,
                        40.212070833333335
                    ],
                    [
                        -75.93180611111111,
                        40.21225805555556
                    ],
                    [
                        -75.93107444444445,
                        40.212251944444446
                    ],
                    [
                        -75.93038861111111,
                        40.21205555555556
                    ],
                    [
                        -75.9298325,
                        40.211690555555556
                    ],
                    [
                        -75.9294725,
                        40.21120166666667
                    ],
                    [
                        -75.92935194444445,
                        40.21064777777778
                    ],
                    [
                        -75.92935194444445,
                        40.21064777777778
                    ]
                ]
            }
        },
        {
            "type": "Feature",
            "properties": {},
            "geometry": {
                "type": "LineString",
                "coordinates": [
                    [
                        -75.92993861111111,
                        40.21184138888889
                    ],
                    [
                        -75.92960527777778,
                        40.20991638888889
                    ]
                ]
            }
        },
        {
            "type": "Feature",
            "properties": {},
            "geometry": {
                "type": "LineString",
                "coordinates": [
                    [
                        -75.93065055555556,
                        40.21221277777778
                    ],
                    [
                        -75.92985,
                        40.20946055555556
                    ]
                ]
            }
        },
        {
            "type": "Feature",
            "properties": {},
            "geometry": {
                "type": "LineString",
                "coordinates": [
                    [
                        -75.93124722222223,
                        40.21221666666667
                    ],
                    [
                        -75.93033055555556,
                        40.20918944444445
                    ]
                ]
            }
        },
        {
            "type": "Feature",
            "properties": {},
            "geometry": {
                "type": "LineString",
                "coordinates": [
                    [
                        -75.93184388888889,
                        40.21222138888889
                    ],
                    [
                        -75.93092861111111,
                        40.20910305555556
                    ]
                ]
            }
        },
        {
            "type": "Feature",
            "properties": {},
            "geometry": {
                "type": "LineString",
                "coordinates": [
                    [
                        -75.93244194444445,
                        40.212134722222224
                    ],
                    [
                        -75.931645,
                        40.20910777777778
                    ]
                ]
            }
        },
        {
            "type": "Feature",
            "properties": {},
            "geometry": {
                "type": "LineString",
                "coordinates": [
                    [
                        -75.9329238888889,
                        40.21177222222222
                    ],
                    [
                        -75.93212111111112,
                        40.209203333333335
                    ]
                ]
            }
        },
        {
            "type": "Feature",
            "properties": {},
            "geometry": {
                "type": "LineString",
                "coordinates": [
                    [
                        -75.93340888888889,
                        40.21122666666667
                    ],
                    [
                        -75.93271555555556,
                        40.20939055555556
                    ]
                ]
            }
        },
        {
            "type": "Feature",
            "properties": {},
            "geometry": {
                "type": "LineString",
                "coordinates": [
                    [
                        -76.79507194444444,
                        40.18578972222222
                    ],
                    [
                        -76.79507194444444,
                        40.18578972222222
                    ]
                ]
            }
        },
        {
            "type": "Feature",
            "properties": {},
            "geometry": {
                "type": "LineString",
                "coordinates": [
                    [
                        -77.85916222222221,
                        40.230314166666666
                    ],
                    [
                        -77.87037333333333,
                        40.27066305555555
                    ]
                ]
            }
        },
        {
            "type": "Feature",
            "properties": {},
            "geometry": {
                "type": "LineString",
                "coordinates": [
                    [
                        -77.85700416666666,
                        40.51553611111111
                    ],
                    [
                        -77.93094888888889,
                        40.52094472222222
                    ]
                ]
            }
        },
        {
            "type": "Feature",
            "properties": {},
            "geometry": {
                "type": "LineString",
                "coordinates": [
                    [
                        -77.90287194444446,
                        40.39629027777778
                    ],
                    [
                        -77.84217138888889,
                        40.42391361111111
                    ]
                ]
            }
        }
    ]
}