{
    "hasZ": true,
    "type": "FeatureCollection",
    "features": [
        {
            "type": "Feature",
            "id": 1,
            "geometry": {
                "type": "Polygon",
                "coordinates": [
                    [
                        [
                            -74.02222722099998,
                            40.191659444000038,
                            0
                        ],
                        [
                            -73.998300793999988,
                            40.232535553000048,
                            0
                        ],
                        [
                            -73.97505027699998,
                            40.272203889000025,
                            0
                        ],
                        [
                            -73.994335277999937,
                            40.32096277800008,
                            0
                        ],
                        [
                            -74.058575387999952,
                            40.354036922000034,
                            0
                        ],
                        [
                            -74.115517653999973,
                            40.383353757000066,
                            0
                        ],
                        [
                            -74.148068359999968,
                            40.400112550000074,
                            0
                        ],
                        [
                            -74.187343055999975,
                            40.384001389000048,
                            0
                        ],
                        [
                            -74.268299275999937,
                            40.310247870000069,
                            0
                        ],
                        [
                            -74.33410454999995,
                            40.250297313000033,
                            0
                        ],
                        [
                            -73.999918610999941,
                            40.154205833000049,
                            0
                        ],
                        [
                            -74.02222722099998,
                            40.191659444000038,
                            0
                        ]
                    ]
                ]
            },
            "properties": {
                "OBJECTID": 1,
                "Position": "N2G",
                "Sector": "CAMRN",
                "Low": 3000,
                "High": 4000,
                "Notes": null,
                "Fill": "#E1E1E1",
                "Stroke": "#E1E1E1"
            }
        },
        {
            "type": "Feature",
            "id": 2,
            "geometry": {
                "type": "Polygon",
                "coordinates": [
                    [
                        [
                            -73.637515277999967,
                            40.091682222000031,
                            0
                        ],
                        [
                            -73.667767221999952,
                            40.101321389000077,
                            0
                        ],
                        [
                            -73.916586110999958,
                            40.200013056000046,
                            0
                        ],
                        [
                            -73.998300793999988,
                            40.232535553000048,
                            0
                        ],
                        [
                            -74.02222722099998,
                            40.191659444000038,
                            0
                        ],
                        [
                            -73.999918610999941,
                            40.154205833000049,
                            0
                        ],
                        [
                            -73.895819166999956,
                            40.137531944000045,
                            0
                        ],
                        [
                            -73.798603888999935,
                            40.063929167000026,
                            0
                        ],
                        [
                            -73.716678888999979,
                            40.033355278000045,
                            0
                        ],
                        [
                            -73.637515277999967,
                            40.091682222000031,
                            0
                        ]
                    ]
                ]
            },
            "properties": {
                "OBJECTID": 2,
                "Position": "N2G",
                "Sector": "CAMRN",
                "Low": 0,
                "High": 10000,
                "Notes": "Control on handoff from ZDC to 11000",
                "Fill": "#E1E1E1",
                "Stroke": "#E1E1E1"
            }
        },
        {
            "type": "Feature",
            "id": 3,
            "geometry": {
                "type": "Polygon",
                "coordinates": [
                    [
                        [
                            -73.637515277999967,
                            40.091682222000031,
                            0
                        ],
                        [
                            -73.464437499999974,
                            40.211335833000078,
                            0
                        ],
                        [
                            -73.43693424199995,
                            40.237210007000044,
                            0
                        ],
                        [
                            -73.514091145999942,
                            40.319150628000045,
                            0
                        ],
                        [
                            -73.667767221999952,
                            40.101321389000077,
                            0
                        ],
                        [
                            -73.637515277999967,
                            40.091682222000031,
                            0
                        ]
                    ]
                ]
            },
            "properties": {
                "OBJECTID": 3,
                "Position": "N2G",
                "Sector": "CAMRN",
                "Low": 0,
                "High": 13000,
                "Notes": null,
                "Fill": "#E1E1E1",
                "Stroke": "#E1E1E1"
            }
        },
        {
            "type": "Feature",
            "id": 4,
            "geometry": {
                "type": "Polygon",
                "coordinates": [
                    [
                        [
                            -73.916586110999958,
                            40.200013056000046,
                            0
                        ],
                        [
                            -73.667767221999952,
                            40.101321389000077,
                            0
                        ],
                        [
                            -73.514091145999942,
                            40.319150628000045,
                            0
                        ],
                        [
                            -73.545709013999954,
                            40.352410662000068,
                            0
                        ],
                        [
                            -73.635861666999972,
                            40.329900000000066,
                            0
                        ],
                        [
                            -73.916586110999958,
                            40.200013056000046,
                            0
                        ]
                    ]
                ]
            },
            "properties": {
                "OBJECTID": 4,
                "Position": "N2G",
                "Sector": "CAMRN",
                "Low": 0,
                "High": 14000,
                "Notes": "Control on handoff from ZDC to 15000",
                "Fill": "#E1E1E1",
                "Stroke": "#E1E1E1"
            }
        },
        {
            "type": "Feature",
            "id": 5,
            "geometry": {
                "type": "Polygon",
                "coordinates": [
                    [
                        [
                            -73.43693424199995,
                            40.237210007000044,
                            0
                        ],
                        [
                            -73.252933055999961,
                            40.408815556000036,
                            0
                        ],
                        [
                            -73.400570769999945,
                            40.478969664000033,
                            0
                        ],
                        [
                            -73.514091145999942,
                            40.319150628000045,
                            0
                        ],
                        [
                            -73.43693424199995,
                            40.237210007000044,
                            0
                        ]
                    ]
                ]
            },
            "properties": {
                "OBJECTID": 5,
                "Position": "N2G",
                "Sector": "CAMRN",
                "Low": 0,
                "High": 4000,
                "Notes": null,
                "Fill": "#E1E1E1",
                "Stroke": "#E1E1E1"
            }
        },
        {
            "type": "Feature",
            "id": 6,
            "geometry": {
                "type": "Polygon",
                "coordinates": [
                    [
                        [
                            -73.400570769999945,
                            40.478969664000033,
                            0
                        ],
                        [
                            -73.497647079999979,
                            40.523300736000067,
                            0
                        ],
                        [
                            -73.546425555999974,
                            40.545834722000052,
                            0
                        ],
                        [
                            -73.618155555999977,
                            40.44198722200008,
                            0
                        ],
                        [
                            -73.619399510018852,
                            40.441450810612181,
                            0
                        ],
                        [
                            -73.620645605399531,
                            40.4409193926219,
                            0
                        ],
                        [
                            -73.621893822097931,
                            40.440392976577343,
                            0
                        ],
                        [
                            -73.623144140035876,
                            40.439871570946188,
                            0
                        ],
                        [
                            -73.624396539101369,
                            40.439355184115506,
                            0
                        ],
                        [
                            -73.625650999148931,
                            40.438843824391633,
                            0
                        ],
                        [
                            -73.626907499999959,
                            40.438337500000046,
                            0
                        ],
                        [
                            -73.58791215499997,
                            40.397143100000051,
                            0
                        ],
                        [
                            -73.545709013999954,
                            40.352410662000068,
                            0
                        ],
                        [
                            -73.514091145999942,
                            40.319150628000045,
                            0
                        ],
                        [
                            -73.400570769999945,
                            40.478969664000033,
                            0
                        ]
                    ]
                ]
            },
            "properties": {
                "OBJECTID": 6,
                "Position": "N2G",
                "Sector": "CAMRN",
                "Low": 0,
                "High": 3000,
                "Notes": null,
                "Fill": "#E1E1E1",
                "Stroke": "#E1E1E1"
            }
        },
        {
            "type": "Feature",
            "id": 7,
            "geometry": {
                "type": "Polygon",
                "coordinates": [
                    [
                        [
                            -73.58791215499997,
                            40.397143100000051,
                            0
                        ],
                        [
                            -73.635861666999972,
                            40.329900000000066,
                            0
                        ],
                        [
                            -73.545709013999954,
                            40.352410662000068,
                            0
                        ],
                        [
                            -73.58791215499997,
                            40.397143100000051,
                            0
                        ]
                    ]
                ]
            },
            "properties": {
                "OBJECTID": 7,
                "Position": "N2G",
                "Sector": "CAMRN",
                "Low": 0,
                "High": 14000,
                "Notes": null,
                "Fill": "#E1E1E1",
                "Stroke": "#E1E1E1"
            }
        },
        {
            "type": "Feature",
            "id": 8,
            "geometry": {
                "type": "Polygon",
                "coordinates": [
                    [
                        [
                            -73.766564166999956,
                            40.369418333000056,
                            0
                        ],
                        [
                            -73.767201449999959,
                            40.412302071000056,
                            0
                        ],
                        [
                            -73.768845378448233,
                            40.412321331403945,
                            0
                        ],
                        [
                            -73.77048921119335,
                            40.412347515602903,
                            0
                        ],
                        [
                            -73.772132919074224,
                            40.412380623132428,
                            0
                        ],
                        [
                            -73.773776472932013,
                            40.412420653405213,
                            0
                        ],
                        [
                            -73.775419843610578,
                            40.412467605711129,
                            0
                        ],
                        [
                            -73.777063001957032,
                            40.412521479217254,
                            0
                        ],
                        [
                            -73.778705918822268,
                            40.412582272967889,
                            0
                        ],
                        [
                            -73.780348565061459,
                            40.412649985884578,
                            0
                        ],
                        [
                            -73.78199091153455,
                            40.412724616766106,
                            0
                        ],
                        [
                            -73.783632929106872,
                            40.412806164288554,
                            0
                        ],
                        [
                            -73.7852745886495,
                            40.412894627005286,
                            0
                        ],
                        [
                            -73.786915861039944,
                            40.412990003347005,
                            0
                        ],
                        [
                            -73.788556717162535,
                            40.413092291621766,
                            0
                        ],
                        [
                            -73.790197127908996,
                            40.413201490015005,
                            0
                        ],
                        [
                            -73.791837064178949,
                            40.413317596589579,
                            0
                        ],
                        [
                            -73.793476496880459,
                            40.413440609285793,
                            0
                        ],
                        [
                            -73.795115396930484,
                            40.413570525921436,
                            0
                        ],
                        [
                            -73.796753735255464,
                            40.413707344191835,
                            0
                        ],
                        [
                            -73.798391482791772,
                            40.413851061669867,
                            0
                        ],
                        [
                            -73.800028610486294,
                            40.414001675806041,
                            0
                        ],
                        [
                            -73.80166508929689,
                            40.414159183928497,
                            0
                        ],
                        [
                            -73.803300890192958,
                            40.414323583243096,
                            0
                        ],
                        [
                            -73.804935984155875,
                            40.414494870833451,
                            0
                        ],
                        [
                            -73.806570342179597,
                            40.414673043660969,
                            0
                        ],
                        [
                            -73.808203935271138,
                            40.41485809856492,
                            0
                        ],
                        [
                            -73.809836734451054,
                            40.415050032262485,
                            0
                        ],
                        [
                            -73.811468710753999,
                            40.41524884134882,
                            0
                        ],
                        [
                            -73.813099835229238,
                            40.415454522297118,
                            0
                        ],
                        [
                            -73.81473007894111,
                            40.415667071458671,
                            0
                        ],
                        [
                            -73.816359412969618,
                            40.415886485062906,
                            0
                        ],
                        [
                            -73.817987808410891,
                            40.416112759217505,
                            0
                        ],
                        [
                            -73.8196152363777,
                            40.416345889908435,
                            0
                        ],
                        [
                            -73.821241667999971,
                            40.416585873000031,
                            0
                        ],
                        [
                            -73.822848245706368,
                            40.41682995580301,
                            0
                        ],
                        [
                            -73.824453744081595,
                            40.417081040068879,
                            0
                        ],
                        [
                            -73.826058132613426,
                            40.417339121025819,
                            0
                        ],
                        [
                            -73.827661380810738,
                            40.417604193769051,
                            0
                        ],
                        [
                            -73.829263458204096,
                            40.417876253260914,
                            0
                        ],
                        [
                            -73.830864334346288,
                            40.418155294330965,
                            0
                        ],
                        [
                            -73.832463978812939,
                            40.418441311676069,
                            0
                        ],
                        [
                            -73.83406236120311,
                            40.418734299860532,
                            0
                        ],
                        [
                            -73.83565945113979,
                            40.419034253316148,
                            0
                        ],
                        [
                            -73.837255218270599,
                            40.41934116634237,
                            0
                        ],
                        [
                            -73.838849632268236,
                            40.419655033106359,
                            0
                        ],
                        [
                            -73.840442662831151,
                            40.419975847643137,
                            0
                        ],
                        [
                            -73.842034279684086,
                            40.420303603855686,
                            0
                        ],
                        [
                            -73.843624452578638,
                            40.42063829551504,
                            0
                        ],
                        [
                            -73.845213151293848,
                            40.420979916260457,
                            0
                        ],
                        [
                            -73.84680034563678,
                            40.421328459599486,
                            0
                        ],
                        [
                            -73.848386005443075,
                            40.42168391890813,
                            0
                        ],
                        [
                            -73.849970100577551,
                            40.422046287430945,
                            0
                        ],
                        [
                            -73.851552600934767,
                            40.42241555828118,
                            0
                        ],
                        [
                            -73.853133476439567,
                            40.422791724440906,
                            0
                        ],
                        [
                            -73.854712697047702,
                            40.423174778761144,
                            0
                        ],
                        [
                            -73.85629023274636,
                            40.42356471396203,
                            0
                        ],
                        [
                            -73.85786605355473,
                            40.423961522632901,
                            0
                        ],
                        [
                            -73.859440129524643,
                            40.42436519723249,
                            0
                        ],
                        [
                            -73.861012430741056,
                            40.424775730089017,
                            0
                        ],
                        [
                            -73.862582927322649,
                            40.425193113400383,
                            0
                        ],
                        [
                            -73.86415158942242,
                            40.4256173392343,
                            0
                        ],
                        [
                            -73.865718387228213,
                            40.426048399528419,
                            0
                        ],
                        [
                            -73.867283290963314,
                            40.426486286090523,
                            0
                        ],
                        [
                            -73.868846270887005,
                            40.426930990598649,
                            0
                        ],
                        [
                            -73.870407297295131,
                            40.427382504601269,
                            0
                        ],
                        [
                            -73.871966340520643,
                            40.427840819517435,
                            0
                        ],
                        [
                            -73.873523370934208,
                            40.428305926636952,
                            0
                        ],
                        [
                            -73.875078358944748,
                            40.428777817120555,
                            0
                        ],
                        [
                            -73.876631274999966,
                            40.429256482000028,
                            0
                        ],
                        [
                            -73.876637503999973,
                            40.429258422000032,
                            0
                        ],
                        [
                            -73.938873055999977,
                            40.349766944000066,
                            0
                        ],
                        [
                            -73.97505027699998,
                            40.272203889000025,
                            0
                        ],
                        [
                            -73.766564166999956,
                            40.369418333000056,
                            0
                        ]
                    ]
                ]
            },
            "properties": {
                "OBJECTID": 8,
                "Position": "N2G",
                "Sector": "CAMRN",
                "Low": 5000,
                "High": 17000,
                "Notes": null,
                "Fill": "#E1E1E1",
                "Stroke": "#E1E1E1"
            }
        },
        {
            "type": "Feature",
            "id": 9,
            "geometry": {
                "type": "Polygon",
                "coordinates": [
                    [
                        [
                            -73.626907499999959,
                            40.438337502000024,
                            0
                        ],
                        [
                            -73.628427175873199,
                            40.437744294293658,
                            0
                        ],
                        [
                            -73.62994941034033,
                            40.437157683375162,
                            0
                        ],
                        [
                            -73.631474174765401,
                            40.436577680279754,
                            0
                        ],
                        [
                            -73.633001440464838,
                            40.436004295918323,
                            0
                        ],
                        [
                            -73.634531178708045,
                            40.435437541077256,
                            0
                        ],
                        [
                            -73.636063360717912,
                            40.434877426418225,
                            0
                        ],
                        [
                            -73.637597957671346,
                            40.434323962477997,
                            0
                        ],
                        [
                            -73.639134940699833,
                            40.433777159668217,
                            0
                        ],
                        [
                            -73.640674280889954,
                            40.433237028275229,
                            0
                        ],
                        [
                            -73.642215949283965,
                            40.432703578459872,
                            0
                        ],
                        [
                            -73.643759916880327,
                            40.43217682025729,
                            0
                        ],
                        [
                            -73.645306154634255,
                            40.431656763576747,
                            0
                        ],
                        [
                            -73.646854633458219,
                            40.431143418201444,
                            0
                        ],
                        [
                            -73.648405324222566,
                            40.430636793788331,
                            0
                        ],
                        [
                            -73.649958197756035,
                            40.430136899867911,
                            0
                        ],
                        [
                            -73.651513224846298,
                            40.429643745844096,
                            0
                        ],
                        [
                            -73.653070376240478,
                            40.429157340993989,
                            0
                        ],
                        [
                            -73.654629622645786,
                            40.428677694467744,
                            0
                        ],
                        [
                            -73.656190934730006,
                            40.42820481528836,
                            0
                        ],
                        [
                            -73.65775428312206,
                            40.427738712351555,
                            0
                        ],
                        [
                            -73.659319638412541,
                            40.427279394425554,
                            0
                        ],
                        [
                            -73.660886971154341,
                            40.426826870150954,
                            0
                        ],
                        [
                            -73.662456251863105,
                            40.426381148040541,
                            0
                        ],
                        [
                            -73.664027451017859,
                            40.425942236479152,
                            0
                        ],
                        [
                            -73.665600539061529,
                            40.425510143723493,
                            0
                        ],
                        [
                            -73.667175486401504,
                            40.425084877902016,
                            0
                        ],
                        [
                            -73.668752263410212,
                            40.424666447014722,
                            0
                        ],
                        [
                            -73.670330840425635,
                            40.424254858933047,
                            0
                        ],
                        [
                            -73.671911187751931,
                            40.42385012139971,
                            0
                        ],
                        [
                            -73.673493275659922,
                            40.423452242028539,
                            0
                        ],
                        [
                            -73.675077074387701,
                            40.423061228304356,
                            0
                        ],
                        [
                            -73.676662554141188,
                            40.422677087582841,
                            0
                        ],
                        [
                            -73.678249685094642,
                            40.422299827090363,
                            0
                        ],
                        [
                            -73.679838437391311,
                            40.421929453923866,
                            0
                        ],
                        [
                            -73.681428781143907,
                            40.421565975050733,
                            0
                        ],
                        [
                            -73.683020686435199,
                            40.421209397308658,
                            0
                        ],
                        [
                            -73.684614123318624,
                            40.420859727405507,
                            0
                        ],
                        [
                            -73.686209061818758,
                            40.420516971919191,
                            0
                        ],
                        [
                            -73.687805471931966,
                            40.420181137297561,
                            0
                        ],
                        [
                            -73.689403323626891,
                            40.419852229858265,
                            0
                        ],
                        [
                            -73.691002586845102,
                            40.419530255788644,
                            0
                        ],
                        [
                            -73.692603231501579,
                            40.419215221145606,
                            0
                        ],
                        [
                            -73.694205227485327,
                            40.418907131855519,
                            0
                        ],
                        [
                            -73.69580854465994,
                            40.418605993714088,
                            0
                        ],
                        [
                            -73.697413152864129,
                            40.418311812386264,
                            0
                        ],
                        [
                            -73.699019021912363,
                            40.41802459340613,
                            0
                        ],
                        [
                            -73.700626121595363,
                            40.417744342176789,
                            0
                        ],
                        [
                            -73.702234421680686,
                            40.417471063970261,
                            0
                        ],
                        [
                            -73.703843891913337,
                            40.417204763927408,
                            0
                        ],
                        [
                            -73.705454502016295,
                            40.416945447057806,
                            0
                        ],
                        [
                            -73.707066221691093,
                            40.416693118239671,
                            0
                        ],
                        [
                            -73.708679020618419,
                            40.416447782219763,
                            0
                        ],
                        [
                            -73.710292868458609,
                            40.416209443613283,
                            0
                        ],
                        [
                            -73.711907734852289,
                            40.415978106903815,
                            0
                        ],
                        [
                            -73.713523589420959,
                            40.415753776443218,
                            0
                        ],
                        [
                            -73.715140401767471,
                            40.415536456451548,
                            0
                        ],
                        [
                            -73.716758141476703,
                            40.415326151016984,
                            0
                        ],
                        [
                            -73.718376778116053,
                            40.41512286409575,
                            0
                        ],
                        [
                            -73.719996281236092,
                            40.414926599512029,
                            0
                        ],
                        [
                            -73.721616620371037,
                            40.414737360957922,
                            0
                        ],
                        [
                            -73.723237765039428,
                            40.414555151993333,
                            0
                        ],
                        [
                            -73.724859684744615,
                            40.414379976045943,
                            0
                        ],
                        [
                            -73.726482348975381,
                            40.414211836411134,
                            0
                        ],
                        [
                            -73.728105727206511,
                            40.414050736251902,
                            0
                        ],
                        [
                            -73.729729788899363,
                            40.413896678598839,
                            0
                        ],
                        [
                            -73.731354503502388,
                            40.413749666350036,
                            0
                        ],
                        [
                            -73.732979840451833,
                            40.413609702271067,
                            0
                        ],
                        [
                            -73.734605769172177,
                            40.413476788994899,
                            0
                        ],
                        [
                            -73.736232259076786,
                            40.413350929021874,
                            0
                        ],
                        [
                            -73.737859279568482,
                            40.413232124719642,
                            0
                        ],
                        [
                            -73.739486800040083,
                            40.413120378323121,
                            0
                        ],
                        [
                            -73.741114789875013,
                            40.413015691934469,
                            0
                        ],
                        [
                            -73.742743218447885,
                            40.412918067523016,
                            0
                        ],
                        [
                            -73.744372055125012,
                            40.412827506925261,
                            0
                        ],
                        [
                            -73.746001269265065,
                            40.412744011844801,
                            0
                        ],
                        [
                            -73.747630830219606,
                            40.41266758385234,
                            0
                        ],
                        [
                            -73.74926070733369,
                            40.412598224385619,
                            0
                        ],
                        [
                            -73.750890869946389,
                            40.412535934749407,
                            0
                        ],
                        [
                            -73.752521287391417,
                            40.412480716115496,
                            0
                        ],
                        [
                            -73.754151928997729,
                            40.412432569522643,
                            0
                        ],
                        [
                            -73.755782764090014,
                            40.41239149587657,
                            0
                        ],
                        [
                            -73.757413761989341,
                            40.412357495949941,
                            0
                        ],
                        [
                            -73.759044892013719,
                            40.412330570382366,
                            0
                        ],
                        [
                            -73.76067612347866,
                            40.412310719680363,
                            0
                        ],
                        [
                            -73.762307425697799,
                            40.41229794421735,
                            0
                        ],
                        [
                            -73.763938767983404,
                            40.412292244233662,
                            0
                        ],
                        [
                            -73.765570119647009,
                            40.412293619836518,
                            0
                        ],
                        [
                            -73.767201449999959,
                            40.412302071000056,
                            0
                        ],
                        [
                            -73.766564166999956,
                            40.369418333000056,
                            0
                        ],
                        [
                            -73.97505027699998,
                            40.272203889000025,
                            0
                        ],
                        [
                            -73.998300793999988,
                            40.232535553000048,
                            0
                        ],
                        [
                            -73.916586110999958,
                            40.200013056000046,
                            0
                        ],
                        [
                            -73.635861666999972,
                            40.329900000000066,
                            0
                        ],
                        [
                            -73.58791215499997,
                            40.397143100000051,
                            0
                        ],
                        [
                            -73.626907499999959,
                            40.438337502000024,
                            0
                        ]
                    ]
                ]
            },
            "properties": {
                "OBJECTID": 9,
                "Position": "N2G",
                "Sector": "CAMRN",
                "Low": 0,
                "High": 17000,
                "Notes": null,
                "Fill": "#E1E1E1",
                "Stroke": "#E1E1E1"
            }
        },
        {
            "type": "Feature",
            "id": 11,
            "geometry": {
                "type": "Polygon",
                "coordinates": [
                    [
                        [
                            -73.947963408999954,
                            40.46089366700005,
                            0
                        ],
                        [
                            -73.949135236081275,
                            40.461605992630489,
                            0
                        ],
                        [
                            -73.95030371844517,
                            40.462323791681449,
                            0
                        ],
                        [
                            -73.951468830526352,
                            40.463047048448161,
                            0
                        ],
                        [
                            -73.952630546833248,
                            40.463775747106453,
                            0
                        ],
                        [
                            -73.953788841948594,
                            40.464509871713076,
                            0
                        ],
                        [
                            -73.954943690530001,
                            40.46524940620607,
                            0
                        ],
                        [
                            -73.956095067310443,
                            40.465994334405131,
                            0
                        ],
                        [
                            -73.957242947098891,
                            40.46674464001191,
                            0
                        ],
                        [
                            -73.958387304780814,
                            40.46750030661044,
                            0
                        ],
                        [
                            -73.959528115318733,
                            40.468261317667434,
                            0
                        ],
                        [
                            -73.960665353752788,
                            40.469027656532688,
                            0
                        ],
                        [
                            -73.961798995201278,
                            40.469799306439434,
                            0
                        ],
                        [
                            -73.962929014861174,
                            40.470576250504692,
                            0
                        ],
                        [
                            -73.964055388008731,
                            40.471358471729651,
                            0
                        ],
                        [
                            -73.965178089999938,
                            40.472145953000052,
                            0
                        ],
                        [
                            -73.96533005799995,
                            40.472253228000056,
                            0
                        ],
                        [
                            -73.96623981099998,
                            40.472898558000054,
                            0
                        ],
                        [
                            -73.966391094999949,
                            40.473006391000069,
                            0
                        ],
                        [
                            -73.966542279999942,
                            40.473114304000035,
                            0
                        ],
                        [
                            -73.966693364999969,
                            40.473222296000074,
                            0
                        ],
                        [
                            -73.967372035999972,
                            40.47370924300003,
                            0
                        ],
                        [
                            -73.967522580999969,
                            40.473817672000052,
                            0
                        ],
                        [
                            -73.968348395761765,
                            40.474415138538056,
                            0
                        ],
                        [
                            -73.969172041999968,
                            40.475015591000044,
                            0
                        ],
                        [
                            -73.969321396999987,
                            40.475124964000031,
                            0
                        ],
                        [
                            -73.970438382999987,
                            40.475947765000058,
                            0
                        ],
                        [
                            -73.970586889999936,
                            40.47605780400005,
                            0
                        ],
                        [
                            -73.971664733335089,
                            40.476860922151793,
                            0
                        ],
                        [
                            -73.972738634636812,
                            40.477669303877782,
                            0
                        ],
                        [
                            -73.973808568201079,
                            40.478482929829227,
                            0
                        ],
                        [
                            -73.97487450841875,
                            40.479301780531799,
                            0
                        ],
                        [
                            -73.97593642977634,
                            40.480125836386136,
                            0
                        ],
                        [
                            -73.976994306856525,
                            40.480955077668277,
                            0
                        ],
                        [
                            -73.978048114338776,
                            40.481789484530147,
                            0
                        ],
                        [
                            -73.979097826999975,
                            40.482629037000038,
                            0
                        ],
                        [
                            -73.979240250999965,
                            40.482743623000033,
                            0
                        ],
                        [
                            -73.980198270034876,
                            40.483518537866594,
                            0
                        ],
                        [
                            -73.981152730999952,
                            40.484297831000049,
                            0
                        ],
                        [
                            -73.981293634999986,
                            40.484413496000059,
                            0
                        ],
                        [
                            -73.981926131084094,
                            40.484934679960425,
                            0
                        ],
                        [
                            -73.982557025999938,
                            40.485457801000052,
                            0
                        ],
                        [
                            -73.982696873999942,
                            40.485574204000045,
                            0
                        ],
                        [
                            -73.98353325883339,
                            40.48627375670047,
                            0
                        ],
                        [
                            -73.984366763999958,
                            40.486976738000067,
                            0
                        ],
                        [
                            -73.984505228999978,
                            40.487094089000038,
                            0
                        ],
                        [
                            -73.985241156046271,
                            40.487720555072535,
                            0
                        ],
                        [
                            -73.985974780336178,
                            40.488349716227326,
                            0
                        ],
                        [
                            -73.986706091999963,
                            40.488981564000028,
                            0
                        ],
                        [
                            -73.986842731999957,
                            40.489100144000076,
                            0
                        ],
                        [
                            -73.987760454861288,
                            40.489900865828162,
                            0
                        ],
                        [
                            -73.988674415679299,
                            40.49070587906985,
                            0
                        ],
                        [
                            -73.989584594386898,
                            40.4915151660501,
                            0
                        ],
                        [
                            -73.990490970999986,
                            40.492328709000049,
                            0
                        ],
                        [
                            -73.990624561999937,
                            40.49244927400008,
                            0
                        ],
                        [
                            -73.991444981245436,
                            40.493193423288226,
                            0
                        ],
                        [
                            -73.992262178328389,
                            40.493941109605487,
                            0
                        ],
                        [
                            -73.993076137999935,
                            40.49469231900008,
                            0
                        ],
                        [
                            -73.993207577999954,
                            40.494814240000039,
                            0
                        ],
                        [
                            -73.994123925684463,
                            40.495669042713814,
                            0
                        ],
                        [
                            -73.995036042999971,
                            40.496528358000035,
                            0
                        ],
                        [
                            -73.995165809999946,
                            40.496651307000036,
                            0
                        ],
                        [
                            -73.995941613536885,
                            40.497390005399922,
                            0
                        ],
                        [
                            -73.996714267999948,
                            40.49813199700003,
                            0
                        ],
                        [
                            -73.99684257399997,
                            40.498255827000037,
                            0
                        ],
                        [
                            -73.997354673999951,
                            40.498751819000063,
                            0
                        ],
                        [
                            -73.997482416999958,
                            40.498875984000051,
                            0
                        ],
                        [
                            -73.99839452984979,
                            40.499766479358406,
                            0
                        ],
                        [
                            -73.999301887432409,
                            40.500661819545897,
                            0
                        ],
                        [
                            -74.000204464014118,
                            40.501561979169658,
                            0
                        ],
                        [
                            -74.001102233996789,
                            40.502466932700109,
                            0
                        ],
                        [
                            -74.001995171918651,
                            40.503376654471744,
                            0
                        ],
                        [
                            -74.00288325245495,
                            40.504291118683803,
                            0
                        ],
                        [
                            -74.003766450418709,
                            40.505210299401021,
                            0
                        ],
                        [
                            -74.004644740761393,
                            40.506134170554382,
                            0
                        ],
                        [
                            -74.005518098573702,
                            40.507062705941841,
                            0
                        ],
                        [
                            -74.006386499086204,
                            40.507995879229057,
                            0
                        ],
                        [
                            -74.007249917670052,
                            40.508933663950174,
                            0
                        ],
                        [
                            -74.008108329837697,
                            40.509876033508526,
                            0
                        ],
                        [
                            -74.008961711243586,
                            40.510822961177439,
                            0
                        ],
                        [
                            -74.009810037684858,
                            40.511774420100956,
                            0
                        ],
                        [
                            -74.010653285101981,
                            40.512730383294596,
                            0
                        ],
                        [
                            -74.011491429579493,
                            40.513690823646151,
                            0
                        ],
                        [
                            -74.012324447346657,
                            40.514655713916426,
                            0
                        ],
                        [
                            -74.013152314778125,
                            40.515625026740032,
                            0
                        ],
                        [
                            -74.013975008394624,
                            40.516598734626129,
                            0
                        ],
                        [
                            -74.014792504863621,
                            40.517576809959245,
                            0
                        ],
                        [
                            -74.015604780999979,
                            40.518559225000047,
                            0
                        ],
                        [
                            -74.028489443999945,
                            40.497497778000024,
                            0
                        ],
                        [
                            -74.081502221999983,
                            40.432286667000028,
                            0
                        ],
                        [
                            -74.080399113745841,
                            40.431318263089743,
                            0
                        ],
                        [
                            -74.079292481076664,
                            40.430353888634819,
                            0
                        ],
                        [
                            -74.07818233871123,
                            40.429393556461946,
                            0
                        ],
                        [
                            -74.077068701415001,
                            40.428437279344024,
                            0
                        ],
                        [
                            -74.075951583999938,
                            40.427485070000046,
                            0
                        ],
                        [
                            -74.074726429328408,
                            40.42643051542516,
                            0
                        ],
                        [
                            -74.073496744996703,
                            40.425381246267627,
                            0
                        ],
                        [
                            -74.072262553806368,
                            40.424337281983604,
                            0
                        ],
                        [
                            -74.071023878642521,
                            40.423298641930913,
                            0
                        ],
                        [
                            -74.069780742473398,
                            40.422265345368629,
                            0
                        ],
                        [
                            -74.068533168349987,
                            40.421237411456751,
                            0
                        ],
                        [
                            -74.067281179405541,
                            40.420214859255843,
                            0
                        ],
                        [
                            -74.066024798855182,
                            40.419197707726681,
                            0
                        ],
                        [
                            -74.064764049995475,
                            40.418185975729891,
                            0
                        ],
                        [
                            -74.063498956203972,
                            40.417179682025605,
                            0
                        ],
                        [
                            -74.062229540938787,
                            40.41617884527313,
                            0
                        ],
                        [
                            -74.060955827738169,
                            40.415183484030564,
                            0
                        ],
                        [
                            -74.05967784022009,
                            40.414193616754503,
                            0
                        ],
                        [
                            -74.058395602081745,
                            40.413209261799643,
                            0
                        ],
                        [
                            -74.057109137099147,
                            40.412230437418479,
                            0
                        ],
                        [
                            -74.055818469126706,
                            40.411257161760965,
                            0
                        ],
                        [
                            -74.054523622096752,
                            40.410289452874153,
                            0
                        ],
                        [
                            -74.053224620019122,
                            40.409327328701877,
                            0
                        ],
                        [
                            -74.05192148698066,
                            40.408370807084417,
                            0
                        ],
                        [
                            -74.05061424714485,
                            40.407419905758168,
                            0
                        ],
                        [
                            -74.049302924751302,
                            40.406474642355299,
                            0
                        ],
                        [
                            -74.047987544115358,
                            40.405535034403457,
                            0
                        ],
                        [
                            -74.046668129627577,
                            40.404601099325404,
                            0
                        ],
                        [
                            -74.045344705753308,
                            40.403672854438732,
                            0
                        ],
                        [
                            -74.044017297032298,
                            40.402750316955498,
                            0
                        ],
                        [
                            -74.042685928078129,
                            40.401833503981948,
                            0
                        ],
                        [
                            -74.041350623577841,
                            40.400922432518172,
                            0
                        ],
                        [
                            -74.040011408291448,
                            40.4000171194578,
                            0
                        ],
                        [
                            -74.038668307051466,
                            40.399117581587689,
                            0
                        ],
                        [
                            -74.037321344762503,
                            40.398223835587594,
                            0
                        ],
                        [
                            -74.035970546400705,
                            40.397335898029901,
                            0
                        ],
                        [
                            -74.034615937013399,
                            40.396453785379265,
                            0
                        ],
                        [
                            -74.033257541718555,
                            40.395577513992343,
                            0
                        ],
                        [
                            -74.031895385704331,
                            40.394707100117493,
                            0
                        ],
                        [
                            -74.030529494228659,
                            40.393842559894438,
                            0
                        ],
                        [
                            -74.029159892618708,
                            40.392983909354001,
                            0
                        ],
                        [
                            -74.027786606270425,
                            40.392131164417783,
                            0
                        ],
                        [
                            -74.026409660648127,
                            40.391284340897904,
                            0
                        ],
                        [
                            -74.025029081283961,
                            40.390443454496655,
                            0
                        ],
                        [
                            -74.023644893777416,
                            40.389608520806263,
                            0
                        ],
                        [
                            -74.022257123794972,
                            40.388779555308552,
                            0
                        ],
                        [
                            -74.020865797069433,
                            40.387956573374709,
                            0
                        ],
                        [
                            -74.019470939399653,
                            40.387139590264944,
                            0
                        ],
                        [
                            -74.018072576649885,
                            40.386328621128257,
                            0
                        ],
                        [
                            -74.016670734749425,
                            40.385523681002105,
                            0
                        ],
                        [
                            -74.015265439692044,
                            40.384724784812171,
                            0
                        ],
                        [
                            -74.01385671753556,
                            40.383931947372076,
                            0
                        ],
                        [
                            -74.01244459440133,
                            40.383145183383071,
                            0
                        ],
                        [
                            -74.011029096473806,
                            40.382364507433799,
                            0
                        ],
                        [
                            -74.00961024999998,
                            40.381589934000033,
                            0
                        ],
                        [
                            -73.947963408999954,
                            40.46089366700005,
                            0
                        ]
                    ]
                ]
            },
            "properties": {
                "OBJECTID": 11,
                "Position": "N2J",
                "Sector": "JFK Departure",
                "Low": 5000,
                "High": 17000,
                "Notes": "May be delegated to N1L and N5S as CONEY airspace",
                "Fill": "#9C9C9C",
                "Stroke": "#9C9C9C"
            }
        },
        {
            "type": "Feature",
            "id": 12,
            "geometry": {
                "type": "Polygon",
                "coordinates": [
                    [
                        [
                            -73.888493111999935,
                            40.537440358000026,
                            0
                        ],
                        [
                            -73.857818088999977,
                            40.576889306000055,
                            0
                        ],
                        [
                            -73.948345492999977,
                            40.620276779000051,
                            0
                        ],
                        [
                            -73.973589999999945,
                            40.587133333000054,
                            0
                        ],
                        [
                            -74.015604780999979,
                            40.518559225000047,
                            0
                        ],
                        [
                            -74.014721576602085,
                            40.517506656714538,
                            0
                        ],
                        [
                            -74.013832900568417,
                            40.51645870399075,
                            0
                        ],
                        [
                            -74.012938777019158,
                            40.515415395271916,
                            0
                        ],
                        [
                            -74.012039230222371,
                            40.514376758875237,
                            0
                        ],
                        [
                            -74.011134284593297,
                            40.513342822991092,
                            0
                        ],
                        [
                            -74.010223964693708,
                            40.512313615682267,
                            0
                        ],
                        [
                            -74.009308295231264,
                            40.511289164883223,
                            0
                        ],
                        [
                            -74.008387301058789,
                            40.51026949839931,
                            0
                        ],
                        [
                            -74.007461007173674,
                            40.50925464390604,
                            0
                        ],
                        [
                            -74.006529438717109,
                            40.508244628948304,
                            0
                        ],
                        [
                            -74.005592620973474,
                            40.507239480939646,
                            0
                        ],
                        [
                            -74.004650579369596,
                            40.506239227161501,
                            0
                        ],
                        [
                            -74.003703339474114,
                            40.505243894762479,
                            0
                        ],
                        [
                            -74.002750926996754,
                            40.504253510757621,
                            0
                        ],
                        [
                            -74.001793367787613,
                            40.50326810202764,
                            0
                        ],
                        [
                            -74.000830687836512,
                            40.50228769531823,
                            0
                        ],
                        [
                            -73.999862913272224,
                            40.501312317239318,
                            0
                        ],
                        [
                            -73.99889007036181,
                            40.500341994264325,
                            0
                        ],
                        [
                            -73.997912185509918,
                            40.499376752729503,
                            0
                        ],
                        [
                            -73.996929285258005,
                            40.498416618833154,
                            0
                        ],
                        [
                            -73.995941396283683,
                            40.497461618634965,
                            0
                        ],
                        [
                            -73.994948545399964,
                            40.496511778055286,
                            0
                        ],
                        [
                            -73.993950759554508,
                            40.495567122874419,
                            0
                        ],
                        [
                            -73.992948065828955,
                            40.494627678731938,
                            0
                        ],
                        [
                            -73.991940491438129,
                            40.493693471125958,
                            0
                        ],
                        [
                            -73.990928063729328,
                            40.49276452541249,
                            0
                        ],
                        [
                            -73.989910810181584,
                            40.491840866804715,
                            0
                        ],
                        [
                            -73.988888758404897,
                            40.490922520372308,
                            0
                        ],
                        [
                            -73.987861936139524,
                            40.490009511040782,
                            0
                        ],
                        [
                            -73.986830371255195,
                            40.489101863590768,
                            0
                        ],
                        [
                            -73.985794091750321,
                            40.488199602657382,
                            0
                        ],
                        [
                            -73.98475312575134,
                            40.487302752729541,
                            0
                        ],
                        [
                            -73.98370750151183,
                            40.486411338149288,
                            0
                        ],
                        [
                            -73.982657247411851,
                            40.485525383111145,
                            0
                        ],
                        [
                            -73.981602391957111,
                            40.484644911661462,
                            0
                        ],
                        [
                            -73.980542963778177,
                            40.483769947697745,
                            0
                        ],
                        [
                            -73.979478991629762,
                            40.482900514968016,
                            0
                        ],
                        [
                            -73.978410504389899,
                            40.482036637070181,
                            0
                        ],
                        [
                            -73.977337531059177,
                            40.481178337451361,
                            0
                        ],
                        [
                            -73.976260100759916,
                            40.480325639407283,
                            0
                        ],
                        [
                            -73.975178242735439,
                            40.479478566081653,
                            0
                        ],
                        [
                            -73.974091986349237,
                            40.47863714046548,
                            0
                        ],
                        [
                            -73.973001361084172,
                            40.477801385396511,
                            0
                        ],
                        [
                            -73.971906396541684,
                            40.476971323558573,
                            0
                        ],
                        [
                            -73.970807122440988,
                            40.476146977480965,
                            0
                        ],
                        [
                            -73.969703568618272,
                            40.475328369537863,
                            0
                        ],
                        [
                            -73.968595765025896,
                            40.474515521947694,
                            0
                        ],
                        [
                            -73.967483741731556,
                            40.473708456772542,
                            0
                        ],
                        [
                            -73.966367528917459,
                            40.472907195917529,
                            0
                        ],
                        [
                            -73.965247156879556,
                            40.472111761130265,
                            0
                        ],
                        [
                            -73.964122656026646,
                            40.471322174000207,
                            0
                        ],
                        [
                            -73.962994056879651,
                            40.47053845595812,
                            0
                        ],
                        [
                            -73.961861390070652,
                            40.469760628275452,
                            0
                        ],
                        [
                            -73.960724686342203,
                            40.468988712063776,
                            0
                        ],
                        [
                            -73.959583976546384,
                            40.468222728274235,
                            0
                        ],
                        [
                            -73.958439291644012,
                            40.467462697696945,
                            0
                        ],
                        [
                            -73.957290662703826,
                            40.466708640960434,
                            0
                        ],
                        [
                            -73.956138120901571,
                            40.46596057853111,
                            0
                        ],
                        [
                            -73.954981697519216,
                            40.465218530712662,
                            0
                        ],
                        [
                            -73.953821423944078,
                            40.464482517645543,
                            0
                        ],
                        [
                            -73.952657331667979,
                            40.463752559306421,
                            0
                        ],
                        [
                            -73.951489452286395,
                            40.463028675507616,
                            0
                        ],
                        [
                            -73.950317817497563,
                            40.462310885896578,
                            0
                        ],
                        [
                            -73.949142459101665,
                            40.461599209955352,
                            0
                        ],
                        [
                            -73.947963408999954,
                            40.46089366700005,
                            0
                        ],
                        [
                            -73.888493111999935,
                            40.537440358000026,
                            0
                        ]
                    ]
                ]
            },
            "properties": {
                "OBJECTID": 12,
                "Position": "N2J",
                "Sector": "JFK Departure",
                "Low": 4000,
                "High": 17000,
                "Notes": "May be delegated to N1L and N5S as CONEY airspace",
                "Fill": "#9C9C9C",
                "Stroke": "#9C9C9C"
            }
        },
        {
            "type": "Feature",
            "id": 13,
            "geometry": {
                "type": "Polygon",
                "coordinates": [
                    [
                        [
                            -73.806003248999957,
                            40.643523367000057,
                            0
                        ],
                        [
                            -73.815803922999976,
                            40.647957652000059,
                            0
                        ],
                        [
                            -73.804293850999954,
                            40.66407623200007,
                            0
                        ],
                        [
                            -73.875280756999985,
                            40.694516899000064,
                            0
                        ],
                        [
                            -73.87783666699994,
                            40.693444444000079,
                            0
                        ],
                        [
                            -73.888444999999933,
                            40.687728889000027,
                            0
                        ],
                        [
                            -73.892642777999981,
                            40.68502611100007,
                            0
                        ],
                        [
                            -73.896653054999945,
                            40.682162222000045,
                            0
                        ],
                        [
                            -73.900464720999935,
                            40.679145833000064,
                            0
                        ],
                        [
                            -73.913065832999962,
                            40.665928889000043,
                            0
                        ],
                        [
                            -73.925268332999963,
                            40.650540556000067,
                            0
                        ],
                        [
                            -73.948345492999977,
                            40.620276779000051,
                            0
                        ],
                        [
                            -73.857818088999977,
                            40.576889306000055,
                            0
                        ],
                        [
                            -73.806003248999957,
                            40.643523367000057,
                            0
                        ]
                    ]
                ]
            },
            "properties": {
                "OBJECTID": 13,
                "Position": "N2J",
                "Sector": "JFK Departure",
                "Low": 0,
                "High": 17000,
                "Notes": "May be delegated to N1L and N5S as CONEY airspace",
                "Fill": "#9C9C9C",
                "Stroke": "#9C9C9C"
            }
        },
        {
            "type": "Feature",
            "id": 14,
            "geometry": {
                "type": "Polygon",
                "coordinates": [
                    [
                        [
                            -73.782483993999961,
                            40.69687824500005,
                            0
                        ],
                        [
                            -73.777626380999948,
                            40.704184093000038,
                            0
                        ],
                        [
                            -73.80853222199994,
                            40.705823333000069,
                            0
                        ],
                        [
                            -73.868983202999971,
                            40.697158945000069,
                            0
                        ],
                        [
                            -73.875280756999985,
                            40.694516899000064,
                            0
                        ],
                        [
                            -73.804293850999954,
                            40.66407623200007,
                            0
                        ],
                        [
                            -73.782483993999961,
                            40.69687824500005,
                            0
                        ]
                    ]
                ]
            },
            "properties": {
                "OBJECTID": 14,
                "Position": "N2J",
                "Sector": "JFK Departure",
                "Low": 0,
                "High": 12000,
                "Notes": "May be delegated to N1L and N5S as CONEY airspace",
                "Fill": "#9C9C9C",
                "Stroke": "#9C9C9C"
            }
        },
        {
            "type": "Feature",
            "id": 15,
            "geometry": {
                "type": "Polygon",
                "coordinates": [
                    [
                        [
                            -73.804293850999954,
                            40.66407623200007,
                            0
                        ],
                        [
                            -73.815803922999976,
                            40.647957652000059,
                            0
                        ],
                        [
                            -73.806003248999957,
                            40.643523367000057,
                            0
                        ],
                        [
                            -73.857818088999977,
                            40.576889306000055,
                            0
                        ],
                        [
                            -73.767895424999949,
                            40.535772275000056,
                            0
                        ],
                        [
                            -73.708786883999949,
                            40.620721849000063,
                            0
                        ],
                        [
                            -73.804293850999954,
                            40.66407623200007,
                            0
                        ]
                    ]
                ]
            },
            "properties": {
                "OBJECTID": 15,
                "Position": "N2J",
                "Sector": "JFK Departure",
                "Low": 3000,
                "High": 17000,
                "Notes": null,
                "Fill": "#9C9C9C",
                "Stroke": "#9C9C9C"
            }
        },
        {
            "type": "Feature",
            "id": 16,
            "geometry": {
                "type": "Polygon",
                "coordinates": [
                    [
                        [
                            -73.876637503999973,
                            40.429258422000032,
                            0
                        ],
                        [
                            -73.878101593273414,
                            40.429714491594126,
                            0
                        ],
                        [
                            -73.879563560182902,
                            40.430177319457222,
                            0
                        ],
                        [
                            -73.881023373532273,
                            40.430646895713274,
                            0
                        ],
                        [
                            -73.88248100217136,
                            40.43112321034225,
                            0
                        ],
                        [
                            -73.883936414996597,
                            40.43160625318032,
                            0
                        ],
                        [
                            -73.885389580951696,
                            40.432096013920088,
                            0
                        ],
                        [
                            -73.886840469028314,
                            40.432592482110806,
                            0
                        ],
                        [
                            -73.888289048266728,
                            40.433095647158609,
                            0
                        ],
                        [
                            -73.889735287756451,
                            40.43360549832672,
                            0
                        ],
                        [
                            -73.891179156636952,
                            40.4341220247357,
                            0
                        ],
                        [
                            -73.892620624098299,
                            40.434645215363652,
                            0
                        ],
                        [
                            -73.894059659381739,
                            40.4351750590465,
                            0
                        ],
                        [
                            -73.895496231780498,
                            40.435711544478188,
                            0
                        ],
                        [
                            -73.8969303106403,
                            40.436254660210935,
                            0
                        ],
                        [
                            -73.898361865360087,
                            40.436804394655475,
                            0
                        ],
                        [
                            -73.899790865392674,
                            40.437360736081324,
                            0
                        ],
                        [
                            -73.901217280245405,
                            40.437923672617011,
                            0
                        ],
                        [
                            -73.902641079480745,
                            40.438493192250313,
                            0
                        ],
                        [
                            -73.904062232716996,
                            40.439069282828569,
                            0
                        ],
                        [
                            -73.905480709628932,
                            40.439651932058879,
                            0
                        ],
                        [
                            -73.906896479948415,
                            40.440241127508408,
                            0
                        ],
                        [
                            -73.90830951346507,
                            40.440836856604612,
                            0
                        ],
                        [
                            -73.909719780026933,
                            40.441439106635549,
                            0
                        ],
                        [
                            -73.911127249541067,
                            40.44204786475013,
                            0
                        ],
                        [
                            -73.912531891974211,
                            40.442663117958375,
                            0
                        ],
                        [
                            -73.913933677353469,
                            40.443284853131736,
                            0
                        ],
                        [
                            -73.915332575766854,
                            40.443913057003321,
                            0
                        ],
                        [
                            -73.916728557364038,
                            40.444547716168231,
                            0
                        ],
                        [
                            -73.918121592356897,
                            40.445188817083803,
                            0
                        ],
                        [
                            -73.919511651020187,
                            40.445836346069925,
                            0
                        ],
                        [
                            -73.920898703692203,
                            40.446490289309317,
                            0
                        ],
                        [
                            -73.922282720775328,
                            40.447150632847837,
                            0
                        ],
                        [
                            -73.923663672736794,
                            40.447817362594748,
                            0
                        ],
                        [
                            -73.925041530109155,
                            40.448490464323079,
                            0
                        ],
                        [
                            -73.926416263491078,
                            40.449169923669849,
                            0
                        ],
                        [
                            -73.927787843547833,
                            40.449855726136441,
                            0
                        ],
                        [
                            -73.929156241011995,
                            40.450547857088878,
                            0
                        ],
                        [
                            -73.930521426684081,
                            40.451246301758147,
                            0
                        ],
                        [
                            -73.931883371433088,
                            40.451951045240506,
                            0
                        ],
                        [
                            -73.933242046197208,
                            40.452662072497795,
                            0
                        ],
                        [
                            -73.934597421984392,
                            40.453379368357801,
                            0
                        ],
                        [
                            -73.935949469873009,
                            40.454102917514504,
                            0
                        ],
                        [
                            -73.937298161012407,
                            40.454832704528492,
                            0
                        ],
                        [
                            -73.938643466623574,
                            40.455568713827212,
                            0
                        ],
                        [
                            -73.939985357999774,
                            40.456310929705353,
                            0
                        ],
                        [
                            -73.941323806507071,
                            40.457059336325166,
                            0
                        ],
                        [
                            -73.942658783585031,
                            40.457813917716791,
                            0
                        ],
                        [
                            -73.943990260747285,
                            40.458574657778627,
                            0
                        ],
                        [
                            -73.94531820958214,
                            40.459341540277634,
                            0
                        ],
                        [
                            -73.946642601753197,
                            40.460114548849717,
                            0
                        ],
                        [
                            -73.947963408999954,
                            40.46089366700005,
                            0
                        ],
                        [
                            -74.00961024999998,
                            40.381589934000033,
                            0
                        ],
                        [
                            -74.008104287614358,
                            40.380746640346274,
                            0
                        ],
                        [
                            -74.006594974982221,
                            40.379909357674869,
                            0
                        ],
                        [
                            -74.005082336096009,
                            40.379078099295498,
                            0
                        ],
                        [
                            -74.003566395001044,
                            40.378252878422067,
                            0
                        ],
                        [
                            -74.002047175795127,
                            40.377433708172511,
                            0
                        ],
                        [
                            -74.000524702628198,
                            40.37662060156859,
                            0
                        ],
                        [
                            -73.998998999701897,
                            40.375813571535666,
                            0
                        ],
                        [
                            -73.997470091269221,
                            40.375012630902503,
                            0
                        ],
                        [
                            -73.995938001634102,
                            40.374217792401083,
                            0
                        ],
                        [
                            -73.994402755151071,
                            40.373429068666368,
                            0
                        ],
                        [
                            -73.992864376224816,
                            40.37264647223612,
                            0
                        ],
                        [
                            -73.991322889309842,
                            40.371870015550719,
                            0
                        ],
                        [
                            -73.989778318910027,
                            40.371099710952926,
                            0
                        ],
                        [
                            -73.988230689578288,
                            40.370335570687715,
                            0
                        ],
                        [
                            -73.986680025916172,
                            40.369577606902062,
                            0
                        ],
                        [
                            -73.985126352573445,
                            40.368825831644777,
                            0
                        ],
                        [
                            -73.983569694247734,
                            40.368080256866271,
                            0
                        ],
                        [
                            -73.982010075684087,
                            40.367340894418419,
                            0
                        ],
                        [
                            -73.980447521674634,
                            40.366607756054314,
                            0
                        ],
                        [
                            -73.978882057058158,
                            40.365880853428138,
                            0
                        ],
                        [
                            -73.977313706719727,
                            40.365160198094927,
                            0
                        ],
                        [
                            -73.975742495590239,
                            40.364445801510406,
                            0
                        ],
                        [
                            -73.974168448646125,
                            40.363737675030833,
                            0
                        ],
                        [
                            -73.972591590908849,
                            40.363035829912775,
                            0
                        ],
                        [
                            -73.971011947444566,
                            40.362340277312946,
                            0
                        ],
                        [
                            -73.969429543363731,
                            40.361651028288051,
                            0
                        ],
                        [
                            -73.967844403820664,
                            40.360968093794575,
                            0
                        ],
                        [
                            -73.966256554013185,
                            40.360291484688631,
                            0
                        ],
                        [
                            -73.964666019182175,
                            40.359621211725781,
                            0
                        ],
                        [
                            -73.963072824611231,
                            40.358957285560869,
                            0
                        ],
                        [
                            -73.961476995626185,
                            40.358299716747851,
                            0
                        ],
                        [
                            -73.959878557594777,
                            40.357648515739612,
                            0
                        ],
                        [
                            -73.958277535926229,
                            40.357003692887822,
                            0
                        ],
                        [
                            -73.956673956070802,
                            40.356365258442771,
                            0
                        ],
                        [
                            -73.955067843519444,
                            40.355733222553177,
                            0
                        ],
                        [
                            -73.95345922380335,
                            40.355107595266055,
                            0
                        ],
                        [
                            -73.951848122493601,
                            40.354488386526555,
                            0
                        ],
                        [
                            -73.950234565200688,
                            40.35387560617778,
                            0
                        ],
                        [
                            -73.948618577574152,
                            40.353269263960662,
                            0
                        ],
                        [
                            -73.947000185302187,
                            40.352669369513777,
                            0
                        ],
                        [
                            -73.945379414111187,
                            40.352075932373204,
                            0
                        ],
                        [
                            -73.943756289765389,
                            40.3514889619724,
                            0
                        ],
                        [
                            -73.942130838066404,
                            40.350908467641986,
                            0
                        ],
                        [
                            -73.940503084852864,
                            40.35033445860968,
                            0
                        ],
                        [
                            -73.938873055999977,
                            40.349766944000066,
                            0
                        ],
                        [
                            -73.876637503999973,
                            40.429258422000032,
                            0
                        ]
                    ]
                ]
            },
            "properties": {
                "OBJECTID": 16,
                "Position": "N2J",
                "Sector": "JFK Departure",
                "Low": 5000,
                "High": 17000,
                "Notes": null,
                "Fill": "#9C9C9C",
                "Stroke": "#9C9C9C"
            }
        },
        {
            "type": "Feature",
            "id": 17,
            "geometry": {
                "type": "Polygon",
                "coordinates": [
                    [
                        [
                            -73.767895424999949,
                            40.535772275000056,
                            0
                        ],
                        [
                            -73.857818088999977,
                            40.576889306000055,
                            0
                        ],
                        [
                            -73.888493111999935,
                            40.537440358000026,
                            0
                        ],
                        [
                            -73.947963408999954,
                            40.46089366700005,
                            0
                        ],
                        [
                            -73.946642601753879,
                            40.460114548848431,
                            0
                        ],
                        [
                            -73.94531820958349,
                            40.459341540275112,
                            0
                        ],
                        [
                            -73.943990260749246,
                            40.458574657774911,
                            0
                        ],
                        [
                            -73.942658783587589,
                            40.457813917711931,
                            0
                        ],
                        [
                            -73.941323806510184,
                            40.457059336319212,
                            0
                        ],
                        [
                            -73.939985358003398,
                            40.456310929698347,
                            0
                        ],
                        [
                            -73.938643466627695,
                            40.455568713819211,
                            0
                        ],
                        [
                            -73.937298161016969,
                            40.454832704519539,
                            0
                        ],
                        [
                            -73.935949469877983,
                            40.454102917504656,
                            0
                        ],
                        [
                            -73.934597421989764,
                            40.4533793683471,
                            0
                        ],
                        [
                            -73.933242046202935,
                            40.452662072486298,
                            0
                        ],
                        [
                            -73.931883371439142,
                            40.451951045228249,
                            0
                        ],
                        [
                            -73.930521426690433,
                            40.451246301745194,
                            0
                        ],
                        [
                            -73.929156241018617,
                            40.450547857075279,
                            0
                        ],
                        [
                            -73.927787843554682,
                            40.449855726122237,
                            0
                        ],
                        [
                            -73.92641626349814,
                            40.449169923655099,
                            0
                        ],
                        [
                            -73.925041530116403,
                            40.448490464307831,
                            0
                        ],
                        [
                            -73.923663672744183,
                            40.447817362579059,
                            0
                        ],
                        [
                            -73.92228272078286,
                            40.44715063283175,
                            0
                        ],
                        [
                            -73.92089870369982,
                            40.446490289292896,
                            0
                        ],
                        [
                            -73.919511651027889,
                            40.445836346053213,
                            0
                        ],
                        [
                            -73.918121592364628,
                            40.445188817066857,
                            0
                        ],
                        [
                            -73.916728557371798,
                            40.444547716151099,
                            0
                        ],
                        [
                            -73.915332575774613,
                            40.443913056986062,
                            0
                        ],
                        [
                            -73.913933677361186,
                            40.443284853114399,
                            0
                        ],
                        [
                            -73.912531891981885,
                            40.442663117941017,
                            0
                        ],
                        [
                            -73.911127249548656,
                            40.4420478647328,
                            0
                        ],
                        [
                            -73.909719780034422,
                            40.441439106618304,
                            0
                        ],
                        [
                            -73.908309513472446,
                            40.440836856587502,
                            0
                        ],
                        [
                            -73.906896479955634,
                            40.44024112749149,
                            0
                        ],
                        [
                            -73.905480709635981,
                            40.43965193204221,
                            0
                        ],
                        [
                            -73.904062232723859,
                            40.439069282812198,
                            0
                        ],
                        [
                            -73.90264107948741,
                            40.438493192234304,
                            0
                        ],
                        [
                            -73.901217280251842,
                            40.437923672601407,
                            0
                        ],
                        [
                            -73.89979086539887,
                            40.437360736066189,
                            0
                        ],
                        [
                            -73.898361865366013,
                            40.436804394640866,
                            0
                        ],
                        [
                            -73.896930310645928,
                            40.436254660196894,
                            0
                        ],
                        [
                            -73.895496231785827,
                            40.435711544464787,
                            0
                        ],
                        [
                            -73.894059659386755,
                            40.435175059033789,
                            0
                        ],
                        [
                            -73.892620624102975,
                            40.434645215351694,
                            0
                        ],
                        [
                            -73.891179156641286,
                            40.434122024724537,
                            0
                        ],
                        [
                            -73.889735287760402,
                            40.433605498316417,
                            0
                        ],
                        [
                            -73.888289048270295,
                            40.433095647149223,
                            0
                        ],
                        [
                            -73.886840469031483,
                            40.432592482102393,
                            0
                        ],
                        [
                            -73.885389580954453,
                            40.432096013912705,
                            0
                        ],
                        [
                            -73.883936414998928,
                            40.431606253174024,
                            0
                        ],
                        [
                            -73.88248100217325,
                            40.431123210337098,
                            0
                        ],
                        [
                            -73.881023373533708,
                            40.430646895709323,
                            0
                        ],
                        [
                            -73.879563560183868,
                            40.430177319454529,
                            0
                        ],
                        [
                            -73.878101593273911,
                            40.429714491592755,
                            0
                        ],
                        [
                            -73.876637503999973,
                            40.429258422000032,
                            0
                        ],
                        [
                            -73.876631274999966,
                            40.429256482000028,
                            0
                        ],
                        [
                            -73.875078358944748,
                            40.428777817120555,
                            0
                        ],
                        [
                            -73.873523370934208,
                            40.428305926636952,
                            0
                        ],
                        [
                            -73.871966340520643,
                            40.427840819517435,
                            0
                        ],
                        [
                            -73.870407297295131,
                            40.427382504601269,
                            0
                        ],
                        [
                            -73.868846270887005,
                            40.426930990598649,
                            0
                        ],
                        [
                            -73.867283290963314,
                            40.426486286090523,
                            0
                        ],
                        [
                            -73.865718387228213,
                            40.426048399528419,
                            0
                        ],
                        [
                            -73.86415158942242,
                            40.4256173392343,
                            0
                        ],
                        [
                            -73.862582927322649,
                            40.425193113400383,
                            0
                        ],
                        [
                            -73.861012430741056,
                            40.424775730089017,
                            0
                        ],
                        [
                            -73.859440129524643,
                            40.42436519723249,
                            0
                        ],
                        [
                            -73.85786605355473,
                            40.423961522632901,
                            0
                        ],
                        [
                            -73.85629023274636,
                            40.42356471396203,
                            0
                        ],
                        [
                            -73.854712697047702,
                            40.423174778761144,
                            0
                        ],
                        [
                            -73.853133476439567,
                            40.422791724440906,
                            0
                        ],
                        [
                            -73.851552600934767,
                            40.42241555828118,
                            0
                        ],
                        [
                            -73.849970100577551,
                            40.422046287430945,
                            0
                        ],
                        [
                            -73.848386005443075,
                            40.42168391890813,
                            0
                        ],
                        [
                            -73.84680034563678,
                            40.421328459599486,
                            0
                        ],
                        [
                            -73.845213151293848,
                            40.420979916260457,
                            0
                        ],
                        [
                            -73.843624452578638,
                            40.42063829551504,
                            0
                        ],
                        [
                            -73.842034279684086,
                            40.420303603855686,
                            0
                        ],
                        [
                            -73.840442662831151,
                            40.419975847643137,
                            0
                        ],
                        [
                            -73.838849632268236,
                            40.419655033106359,
                            0
                        ],
                        [
                            -73.837255218270599,
                            40.41934116634237,
                            0
                        ],
                        [
                            -73.83565945113979,
                            40.419034253316148,
                            0
                        ],
                        [
                            -73.83406236120311,
                            40.418734299860532,
                            0
                        ],
                        [
                            -73.832463978812939,
                            40.418441311676069,
                            0
                        ],
                        [
                            -73.830864334346288,
                            40.418155294330965,
                            0
                        ],
                        [
                            -73.829263458204096,
                            40.417876253260914,
                            0
                        ],
                        [
                            -73.827661380810738,
                            40.417604193769051,
                            0
                        ],
                        [
                            -73.826058132613426,
                            40.417339121025819,
                            0
                        ],
                        [
                            -73.824453744081595,
                            40.417081040068879,
                            0
                        ],
                        [
                            -73.822848245706368,
                            40.41682995580301,
                            0
                        ],
                        [
                            -73.821241667999971,
                            40.416585873000031,
                            0
                        ],
                        [
                            -73.8196152363777,
                            40.416345889908435,
                            0
                        ],
                        [
                            -73.817987808410891,
                            40.416112759217505,
                            0
                        ],
                        [
                            -73.816359412969618,
                            40.415886485062899,
                            0
                        ],
                        [
                            -73.81473007894111,
                            40.415667071458664,
                            0
                        ],
                        [
                            -73.813099835229238,
                            40.415454522297111,
                            0
                        ],
                        [
                            -73.811468710753999,
                            40.415248841348813,
                            0
                        ],
                        [
                            -73.809836734451054,
                            40.415050032262471,
                            0
                        ],
                        [
                            -73.808203935271138,
                            40.414858098564906,
                            0
                        ],
                        [
                            -73.806570342179612,
                            40.414673043660954,
                            0
                        ],
                        [
                            -73.804935984155875,
                            40.414494870833444,
                            0
                        ],
                        [
                            -73.803300890192958,
                            40.414323583243089,
                            0
                        ],
                        [
                            -73.801665089296904,
                            40.414159183928483,
                            0
                        ],
                        [
                            -73.800028610486294,
                            40.414001675806027,
                            0
                        ],
                        [
                            -73.798391482791772,
                            40.413851061669853,
                            0
                        ],
                        [
                            -73.796753735255464,
                            40.41370734419182,
                            0
                        ],
                        [
                            -73.795115396930484,
                            40.413570525921422,
                            0
                        ],
                        [
                            -73.793476496880459,
                            40.413440609285779,
                            0
                        ],
                        [
                            -73.791837064178964,
                            40.413317596589565,
                            0
                        ],
                        [
                            -73.790197127908996,
                            40.413201490014991,
                            0
                        ],
                        [
                            -73.788556717162535,
                            40.413092291621751,
                            0
                        ],
                        [
                            -73.786915861039944,
                            40.412990003346991,
                            0
                        ],
                        [
                            -73.7852745886495,
                            40.412894627005272,
                            0
                        ],
                        [
                            -73.783632929106872,
                            40.41280616428854,
                            0
                        ],
                        [
                            -73.78199091153455,
                            40.412724616766091,
                            0
                        ],
                        [
                            -73.780348565061459,
                            40.412649985884563,
                            0
                        ],
                        [
                            -73.778705918822268,
                            40.412582272967882,
                            0
                        ],
                        [
                            -73.777063001957032,
                            40.41252147921724,
                            0
                        ],
                        [
                            -73.775419843610578,
                            40.412467605711122,
                            0
                        ],
                        [
                            -73.773776472932013,
                            40.412420653405206,
                            0
                        ],
                        [
                            -73.772132919074224,
                            40.412380623132421,
                            0
                        ],
                        [
                            -73.77048921119335,
                            40.412347515602896,
                            0
                        ],
                        [
                            -73.768845378448233,
                            40.412321331403938,
                            0
                        ],
                        [
                            -73.767201449999959,
                            40.412302071000056,
                            0
                        ],
                        [
                            -73.767895424999949,
                            40.535772275000056,
                            0
                        ]
                    ]
                ]
            },
            "properties": {
                "OBJECTID": 17,
                "Position": "N2J",
                "Sector": "JFK Departure",
                "Low": 4000,
                "High": 17000,
                "Notes": null,
                "Fill": "#9C9C9C",
                "Stroke": "#9C9C9C"
            }
        },
        {
            "type": "Feature",
            "id": 18,
            "geometry": {
                "type": "Polygon",
                "coordinates": [
                    [
                        [
                            -73.804293850999954,
                            40.66407623200007,
                            0
                        ],
                        [
                            -73.790307975999951,
                            40.65773587800004,
                            0
                        ],
                        [
                            -73.767238247999956,
                            40.690267402000075,
                            0
                        ],
                        [
                            -73.782486133999953,
                            40.69687917300007,
                            0
                        ],
                        [
                            -73.804293850999954,
                            40.66407623200007,
                            0
                        ]
                    ]
                ]
            },
            "properties": {
                "OBJECTID": 18,
                "Position": "N2J",
                "Sector": "JFK Departure",
                "Low": 0,
                "High": 12000,
                "Notes": null,
                "Fill": "#9C9C9C",
                "Stroke": "#9C9C9C"
            }
        },
        {
            "type": "Feature",
            "id": 19,
            "geometry": {
                "type": "Polygon",
                "coordinates": [
                    [
                        [
                            -73.489819721999936,
                            40.628443056000037,
                            0
                        ],
                        [
                            -73.489880087325517,
                            40.629689717484851,
                            0
                        ],
                        [
                            -73.489947613057097,
                            40.63093601163385,
                            0
                        ],
                        [
                            -73.490022296966416,
                            40.632181897320393,
                            0
                        ],
                        [
                            -73.490104136588954,
                            40.633427333431335,
                            0
                        ],
                        [
                            -73.490193129224068,
                            40.634672278868351,
                            0
                        ],
                        [
                            -73.490289271935083,
                            40.635916692549316,
                            0
                        ],
                        [
                            -73.490392561549385,
                            40.637160533409649,
                            0
                        ],
                        [
                            -73.490502994658485,
                            40.638403760403669,
                            0
                        ],
                        [
                            -73.490620567618194,
                            40.639646332505968,
                            0
                        ],
                        [
                            -73.490745276548708,
                            40.640888208712717,
                            0
                        ],
                        [
                            -73.490877117334733,
                            40.642129348043092,
                            0
                        ],
                        [
                            -73.491016085625645,
                            40.643369709540544,
                            0
                        ],
                        [
                            -73.491162176835601,
                            40.644609252274229,
                            0
                        ],
                        [
                            -73.491315386143739,
                            40.645847935340292,
                            0
                        ],
                        [
                            -73.491475708494249,
                            40.647085717863263,
                            0
                        ],
                        [
                            -73.491643138596658,
                            40.648322558997393,
                            0
                        ],
                        [
                            -73.491817670925911,
                            40.64955841792797,
                            0
                        ],
                        [
                            -73.491999299722579,
                            40.650793253872727,
                            0
                        ],
                        [
                            -73.49218801899309,
                            40.652027026083147,
                            0
                        ],
                        [
                            -73.492383822509851,
                            40.653259693845797,
                            0
                        ],
                        [
                            -73.492586703811526,
                            40.654491216483706,
                            0
                        ],
                        [
                            -73.492796656203197,
                            40.655721553357687,
                            0
                        ],
                        [
                            -73.493013672756632,
                            40.65695066386769,
                            0
                        ],
                        [
                            -73.493237746310442,
                            40.658178507454117,
                            0
                        ],
                        [
                            -73.493468869470433,
                            40.659405043599186,
                            0
                        ],
                        [
                            -73.493707034609713,
                            40.660630231828272,
                            0
                        ],
                        [
                            -73.493952233869038,
                            40.661854031711208,
                            0
                        ],
                        [
                            -73.494204459157046,
                            40.663076402863659,
                            0
                        ],
                        [
                            -73.49446370215054,
                            40.66429730494842,
                            0
                        ],
                        [
                            -73.494729954294684,
                            40.665516697676786,
                            0
                        ],
                        [
                            -73.495003206803432,
                            40.666734540809834,
                            0
                        ],
                        [
                            -73.495283450659642,
                            40.6679507941598,
                            0
                        ],
                        [
                            -73.495570676615543,
                            40.669165417591365,
                            0
                        ],
                        [
                            -73.495864875192922,
                            40.670378371023006,
                            0
                        ],
                        [
                            -73.496166036683448,
                            40.671589614428299,
                            0
                        ],
                        [
                            -73.496474151149087,
                            40.672799107837264,
                            0
                        ],
                        [
                            -73.496789208422314,
                            40.674006811337648,
                            0
                        ],
                        [
                            -73.497111198106509,
                            40.675212685076282,
                            0
                        ],
                        [
                            -73.497440109576289,
                            40.676416689260364,
                            0
                        ],
                        [
                            -73.497775931977856,
                            40.67761878415881,
                            0
                        ],
                        [
                            -73.498118654229373,
                            40.678818930103503,
                            0
                        ],
                        [
                            -73.498468265021287,
                            40.680017087490675,
                            0
                        ],
                        [
                            -73.498824752816745,
                            40.681213216782155,
                            0
                        ],
                        [
                            -73.499188105851957,
                            40.682407278506709,
                            0
                        ],
                        [
                            -73.4995583121366,
                            40.683599233261333,
                            0
                        ],
                        [
                            -73.49993535945417,
                            40.684789041712541,
                            0
                        ],
                        [
                            -73.500319235362426,
                            40.685976664597682,
                            0
                        ],
                        [
                            -73.50070992719381,
                            40.687162062726223,
                            0
                        ],
                        [
                            -73.50110742205581,
                            40.688345196981047,
                            0
                        ],
                        [
                            -73.501511706831451,
                            40.689526028319733,
                            0
                        ],
                        [
                            -73.501922768179682,
                            40.690704517775877,
                            0
                        ],
                        [
                            -73.50234059253583,
                            40.691880626460339,
                            0
                        ],
                        [
                            -73.502765166112056,
                            40.693054315562541,
                            0
                        ],
                        [
                            -73.503196474897791,
                            40.694225546351753,
                            0
                        ],
                        [
                            -73.503634504660212,
                            40.69539428017837,
                            0
                        ],
                        [
                            -73.504079240944733,
                            40.696560478475185,
                            0
                        ],
                        [
                            -73.504530669075407,
                            40.697724102758656,
                            0
                        ],
                        [
                            -73.504988774155535,
                            40.69888511463018,
                            0
                        ],
                        [
                            -73.505453541068007,
                            40.700043475777363,
                            0
                        ],
                        [
                            -73.505924954475944,
                            40.701199147975295,
                            0
                        ],
                        [
                            -73.506402998823091,
                            40.702352093087789,
                            0
                        ],
                        [
                            -73.506887658334406,
                            40.703502273068636,
                            0
                        ],
                        [
                            -73.507378917016538,
                            40.704649649962896,
                            0
                        ],
                        [
                            -73.507876758658369,
                            40.705794185908118,
                            0
                        ],
                        [
                            -73.508381166831569,
                            40.706935843135604,
                            0
                        ],
                        [
                            -73.508892124891091,
                            40.708074583971644,
                            0
                        ],
                        [
                            -73.509409615975756,
                            40.709210370838775,
                            0
                        ],
                        [
                            -73.509933623008806,
                            40.710343166257005,
                            0
                        ],
                        [
                            -73.510464128698459,
                            40.711472932845062,
                            0
                        ],
                        [
                            -73.511001115538505,
                            40.712599633321624,
                            0
                        ],
                        [
                            -73.511544565808805,
                            40.713723230506538,
                            0
                        ],
                        [
                            -73.512094461575998,
                            40.714843687322073,
                            0
                        ],
                        [
                            -73.512650784693975,
                            40.715960966794121,
                            0
                        ],
                        [
                            -73.513213516804569,
                            40.717075032053408,
                            0
                        ],
                        [
                            -73.513782639338103,
                            40.718185846336752,
                            0
                        ],
                        [
                            -73.514358133514008,
                            40.71929337298824,
                            0
                        ],
                        [
                            -73.514939980341495,
                            40.720397575460431,
                            0
                        ],
                        [
                            -73.515528160620107,
                            40.721498417315608,
                            0
                        ],
                        [
                            -73.516122654940389,
                            40.722595862226932,
                            0
                        ],
                        [
                            -73.516723443684569,
                            40.723689873979673,
                            0
                        ],
                        [
                            -73.517330507027111,
                            40.724780416472377,
                            0
                        ],
                        [
                            -73.517943824935458,
                            40.725867453718081,
                            0
                        ],
                        [
                            -73.518563377170651,
                            40.726950949845495,
                            0
                        ],
                        [
                            -73.519189143287988,
                            40.728030869100181,
                            0
                        ],
                        [
                            -73.519821102637735,
                            40.729107175845733,
                            0
                        ],
                        [
                            -73.520459234365774,
                            40.730179834564957,
                            0
                        ],
                        [
                            -73.521103517414303,
                            40.731248809861029,
                            0
                        ],
                        [
                            -73.52175393052255,
                            40.732314066458699,
                            0
                        ],
                        [
                            -73.522410452227433,
                            40.733375569205407,
                            0
                        ],
                        [
                            -73.523073060864306,
                            40.734433283072477,
                            0
                        ],
                        [
                            -73.52374173456765,
                            40.735487173156272,
                            0
                        ],
                        [
                            -73.524416451271804,
                            40.736537204679308,
                            0
                        ],
                        [
                            -73.525097188711712,
                            40.737583342991471,
                            0
                        ],
                        [
                            -73.525783924423607,
                            40.738625553571083,
                            0
                        ],
                        [
                            -73.526476635745823,
                            40.739663802026094,
                            0
                        ],
                        [
                            -73.527175299819461,
                            40.740698054095205,
                            0
                        ],
                        [
                            -73.52787989358923,
                            40.741728275648981,
                            0
                        ],
                        [
                            -73.528590393804109,
                            40.742754432691001,
                            0
                        ],
                        [
                            -73.529306777018249,
                            40.743776491358965,
                            0
                        ],
                        [
                            -73.530029019591581,
                            40.744794417925824,
                            0
                        ],
                        [
                            -73.530757097690739,
                            40.745808178800871,
                            0
                        ],
                        [
                            -73.531490987289772,
                            40.746817740530872,
                            0
                        ],
                        [
                            -73.532230664170953,
                            40.747823069801157,
                            0
                        ],
                        [
                            -73.532976103925591,
                            40.748824133436727,
                            0
                        ],
                        [
                            -73.533727281954796,
                            40.74982089840335,
                            0
                        ],
                        [
                            -73.534484173470361,
                            40.750813331808637,
                            0
                        ],
                        [
                            -73.535246753495514,
                            40.751801400903133,
                            0
                        ],
                        [
                            -73.536014996865759,
                            40.752785073081412,
                            0
                        ],
                        [
                            -73.536788878229729,
                            40.753764315883146,
                            0
                        ],
                        [
                            -73.537568372050018,
                            40.754739096994165,
                            0
                        ],
                        [
                            -73.538353452603985,
                            40.755709384247524,
                            0
                        ],
                        [
                            -73.539144093984646,
                            40.756675145624584,
                            0
                        ],
                        [
                            -73.539940270101539,
                            40.757636349256053,
                            0
                        ],
                        [
                            -73.540741954681522,
                            40.758592963423034,
                            0
                        ],
                        [
                            -73.541549121269696,
                            40.759544956558081,
                            0
                        ],
                        [
                            -73.542361743230273,
                            40.760492297246252,
                            0
                        ],
                        [
                            -73.543179793747399,
                            40.761434954226111,
                            0
                        ],
                        [
                            -73.544003245826133,
                            40.762372896390794,
                            0
                        ],
                        [
                            -73.544832072293246,
                            40.763306092789009,
                            0
                        ],
                        [
                            -73.545666245798202,
                            40.764234512626089,
                            0
                        ],
                        [
                            -73.546505738813991,
                            40.765158125264975,
                            0
                        ],
                        [
                            -73.547350523638045,
                            40.76607690022724,
                            0
                        ],
                        [
                            -73.548200572393213,
                            40.766990807194112,
                            0
                        ],
                        [
                            -73.549055857028605,
                            40.767899816007436,
                            0
                        ],
                        [
                            -73.549916349320583,
                            40.768803896670711,
                            0
                        ],
                        [
                            -73.550782020873626,
                            40.769703019350061,
                            0
                        ],
                        [
                            -73.551652843121317,
                            40.770597154375196,
                            0
                        ],
                        [
                            -73.552528787327276,
                            40.771486272240438,
                            0
                        ],
                        [
                            -73.553409824586097,
                            40.772370343605665,
                            0
                        ],
                        [
                            -73.55429592582432,
                            40.77324933929728,
                            0
                        ],
                        [
                            -73.555187061801362,
                            40.774123230309179,
                            0
                        ],
                        [
                            -73.556083203110489,
                            40.774991987803723,
                            0
                        ],
                        [
                            -73.556984320179822,
                            40.775855583112651,
                            0
                        ],
                        [
                            -73.557890383273275,
                            40.776713987738063,
                            0
                        ],
                        [
                            -73.55880136249155,
                            40.777567173353354,
                            0
                        ],
                        [
                            -73.559717227773106,
                            40.778415111804122,
                            0
                        ],
                        [
                            -73.560637948895177,
                            40.779257775109137,
                            0
                        ],
                        [
                            -73.561563495474772,
                            40.780095135461231,
                            0
                        ],
                        [
                            -73.562493836969637,
                            40.780927165228235,
                            0
                        ],
                        [
                            -73.563428942679309,
                            40.781753836953889,
                            0
                        ],
                        [
                            -73.564368781746111,
                            40.782575123358725,
                            0
                        ],
                        [
                            -73.565313323156147,
                            40.783390997341009,
                            0
                        ],
                        [
                            -73.566262535740378,
                            40.7842014319776,
                            0
                        ],
                        [
                            -73.567216388175609,
                            40.78500640052485,
                            0
                        ],
                        [
                            -73.568174848985521,
                            40.785805876419488,
                            0
                        ],
                        [
                            -73.569137886541739,
                            40.78659983327951,
                            0
                        ],
                        [
                            -73.570105469064842,
                            40.78738824490501,
                            0
                        ],
                        [
                            -73.571077564625455,
                            40.788171085279089,
                            0
                        ],
                        [
                            -73.572054141145259,
                            40.788948328568694,
                            0
                        ],
                        [
                            -73.573035166398057,
                            40.789719949125455,
                            0
                        ],
                        [
                            -73.574020608010869,
                            40.790485921486564,
                            0
                        ],
                        [
                            -73.575010433464982,
                            40.791246220375591,
                            0
                        ],
                        [
                            -73.576004610096987,
                            40.792000820703329,
                            0
                        ],
                        [
                            -73.577003105099919,
                            40.792749697568624,
                            0
                        ],
                        [
                            -73.578005885524306,
                            40.793492826259168,
                            0
                        ],
                        [
                            -73.579012918279261,
                            40.794230182252363,
                            0
                        ],
                        [
                            -73.580024170133569,
                            40.794961741216099,
                            0
                        ],
                        [
                            -73.581039607716775,
                            40.795687479009558,
                            0
                        ],
                        [
                            -73.582059197520337,
                            40.796407371684019,
                            0
                        ],
                        [
                            -73.58308290589865,
                            40.797121395483636,
                            0
                        ],
                        [
                            -73.584110699070223,
                            40.797829526846243,
                            0
                        ],
                        [
                            -73.585142543118778,
                            40.798531742404123,
                            0
                        ],
                        [
                            -73.586178403994325,
                            40.799228018984756,
                            0
                        ],
                        [
                            -73.587218247514386,
                            40.799918333611622,
                            0
                        ],
                        [
                            -73.588262039364977,
                            40.800602663504925,
                            0
                        ],
                        [
                            -73.5893097451019,
                            40.801280986082375,
                            0
                        ],
                        [
                            -73.590361330151751,
                            40.801953278959914,
                            0
                        ],
                        [
                            -73.591416759813129,
                            40.802619519952444,
                            0
                        ],
                        [
                            -73.592475999257772,
                            40.803279687074593,
                            0
                        ],
                        [
                            -73.593539013531682,
                            40.803933758541412,
                            0
                        ],
                        [
                            -73.594605767556317,
                            40.804581712769114,
                            0
                        ],
                        [
                            -73.595676226129697,
                            40.805223528375755,
                            0
                        ],
                        [
                            -73.596750353927618,
                            40.805859184181983,
                            0
                        ],
                        [
                            -73.597828115504782,
                            40.806488659211695,
                            0
                        ],
                        [
                            -73.598909475295997,
                            40.807111932692763,
                            0
                        ],
                        [
                            -73.599994397617309,
                            40.807728984057704,
                            0
                        ],
                        [
                            -73.601082846667225,
                            40.808339792944338,
                            0
                        ],
                        [
                            -73.602174786527854,
                            40.808944339196515,
                            0
                        ],
                        [
                            -73.603270181166124,
                            40.809542602864717,
                            0
                        ],
                        [
                            -73.604368994434964,
                            40.81013456420677,
                            0
                        ],
                        [
                            -73.605471190074468,
                            40.810720203688447,
                            0
                        ],
                        [
                            -73.606576731713147,
                            40.811299501984152,
                            0
                        ],
                        [
                            -73.607685582869053,
                            40.811872439977549,
                            0
                        ],
                        [
                            -73.60879770695108,
                            40.812438998762168,
                            0
                        ],
                        [
                            -73.609913067260081,
                            40.812999159642068,
                            0
                        ],
                        [
                            -73.611031626990126,
                            40.813552904132408,
                            0
                        ],
                        [
                            -73.6121533492297,
                            40.814100213960103,
                            0
                        ],
                        [
                            -73.613278196962938,
                            40.814641071064408,
                            0
                        ],
                        [
                            -73.614406133070844,
                            40.815175457597491,
                            0
                        ],
                        [
                            -73.61553712033249,
                            40.815703355925059,
                            0
                        ],
                        [
                            -73.616671121426265,
                            40.816224748626929,
                            0
                        ],
                        [
                            -73.617808098931121,
                            40.816739618497593,
                            0
                        ],
                        [
                            -73.61894801532776,
                            40.817247948546779,
                            0
                        ],
                        [
                            -73.620090832999949,
                            40.81774972200003,
                            0
                        ],
                        [
                            -73.739584393999962,
                            40.702392724000049,
                            0
                        ],
                        [
                            -73.739628611999933,
                            40.702350000000081,
                            0
                        ],
                        [
                            -73.772520830999952,
                            40.703937656000051,
                            0
                        ],
                        [
                            -73.777599712999972,
                            40.704182806000063,
                            0
                        ],
                        [
                            -73.777626380999948,
                            40.704184093000038,
                            0
                        ],
                        [
                            -73.782486133999953,
                            40.69687917300007,
                            0
                        ],
                        [
                            -73.782483993999961,
                            40.69687824500005,
                            0
                        ],
                        [
                            -73.767238247999956,
                            40.690267402000075,
                            0
                        ],
                        [
                            -73.769721304999962,
                            40.68676670900004,
                            0
                        ],
                        [
                            -73.790307975999951,
                            40.65773587800004,
                            0
                        ],
                        [
                            -73.708786883999949,
                            40.620721849000063,
                            0
                        ],
                        [
                            -73.767895424999949,
                            40.535772275000056,
                            0
                        ],
                        [
                            -73.767201449999959,
                            40.412302071000056,
                            0
                        ],
                        [
                            -73.765570119651372,
                            40.412293619815209,
                            0
                        ],
                        [
                            -73.76393876799203,
                            40.412292244190979,
                            0
                        ],
                        [
                            -73.762307425710588,
                            40.412297944153266,
                            0
                        ],
                        [
                            -73.760676123495529,
                            40.412310719594828,
                            0
                        ],
                        [
                            -73.759044892034566,
                            40.412330570275337,
                            0
                        ],
                        [
                            -73.757413762014082,
                            40.412357495821375,
                            0
                        ],
                        [
                            -73.75578276411855,
                            40.412391495726418,
                            0
                        ],
                        [
                            -73.754151929029973,
                            40.412432569350869,
                            0
                        ],
                        [
                            -73.752521287427271,
                            40.412480715922058,
                            0
                        ],
                        [
                            -73.750890869985753,
                            40.412535934534269,
                            0
                        ],
                        [
                            -73.749260707376465,
                            40.412598224148724,
                            0
                        ],
                        [
                            -73.74763083026572,
                            40.41266758359366,
                            0
                        ],
                        [
                            -73.746001269314391,
                            40.412744011564293,
                            0
                        ],
                        [
                            -73.744372055177465,
                            40.412827506622882,
                            0
                        ],
                        [
                            -73.742743218503378,
                            40.412918067198724,
                            0
                        ],
                        [
                            -73.741114789933448,
                            40.413015691588228,
                            0
                        ],
                        [
                            -73.739486800101361,
                            40.413120377954897,
                            0
                        ],
                        [
                            -73.737859279632502,
                            40.41323212432939,
                            0
                        ],
                        [
                            -73.736232259143449,
                            40.413350928609553,
                            0
                        ],
                        [
                            -73.734605769241384,
                            40.41347678856048,
                            0
                        ],
                        [
                            -73.732979840523498,
                            40.413609701814508,
                            0
                        ],
                        [
                            -73.731354503576412,
                            40.413749665871308,
                            0
                        ],
                        [
                            -73.729729788975618,
                            40.413896678097899,
                            0
                        ],
                        [
                            -73.728105727284941,
                            40.414050735728715,
                            0
                        ],
                        [
                            -73.726482349055857,
                            40.414211835865665,
                            0
                        ],
                        [
                            -73.724859684827052,
                            40.414379975478163,
                            0
                        ],
                        [
                            -73.723237765123713,
                            40.414555151403199,
                            0
                        ],
                        [
                            -73.721616620457084,
                            40.414737360345399,
                            0
                        ],
                        [
                            -73.719996281323787,
                            40.414926598877095,
                            0
                        ],
                        [
                            -73.718376778205311,
                            40.415122863438363,
                            0
                        ],
                        [
                            -73.716758141567411,
                            40.415326150337116,
                            0
                        ],
                        [
                            -73.715140401859543,
                            40.415536455749162,
                            0
                        ],
                        [
                            -73.713523589514281,
                            40.415753775718287,
                            0
                        ],
                        [
                            -73.711907734946763,
                            40.415978106156302,
                            0
                        ],
                        [
                            -73.710292868554134,
                            40.416209442843162,
                            0
                        ],
                        [
                            -73.708679020714882,
                            40.416447781426996,
                            0
                        ],
                        [
                            -73.707066221788423,
                            40.416693117424238,
                            0
                        ],
                        [
                            -73.70545450211435,
                            40.416945446219671,
                            0
                        ],
                        [
                            -73.703843892012031,
                            40.417204763066543,
                            0
                        ],
                        [
                            -73.70223442177992,
                            40.417471063086644,
                            0
                        ],
                        [
                            -73.700626121695038,
                            40.417744341270385,
                            0
                        ],
                        [
                            -73.699019022012379,
                            40.418024592476918,
                            0
                        ],
                        [
                            -73.697413152964373,
                            40.418311811434208,
                            0
                        ],
                        [
                            -73.695808544760297,
                            40.418605992739167,
                            0
                        ],
                        [
                            -73.694205227585712,
                            40.418907130857704,
                            0
                        ],
                        [
                            -73.692603231601879,
                            40.419215220124876,
                            0
                        ],
                        [
                            -73.691002586945217,
                            40.41953025474497,
                            0
                        ],
                        [
                            -73.689403323726708,
                            40.419852228791626,
                            0
                        ],
                        [
                            -73.687805472031386,
                            40.42018113620793,
                            0
                        ],
                        [
                            -73.68620906191768,
                            40.420516970806538,
                            0
                        ],
                        [
                            -73.684614123416935,
                            40.420859726269818,
                            0
                        ],
                        [
                            -73.683020686532799,
                            40.421209396149905,
                            0
                        ],
                        [
                            -73.681428781240669,
                            40.421565973868901,
                            0
                        ],
                        [
                            -73.679838437487163,
                            40.421929452718921,
                            0
                        ],
                        [
                            -73.678249685189456,
                            40.422299825862297,
                            0
                        ],
                        [
                            -73.676662554234866,
                            40.422677086331625,
                            0
                        ],
                        [
                            -73.675077074480143,
                            40.423061227029976,
                            0
                        ],
                        [
                            -73.673493275751014,
                            40.423452240730967,
                            0
                        ],
                        [
                            -73.671911187841559,
                            40.423850120078932,
                            0
                        ],
                        [
                            -73.670330840513699,
                            40.424254857589041,
                            0
                        ],
                        [
                            -73.6687522634966,
                            40.424666445647475,
                            0
                        ],
                        [
                            -73.667175486486116,
                            40.425084876511505,
                            0
                        ],
                        [
                            -73.665600539144251,
                            40.425510142309705,
                            0
                        ],
                        [
                            -73.664027451098576,
                            40.425942235042058,
                            0
                        ],
                        [
                            -73.66245625194172,
                            40.426381146580134,
                            0
                        ],
                        [
                            -73.660886971230752,
                            40.42682686866722,
                            0
                        ],
                        [
                            -73.659319638486622,
                            40.427279392918479,
                            0
                        ],
                        [
                            -73.657754283193711,
                            40.427738710821117,
                            0
                        ],
                        [
                            -73.656190934799113,
                            40.428204813734553,
                            0
                        ],
                        [
                            -73.65462962271225,
                            40.428677692890538,
                            0
                        ],
                        [
                            -73.653070376304186,
                            40.429157339393385,
                            0
                        ],
                        [
                            -73.651513224907134,
                            40.42964374422008,
                            0
                        ],
                        [
                            -73.649958197813916,
                            40.430136898220468,
                            0
                        ],
                        [
                            -73.648405324277348,
                            40.430636792117447,
                            0
                        ],
                        [
                            -73.646854633509804,
                            40.431143416507112,
                            0
                        ],
                        [
                            -73.64530615468253,
                            40.431656761858953,
                            0
                        ],
                        [
                            -73.643759916925205,
                            40.432176818516027,
                            0
                        ],
                        [
                            -73.642215949325305,
                            40.432703576695125,
                            0
                        ],
                        [
                            -73.640674280927655,
                            40.433237026486999,
                            0
                        ],
                        [
                            -73.639134940733797,
                            40.433777157856483,
                            0
                        ],
                        [
                            -73.637597957701459,
                            40.434323960642757,
                            0
                        ],
                        [
                            -73.636063360744046,
                            40.434877424559467,
                            0
                        ],
                        [
                            -73.634531178730114,
                            40.435437539194972,
                            0
                        ],
                        [
                            -73.633001440482701,
                            40.436004294012513,
                            0
                        ],
                        [
                            -73.631474174778972,
                            40.43657767835041,
                            0
                        ],
                        [
                            -73.629949410349496,
                            40.437157681422278,
                            0
                        ],
                        [
                            -73.628427175877832,
                            40.437744292317227,
                            0
                        ],
                        [
                            -73.626907499999959,
                            40.438337500000046,
                            0
                        ],
                        [
                            -73.625650999149002,
                            40.438843824391817,
                            0
                        ],
                        [
                            -73.624396539101497,
                            40.439355184115811,
                            0
                        ],
                        [
                            -73.623144140036032,
                            40.439871570946558,
                            0
                        ],
                        [
                            -73.621893822098087,
                            40.440392976577712,
                            0
                        ],
                        [
                            -73.620645605399659,
                            40.440919392622206,
                            0
                        ],
                        [
                            -73.619399510018937,
                            40.441450810612373,
                            0
                        ],
                        [
                            -73.618155555999977,
                            40.44198722200008,
                            0
                        ],
                        [
                            -73.546425555999974,
                            40.545834722000052,
                            0
                        ],
                        [
                            -73.489819721999936,
                            40.628443056000037,
                            0
                        ]
                    ]
                ]
            },
            "properties": {
                "OBJECTID": 19,
                "Position": "N2J",
                "Sector": "JFK Departure",
                "Low": 0,
                "High": 17000,
                "Notes": null,
                "Fill": "#9C9C9C",
                "Stroke": "#9C9C9C"
            }
        },
        {
            "type": "Feature",
            "id": 20,
            "geometry": {
                "type": "Polygon",
                "coordinates": [
                    [
                        [
                            -73.497647079999979,
                            40.523300736000067,
                            0
                        ],
                        [
                            -73.476689999999962,
                            40.553825000000074,
                            0
                        ],
                        [
                            -73.450932612999964,
                            40.625440456000035,
                            0
                        ],
                        [
                            -73.489819721999936,
                            40.628443056000037,
                            0
                        ],
                        [
                            -73.546425555999974,
                            40.545834722000052,
                            0
                        ],
                        [
                            -73.618155555999977,
                            40.44198722200008,
                            0
                        ],
                        [
                            -73.619399510018852,
                            40.441450810612181,
                            0
                        ],
                        [
                            -73.620645605399531,
                            40.4409193926219,
                            0
                        ],
                        [
                            -73.621893822097931,
                            40.440392976577343,
                            0
                        ],
                        [
                            -73.623144140035876,
                            40.439871570946188,
                            0
                        ],
                        [
                            -73.624396539101369,
                            40.439355184115506,
                            0
                        ],
                        [
                            -73.625650999148931,
                            40.438843824391633,
                            0
                        ],
                        [
                            -73.626907499999959,
                            40.438337500000046,
                            0
                        ],
                        [
                            -73.58791215499997,
                            40.397143100000051,
                            0
                        ],
                        [
                            -73.497647079999979,
                            40.523300736000067,
                            0
                        ]
                    ]
                ]
            },
            "properties": {
                "OBJECTID": 20,
                "Position": "N2J",
                "Sector": "JFK Departure",
                "Low": 4000,
                "High": 17000,
                "Notes": null,
                "Fill": "#9C9C9C",
                "Stroke": "#9C9C9C"
            }
        },
        {
            "type": "Feature",
            "id": 21,
            "geometry": {
                "type": "Polygon",
                "coordinates": [
                    [
                        [
                            -73.414399214999946,
                            40.729506512000057,
                            0
                        ],
                        [
                            -73.384845875999986,
                            40.816753888000051,
                            0
                        ],
                        [
                            -73.592633342999989,
                            40.817633490000048,
                            0
                        ],
                        [
                            -73.620090832999949,
                            40.81774972200003,
                            0
                        ],
                        [
                            -73.61894801532776,
                            40.817247948546779,
                            0
                        ],
                        [
                            -73.617808098931121,
                            40.816739618497593,
                            0
                        ],
                        [
                            -73.616671121426265,
                            40.816224748626929,
                            0
                        ],
                        [
                            -73.61553712033249,
                            40.815703355925059,
                            0
                        ],
                        [
                            -73.614406133070844,
                            40.815175457597491,
                            0
                        ],
                        [
                            -73.613278196962938,
                            40.814641071064401,
                            0
                        ],
                        [
                            -73.6121533492297,
                            40.814100213960103,
                            0
                        ],
                        [
                            -73.611031626990126,
                            40.813552904132408,
                            0
                        ],
                        [
                            -73.609913067260081,
                            40.812999159642061,
                            0
                        ],
                        [
                            -73.60879770695108,
                            40.812438998762168,
                            0
                        ],
                        [
                            -73.607685582869053,
                            40.811872439977549,
                            0
                        ],
                        [
                            -73.606576731713147,
                            40.811299501984152,
                            0
                        ],
                        [
                            -73.605471190074468,
                            40.810720203688447,
                            0
                        ],
                        [
                            -73.604368994434964,
                            40.810134564206763,
                            0
                        ],
                        [
                            -73.603270181166124,
                            40.809542602864717,
                            0
                        ],
                        [
                            -73.602174786527854,
                            40.808944339196515,
                            0
                        ],
                        [
                            -73.601082846667225,
                            40.808339792944338,
                            0
                        ],
                        [
                            -73.599994397617309,
                            40.807728984057697,
                            0
                        ],
                        [
                            -73.598909475295997,
                            40.807111932692763,
                            0
                        ],
                        [
                            -73.597828115504782,
                            40.806488659211695,
                            0
                        ],
                        [
                            -73.596750353927618,
                            40.805859184181976,
                            0
                        ],
                        [
                            -73.595676226129697,
                            40.805223528375748,
                            0
                        ],
                        [
                            -73.594605767556317,
                            40.804581712769107,
                            0
                        ],
                        [
                            -73.593539013531696,
                            40.803933758541412,
                            0
                        ],
                        [
                            -73.592475999257772,
                            40.803279687074593,
                            0
                        ],
                        [
                            -73.591416759813129,
                            40.802619519952437,
                            0
                        ],
                        [
                            -73.590361330151751,
                            40.801953278959907,
                            0
                        ],
                        [
                            -73.5893097451019,
                            40.801280986082375,
                            0
                        ],
                        [
                            -73.588262039364977,
                            40.800602663504925,
                            0
                        ],
                        [
                            -73.587218247514386,
                            40.799918333611622,
                            0
                        ],
                        [
                            -73.586178403994339,
                            40.799228018984756,
                            0
                        ],
                        [
                            -73.585142543118778,
                            40.798531742404123,
                            0
                        ],
                        [
                            -73.584110699070223,
                            40.797829526846243,
                            0
                        ],
                        [
                            -73.58308290589865,
                            40.797121395483636,
                            0
                        ],
                        [
                            -73.582059197520337,
                            40.796407371684012,
                            0
                        ],
                        [
                            -73.581039607716775,
                            40.795687479009558,
                            0
                        ],
                        [
                            -73.580024170133569,
                            40.794961741216099,
                            0
                        ],
                        [
                            -73.579012918279261,
                            40.794230182252363,
                            0
                        ],
                        [
                            -73.57800588552432,
                            40.793492826259168,
                            0
                        ],
                        [
                            -73.577003105099919,
                            40.792749697568617,
                            0
                        ],
                        [
                            -73.576004610096987,
                            40.792000820703329,
                            0
                        ],
                        [
                            -73.575010433464982,
                            40.791246220375591,
                            0
                        ],
                        [
                            -73.574020608010883,
                            40.790485921486564,
                            0
                        ],
                        [
                            -73.573035166398057,
                            40.789719949125448,
                            0
                        ],
                        [
                            -73.572054141145259,
                            40.788948328568686,
                            0
                        ],
                        [
                            -73.571077564625455,
                            40.788171085279089,
                            0
                        ],
                        [
                            -73.570105469064856,
                            40.78738824490501,
                            0
                        ],
                        [
                            -73.569137886541739,
                            40.786599833279503,
                            0
                        ],
                        [
                            -73.568174848985521,
                            40.785805876419488,
                            0
                        ],
                        [
                            -73.567216388175609,
                            40.785006400524843,
                            0
                        ],
                        [
                            -73.566262535740378,
                            40.784201431977593,
                            0
                        ],
                        [
                            -73.565313323156147,
                            40.783390997341002,
                            0
                        ],
                        [
                            -73.564368781746111,
                            40.782575123358718,
                            0
                        ],
                        [
                            -73.563428942679309,
                            40.781753836953882,
                            0
                        ],
                        [
                            -73.562493836969637,
                            40.780927165228235,
                            0
                        ],
                        [
                            -73.561563495474772,
                            40.780095135461231,
                            0
                        ],
                        [
                            -73.560637948895177,
                            40.779257775109137,
                            0
                        ],
                        [
                            -73.559717227773106,
                            40.778415111804122,
                            0
                        ],
                        [
                            -73.55880136249155,
                            40.777567173353347,
                            0
                        ],
                        [
                            -73.557890383273275,
                            40.776713987738063,
                            0
                        ],
                        [
                            -73.556984320179822,
                            40.775855583112644,
                            0
                        ],
                        [
                            -73.556083203110489,
                            40.774991987803716,
                            0
                        ],
                        [
                            -73.555187061801362,
                            40.774123230309179,
                            0
                        ],
                        [
                            -73.55429592582432,
                            40.773249339297273,
                            0
                        ],
                        [
                            -73.553409824586112,
                            40.772370343605658,
                            0
                        ],
                        [
                            -73.552528787327276,
                            40.771486272240431,
                            0
                        ],
                        [
                            -73.551652843121317,
                            40.770597154375189,
                            0
                        ],
                        [
                            -73.550782020873626,
                            40.769703019350054,
                            0
                        ],
                        [
                            -73.549916349320583,
                            40.768803896670711,
                            0
                        ],
                        [
                            -73.54905585702862,
                            40.767899816007436,
                            0
                        ],
                        [
                            -73.548200572393213,
                            40.766990807194105,
                            0
                        ],
                        [
                            -73.547350523638045,
                            40.76607690022724,
                            0
                        ],
                        [
                            -73.546505738813991,
                            40.765158125264968,
                            0
                        ],
                        [
                            -73.545666245798216,
                            40.764234512626089,
                            0
                        ],
                        [
                            -73.544832072293261,
                            40.763306092789009,
                            0
                        ],
                        [
                            -73.544003245826133,
                            40.762372896390787,
                            0
                        ],
                        [
                            -73.543179793747399,
                            40.761434954226104,
                            0
                        ],
                        [
                            -73.542361743230273,
                            40.760492297246245,
                            0
                        ],
                        [
                            -73.541549121269711,
                            40.759544956558081,
                            0
                        ],
                        [
                            -73.540741954681536,
                            40.758592963423027,
                            0
                        ],
                        [
                            -73.539940270101553,
                            40.757636349256046,
                            0
                        ],
                        [
                            -73.53914409398466,
                            40.756675145624577,
                            0
                        ],
                        [
                            -73.538353452603985,
                            40.755709384247517,
                            0
                        ],
                        [
                            -73.537568372050018,
                            40.754739096994157,
                            0
                        ],
                        [
                            -73.536788878229729,
                            40.753764315883146,
                            0
                        ],
                        [
                            -73.536014996865759,
                            40.752785073081412,
                            0
                        ],
                        [
                            -73.535246753495514,
                            40.751801400903126,
                            0
                        ],
                        [
                            -73.534484173470375,
                            40.750813331808629,
                            0
                        ],
                        [
                            -73.53372728195481,
                            40.74982089840335,
                            0
                        ],
                        [
                            -73.532976103925591,
                            40.748824133436727,
                            0
                        ],
                        [
                            -73.532230664170967,
                            40.747823069801157,
                            0
                        ],
                        [
                            -73.531490987289786,
                            40.746817740530865,
                            0
                        ],
                        [
                            -73.530757097690739,
                            40.745808178800864,
                            0
                        ],
                        [
                            -73.530029019591581,
                            40.744794417925824,
                            0
                        ],
                        [
                            -73.529306777018249,
                            40.743776491358965,
                            0
                        ],
                        [
                            -73.528590393804123,
                            40.742754432690994,
                            0
                        ],
                        [
                            -73.52787989358923,
                            40.741728275648974,
                            0
                        ],
                        [
                            -73.527175299819461,
                            40.740698054095198,
                            0
                        ],
                        [
                            -73.526476635745823,
                            40.739663802026087,
                            0
                        ],
                        [
                            -73.525783924423621,
                            40.738625553571076,
                            0
                        ],
                        [
                            -73.525097188711712,
                            40.737583342991464,
                            0
                        ],
                        [
                            -73.524416451271819,
                            40.736537204679308,
                            0
                        ],
                        [
                            -73.52374173456765,
                            40.735487173156265,
                            0
                        ],
                        [
                            -73.523073060864306,
                            40.734433283072477,
                            0
                        ],
                        [
                            -73.522410452227447,
                            40.733375569205407,
                            0
                        ],
                        [
                            -73.521753930522564,
                            40.732314066458699,
                            0
                        ],
                        [
                            -73.521103517414318,
                            40.731248809861029,
                            0
                        ],
                        [
                            -73.520459234365774,
                            40.73017983456495,
                            0
                        ],
                        [
                            -73.519821102637735,
                            40.729107175845733,
                            0
                        ],
                        [
                            -73.519189143287988,
                            40.728030869100181,
                            0
                        ],
                        [
                            -73.518563377170651,
                            40.726950949845495,
                            0
                        ],
                        [
                            -73.517943824935458,
                            40.725867453718081,
                            0
                        ],
                        [
                            -73.517330507027111,
                            40.72478041647237,
                            0
                        ],
                        [
                            -73.516723443684569,
                            40.723689873979666,
                            0
                        ],
                        [
                            -73.516122654940403,
                            40.722595862226932,
                            0
                        ],
                        [
                            -73.515528160620107,
                            40.721498417315608,
                            0
                        ],
                        [
                            -73.514939980341495,
                            40.720397575460431,
                            0
                        ],
                        [
                            -73.514358133514023,
                            40.719293372988233,
                            0
                        ],
                        [
                            -73.513782639338103,
                            40.718185846336752,
                            0
                        ],
                        [
                            -73.513213516804569,
                            40.717075032053408,
                            0
                        ],
                        [
                            -73.512650784693989,
                            40.715960966794114,
                            0
                        ],
                        [
                            -73.512094461575998,
                            40.714843687322073,
                            0
                        ],
                        [
                            -73.511544565808805,
                            40.713723230506538,
                            0
                        ],
                        [
                            -73.511001115538505,
                            40.712599633321616,
                            0
                        ],
                        [
                            -73.510464128698473,
                            40.711472932845062,
                            0
                        ],
                        [
                            -73.509933623008806,
                            40.710343166257005,
                            0
                        ],
                        [
                            -73.509409615975756,
                            40.709210370838768,
                            0
                        ],
                        [
                            -73.508892124891091,
                            40.708074583971644,
                            0
                        ],
                        [
                            -73.508381166831569,
                            40.706935843135604,
                            0
                        ],
                        [
                            -73.507876758658384,
                            40.705794185908118,
                            0
                        ],
                        [
                            -73.507378917016538,
                            40.704649649962896,
                            0
                        ],
                        [
                            -73.506887658334406,
                            40.703502273068636,
                            0
                        ],
                        [
                            -73.506402998823106,
                            40.702352093087782,
                            0
                        ],
                        [
                            -73.505924954475944,
                            40.701199147975295,
                            0
                        ],
                        [
                            -73.505453541068022,
                            40.700043475777363,
                            0
                        ],
                        [
                            -73.504988774155535,
                            40.698885114630173,
                            0
                        ],
                        [
                            -73.504530669075422,
                            40.697724102758649,
                            0
                        ],
                        [
                            -73.504079240944733,
                            40.696560478475185,
                            0
                        ],
                        [
                            -73.503634504660212,
                            40.69539428017837,
                            0
                        ],
                        [
                            -73.503196474897791,
                            40.694225546351753,
                            0
                        ],
                        [
                            -73.502765166112056,
                            40.693054315562541,
                            0
                        ],
                        [
                            -73.50234059253583,
                            40.691880626460339,
                            0
                        ],
                        [
                            -73.501922768179682,
                            40.690704517775877,
                            0
                        ],
                        [
                            -73.501511706831451,
                            40.689526028319733,
                            0
                        ],
                        [
                            -73.50110742205581,
                            40.688345196981039,
                            0
                        ],
                        [
                            -73.50070992719381,
                            40.687162062726223,
                            0
                        ],
                        [
                            -73.500319235362426,
                            40.685976664597682,
                            0
                        ],
                        [
                            -73.49993535945417,
                            40.684789041712541,
                            0
                        ],
                        [
                            -73.4995583121366,
                            40.683599233261333,
                            0
                        ],
                        [
                            -73.499188105851957,
                            40.682407278506709,
                            0
                        ],
                        [
                            -73.498824752816745,
                            40.681213216782155,
                            0
                        ],
                        [
                            -73.498468265021287,
                            40.680017087490668,
                            0
                        ],
                        [
                            -73.498118654229373,
                            40.678818930103503,
                            0
                        ],
                        [
                            -73.497775931977856,
                            40.677618784158803,
                            0
                        ],
                        [
                            -73.497440109576289,
                            40.676416689260364,
                            0
                        ],
                        [
                            -73.497111198106509,
                            40.675212685076275,
                            0
                        ],
                        [
                            -73.496789208422314,
                            40.674006811337648,
                            0
                        ],
                        [
                            -73.496474151149087,
                            40.672799107837264,
                            0
                        ],
                        [
                            -73.496166036683462,
                            40.671589614428299,
                            0
                        ],
                        [
                            -73.495864875192922,
                            40.670378371023006,
                            0
                        ],
                        [
                            -73.495570676615543,
                            40.669165417591365,
                            0
                        ],
                        [
                            -73.495283450659656,
                            40.6679507941598,
                            0
                        ],
                        [
                            -73.495003206803432,
                            40.666734540809834,
                            0
                        ],
                        [
                            -73.494729954294698,
                            40.665516697676786,
                            0
                        ],
                        [
                            -73.49446370215054,
                            40.66429730494842,
                            0
                        ],
                        [
                            -73.494204459157046,
                            40.663076402863659,
                            0
                        ],
                        [
                            -73.493952233869038,
                            40.661854031711208,
                            0
                        ],
                        [
                            -73.493707034609713,
                            40.660630231828272,
                            0
                        ],
                        [
                            -73.493468869470433,
                            40.659405043599186,
                            0
                        ],
                        [
                            -73.493237746310456,
                            40.65817850745411,
                            0
                        ],
                        [
                            -73.493013672756632,
                            40.65695066386769,
                            0
                        ],
                        [
                            -73.492796656203197,
                            40.655721553357687,
                            0
                        ],
                        [
                            -73.492586703811526,
                            40.654491216483706,
                            0
                        ],
                        [
                            -73.492383822509851,
                            40.653259693845797,
                            0
                        ],
                        [
                            -73.49218801899309,
                            40.652027026083147,
                            0
                        ],
                        [
                            -73.491999299722579,
                            40.650793253872727,
                            0
                        ],
                        [
                            -73.491817670925911,
                            40.64955841792797,
                            0
                        ],
                        [
                            -73.491643138596658,
                            40.648322558997386,
                            0
                        ],
                        [
                            -73.491475708494249,
                            40.647085717863263,
                            0
                        ],
                        [
                            -73.491315386143739,
                            40.645847935340292,
                            0
                        ],
                        [
                            -73.491162176835601,
                            40.644609252274229,
                            0
                        ],
                        [
                            -73.491016085625645,
                            40.643369709540544,
                            0
                        ],
                        [
                            -73.490877117334733,
                            40.642129348043092,
                            0
                        ],
                        [
                            -73.490745276548708,
                            40.640888208712717,
                            0
                        ],
                        [
                            -73.490620567618194,
                            40.639646332505961,
                            0
                        ],
                        [
                            -73.490502994658485,
                            40.638403760403669,
                            0
                        ],
                        [
                            -73.490392561549385,
                            40.637160533409649,
                            0
                        ],
                        [
                            -73.490289271935083,
                            40.635916692549316,
                            0
                        ],
                        [
                            -73.490193129224068,
                            40.634672278868351,
                            0
                        ],
                        [
                            -73.490104136588954,
                            40.633427333431335,
                            0
                        ],
                        [
                            -73.490022296966416,
                            40.632181897320393,
                            0
                        ],
                        [
                            -73.489947613057097,
                            40.63093601163385,
                            0
                        ],
                        [
                            -73.489880087325517,
                            40.629689717484851,
                            0
                        ],
                        [
                            -73.489819721999936,
                            40.628443056000037,
                            0
                        ],
                        [
                            -73.414399214999946,
                            40.729506512000057,
                            0
                        ]
                    ]
                ]
            },
            "properties": {
                "OBJECTID": 21,
                "Position": "N2J",
                "Sector": "JFK Departure",
                "Low": 4000,
                "High": 17000,
                "Notes": null,
                "Fill": "#9C9C9C",
                "Stroke": "#9C9C9C"
            }
        },
        {
            "type": "Feature",
            "id": 22,
            "geometry": {
                "type": "Polygon",
                "coordinates": [
                    [
                        [
                            -73.58791215499997,
                            40.397143100000051,
                            0
                        ],
                        [
                            -73.545709013999954,
                            40.352410662000068,
                            0
                        ],
                        [
                            -73.514091145999942,
                            40.319150628000045,
                            0
                        ],
                        [
                            -73.400570769999945,
                            40.478969664000033,
                            0
                        ],
                        [
                            -73.328686015999949,
                            40.580016225000065,
                            0
                        ],
                        [
                            -73.334598888999949,
                            40.581091111000035,
                            0
                        ],
                        [
                            -73.329856572999972,
                            40.615657589000079,
                            0
                        ],
                        [
                            -73.450932612999964,
                            40.625440456000035,
                            0
                        ],
                        [
                            -73.476689999999962,
                            40.553825000000074,
                            0
                        ],
                        [
                            -73.497647079999979,
                            40.523300736000067,
                            0
                        ],
                        [
                            -73.58791215499997,
                            40.397143100000051,
                            0
                        ]
                    ]
                ]
            },
            "properties": {
                "OBJECTID": 22,
                "Position": "N2J",
                "Sector": "JFK Departure",
                "Low": 4000,
                "High": 14000,
                "Notes": null,
                "Fill": "#9C9C9C",
                "Stroke": "#9C9C9C"
            }
        },
        {
            "type": "Feature",
            "id": 23,
            "geometry": {
                "type": "Polygon",
                "coordinates": [
                    [
                        [
                            -73.43693424199995,
                            40.237210007000044,
                            0
                        ],
                        [
                            -73.252933055999961,
                            40.408815556000036,
                            0
                        ],
                        [
                            -73.400570769999945,
                            40.478969664000033,
                            0
                        ],
                        [
                            -73.514091145999942,
                            40.319150628000045,
                            0
                        ],
                        [
                            -73.43693424199995,
                            40.237210007000044,
                            0
                        ]
                    ]
                ]
            },
            "properties": {
                "OBJECTID": 23,
                "Position": "N2J",
                "Sector": "JFK Departure",
                "Low": 5000,
                "High": 13000,
                "Notes": null,
                "Fill": "#9C9C9C",
                "Stroke": "#9C9C9C"
            }
        },
        {
            "type": "Feature",
            "id": 24,
            "geometry": {
                "type": "Polygon",
                "coordinates": [
                    [
                        [
                            -73.252933055999961,
                            40.408815556000036,
                            0
                        ],
                        [
                            -73.085486576999983,
                            40.535514832000047,
                            0
                        ],
                        [
                            -73.065745833999983,
                            40.550403333000077,
                            0
                        ],
                        [
                            -72.965774443999976,
                            40.629403056000058,
                            0
                        ],
                        [
                            -73.153175832999978,
                            40.597673889000077,
                            0
                        ],
                        [
                            -73.329856572999972,
                            40.615657589000079,
                            0
                        ],
                        [
                            -73.334598888999949,
                            40.581091111000035,
                            0
                        ],
                        [
                            -73.328686015999949,
                            40.580016225000065,
                            0
                        ],
                        [
                            -73.400570769999945,
                            40.478969664000033,
                            0
                        ],
                        [
                            -73.252933055999961,
                            40.408815556000036,
                            0
                        ]
                    ]
                ]
            },
            "properties": {
                "OBJECTID": 24,
                "Position": "N2J",
                "Sector": "JFK Departure",
                "Low": 5000,
                "High": 12000,
                "Notes": null,
                "Fill": "#9C9C9C",
                "Stroke": "#9C9C9C"
            }
        },
        {
            "type": "Feature",
            "id": 25,
            "geometry": {
                "type": "Polygon",
                "coordinates": [
                    [
                        [
                            -73.379273281999986,
                            40.833053327000073,
                            0
                        ],
                        [
                            -73.36138916699997,
                            40.847518889000071,
                            0
                        ],
                        [
                            -73.303359801999989,
                            40.895045154000059,
                            0
                        ],
                        [
                            -73.333515833999968,
                            40.912020556000073,
                            0
                        ],
                        [
                            -73.468364153999971,
                            40.918926099000032,
                            0
                        ],
                        [
                            -73.579401154999971,
                            40.876106800000059,
                            0
                        ],
                        [
                            -73.579501229999948,
                            40.875963271000046,
                            0
                        ],
                        [
                            -73.580036327999949,
                            40.875195821000034,
                            0
                        ],
                        [
                            -73.580036801999938,
                            40.875195142000052,
                            0
                        ],
                        [
                            -73.580036885999959,
                            40.875195021000025,
                            0
                        ],
                        [
                            -73.587818628999969,
                            40.864038357000027,
                            0
                        ],
                        [
                            -73.620090832999949,
                            40.81774972200003,
                            0
                        ],
                        [
                            -73.592633342999989,
                            40.817633490000048,
                            0
                        ],
                        [
                            -73.384845875999986,
                            40.816753888000051,
                            0
                        ],
                        [
                            -73.379273281999986,
                            40.833053327000073,
                            0
                        ]
                    ]
                ]
            },
            "properties": {
                "OBJECTID": 25,
                "Position": "N2J",
                "Sector": "JFK Departure",
                "Low": 6000,
                "High": 17000,
                "Notes": null,
                "Fill": "#9C9C9C",
                "Stroke": "#9C9C9C"
            }
        },
        {
            "type": "Feature",
            "id": 26,
            "geometry": {
                "type": "Polygon",
                "coordinates": [
                    [
                        [
                            -73.260084443999972,
                            40.737436667000054,
                            0
                        ],
                        [
                            -73.26852250099995,
                            40.789951944000052,
                            0
                        ],
                        [
                            -73.251964721999968,
                            40.866113889000076,
                            0
                        ],
                        [
                            -73.279368567999938,
                            40.881540033000078,
                            0
                        ],
                        [
                            -73.286807626999973,
                            40.885727621000058,
                            0
                        ],
                        [
                            -73.287464641033125,
                            40.885116996181246,
                            0
                        ],
                        [
                            -73.288116756287408,
                            40.884501142461403,
                            0
                        ],
                        [
                            -73.288763931149418,
                            40.883880099139972,
                            0
                        ],
                        [
                            -73.289406124321019,
                            40.883253905847553,
                            0
                        ],
                        [
                            -73.290043294821956,
                            40.882622602543393,
                            0
                        ],
                        [
                            -73.290675401992516,
                            40.881986229512819,
                            0
                        ],
                        [
                            -73.291302405496069,
                            40.881344827364678,
                            0
                        ],
                        [
                            -73.291924265321668,
                            40.88069843702872,
                            0
                        ],
                        [
                            -73.292540941786598,
                            40.880047099753028,
                            0
                        ],
                        [
                            -73.293152395538939,
                            40.879390857101356,
                            0
                        ],
                        [
                            -73.293758587559992,
                            40.878729750950491,
                            0
                        ],
                        [
                            -73.294359479166872,
                            40.878063823487551,
                            0
                        ],
                        [
                            -73.294955032014911,
                            40.87739311720734,
                            0
                        ],
                        [
                            -73.295545208100108,
                            40.876717674909614,
                            0
                        ],
                        [
                            -73.296129969761608,
                            40.876037539696327,
                            0
                        ],
                        [
                            -73.296709279684038,
                            40.875352754968922,
                            0
                        ],
                        [
                            -73.297283100899918,
                            40.87466336442553,
                            0
                        ],
                        [
                            -73.297851396792026,
                            40.873969412058194,
                            0
                        ],
                        [
                            -73.298414131095711,
                            40.873270942150064,
                            0
                        ],
                        [
                            -73.298971267901251,
                            40.872567999272569,
                            0
                        ],
                        [
                            -73.2995227716561,
                            40.871860628282569,
                            0
                        ],
                        [
                            -73.300068607167177,
                            40.871148874319488,
                            0
                        ],
                        [
                            -73.300608739603106,
                            40.870432782802446,
                            0
                        ],
                        [
                            -73.301143134496442,
                            40.869712399427364,
                            0
                        ],
                        [
                            -73.301671757745851,
                            40.868987770164033,
                            0
                        ],
                        [
                            -73.302194575618358,
                            40.868258941253174,
                            0
                        ],
                        [
                            -73.302711554751397,
                            40.867525959203512,
                            0
                        ],
                        [
                            -73.303222662154994,
                            40.866788870788803,
                            0
                        ],
                        [
                            -73.303727865213887,
                            40.866047723044829,
                            0
                        ],
                        [
                            -73.304227131689572,
                            40.865302563266418,
                            0
                        ],
                        [
                            -73.304720429722394,
                            40.864553439004411,
                            0
                        ],
                        [
                            -73.305207727833533,
                            40.863800398062629,
                            0
                        ],
                        [
                            -73.305688994927067,
                            40.863043488494853,
                            0
                        ],
                        [
                            -73.306164200291931,
                            40.862282758601715,
                            0
                        ],
                        [
                            -73.306633313603854,
                            40.861518256927624,
                            0
                        ],
                        [
                            -73.307096304927327,
                            40.860750032257691,
                            0
                        ],
                        [
                            -73.307553144717531,
                            40.859978133614604,
                            0
                        ],
                        [
                            -73.308003803822146,
                            40.859202610255487,
                            0
                        ],
                        [
                            -73.308448253483306,
                            40.858423511668782,
                            0
                        ],
                        [
                            -73.308886465339356,
                            40.857640887571058,
                            0
                        ],
                        [
                            -73.309318411426702,
                            40.856854787903877,
                            0
                        ],
                        [
                            -73.309744064181587,
                            40.856065262830583,
                            0
                        ],
                        [
                            -73.310163396441865,
                            40.855272362733089,
                            0
                        ],
                        [
                            -73.310576381448698,
                            40.854476138208696,
                            0
                        ],
                        [
                            -73.310982992848295,
                            40.853676640066837,
                            0
                        ],
                        [
                            -73.31138320469357,
                            40.852873919325859,
                            0
                        ],
                        [
                            -73.311776991445853,
                            40.852068027209725,
                            0
                        ],
                        [
                            -73.312164327976433,
                            40.851259015144798,
                            0
                        ],
                        [
                            -73.312545189568212,
                            40.850446934756533,
                            0
                        ],
                        [
                            -73.312919551917318,
                            40.849631837866163,
                            0
                        ],
                        [
                            -73.313287391134551,
                            40.848813776487425,
                            0
                        ],
                        [
                            -73.313648683747019,
                            40.847992802823242,
                            0
                        ],
                        [
                            -73.314003406699584,
                            40.847168969262356,
                            0
                        ],
                        [
                            -73.314351537356316,
                            40.846342328376025,
                            0
                        ],
                        [
                            -73.314693053501969,
                            40.845512932914637,
                            0
                        ],
                        [
                            -73.315027933343401,
                            40.844680835804368,
                            0
                        ],
                        [
                            -73.315356155510926,
                            40.843846090143792,
                            0
                        ],
                        [
                            -73.315677699059734,
                            40.843008749200486,
                            0
                        ],
                        [
                            -73.315992543471168,
                            40.842168866407654,
                            0
                        ],
                        [
                            -73.316300668654094,
                            40.84132649536069,
                            0
                        ],
                        [
                            -73.316602054946117,
                            40.840481689813778,
                            0
                        ],
                        [
                            -73.316896683114891,
                            40.839634503676457,
                            0
                        ],
                        [
                            -73.317184534359342,
                            40.838784991010172,
                            0
                        ],
                        [
                            -73.317465590310817,
                            40.837933206024829,
                            0
                        ],
                        [
                            -73.317739833034295,
                            40.837079203075348,
                            0
                        ],
                        [
                            -73.318007245029563,
                            40.836223036658168,
                            0
                        ],
                        [
                            -73.318267809232267,
                            40.83536476140781,
                            0
                        ],
                        [
                            -73.318521509015014,
                            40.834504432093333,
                            0
                        ],
                        [
                            -73.318768328188511,
                            40.833642103614906,
                            0
                        ],
                        [
                            -73.319008251002458,
                            40.832777831000243,
                            0
                        ],
                        [
                            -73.31924126214669,
                            40.83191166940113,
                            0
                        ],
                        [
                            -73.319467346752091,
                            40.831043674089898,
                            0
                        ],
                        [
                            -73.319686490391518,
                            40.830173900455897,
                            0
                        ],
                        [
                            -73.319898679080765,
                            40.829302404001936,
                            0
                        ],
                        [
                            -73.320103899279459,
                            40.828429240340782,
                            0
                        ],
                        [
                            -73.320302137891886,
                            40.827554465191582,
                            0
                        ],
                        [
                            -73.32049338226787,
                            40.826678134376323,
                            0
                        ],
                        [
                            -73.320677620203512,
                            40.825800303816266,
                            0
                        ],
                        [
                            -73.320854839942072,
                            40.824921029528355,
                            0
                        ],
                        [
                            -73.321025030174624,
                            40.824040367621691,
                            0
                        ],
                        [
                            -73.321188180040835,
                            40.823158374293897,
                            0
                        ],
                        [
                            -73.321344279129633,
                            40.822275105827579,
                            0
                        ],
                        [
                            -73.321493317479863,
                            40.821390618586705,
                            0
                        ],
                        [
                            -73.321635285580939,
                            40.820504969013008,
                            0
                        ],
                        [
                            -73.321770174373484,
                            40.819618213622412,
                            0
                        ],
                        [
                            -73.32189797524984,
                            40.818730409001382,
                            0
                        ],
                        [
                            -73.32201868005464,
                            40.81784161180336,
                            0
                        ],
                        [
                            -73.322132281085359,
                            40.816951878745115,
                            0
                        ],
                        [
                            -73.322238771092785,
                            40.816061266603143,
                            0
                        ],
                        [
                            -73.322338143281485,
                            40.815169832210032,
                            0
                        ],
                        [
                            -73.322430391310206,
                            40.814277632450839,
                            0
                        ],
                        [
                            -73.322515509292344,
                            40.813384724259457,
                            0
                        ],
                        [
                            -73.322593491796269,
                            40.812491164615004,
                            0
                        ],
                        [
                            -73.32266433384568,
                            40.811597010538158,
                            0
                        ],
                        [
                            -73.322728030919947,
                            40.810702319087518,
                            0
                        ],
                        [
                            -73.322784578954355,
                            40.809807147355997,
                            0
                        ],
                        [
                            -73.322833974340426,
                            40.808911552467144,
                            0
                        ],
                        [
                            -73.322876213926079,
                            40.808015591571504,
                            0
                        ],
                        [
                            -73.322911295015899,
                            40.80711932184299,
                            0
                        ],
                        [
                            -73.322939215371235,
                            40.806222800475219,
                            0
                        ],
                        [
                            -73.32295997321043,
                            40.805326084677866,
                            0
                        ],
                        [
                            -73.322973567208848,
                            40.804429231673012,
                            0
                        ],
                        [
                            -73.322979996499029,
                            40.803532298691486,
                            0
                        ],
                        [
                            -73.322979260670692,
                            40.802635342969246,
                            0
                        ],
                        [
                            -73.32297135977079,
                            40.801738421743664,
                            0
                        ],
                        [
                            -73.322956294303509,
                            40.800841592249945,
                            0
                        ],
                        [
                            -73.322934065230214,
                            40.799944911717418,
                            0
                        ],
                        [
                            -73.322904673969418,
                            40.799048437365919,
                            0
                        ],
                        [
                            -73.322868122396656,
                            40.798152226402109,
                            0
                        ],
                        [
                            -73.322824412844398,
                            40.797256336015877,
                            0
                        ],
                        [
                            -73.322773548101878,
                            40.79636082337661,
                            0
                        ],
                        [
                            -73.322715531414914,
                            40.795465745629627,
                            0
                        ],
                        [
                            -73.322650366485746,
                            40.794571159892477,
                            0
                        ],
                        [
                            -73.322578057472711,
                            40.793677123251307,
                            0
                        ],
                        [
                            -73.322498608990088,
                            40.792783692757247,
                            0
                        ],
                        [
                            -73.322412026107699,
                            40.791890925422727,
                            0
                        ],
                        [
                            -73.322318314350667,
                            40.790998878217863,
                            0
                        ],
                        [
                            -73.322217479699006,
                            40.790107608066819,
                            0
                        ],
                        [
                            -73.322109528587276,
                            40.789217171844179,
                            0
                        ],
                        [
                            -73.321994467904162,
                            40.788327626371306,
                            0
                        ],
                        [
                            -73.321872304992013,
                            40.78743902841272,
                            0
                        ],
                        [
                            -73.321743047646407,
                            40.786551434672475,
                            0
                        ],
                        [
                            -73.321606704115652,
                            40.785664901790547,
                            0
                        ],
                        [
                            -73.321463283100229,
                            40.784779486339225,
                            0
                        ],
                        [
                            -73.321312793752227,
                            40.783895244819476,
                            0
                        ],
                        [
                            -73.321155245674845,
                            40.783012233657352,
                            0
                        ],
                        [
                            -73.320990648921693,
                            40.782130509200421,
                            0
                        ],
                        [
                            -73.320819013996143,
                            40.781250127714102,
                            0
                        ],
                        [
                            -73.32064035185077,
                            40.780371145378147,
                            0
                        ],
                        [
                            -73.320454673886502,
                            40.779493618283013,
                            0
                        ],
                        [
                            -73.320261991951995,
                            40.778617602426287,
                            0
                        ],
                        [
                            -73.320062318342877,
                            40.777743153709139,
                            0
                        ],
                        [
                            -73.319855665800901,
                            40.776870327932706,
                            0
                        ],
                        [
                            -73.319642047513156,
                            40.775999180794585,
                            0
                        ],
                        [
                            -73.319421477111277,
                            40.775129767885247,
                            0
                        ],
                        [
                            -73.319193968670504,
                            40.774262144684492,
                            0
                        ],
                        [
                            -73.318959536708832,
                            40.773396366557911,
                            0
                        ],
                        [
                            -73.31871819618604,
                            40.772532488753377,
                            0
                        ],
                        [
                            -73.318469962502789,
                            40.771670566397468,
                            0
                        ],
                        [
                            -73.318214851499604,
                            40.770810654492003,
                            0
                        ],
                        [
                            -73.317952879455859,
                            40.769952807910492,
                            0
                        ],
                        [
                            -73.317684063088777,
                            40.769097081394662,
                            0
                        ],
                        [
                            -73.317408419552322,
                            40.768243529550936,
                            0
                        ],
                        [
                            -73.317125966436109,
                            40.767392206846992,
                            0
                        ],
                        [
                            -73.316836721764318,
                            40.766543167608226,
                            0
                        ],
                        [
                            -73.316540703994505,
                            40.765696466014354,
                            0
                        ],
                        [
                            -73.316237932016435,
                            40.764852156095898,
                            0
                        ],
                        [
                            -73.315928425150872,
                            40.764010291730763,
                            0
                        ],
                        [
                            -73.315612203148376,
                            40.763170926640804,
                            0
                        ],
                        [
                            -73.315289286188005,
                            40.762334114388374,
                            0
                        ],
                        [
                            -73.314959694876038,
                            40.76149990837294,
                            0
                        ],
                        [
                            -73.314623450244667,
                            40.760668361827648,
                            0
                        ],
                        [
                            -73.314280573750651,
                            40.759839527815942,
                            0
                        ],
                        [
                            -73.313931087273971,
                            40.759013459228157,
                            0
                        ],
                        [
                            -73.313575013116363,
                            40.758190208778167,
                            0
                        ],
                        [
                            -73.313212373999988,
                            40.757369829000027,
                            0
                        ],
                        [
                            -73.31293599994406,
                            40.756480113648038,
                            0
                        ],
                        [
                            -73.312652964674328,
                            40.755592494888418,
                            0
                        ],
                        [
                            -73.312363284093166,
                            40.754707022592264,
                            0
                        ],
                        [
                            -73.312066974476394,
                            40.753823746510079,
                            0
                        ],
                        [
                            -73.311764052472228,
                            40.752942716268976,
                            0
                        ],
                        [
                            -73.311454535100424,
                            40.752063981369872,
                            0
                        ],
                        [
                            -73.311138439751318,
                            40.751187591184724,
                            0
                        ],
                        [
                            -73.310815784184797,
                            40.750313594953759,
                            0
                        ],
                        [
                            -73.31048658652935,
                            40.749442041782693,
                            0
                        ],
                        [
                            -73.310150865281031,
                            40.74857298063997,
                            0
                        ],
                        [
                            -73.30980863930246,
                            40.747706460354038,
                            0
                        ],
                        [
                            -73.309459927821663,
                            40.746842529610568,
                            0
                        ],
                        [
                            -73.309104750431104,
                            40.745981236949746,
                            0
                        ],
                        [
                            -73.308743127086515,
                            40.745122630763532,
                            0
                        ],
                        [
                            -73.308375078105826,
                            40.744266759292948,
                            0
                        ],
                        [
                            -73.308000624167931,
                            40.743413670625372,
                            0
                        ],
                        [
                            -73.307619786311662,
                            40.742563412691815,
                            0
                        ],
                        [
                            -73.307232585934472,
                            40.741716033264254,
                            0
                        ],
                        [
                            -73.306839044791332,
                            40.74087157995293,
                            0
                        ],
                        [
                            -73.306439184993451,
                            40.740030100203683,
                            0
                        ],
                        [
                            -73.306033029007068,
                            40.739191641295285,
                            0
                        ],
                        [
                            -73.305620599652158,
                            40.738356250336771,
                            0
                        ],
                        [
                            -73.305201920101183,
                            40.737523974264818,
                            0
                        ],
                        [
                            -73.304777013877768,
                            40.73669485984108,
                            0
                        ],
                        [
                            -73.304345904855396,
                            40.735868953649572,
                            0
                        ],
                        [
                            -73.303908617256013,
                            40.735046302094055,
                            0
                        ],
                        [
                            -73.303465175648768,
                            40.734226951395449,
                            0
                        ],
                        [
                            -73.303015604948541,
                            40.733410947589171,
                            0
                        ],
                        [
                            -73.302559930414589,
                            40.732598336522642,
                            0
                        ],
                        [
                            -73.3020981776491,
                            40.731789163852611,
                            0
                        ],
                        [
                            -73.301630372595795,
                            40.730983475042684,
                            0
                        ],
                        [
                            -73.301156541538404,
                            40.730181315360696,
                            0
                        ],
                        [
                            -73.300676711099271,
                            40.729382729876214,
                            0
                        ],
                        [
                            -73.300190908237795,
                            40.728587763457966,
                            0
                        ],
                        [
                            -73.299699160248949,
                            40.727796460771373,
                            0
                        ],
                        [
                            -73.299201494761704,
                            40.727008866275987,
                            0
                        ],
                        [
                            -73.298697939737565,
                            40.726225024223012,
                            0
                        ],
                        [
                            -73.29818852346888,
                            40.725444978652838,
                            0
                        ],
                        [
                            -73.297673274577363,
                            40.72466877339253,
                            0
                        ],
                        [
                            -73.297152222012386,
                            40.723896452053388,
                            0
                        ],
                        [
                            -73.29662539504946,
                            40.723128058028507,
                            0
                        ],
                        [
                            -73.296092823288475,
                            40.722363634490307,
                            0
                        ],
                        [
                            -73.295554536652133,
                            40.721603224388133,
                            0
                        ],
                        [
                            -73.295010565384203,
                            40.72084687044584,
                            0
                        ],
                        [
                            -73.294460940047884,
                            40.720094615159368,
                            0
                        ],
                        [
                            -73.293905691524003,
                            40.719346500794394,
                            0
                        ],
                        [
                            -73.293344851009351,
                            40.718602569383926,
                            0
                        ],
                        [
                            -73.292778450014922,
                            40.717862862725951,
                            0
                        ],
                        [
                            -73.29220652036409,
                            40.71712742238109,
                            0
                        ],
                        [
                            -73.291629094190881,
                            40.716396289670257,
                            0
                        ],
                        [
                            -73.291046203938151,
                            40.715669505672338,
                            0
                        ],
                        [
                            -73.290457882355753,
                            40.714947111221903,
                            0
                        ],
                        [
                            -73.289864162498674,
                            40.714229146906867,
                            0
                        ],
                        [
                            -73.289265077725233,
                            40.71351565306626,
                            0
                        ],
                        [
                            -73.288660661695189,
                            40.712806669787923,
                            0
                        ],
                        [
                            -73.288050948367797,
                            40.712102236906269,
                            0
                        ],
                        [
                            -73.287435971999969,
                            40.711402394000061,
                            0
                        ],
                        [
                            -73.260084443999972,
                            40.737436667000054,
                            0
                        ]
                    ]
                ]
            },
            "properties": {
                "OBJECTID": 26,
                "Position": "N2J",
                "Sector": "JFK Departure",
                "Low": 6000,
                "High": 13000,
                "Notes": null,
                "Fill": "#9C9C9C",
                "Stroke": "#9C9C9C"
            }
        },
        {
            "type": "Feature",
            "id": 27,
            "geometry": {
                "type": "Polygon",
                "coordinates": [
                    [
                        [
                            -73.300001485999985,
                            40.897797806000028,
                            0
                        ],
                        [
                            -73.242224145999955,
                            40.94510123200007,
                            0
                        ],
                        [
                            -73.344430831999944,
                            40.965515000000039,
                            0
                        ],
                        [
                            -73.361304271999984,
                            40.959193473000028,
                            0
                        ],
                        [
                            -73.393448172999967,
                            40.947090339000056,
                            0
                        ],
                        [
                            -73.468364153999971,
                            40.918926099000032,
                            0
                        ],
                        [
                            -73.333515833999968,
                            40.912020556000073,
                            0
                        ],
                        [
                            -73.303359801999989,
                            40.895045154000059,
                            0
                        ],
                        [
                            -73.300001485999985,
                            40.897797806000028,
                            0
                        ]
                    ]
                ]
            },
            "properties": {
                "OBJECTID": 27,
                "Position": "N2J",
                "Sector": "JFK Departure",
                "Low": 7000,
                "High": 17000,
                "Notes": null,
                "Fill": "#9C9C9C",
                "Stroke": "#9C9C9C"
            }
        },
        {
            "type": "Feature",
            "id": 28,
            "geometry": {
                "type": "Polygon",
                "coordinates": [
                    [
                        [
                            -73.135450645999981,
                            40.923665584000048,
                            0
                        ],
                        [
                            -73.195766473999981,
                            40.935744273000068,
                            0
                        ],
                        [
                            -73.242224145999955,
                            40.94510123200007,
                            0
                        ],
                        [
                            -73.300001485999985,
                            40.897797806000028,
                            0
                        ],
                        [
                            -73.303359801999989,
                            40.895045154000059,
                            0
                        ],
                        [
                            -73.286807626999973,
                            40.885727621000058,
                            0
                        ],
                        [
                            -73.279368567999938,
                            40.881540033000078,
                            0
                        ],
                        [
                            -73.251964721999968,
                            40.866113889000076,
                            0
                        ],
                        [
                            -73.135450645999981,
                            40.923665584000048,
                            0
                        ]
                    ]
                ]
            },
            "properties": {
                "OBJECTID": 28,
                "Position": "N2J",
                "Sector": "JFK Departure",
                "Low": 7000,
                "High": 14000,
                "Notes": null,
                "Fill": "#9C9C9C",
                "Stroke": "#9C9C9C"
            }
        },
        {
            "type": "Feature",
            "id": 29,
            "geometry": {
                "type": "Polygon",
                "coordinates": [
                    [
                        [
                            -73.321105042999989,
                            40.679340849000027,
                            0
                        ],
                        [
                            -73.287435971999969,
                            40.711402394000061,
                            0
                        ],
                        [
                            -73.288050948367797,
                            40.712102236906269,
                            0
                        ],
                        [
                            -73.288660661695189,
                            40.712806669787923,
                            0
                        ],
                        [
                            -73.289265077725233,
                            40.71351565306626,
                            0
                        ],
                        [
                            -73.289864162498674,
                            40.714229146906867,
                            0
                        ],
                        [
                            -73.290457882355753,
                            40.714947111221903,
                            0
                        ],
                        [
                            -73.291046203938151,
                            40.715669505672338,
                            0
                        ],
                        [
                            -73.291629094190881,
                            40.716396289670257,
                            0
                        ],
                        [
                            -73.29220652036409,
                            40.71712742238109,
                            0
                        ],
                        [
                            -73.292778450014922,
                            40.717862862725951,
                            0
                        ],
                        [
                            -73.293344851009351,
                            40.718602569383926,
                            0
                        ],
                        [
                            -73.293905691524003,
                            40.719346500794394,
                            0
                        ],
                        [
                            -73.294460940047884,
                            40.720094615159368,
                            0
                        ],
                        [
                            -73.295010565384203,
                            40.72084687044584,
                            0
                        ],
                        [
                            -73.295554536652133,
                            40.721603224388133,
                            0
                        ],
                        [
                            -73.296092823288475,
                            40.722363634490307,
                            0
                        ],
                        [
                            -73.29662539504946,
                            40.723128058028507,
                            0
                        ],
                        [
                            -73.297152222012386,
                            40.723896452053388,
                            0
                        ],
                        [
                            -73.297673274577363,
                            40.72466877339253,
                            0
                        ],
                        [
                            -73.29818852346888,
                            40.725444978652838,
                            0
                        ],
                        [
                            -73.298697939737565,
                            40.726225024223012,
                            0
                        ],
                        [
                            -73.299201494761704,
                            40.727008866275987,
                            0
                        ],
                        [
                            -73.299699160248949,
                            40.727796460771373,
                            0
                        ],
                        [
                            -73.300190908237795,
                            40.728587763457966,
                            0
                        ],
                        [
                            -73.300676711099271,
                            40.729382729876214,
                            0
                        ],
                        [
                            -73.301156541538404,
                            40.730181315360696,
                            0
                        ],
                        [
                            -73.301630372595795,
                            40.730983475042684,
                            0
                        ],
                        [
                            -73.3020981776491,
                            40.731789163852611,
                            0
                        ],
                        [
                            -73.302559930414589,
                            40.732598336522642,
                            0
                        ],
                        [
                            -73.303015604948541,
                            40.733410947589171,
                            0
                        ],
                        [
                            -73.303465175648768,
                            40.734226951395449,
                            0
                        ],
                        [
                            -73.303908617256013,
                            40.735046302094055,
                            0
                        ],
                        [
                            -73.304345904855396,
                            40.735868953649572,
                            0
                        ],
                        [
                            -73.304777013877768,
                            40.73669485984108,
                            0
                        ],
                        [
                            -73.305201920101183,
                            40.737523974264818,
                            0
                        ],
                        [
                            -73.305620599652158,
                            40.738356250336771,
                            0
                        ],
                        [
                            -73.306033029007068,
                            40.739191641295285,
                            0
                        ],
                        [
                            -73.306439184993451,
                            40.740030100203683,
                            0
                        ],
                        [
                            -73.306839044791332,
                            40.74087157995293,
                            0
                        ],
                        [
                            -73.307232585934472,
                            40.741716033264254,
                            0
                        ],
                        [
                            -73.307619786311662,
                            40.742563412691815,
                            0
                        ],
                        [
                            -73.308000624167931,
                            40.743413670625372,
                            0
                        ],
                        [
                            -73.308375078105826,
                            40.744266759292948,
                            0
                        ],
                        [
                            -73.308743127086515,
                            40.745122630763532,
                            0
                        ],
                        [
                            -73.309104750431104,
                            40.745981236949746,
                            0
                        ],
                        [
                            -73.309459927821663,
                            40.746842529610568,
                            0
                        ],
                        [
                            -73.30980863930246,
                            40.747706460354038,
                            0
                        ],
                        [
                            -73.310150865281031,
                            40.74857298063997,
                            0
                        ],
                        [
                            -73.31048658652935,
                            40.749442041782693,
                            0
                        ],
                        [
                            -73.310815784184797,
                            40.750313594953759,
                            0
                        ],
                        [
                            -73.311138439751318,
                            40.751187591184724,
                            0
                        ],
                        [
                            -73.311454535100424,
                            40.752063981369872,
                            0
                        ],
                        [
                            -73.311764052472228,
                            40.752942716268976,
                            0
                        ],
                        [
                            -73.312066974476394,
                            40.753823746510079,
                            0
                        ],
                        [
                            -73.312363284093166,
                            40.754707022592264,
                            0
                        ],
                        [
                            -73.312652964674328,
                            40.755592494888418,
                            0
                        ],
                        [
                            -73.31293599994406,
                            40.756480113648038,
                            0
                        ],
                        [
                            -73.313212373999988,
                            40.757369829000027,
                            0
                        ],
                        [
                            -73.313575013116363,
                            40.758190208778167,
                            0
                        ],
                        [
                            -73.313931087273971,
                            40.759013459228157,
                            0
                        ],
                        [
                            -73.314280573750651,
                            40.759839527815942,
                            0
                        ],
                        [
                            -73.314623450244667,
                            40.760668361827648,
                            0
                        ],
                        [
                            -73.314959694876038,
                            40.76149990837294,
                            0
                        ],
                        [
                            -73.315289286188005,
                            40.762334114388374,
                            0
                        ],
                        [
                            -73.315612203148376,
                            40.763170926640804,
                            0
                        ],
                        [
                            -73.315928425150872,
                            40.764010291730763,
                            0
                        ],
                        [
                            -73.316237932016435,
                            40.764852156095898,
                            0
                        ],
                        [
                            -73.316540703994505,
                            40.765696466014354,
                            0
                        ],
                        [
                            -73.316836721764318,
                            40.766543167608226,
                            0
                        ],
                        [
                            -73.317125966436109,
                            40.767392206846992,
                            0
                        ],
                        [
                            -73.317408419552322,
                            40.768243529550936,
                            0
                        ],
                        [
                            -73.317684063088777,
                            40.769097081394662,
                            0
                        ],
                        [
                            -73.317952879455859,
                            40.769952807910492,
                            0
                        ],
                        [
                            -73.318214851499604,
                            40.770810654492003,
                            0
                        ],
                        [
                            -73.318469962502789,
                            40.771670566397468,
                            0
                        ],
                        [
                            -73.31871819618604,
                            40.772532488753377,
                            0
                        ],
                        [
                            -73.318959536708832,
                            40.773396366557911,
                            0
                        ],
                        [
                            -73.319193968670504,
                            40.774262144684492,
                            0
                        ],
                        [
                            -73.319421477111277,
                            40.775129767885247,
                            0
                        ],
                        [
                            -73.319642047513156,
                            40.775999180794585,
                            0
                        ],
                        [
                            -73.319855665800901,
                            40.776870327932706,
                            0
                        ],
                        [
                            -73.320062318342877,
                            40.777743153709139,
                            0
                        ],
                        [
                            -73.320261991951995,
                            40.778617602426287,
                            0
                        ],
                        [
                            -73.320454673886502,
                            40.779493618283013,
                            0
                        ],
                        [
                            -73.32064035185077,
                            40.780371145378147,
                            0
                        ],
                        [
                            -73.320819013996143,
                            40.781250127714102,
                            0
                        ],
                        [
                            -73.320990648921693,
                            40.782130509200421,
                            0
                        ],
                        [
                            -73.321155245674845,
                            40.783012233657352,
                            0
                        ],
                        [
                            -73.321312793752227,
                            40.783895244819476,
                            0
                        ],
                        [
                            -73.321463283100229,
                            40.784779486339225,
                            0
                        ],
                        [
                            -73.321606704115652,
                            40.785664901790547,
                            0
                        ],
                        [
                            -73.321743047646407,
                            40.786551434672475,
                            0
                        ],
                        [
                            -73.321872304992013,
                            40.78743902841272,
                            0
                        ],
                        [
                            -73.321994467904162,
                            40.788327626371306,
                            0
                        ],
                        [
                            -73.322109528587276,
                            40.789217171844179,
                            0
                        ],
                        [
                            -73.322217479699006,
                            40.790107608066819,
                            0
                        ],
                        [
                            -73.322318314350667,
                            40.790998878217863,
                            0
                        ],
                        [
                            -73.322412026107699,
                            40.791890925422727,
                            0
                        ],
                        [
                            -73.322498608990088,
                            40.792783692757247,
                            0
                        ],
                        [
                            -73.322578057472711,
                            40.793677123251307,
                            0
                        ],
                        [
                            -73.322650366485746,
                            40.794571159892477,
                            0
                        ],
                        [
                            -73.322715531414914,
                            40.795465745629627,
                            0
                        ],
                        [
                            -73.322773548101878,
                            40.79636082337661,
                            0
                        ],
                        [
                            -73.322824412844398,
                            40.797256336015877,
                            0
                        ],
                        [
                            -73.322868122396656,
                            40.798152226402109,
                            0
                        ],
                        [
                            -73.322904673969418,
                            40.799048437365919,
                            0
                        ],
                        [
                            -73.322934065230214,
                            40.799944911717418,
                            0
                        ],
                        [
                            -73.322956294303509,
                            40.800841592249945,
                            0
                        ],
                        [
                            -73.32297135977079,
                            40.801738421743664,
                            0
                        ],
                        [
                            -73.322979260670692,
                            40.802635342969246,
                            0
                        ],
                        [
                            -73.322979996499029,
                            40.803532298691486,
                            0
                        ],
                        [
                            -73.322973567208848,
                            40.804429231673012,
                            0
                        ],
                        [
                            -73.32295997321043,
                            40.805326084677866,
                            0
                        ],
                        [
                            -73.322939215371235,
                            40.806222800475219,
                            0
                        ],
                        [
                            -73.322911295015899,
                            40.80711932184299,
                            0
                        ],
                        [
                            -73.322876213926079,
                            40.808015591571504,
                            0
                        ],
                        [
                            -73.322833974340426,
                            40.808911552467144,
                            0
                        ],
                        [
                            -73.322784578954355,
                            40.809807147355997,
                            0
                        ],
                        [
                            -73.322728030919947,
                            40.810702319087518,
                            0
                        ],
                        [
                            -73.32266433384568,
                            40.811597010538158,
                            0
                        ],
                        [
                            -73.322593491796269,
                            40.812491164615004,
                            0
                        ],
                        [
                            -73.322515509292344,
                            40.813384724259457,
                            0
                        ],
                        [
                            -73.322430391310206,
                            40.814277632450839,
                            0
                        ],
                        [
                            -73.322338143281485,
                            40.815169832210032,
                            0
                        ],
                        [
                            -73.322238771092785,
                            40.816061266603143,
                            0
                        ],
                        [
                            -73.322132281085359,
                            40.816951878745115,
                            0
                        ],
                        [
                            -73.32201868005464,
                            40.81784161180336,
                            0
                        ],
                        [
                            -73.32189797524984,
                            40.818730409001382,
                            0
                        ],
                        [
                            -73.321770174373484,
                            40.819618213622412,
                            0
                        ],
                        [
                            -73.321635285580939,
                            40.820504969013008,
                            0
                        ],
                        [
                            -73.321493317479863,
                            40.821390618586705,
                            0
                        ],
                        [
                            -73.321344279129633,
                            40.822275105827579,
                            0
                        ],
                        [
                            -73.321188180040835,
                            40.823158374293897,
                            0
                        ],
                        [
                            -73.321025030174624,
                            40.824040367621691,
                            0
                        ],
                        [
                            -73.320854839942072,
                            40.824921029528355,
                            0
                        ],
                        [
                            -73.320677620203512,
                            40.825800303816266,
                            0
                        ],
                        [
                            -73.32049338226787,
                            40.826678134376323,
                            0
                        ],
                        [
                            -73.320302137891886,
                            40.827554465191582,
                            0
                        ],
                        [
                            -73.320103899279459,
                            40.828429240340782,
                            0
                        ],
                        [
                            -73.319898679080765,
                            40.829302404001936,
                            0
                        ],
                        [
                            -73.319686490391518,
                            40.830173900455897,
                            0
                        ],
                        [
                            -73.319467346752091,
                            40.831043674089898,
                            0
                        ],
                        [
                            -73.31924126214669,
                            40.83191166940113,
                            0
                        ],
                        [
                            -73.319008251002458,
                            40.832777831000243,
                            0
                        ],
                        [
                            -73.318768328188511,
                            40.833642103614906,
                            0
                        ],
                        [
                            -73.318521509015014,
                            40.834504432093333,
                            0
                        ],
                        [
                            -73.318267809232267,
                            40.83536476140781,
                            0
                        ],
                        [
                            -73.318007245029563,
                            40.836223036658168,
                            0
                        ],
                        [
                            -73.317739833034295,
                            40.837079203075348,
                            0
                        ],
                        [
                            -73.317465590310817,
                            40.837933206024829,
                            0
                        ],
                        [
                            -73.317184534359342,
                            40.838784991010172,
                            0
                        ],
                        [
                            -73.316896683114891,
                            40.839634503676457,
                            0
                        ],
                        [
                            -73.316602054946117,
                            40.840481689813778,
                            0
                        ],
                        [
                            -73.316300668654094,
                            40.84132649536069,
                            0
                        ],
                        [
                            -73.315992543471168,
                            40.842168866407654,
                            0
                        ],
                        [
                            -73.315677699059734,
                            40.843008749200486,
                            0
                        ],
                        [
                            -73.315356155510926,
                            40.843846090143792,
                            0
                        ],
                        [
                            -73.315027933343401,
                            40.844680835804368,
                            0
                        ],
                        [
                            -73.314693053501969,
                            40.845512932914637,
                            0
                        ],
                        [
                            -73.314351537356316,
                            40.846342328376025,
                            0
                        ],
                        [
                            -73.314003406699584,
                            40.847168969262356,
                            0
                        ],
                        [
                            -73.313648683747019,
                            40.847992802823242,
                            0
                        ],
                        [
                            -73.313287391134551,
                            40.848813776487425,
                            0
                        ],
                        [
                            -73.312919551917318,
                            40.849631837866163,
                            0
                        ],
                        [
                            -73.312545189568212,
                            40.850446934756533,
                            0
                        ],
                        [
                            -73.312164327976433,
                            40.851259015144798,
                            0
                        ],
                        [
                            -73.311776991445853,
                            40.852068027209725,
                            0
                        ],
                        [
                            -73.31138320469357,
                            40.852873919325859,
                            0
                        ],
                        [
                            -73.310982992848295,
                            40.853676640066837,
                            0
                        ],
                        [
                            -73.310576381448698,
                            40.854476138208696,
                            0
                        ],
                        [
                            -73.310163396441865,
                            40.855272362733089,
                            0
                        ],
                        [
                            -73.309744064181587,
                            40.856065262830583,
                            0
                        ],
                        [
                            -73.309318411426702,
                            40.856854787903877,
                            0
                        ],
                        [
                            -73.308886465339356,
                            40.857640887571058,
                            0
                        ],
                        [
                            -73.308448253483306,
                            40.858423511668782,
                            0
                        ],
                        [
                            -73.308003803822146,
                            40.859202610255487,
                            0
                        ],
                        [
                            -73.307553144717531,
                            40.859978133614604,
                            0
                        ],
                        [
                            -73.307096304927327,
                            40.860750032257691,
                            0
                        ],
                        [
                            -73.306633313603854,
                            40.861518256927624,
                            0
                        ],
                        [
                            -73.306164200291931,
                            40.862282758601715,
                            0
                        ],
                        [
                            -73.305688994927067,
                            40.86304348849486,
                            0
                        ],
                        [
                            -73.305207727833533,
                            40.863800398062629,
                            0
                        ],
                        [
                            -73.304720429722394,
                            40.864553439004411,
                            0
                        ],
                        [
                            -73.304227131689572,
                            40.865302563266418,
                            0
                        ],
                        [
                            -73.303727865213887,
                            40.866047723044829,
                            0
                        ],
                        [
                            -73.303222662154994,
                            40.866788870788803,
                            0
                        ],
                        [
                            -73.302711554751397,
                            40.867525959203512,
                            0
                        ],
                        [
                            -73.302194575618358,
                            40.868258941253174,
                            0
                        ],
                        [
                            -73.301671757745851,
                            40.868987770164033,
                            0
                        ],
                        [
                            -73.301143134496442,
                            40.869712399427364,
                            0
                        ],
                        [
                            -73.300608739603106,
                            40.870432782802446,
                            0
                        ],
                        [
                            -73.300068607167177,
                            40.871148874319488,
                            0
                        ],
                        [
                            -73.2995227716561,
                            40.871860628282569,
                            0
                        ],
                        [
                            -73.298971267901251,
                            40.872567999272569,
                            0
                        ],
                        [
                            -73.298414131095711,
                            40.873270942150064,
                            0
                        ],
                        [
                            -73.297851396792026,
                            40.873969412058194,
                            0
                        ],
                        [
                            -73.297283100899918,
                            40.87466336442553,
                            0
                        ],
                        [
                            -73.296709279684038,
                            40.875352754968922,
                            0
                        ],
                        [
                            -73.296129969761608,
                            40.876037539696327,
                            0
                        ],
                        [
                            -73.295545208100108,
                            40.876717674909614,
                            0
                        ],
                        [
                            -73.294955032014911,
                            40.87739311720734,
                            0
                        ],
                        [
                            -73.294359479166872,
                            40.878063823487551,
                            0
                        ],
                        [
                            -73.293758587559992,
                            40.878729750950491,
                            0
                        ],
                        [
                            -73.293152395538939,
                            40.879390857101356,
                            0
                        ],
                        [
                            -73.292540941786598,
                            40.880047099753028,
                            0
                        ],
                        [
                            -73.291924265321668,
                            40.88069843702872,
                            0
                        ],
                        [
                            -73.291302405496069,
                            40.881344827364678,
                            0
                        ],
                        [
                            -73.290675401992516,
                            40.881986229512819,
                            0
                        ],
                        [
                            -73.290043294821956,
                            40.882622602543393,
                            0
                        ],
                        [
                            -73.289406124321019,
                            40.883253905847553,
                            0
                        ],
                        [
                            -73.288763931149418,
                            40.883880099139972,
                            0
                        ],
                        [
                            -73.288116756287408,
                            40.884501142461403,
                            0
                        ],
                        [
                            -73.287464641033125,
                            40.885116996181246,
                            0
                        ],
                        [
                            -73.286807626999973,
                            40.885727621000058,
                            0
                        ],
                        [
                            -73.303359801999989,
                            40.895045154000059,
                            0
                        ],
                        [
                            -73.36138916699997,
                            40.847518889000071,
                            0
                        ],
                        [
                            -73.379273281999986,
                            40.833053327000073,
                            0
                        ],
                        [
                            -73.384845875999986,
                            40.816753888000051,
                            0
                        ],
                        [
                            -73.414399214999946,
                            40.729506512000057,
                            0
                        ],
                        [
                            -73.489819721999936,
                            40.628443056000037,
                            0
                        ],
                        [
                            -73.450932612999964,
                            40.625440456000035,
                            0
                        ],
                        [
                            -73.329856572999972,
                            40.615657589000079,
                            0
                        ],
                        [
                            -73.321105042999989,
                            40.679340849000027,
                            0
                        ]
                    ]
                ]
            },
            "properties": {
                "OBJECTID": 29,
                "Position": "N2J",
                "Sector": "JFK Departure",
                "Low": 6000,
                "High": 14000,
                "Notes": null,
                "Fill": "#9C9C9C",
                "Stroke": "#9C9C9C"
            }
        },
        {
            "type": "Feature",
            "id": 30,
            "geometry": {
                "type": "Polygon",
                "coordinates": [
                    [
                        [
                            -73.947963408999954,
                            40.46089366700005,
                            0
                        ],
                        [
                            -73.949135236081275,
                            40.461605992630489,
                            0
                        ],
                        [
                            -73.95030371844517,
                            40.462323791681449,
                            0
                        ],
                        [
                            -73.951468830526352,
                            40.463047048448161,
                            0
                        ],
                        [
                            -73.952630546833248,
                            40.463775747106453,
                            0
                        ],
                        [
                            -73.953788841948594,
                            40.464509871713076,
                            0
                        ],
                        [
                            -73.954943690530001,
                            40.46524940620607,
                            0
                        ],
                        [
                            -73.956095067310443,
                            40.465994334405131,
                            0
                        ],
                        [
                            -73.957242947098891,
                            40.46674464001191,
                            0
                        ],
                        [
                            -73.958387304780814,
                            40.46750030661044,
                            0
                        ],
                        [
                            -73.959528115318733,
                            40.468261317667434,
                            0
                        ],
                        [
                            -73.960665353752788,
                            40.469027656532688,
                            0
                        ],
                        [
                            -73.961798995201278,
                            40.469799306439434,
                            0
                        ],
                        [
                            -73.962929014861174,
                            40.470576250504692,
                            0
                        ],
                        [
                            -73.964055388008731,
                            40.471358471729651,
                            0
                        ],
                        [
                            -73.965178089999938,
                            40.472145953000052,
                            0
                        ],
                        [
                            -73.96533005799995,
                            40.472253228000056,
                            0
                        ],
                        [
                            -73.96623981099998,
                            40.472898558000054,
                            0
                        ],
                        [
                            -73.966391094999949,
                            40.473006391000069,
                            0
                        ],
                        [
                            -73.966542279999942,
                            40.473114304000035,
                            0
                        ],
                        [
                            -73.966693364999969,
                            40.473222296000074,
                            0
                        ],
                        [
                            -73.967372035999972,
                            40.47370924300003,
                            0
                        ],
                        [
                            -73.967522580999969,
                            40.473817672000052,
                            0
                        ],
                        [
                            -73.968348395761765,
                            40.474415138538056,
                            0
                        ],
                        [
                            -73.969172041999968,
                            40.475015591000044,
                            0
                        ],
                        [
                            -73.969321396999987,
                            40.475124964000031,
                            0
                        ],
                        [
                            -73.970438382999987,
                            40.475947765000058,
                            0
                        ],
                        [
                            -73.970586889999936,
                            40.47605780400005,
                            0
                        ],
                        [
                            -73.971664733335089,
                            40.476860922151793,
                            0
                        ],
                        [
                            -73.972738634636812,
                            40.477669303877782,
                            0
                        ],
                        [
                            -73.973808568201079,
                            40.478482929829227,
                            0
                        ],
                        [
                            -73.97487450841875,
                            40.479301780531799,
                            0
                        ],
                        [
                            -73.97593642977634,
                            40.480125836386136,
                            0
                        ],
                        [
                            -73.976994306856525,
                            40.480955077668277,
                            0
                        ],
                        [
                            -73.978048114338776,
                            40.481789484530147,
                            0
                        ],
                        [
                            -73.979097826999975,
                            40.482629037000038,
                            0
                        ],
                        [
                            -73.979240250999965,
                            40.482743623000033,
                            0
                        ],
                        [
                            -73.980198270034876,
                            40.483518537866594,
                            0
                        ],
                        [
                            -73.981152730999952,
                            40.484297831000049,
                            0
                        ],
                        [
                            -73.981293634999986,
                            40.484413496000059,
                            0
                        ],
                        [
                            -73.981926131084094,
                            40.484934679960425,
                            0
                        ],
                        [
                            -73.982557025999938,
                            40.485457801000052,
                            0
                        ],
                        [
                            -73.982696873999942,
                            40.485574204000045,
                            0
                        ],
                        [
                            -73.98353325883339,
                            40.48627375670047,
                            0
                        ],
                        [
                            -73.984366763999958,
                            40.486976738000067,
                            0
                        ],
                        [
                            -73.984505228999978,
                            40.487094089000038,
                            0
                        ],
                        [
                            -73.985241156046271,
                            40.487720555072535,
                            0
                        ],
                        [
                            -73.985974780336178,
                            40.488349716227326,
                            0
                        ],
                        [
                            -73.986706091999963,
                            40.488981564000028,
                            0
                        ],
                        [
                            -73.986842731999957,
                            40.489100144000076,
                            0
                        ],
                        [
                            -73.987760454861288,
                            40.489900865828162,
                            0
                        ],
                        [
                            -73.988674415679299,
                            40.49070587906985,
                            0
                        ],
                        [
                            -73.989584594386898,
                            40.4915151660501,
                            0
                        ],
                        [
                            -73.990490970999986,
                            40.492328709000049,
                            0
                        ],
                        [
                            -73.990624561999937,
                            40.49244927400008,
                            0
                        ],
                        [
                            -73.991444981245436,
                            40.493193423288226,
                            0
                        ],
                        [
                            -73.992262178328389,
                            40.493941109605487,
                            0
                        ],
                        [
                            -73.993076137999935,
                            40.49469231900008,
                            0
                        ],
                        [
                            -73.993207577999954,
                            40.494814240000039,
                            0
                        ],
                        [
                            -73.994123925684463,
                            40.495669042713814,
                            0
                        ],
                        [
                            -73.995036042999971,
                            40.496528358000035,
                            0
                        ],
                        [
                            -73.995165809999946,
                            40.496651307000036,
                            0
                        ],
                        [
                            -73.995941613536885,
                            40.497390005399922,
                            0
                        ],
                        [
                            -73.996714267999948,
                            40.49813199700003,
                            0
                        ],
                        [
                            -73.99684257399997,
                            40.498255827000037,
                            0
                        ],
                        [
                            -73.997354673999951,
                            40.498751819000063,
                            0
                        ],
                        [
                            -73.997482416999958,
                            40.498875984000051,
                            0
                        ],
                        [
                            -73.99839452984979,
                            40.499766479358406,
                            0
                        ],
                        [
                            -73.999301887432409,
                            40.500661819545897,
                            0
                        ],
                        [
                            -74.000204464014118,
                            40.501561979169658,
                            0
                        ],
                        [
                            -74.001102233996789,
                            40.502466932700109,
                            0
                        ],
                        [
                            -74.001995171918651,
                            40.503376654471744,
                            0
                        ],
                        [
                            -74.00288325245495,
                            40.504291118683803,
                            0
                        ],
                        [
                            -74.003766450418709,
                            40.505210299401021,
                            0
                        ],
                        [
                            -74.004644740761393,
                            40.506134170554382,
                            0
                        ],
                        [
                            -74.005518098573702,
                            40.507062705941841,
                            0
                        ],
                        [
                            -74.006386499086204,
                            40.507995879229057,
                            0
                        ],
                        [
                            -74.007249917670052,
                            40.508933663950174,
                            0
                        ],
                        [
                            -74.008108329837697,
                            40.509876033508526,
                            0
                        ],
                        [
                            -74.008961711243586,
                            40.510822961177439,
                            0
                        ],
                        [
                            -74.009810037684858,
                            40.511774420100956,
                            0
                        ],
                        [
                            -74.010653285101981,
                            40.512730383294596,
                            0
                        ],
                        [
                            -74.011491429579493,
                            40.513690823646151,
                            0
                        ],
                        [
                            -74.012324447346657,
                            40.514655713916426,
                            0
                        ],
                        [
                            -74.013152314778125,
                            40.515625026740032,
                            0
                        ],
                        [
                            -74.013975008394624,
                            40.516598734626129,
                            0
                        ],
                        [
                            -74.014792504863621,
                            40.517576809959245,
                            0
                        ],
                        [
                            -74.015604780999979,
                            40.518559225000047,
                            0
                        ],
                        [
                            -74.028489443999945,
                            40.497497778000024,
                            0
                        ],
                        [
                            -74.081502221999983,
                            40.432286667000028,
                            0
                        ],
                        [
                            -74.080399113745841,
                            40.431318263089743,
                            0
                        ],
                        [
                            -74.079292481076664,
                            40.430353888634819,
                            0
                        ],
                        [
                            -74.07818233871123,
                            40.429393556461946,
                            0
                        ],
                        [
                            -74.077068701415001,
                            40.428437279344024,
                            0
                        ],
                        [
                            -74.075951583999938,
                            40.427485070000046,
                            0
                        ],
                        [
                            -74.074726429328408,
                            40.42643051542516,
                            0
                        ],
                        [
                            -74.073496744996703,
                            40.425381246267627,
                            0
                        ],
                        [
                            -74.072262553806368,
                            40.424337281983604,
                            0
                        ],
                        [
                            -74.071023878642521,
                            40.423298641930913,
                            0
                        ],
                        [
                            -74.069780742473398,
                            40.422265345368629,
                            0
                        ],
                        [
                            -74.068533168349987,
                            40.421237411456751,
                            0
                        ],
                        [
                            -74.067281179405541,
                            40.420214859255843,
                            0
                        ],
                        [
                            -74.066024798855182,
                            40.419197707726681,
                            0
                        ],
                        [
                            -74.064764049995475,
                            40.418185975729891,
                            0
                        ],
                        [
                            -74.063498956203972,
                            40.417179682025605,
                            0
                        ],
                        [
                            -74.062229540938787,
                            40.41617884527313,
                            0
                        ],
                        [
                            -74.060955827738169,
                            40.415183484030564,
                            0
                        ],
                        [
                            -74.05967784022009,
                            40.414193616754503,
                            0
                        ],
                        [
                            -74.058395602081745,
                            40.413209261799643,
                            0
                        ],
                        [
                            -74.057109137099147,
                            40.412230437418479,
                            0
                        ],
                        [
                            -74.055818469126706,
                            40.411257161760965,
                            0
                        ],
                        [
                            -74.054523622096752,
                            40.410289452874153,
                            0
                        ],
                        [
                            -74.053224620019122,
                            40.409327328701877,
                            0
                        ],
                        [
                            -74.05192148698066,
                            40.408370807084417,
                            0
                        ],
                        [
                            -74.05061424714485,
                            40.407419905758168,
                            0
                        ],
                        [
                            -74.049302924751302,
                            40.406474642355299,
                            0
                        ],
                        [
                            -74.047987544115358,
                            40.405535034403457,
                            0
                        ],
                        [
                            -74.046668129627577,
                            40.404601099325404,
                            0
                        ],
                        [
                            -74.045344705753308,
                            40.403672854438732,
                            0
                        ],
                        [
                            -74.044017297032298,
                            40.402750316955498,
                            0
                        ],
                        [
                            -74.042685928078129,
                            40.401833503981948,
                            0
                        ],
                        [
                            -74.041350623577841,
                            40.400922432518172,
                            0
                        ],
                        [
                            -74.040011408291448,
                            40.4000171194578,
                            0
                        ],
                        [
                            -74.038668307051466,
                            40.399117581587689,
                            0
                        ],
                        [
                            -74.037321344762503,
                            40.398223835587594,
                            0
                        ],
                        [
                            -74.035970546400705,
                            40.397335898029901,
                            0
                        ],
                        [
                            -74.034615937013399,
                            40.396453785379265,
                            0
                        ],
                        [
                            -74.033257541718555,
                            40.395577513992343,
                            0
                        ],
                        [
                            -74.031895385704331,
                            40.394707100117493,
                            0
                        ],
                        [
                            -74.030529494228659,
                            40.393842559894438,
                            0
                        ],
                        [
                            -74.029159892618708,
                            40.392983909354001,
                            0
                        ],
                        [
                            -74.027786606270425,
                            40.392131164417783,
                            0
                        ],
                        [
                            -74.026409660648127,
                            40.391284340897904,
                            0
                        ],
                        [
                            -74.025029081283961,
                            40.390443454496655,
                            0
                        ],
                        [
                            -74.023644893777416,
                            40.389608520806263,
                            0
                        ],
                        [
                            -74.022257123794972,
                            40.388779555308552,
                            0
                        ],
                        [
                            -74.020865797069433,
                            40.387956573374709,
                            0
                        ],
                        [
                            -74.019470939399653,
                            40.387139590264944,
                            0
                        ],
                        [
                            -74.018072576649885,
                            40.386328621128257,
                            0
                        ],
                        [
                            -74.016670734749425,
                            40.385523681002105,
                            0
                        ],
                        [
                            -74.015265439692044,
                            40.384724784812171,
                            0
                        ],
                        [
                            -74.01385671753556,
                            40.383931947372076,
                            0
                        ],
                        [
                            -74.01244459440133,
                            40.383145183383071,
                            0
                        ],
                        [
                            -74.011029096473806,
                            40.382364507433799,
                            0
                        ],
                        [
                            -74.00961024999998,
                            40.381589934000033,
                            0
                        ],
                        [
                            -73.947963408999954,
                            40.46089366700005,
                            0
                        ]
                    ]
                ]
            },
            "properties": {
                "OBJECTID": 30,
                "Position": "N2A",
                "Sector": "Final Vector",
                "Low": 0,
                "High": 4000,
                "Notes": "May be delegated to N1L and N5S as CONEY airspace",
                "Fill": "#343434",
                "Stroke": "#343434"
            }
        },
        {
            "type": "Feature",
            "id": 31,
            "geometry": {
                "type": "Polygon",
                "coordinates": [
                    [
                        [
                            -73.888493111999935,
                            40.537440358000026,
                            0
                        ],
                        [
                            -73.857818088999977,
                            40.576889306000055,
                            0
                        ],
                        [
                            -73.948345492999977,
                            40.620276779000051,
                            0
                        ],
                        [
                            -73.973589999999945,
                            40.587133333000054,
                            0
                        ],
                        [
                            -74.015604780999979,
                            40.518559225000047,
                            0
                        ],
                        [
                            -74.014721576602085,
                            40.517506656714538,
                            0
                        ],
                        [
                            -74.013832900568417,
                            40.51645870399075,
                            0
                        ],
                        [
                            -74.012938777019158,
                            40.515415395271916,
                            0
                        ],
                        [
                            -74.012039230222371,
                            40.514376758875237,
                            0
                        ],
                        [
                            -74.011134284593297,
                            40.513342822991092,
                            0
                        ],
                        [
                            -74.010223964693708,
                            40.512313615682267,
                            0
                        ],
                        [
                            -74.009308295231264,
                            40.511289164883223,
                            0
                        ],
                        [
                            -74.008387301058789,
                            40.51026949839931,
                            0
                        ],
                        [
                            -74.007461007173674,
                            40.50925464390604,
                            0
                        ],
                        [
                            -74.006529438717109,
                            40.508244628948304,
                            0
                        ],
                        [
                            -74.005592620973474,
                            40.507239480939646,
                            0
                        ],
                        [
                            -74.004650579369596,
                            40.506239227161501,
                            0
                        ],
                        [
                            -74.003703339474114,
                            40.505243894762479,
                            0
                        ],
                        [
                            -74.002750926996754,
                            40.504253510757621,
                            0
                        ],
                        [
                            -74.001793367787613,
                            40.50326810202764,
                            0
                        ],
                        [
                            -74.000830687836512,
                            40.50228769531823,
                            0
                        ],
                        [
                            -73.999862913272224,
                            40.501312317239318,
                            0
                        ],
                        [
                            -73.99889007036181,
                            40.500341994264325,
                            0
                        ],
                        [
                            -73.997912185509918,
                            40.499376752729503,
                            0
                        ],
                        [
                            -73.996929285258005,
                            40.498416618833154,
                            0
                        ],
                        [
                            -73.995941396283683,
                            40.497461618634965,
                            0
                        ],
                        [
                            -73.994948545399964,
                            40.496511778055286,
                            0
                        ],
                        [
                            -73.993950759554508,
                            40.495567122874419,
                            0
                        ],
                        [
                            -73.992948065828955,
                            40.494627678731938,
                            0
                        ],
                        [
                            -73.991940491438129,
                            40.493693471125958,
                            0
                        ],
                        [
                            -73.990928063729328,
                            40.49276452541249,
                            0
                        ],
                        [
                            -73.989910810181584,
                            40.491840866804715,
                            0
                        ],
                        [
                            -73.988888758404897,
                            40.490922520372308,
                            0
                        ],
                        [
                            -73.987861936139524,
                            40.490009511040782,
                            0
                        ],
                        [
                            -73.986830371255195,
                            40.489101863590768,
                            0
                        ],
                        [
                            -73.985794091750321,
                            40.488199602657382,
                            0
                        ],
                        [
                            -73.98475312575134,
                            40.487302752729541,
                            0
                        ],
                        [
                            -73.98370750151183,
                            40.486411338149288,
                            0
                        ],
                        [
                            -73.982657247411851,
                            40.485525383111145,
                            0
                        ],
                        [
                            -73.981602391957111,
                            40.484644911661462,
                            0
                        ],
                        [
                            -73.980542963778177,
                            40.483769947697745,
                            0
                        ],
                        [
                            -73.979478991629762,
                            40.482900514968016,
                            0
                        ],
                        [
                            -73.978410504389899,
                            40.482036637070181,
                            0
                        ],
                        [
                            -73.977337531059177,
                            40.481178337451361,
                            0
                        ],
                        [
                            -73.976260100759916,
                            40.480325639407283,
                            0
                        ],
                        [
                            -73.975178242735439,
                            40.479478566081653,
                            0
                        ],
                        [
                            -73.974091986349237,
                            40.47863714046548,
                            0
                        ],
                        [
                            -73.973001361084172,
                            40.477801385396511,
                            0
                        ],
                        [
                            -73.971906396541684,
                            40.476971323558573,
                            0
                        ],
                        [
                            -73.970807122440988,
                            40.476146977480965,
                            0
                        ],
                        [
                            -73.969703568618272,
                            40.475328369537863,
                            0
                        ],
                        [
                            -73.968595765025896,
                            40.474515521947694,
                            0
                        ],
                        [
                            -73.967483741731556,
                            40.473708456772542,
                            0
                        ],
                        [
                            -73.966367528917459,
                            40.472907195917529,
                            0
                        ],
                        [
                            -73.965247156879556,
                            40.472111761130265,
                            0
                        ],
                        [
                            -73.964122656026646,
                            40.471322174000207,
                            0
                        ],
                        [
                            -73.962994056879651,
                            40.47053845595812,
                            0
                        ],
                        [
                            -73.961861390070652,
                            40.469760628275452,
                            0
                        ],
                        [
                            -73.960724686342203,
                            40.468988712063776,
                            0
                        ],
                        [
                            -73.959583976546384,
                            40.468222728274235,
                            0
                        ],
                        [
                            -73.958439291644012,
                            40.467462697696945,
                            0
                        ],
                        [
                            -73.957290662703826,
                            40.466708640960434,
                            0
                        ],
                        [
                            -73.956138120901571,
                            40.46596057853111,
                            0
                        ],
                        [
                            -73.954981697519216,
                            40.465218530712662,
                            0
                        ],
                        [
                            -73.953821423944078,
                            40.464482517645543,
                            0
                        ],
                        [
                            -73.952657331667979,
                            40.463752559306421,
                            0
                        ],
                        [
                            -73.951489452286395,
                            40.463028675507616,
                            0
                        ],
                        [
                            -73.950317817497563,
                            40.462310885896578,
                            0
                        ],
                        [
                            -73.949142459101665,
                            40.461599209955352,
                            0
                        ],
                        [
                            -73.947963408999954,
                            40.46089366700005,
                            0
                        ],
                        [
                            -73.888493111999935,
                            40.537440358000026,
                            0
                        ]
                    ]
                ]
            },
            "properties": {
                "OBJECTID": 31,
                "Position": "N2A",
                "Sector": "Final Vector",
                "Low": 0,
                "High": 3000,
                "Notes": "May be delegated to N1L and N5S as CONEY airspace",
                "Fill": "#343434",
                "Stroke": "#343434"
            }
        },
        {
            "type": "Feature",
            "id": 32,
            "geometry": {
                "type": "Polygon",
                "coordinates": [
                    [
                        [
                            -74.058575387999952,
                            40.354036922000034,
                            0
                        ],
                        [
                            -74.0584737397444,
                            40.354916714205132,
                            0
                        ],
                        [
                            -74.05837920126443,
                            40.355797298765417,
                            0
                        ],
                        [
                            -74.058291778728275,
                            40.356678618226326,
                            0
                        ],
                        [
                            -74.058211477839905,
                            40.357560615085355,
                            0
                        ],
                        [
                            -74.058138303838618,
                            40.358443231795796,
                            0
                        ],
                        [
                            -74.058072261498737,
                            40.359326410770493,
                            0
                        ],
                        [
                            -74.058013355129248,
                            40.360210094385614,
                            0
                        ],
                        [
                            -74.057961588573548,
                            40.361094224984406,
                            0
                        ],
                        [
                            -74.057916965209202,
                            40.361978744880943,
                            0
                        ],
                        [
                            -74.057879487947687,
                            40.362863596363887,
                            0
                        ],
                        [
                            -74.057849159234266,
                            40.363748721700297,
                            0
                        ],
                        [
                            -74.057825981047756,
                            40.364634063139334,
                            0
                        ],
                        [
                            -74.057809954900421,
                            40.365519562916077,
                            0
                        ],
                        [
                            -74.057801081837923,
                            40.366405163255266,
                            0
                        ],
                        [
                            -74.057799362439184,
                            40.367290806375081,
                            0
                        ],
                        [
                            -74.057804796816399,
                            40.368176434490913,
                            0
                        ],
                        [
                            -74.057817384614978,
                            40.36906198981913,
                            0
                        ],
                        [
                            -74.057837125013634,
                            40.369947414580849,
                            0
                        ],
                        [
                            -74.05786401672438,
                            40.370832651005713,
                            0
                        ],
                        [
                            -74.057898057992645,
                            40.371717641335636,
                            0
                        ],
                        [
                            -74.057939246597357,
                            40.372602327828609,
                            0
                        ],
                        [
                            -74.057987579851158,
                            40.373486652762438,
                            0
                        ],
                        [
                            -74.058043054600475,
                            40.374370558438507,
                            0
                        ],
                        [
                            -74.058105667225817,
                            40.37525398718558,
                            0
                        ],
                        [
                            -74.058175413641962,
                            40.376136881363522,
                            0
                        ],
                        [
                            -74.058252289298238,
                            40.377019183367082,
                            0
                        ],
                        [
                            -74.05833628917884,
                            40.377900835629632,
                            0
                        ],
                        [
                            -74.05842740780308,
                            40.378781780626966,
                            0
                        ],
                        [
                            -74.058525639225877,
                            40.379661960880995,
                            0
                        ],
                        [
                            -74.058630977038007,
                            40.380541318963544,
                            0
                        ],
                        [
                            -74.058743414366617,
                            40.381419797500072,
                            0
                        ],
                        [
                            -74.058862943875624,
                            40.382297339173434,
                            0
                        ],
                        [
                            -74.058989557766211,
                            40.383173886727604,
                            0
                        ],
                        [
                            -74.059123247777336,
                            40.384049382971419,
                            0
                        ],
                        [
                            -74.059264005186279,
                            40.384923770782308,
                            0
                        ],
                        [
                            -74.059411820809188,
                            40.385796993110027,
                            0
                        ],
                        [
                            -74.059566685001684,
                            40.386668992980375,
                            0
                        ],
                        [
                            -74.059728587659535,
                            40.38753971349891,
                            0
                        ],
                        [
                            -74.059897518219231,
                            40.388409097854648,
                            0
                        ],
                        [
                            -74.060073465658732,
                            40.389277089323812,
                            0
                        ],
                        [
                            -74.060256418498199,
                            40.390143631273482,
                            0
                        ],
                        [
                            -74.060446364800711,
                            40.391008667165323,
                            0
                        ],
                        [
                            -74.060643292173026,
                            40.391872140559265,
                            0
                        ],
                        [
                            -74.060847187766441,
                            40.392733995117176,
                            0
                        ],
                        [
                            -74.061058038277594,
                            40.393594174606555,
                            0
                        ],
                        [
                            -74.061275829949366,
                            40.39445262290419,
                            0
                        ],
                        [
                            -74.061500548571715,
                            40.395309283999829,
                            0
                        ],
                        [
                            -74.061732179482661,
                            40.396164101999815,
                            0
                        ],
                        [
                            -74.061970707569259,
                            40.39701702113075,
                            0
                        ],
                        [
                            -74.062216117268491,
                            40.397867985743133,
                            0
                        ],
                        [
                            -74.062468392568391,
                            40.398716940314984,
                            0
                        ],
                        [
                            -74.062727517009009,
                            40.399563829455474,
                            0
                        ],
                        [
                            -74.062993473683548,
                            40.40040859790853,
                            0
                        ],
                        [
                            -74.063266245239404,
                            40.401251190556444,
                            0
                        ],
                        [
                            -74.063545813879344,
                            40.402091552423485,
                            0
                        ],
                        [
                            -74.063832161362654,
                            40.402929628679452,
                            0
                        ],
                        [
                            -74.064125269006311,
                            40.403765364643277,
                            0
                        ],
                        [
                            -74.064425117686255,
                            40.40459870578659,
                            0
                        ],
                        [
                            -74.064731687838574,
                            40.405429597737275,
                            0
                        ],
                        [
                            -74.06504495946082,
                            40.406257986283016,
                            0
                        ],
                        [
                            -74.065364912113267,
                            40.407083817374819,
                            0
                        ],
                        [
                            -74.065691524920339,
                            40.407907037130578,
                            0
                        ],
                        [
                            -74.066024776571851,
                            40.408727591838549,
                            0
                        ],
                        [
                            -74.066364645324512,
                            40.409545427960872,
                            0
                        ],
                        [
                            -74.066711109003251,
                            40.410360492137066,
                            0
                        ],
                        [
                            -74.067064145002732,
                            40.41117273118752,
                            0
                        ],
                        [
                            -74.067423730288795,
                            40.411982092116929,
                            0
                        ],
                        [
                            -74.067789841399957,
                            40.412788522117793,
                            0
                        ],
                        [
                            -74.068162454448952,
                            40.413591968573833,
                            0
                        ],
                        [
                            -74.068541545124305,
                            40.414392379063436,
                            0
                        ],
                        [
                            -74.068927088691893,
                            40.415189701363076,
                            0
                        ],
                        [
                            -74.069319059996559,
                            40.415983883450714,
                            0
                        ],
                        [
                            -74.069717433463765,
                            40.416774873509205,
                            0
                        ],
                        [
                            -74.070122183101276,
                            40.417562619929662,
                            0
                        ],
                        [
                            -74.070533282500833,
                            40.418347071314834,
                            0
                        ],
                        [
                            -74.070950704839845,
                            40.419128176482459,
                            0
                        ],
                        [
                            -74.071374422883224,
                            40.419905884468612,
                            0
                        ],
                        [
                            -74.071804408985088,
                            40.420680144531005,
                            0
                        ],
                        [
                            -74.07224063509058,
                            40.421450906152316,
                            0
                        ],
                        [
                            -74.072683072737732,
                            40.422218119043492,
                            0
                        ],
                        [
                            -74.073131693059295,
                            40.422981733147004,
                            0
                        ],
                        [
                            -74.073586466784619,
                            40.42374169864015,
                            0
                        ],
                        [
                            -74.074047364241551,
                            40.424497965938265,
                            0
                        ],
                        [
                            -74.074514355358417,
                            40.425250485697994,
                            0
                        ],
                        [
                            -74.074987409665951,
                            40.425999208820471,
                            0
                        ],
                        [
                            -74.075466496299271,
                            40.426744086454569,
                            0
                        ],
                        [
                            -74.075951583999938,
                            40.427485070000046,
                            0
                        ],
                        [
                            -74.077069064598518,
                            40.428436856315578,
                            0
                        ],
                        [
                            -74.078182885068188,
                            40.429392923279764,
                            0
                        ],
                        [
                            -74.079293029011481,
                            40.430353256817568,
                            0
                        ],
                        [
                            -74.080399480085063,
                            40.431317842791138,
                            0
                        ],
                        [
                            -74.081502221999983,
                            40.432286667000028,
                            0
                        ],
                        [
                            -74.087677221999968,
                            40.424844722000046,
                            0
                        ],
                        [
                            -74.130068227999971,
                            40.407484201000045,
                            0
                        ],
                        [
                            -74.148068359999968,
                            40.400112550000074,
                            0
                        ],
                        [
                            -74.115517653999973,
                            40.383353757000066,
                            0
                        ],
                        [
                            -74.058575387999952,
                            40.354036922000034,
                            0
                        ]
                    ]
                ]
            },
            "properties": {
                "OBJECTID": 32,
                "Position": "N2A",
                "Sector": "Final Vector",
                "Low": 3000,
                "High": 4000,
                "Notes": null,
                "Fill": "#343434",
                "Stroke": "#343434"
            }
        },
        {
            "type": "Feature",
            "id": 33,
            "geometry": {
                "type": "Polygon",
                "coordinates": [
                    [
                        [
                            -73.767895424999949,
                            40.535772275000056,
                            0
                        ],
                        [
                            -73.857818088999977,
                            40.576889306000055,
                            0
                        ],
                        [
                            -73.888493111999935,
                            40.537440358000026,
                            0
                        ],
                        [
                            -73.947963408999954,
                            40.46089366700005,
                            0
                        ],
                        [
                            -73.946642601753879,
                            40.460114548848431,
                            0
                        ],
                        [
                            -73.94531820958349,
                            40.459341540275112,
                            0
                        ],
                        [
                            -73.943990260749246,
                            40.458574657774911,
                            0
                        ],
                        [
                            -73.942658783587589,
                            40.457813917711931,
                            0
                        ],
                        [
                            -73.941323806510184,
                            40.457059336319212,
                            0
                        ],
                        [
                            -73.939985358003398,
                            40.456310929698347,
                            0
                        ],
                        [
                            -73.938643466627695,
                            40.455568713819211,
                            0
                        ],
                        [
                            -73.937298161016969,
                            40.454832704519539,
                            0
                        ],
                        [
                            -73.935949469877983,
                            40.454102917504656,
                            0
                        ],
                        [
                            -73.934597421989764,
                            40.4533793683471,
                            0
                        ],
                        [
                            -73.933242046202935,
                            40.452662072486298,
                            0
                        ],
                        [
                            -73.931883371439142,
                            40.451951045228249,
                            0
                        ],
                        [
                            -73.930521426690433,
                            40.451246301745194,
                            0
                        ],
                        [
                            -73.929156241018617,
                            40.450547857075279,
                            0
                        ],
                        [
                            -73.927787843554682,
                            40.449855726122237,
                            0
                        ],
                        [
                            -73.92641626349814,
                            40.449169923655099,
                            0
                        ],
                        [
                            -73.925041530116403,
                            40.448490464307831,
                            0
                        ],
                        [
                            -73.923663672744183,
                            40.447817362579059,
                            0
                        ],
                        [
                            -73.92228272078286,
                            40.44715063283175,
                            0
                        ],
                        [
                            -73.92089870369982,
                            40.446490289292896,
                            0
                        ],
                        [
                            -73.919511651027889,
                            40.445836346053213,
                            0
                        ],
                        [
                            -73.918121592364628,
                            40.445188817066857,
                            0
                        ],
                        [
                            -73.916728557371798,
                            40.444547716151099,
                            0
                        ],
                        [
                            -73.915332575774613,
                            40.443913056986062,
                            0
                        ],
                        [
                            -73.913933677361186,
                            40.443284853114399,
                            0
                        ],
                        [
                            -73.912531891981885,
                            40.442663117941017,
                            0
                        ],
                        [
                            -73.911127249548656,
                            40.4420478647328,
                            0
                        ],
                        [
                            -73.909719780034422,
                            40.441439106618304,
                            0
                        ],
                        [
                            -73.908309513472446,
                            40.440836856587502,
                            0
                        ],
                        [
                            -73.906896479955634,
                            40.44024112749149,
                            0
                        ],
                        [
                            -73.905480709635981,
                            40.43965193204221,
                            0
                        ],
                        [
                            -73.904062232723859,
                            40.439069282812198,
                            0
                        ],
                        [
                            -73.90264107948741,
                            40.438493192234304,
                            0
                        ],
                        [
                            -73.901217280251842,
                            40.437923672601407,
                            0
                        ],
                        [
                            -73.89979086539887,
                            40.437360736066189,
                            0
                        ],
                        [
                            -73.898361865366013,
                            40.436804394640866,
                            0
                        ],
                        [
                            -73.896930310645928,
                            40.436254660196894,
                            0
                        ],
                        [
                            -73.895496231785827,
                            40.435711544464787,
                            0
                        ],
                        [
                            -73.894059659386755,
                            40.435175059033789,
                            0
                        ],
                        [
                            -73.892620624102975,
                            40.434645215351694,
                            0
                        ],
                        [
                            -73.891179156641286,
                            40.434122024724537,
                            0
                        ],
                        [
                            -73.889735287760402,
                            40.433605498316417,
                            0
                        ],
                        [
                            -73.888289048270295,
                            40.433095647149223,
                            0
                        ],
                        [
                            -73.886840469031483,
                            40.432592482102393,
                            0
                        ],
                        [
                            -73.885389580954453,
                            40.432096013912705,
                            0
                        ],
                        [
                            -73.883936414998928,
                            40.431606253174024,
                            0
                        ],
                        [
                            -73.88248100217325,
                            40.431123210337098,
                            0
                        ],
                        [
                            -73.881023373533708,
                            40.430646895709323,
                            0
                        ],
                        [
                            -73.879563560183868,
                            40.430177319454529,
                            0
                        ],
                        [
                            -73.878101593273911,
                            40.429714491592755,
                            0
                        ],
                        [
                            -73.876637503999973,
                            40.429258422000032,
                            0
                        ],
                        [
                            -73.876631274999966,
                            40.429256482000028,
                            0
                        ],
                        [
                            -73.875078358944748,
                            40.428777817120555,
                            0
                        ],
                        [
                            -73.873523370934208,
                            40.428305926636952,
                            0
                        ],
                        [
                            -73.871966340520643,
                            40.427840819517435,
                            0
                        ],
                        [
                            -73.870407297295131,
                            40.427382504601269,
                            0
                        ],
                        [
                            -73.868846270887005,
                            40.426930990598649,
                            0
                        ],
                        [
                            -73.867283290963314,
                            40.426486286090523,
                            0
                        ],
                        [
                            -73.865718387228213,
                            40.426048399528419,
                            0
                        ],
                        [
                            -73.86415158942242,
                            40.4256173392343,
                            0
                        ],
                        [
                            -73.862582927322649,
                            40.425193113400383,
                            0
                        ],
                        [
                            -73.861012430741056,
                            40.424775730089017,
                            0
                        ],
                        [
                            -73.859440129524643,
                            40.42436519723249,
                            0
                        ],
                        [
                            -73.85786605355473,
                            40.423961522632901,
                            0
                        ],
                        [
                            -73.85629023274636,
                            40.42356471396203,
                            0
                        ],
                        [
                            -73.854712697047702,
                            40.423174778761144,
                            0
                        ],
                        [
                            -73.853133476439567,
                            40.422791724440906,
                            0
                        ],
                        [
                            -73.851552600934767,
                            40.42241555828118,
                            0
                        ],
                        [
                            -73.849970100577551,
                            40.422046287430945,
                            0
                        ],
                        [
                            -73.848386005443075,
                            40.42168391890813,
                            0
                        ],
                        [
                            -73.84680034563678,
                            40.421328459599486,
                            0
                        ],
                        [
                            -73.845213151293848,
                            40.420979916260457,
                            0
                        ],
                        [
                            -73.843624452578638,
                            40.42063829551504,
                            0
                        ],
                        [
                            -73.842034279684086,
                            40.420303603855686,
                            0
                        ],
                        [
                            -73.840442662831151,
                            40.419975847643137,
                            0
                        ],
                        [
                            -73.838849632268236,
                            40.419655033106359,
                            0
                        ],
                        [
                            -73.837255218270599,
                            40.41934116634237,
                            0
                        ],
                        [
                            -73.83565945113979,
                            40.419034253316148,
                            0
                        ],
                        [
                            -73.83406236120311,
                            40.418734299860532,
                            0
                        ],
                        [
                            -73.832463978812939,
                            40.418441311676069,
                            0
                        ],
                        [
                            -73.830864334346288,
                            40.418155294330965,
                            0
                        ],
                        [
                            -73.829263458204096,
                            40.417876253260914,
                            0
                        ],
                        [
                            -73.827661380810738,
                            40.417604193769051,
                            0
                        ],
                        [
                            -73.826058132613426,
                            40.417339121025819,
                            0
                        ],
                        [
                            -73.824453744081595,
                            40.417081040068879,
                            0
                        ],
                        [
                            -73.822848245706368,
                            40.41682995580301,
                            0
                        ],
                        [
                            -73.821241667999971,
                            40.416585873000031,
                            0
                        ],
                        [
                            -73.8196152363777,
                            40.416345889908435,
                            0
                        ],
                        [
                            -73.817987808410891,
                            40.416112759217505,
                            0
                        ],
                        [
                            -73.816359412969618,
                            40.415886485062899,
                            0
                        ],
                        [
                            -73.81473007894111,
                            40.415667071458664,
                            0
                        ],
                        [
                            -73.813099835229238,
                            40.415454522297111,
                            0
                        ],
                        [
                            -73.811468710753999,
                            40.415248841348813,
                            0
                        ],
                        [
                            -73.809836734451054,
                            40.415050032262471,
                            0
                        ],
                        [
                            -73.808203935271138,
                            40.414858098564906,
                            0
                        ],
                        [
                            -73.806570342179612,
                            40.414673043660954,
                            0
                        ],
                        [
                            -73.804935984155875,
                            40.414494870833444,
                            0
                        ],
                        [
                            -73.803300890192958,
                            40.414323583243089,
                            0
                        ],
                        [
                            -73.801665089296904,
                            40.414159183928483,
                            0
                        ],
                        [
                            -73.800028610486294,
                            40.414001675806027,
                            0
                        ],
                        [
                            -73.798391482791772,
                            40.413851061669853,
                            0
                        ],
                        [
                            -73.796753735255464,
                            40.41370734419182,
                            0
                        ],
                        [
                            -73.795115396930484,
                            40.413570525921422,
                            0
                        ],
                        [
                            -73.793476496880459,
                            40.413440609285779,
                            0
                        ],
                        [
                            -73.791837064178964,
                            40.413317596589565,
                            0
                        ],
                        [
                            -73.790197127908996,
                            40.413201490014991,
                            0
                        ],
                        [
                            -73.788556717162535,
                            40.413092291621751,
                            0
                        ],
                        [
                            -73.786915861039944,
                            40.412990003346991,
                            0
                        ],
                        [
                            -73.7852745886495,
                            40.412894627005272,
                            0
                        ],
                        [
                            -73.783632929106872,
                            40.41280616428854,
                            0
                        ],
                        [
                            -73.78199091153455,
                            40.412724616766091,
                            0
                        ],
                        [
                            -73.780348565061459,
                            40.412649985884563,
                            0
                        ],
                        [
                            -73.778705918822268,
                            40.412582272967882,
                            0
                        ],
                        [
                            -73.777063001957032,
                            40.41252147921724,
                            0
                        ],
                        [
                            -73.775419843610578,
                            40.412467605711122,
                            0
                        ],
                        [
                            -73.773776472932013,
                            40.412420653405206,
                            0
                        ],
                        [
                            -73.772132919074224,
                            40.412380623132421,
                            0
                        ],
                        [
                            -73.77048921119335,
                            40.412347515602896,
                            0
                        ],
                        [
                            -73.768845378448233,
                            40.412321331403938,
                            0
                        ],
                        [
                            -73.767201449999959,
                            40.412302071000056,
                            0
                        ],
                        [
                            -73.767895424999949,
                            40.535772275000056,
                            0
                        ]
                    ]
                ]
            },
            "properties": {
                "OBJECTID": 33,
                "Position": "N2A",
                "Sector": "Final Vector",
                "Low": 0,
                "High": 3000,
                "Notes": null,
                "Fill": "#343434",
                "Stroke": "#343434"
            }
        },
        {
            "type": "Feature",
            "id": 34,
            "geometry": {
                "type": "Polygon",
                "coordinates": [
                    [
                        [
                            -73.767201449999959,
                            40.412302071000056,
                            0
                        ],
                        [
                            -73.768845378448233,
                            40.412321331403994,
                            0
                        ],
                        [
                            -73.770489211193336,
                            40.412347515603003,
                            0
                        ],
                        [
                            -73.772132919074224,
                            40.412380623132577,
                            0
                        ],
                        [
                            -73.773776472932013,
                            40.412420653405405,
                            0
                        ],
                        [
                            -73.775419843610564,
                            40.412467605711356,
                            0
                        ],
                        [
                            -73.777063001957018,
                            40.412521479217517,
                            0
                        ],
                        [
                            -73.778705918822254,
                            40.412582272968187,
                            0
                        ],
                        [
                            -73.780348565061431,
                            40.412649985884904,
                            0
                        ],
                        [
                            -73.781990911534535,
                            40.412724616766461,
                            0
                        ],
                        [
                            -73.783632929106844,
                            40.412806164288931,
                            0
                        ],
                        [
                            -73.785274588649472,
                            40.412894627005684,
                            0
                        ],
                        [
                            -73.786915861039915,
                            40.412990003347424,
                            0
                        ],
                        [
                            -73.788556717162507,
                            40.413092291622199,
                            0
                        ],
                        [
                            -73.790197127908968,
                            40.413201490015446,
                            0
                        ],
                        [
                            -73.791837064178921,
                            40.413317596590026,
                            0
                        ],
                        [
                            -73.79347649688043,
                            40.413440609286241,
                            0
                        ],
                        [
                            -73.795115396930456,
                            40.413570525921884,
                            0
                        ],
                        [
                            -73.796753735255422,
                            40.413707344192275,
                            0
                        ],
                        [
                            -73.798391482791729,
                            40.413851061670307,
                            0
                        ],
                        [
                            -73.800028610486251,
                            40.414001675806468,
                            0
                        ],
                        [
                            -73.801665089296861,
                            40.414159183928916,
                            0
                        ],
                        [
                            -73.803300890192915,
                            40.414323583243501,
                            0
                        ],
                        [
                            -73.804935984155833,
                            40.414494870833835,
                            0
                        ],
                        [
                            -73.806570342179569,
                            40.414673043661324,
                            0
                        ],
                        [
                            -73.808203935271109,
                            40.414858098565247,
                            0
                        ],
                        [
                            -73.809836734451025,
                            40.415050032262783,
                            0
                        ],
                        [
                            -73.811468710753971,
                            40.41524884134909,
                            0
                        ],
                        [
                            -73.81309983522921,
                            40.415454522297352,
                            0
                        ],
                        [
                            -73.814730078941082,
                            40.415667071458863,
                            0
                        ],
                        [
                            -73.816359412969604,
                            40.415886485063055,
                            0
                        ],
                        [
                            -73.817987808410876,
                            40.416112759217611,
                            0
                        ],
                        [
                            -73.819615236377686,
                            40.416345889908492,
                            0
                        ],
                        [
                            -73.821241667999971,
                            40.416585873000031,
                            0
                        ],
                        [
                            -73.821749867999984,
                            40.416662716000076,
                            0
                        ],
                        [
                            -73.821953181999959,
                            40.416693653000038,
                            0
                        ],
                        [
                            -73.822461195999949,
                            40.416771442000027,
                            0
                        ],
                        [
                            -73.82266418599994,
                            40.416802719000032,
                            0
                        ],
                        [
                            -73.822765918999949,
                            40.416818436000028,
                            0
                        ],
                        [
                            -73.822867477999978,
                            40.41683415500006,
                            0
                        ],
                        [
                            -73.823273410999946,
                            40.416897259000052,
                            0
                        ],
                        [
                            -73.823476427999935,
                            40.416928986000073,
                            0
                        ],
                        [
                            -73.823577925999984,
                            40.416944889000035,
                            0
                        ],
                        [
                            -73.823679416999937,
                            40.416960820000043,
                            0
                        ],
                        [
                            -73.824085306999962,
                            40.417024809000054,
                            0
                        ],
                        [
                            -73.824491080999962,
                            40.417089225000041,
                            0
                        ],
                        [
                            -73.824693922999984,
                            40.417121593000047,
                            0
                        ],
                        [
                            -73.824795333999987,
                            40.417137818000072,
                            0
                        ],
                        [
                            -73.824998131999962,
                            40.417170347000081,
                            0
                        ],
                        [
                            -73.824998567999955,
                            40.417170416000033,
                            0
                        ],
                        [
                            -73.82509952099997,
                            40.417186651000065,
                            0
                        ],
                        [
                            -73.825099967999961,
                            40.417186723000043,
                            0
                        ],
                        [
                            -73.82520090099996,
                            40.417202982000049,
                            0
                        ],
                        [
                            -73.825201360999984,
                            40.417203057000052,
                            0
                        ],
                        [
                            -73.825910356999941,
                            40.417318049000073,
                            0
                        ],
                        [
                            -73.82591089899995,
                            40.417318137000052,
                            0
                        ],
                        [
                            -73.826011677999986,
                            40.417334593000078,
                            0
                        ],
                        [
                            -73.826012230999936,
                            40.417334684000025,
                            0
                        ],
                        [
                            -73.826112991999935,
                            40.417351164000024,
                            0
                        ],
                        [
                            -73.826214297999968,
                            40.417367762000026,
                            0
                        ],
                        [
                            -73.826214873999959,
                            40.417367857000045,
                            0
                        ],
                        [
                            -73.826416886999937,
                            40.417401039000026,
                            0
                        ],
                        [
                            -73.826619445999938,
                            40.417434423000032,
                            0
                        ],
                        [
                            -73.826720713999975,
                            40.417451154000048,
                            0
                        ],
                        [
                            -73.826721348999968,
                            40.417451259000075,
                            0
                        ],
                        [
                            -73.826923226999952,
                            40.417484697000077,
                            0
                        ],
                        [
                            -73.827125708999972,
                            40.417518347000055,
                            0
                        ],
                        [
                            -73.827834156999984,
                            40.417636961000028,
                            0
                        ],
                        [
                            -73.827834920999976,
                            40.417637090000028,
                            0
                        ],
                        [
                            -73.827935332999971,
                            40.41765401300006,
                            0
                        ],
                        [
                            -73.828037287999962,
                            40.41767122400006,
                            0
                        ],
                        [
                            -73.828137661999961,
                            40.417688195000039,
                            0
                        ],
                        [
                            -73.82844192999994,
                            40.417739812000036,
                            0
                        ],
                        [
                            -73.828643346999968,
                            40.417774119000057,
                            0
                        ],
                        [
                            -73.828744459999939,
                            40.417791384000054,
                            0
                        ],
                        [
                            -73.828745329999947,
                            40.417791532000081,
                            0
                        ],
                        [
                            -73.828946663999943,
                            40.417825993000065,
                            0
                        ],
                        [
                            -73.829047752999941,
                            40.417843337000079,
                            0
                        ],
                        [
                            -73.829048656999987,
                            40.417843492000031,
                            0
                        ],
                        [
                            -73.829148834999955,
                            40.417860708000035,
                            0
                        ],
                        [
                            -73.829249909999987,
                            40.417878106000046,
                            0
                        ],
                        [
                            -73.829350975999944,
                            40.417895530000067,
                            0
                        ],
                        [
                            -73.829351914999961,
                            40.417895692000059,
                            0
                        ],
                        [
                            -73.829452033999985,
                            40.417912982000075,
                            0
                        ],
                        [
                            -73.82955308399994,
                            40.417930459000047,
                            0
                        ],
                        [
                            -73.82965412599998,
                            40.417947964000064,
                            0
                        ],
                        [
                            -73.829655100999958,
                            40.417948133000039,
                            0
                        ],
                        [
                            -73.82975516099998,
                            40.417965495000033,
                            0
                        ],
                        [
                            -73.829756146999955,
                            40.417965666000043,
                            0
                        ],
                        [
                            -73.829958214999976,
                            40.41800081100007,
                            0
                        ],
                        [
                            -73.830058888999986,
                            40.418018364000034,
                            0
                        ],
                        [
                            -73.830260212999974,
                            40.418053548000046,
                            0
                        ],
                        [
                            -73.830261256999961,
                            40.418053730000054,
                            0
                        ],
                        [
                            -73.830361198999981,
                            40.418071238000039,
                            0
                        ],
                        [
                            -73.830462177999948,
                            40.41808895500003,
                            0
                        ],
                        [
                            -73.830866009999966,
                            40.418160090000072,
                            0
                        ],
                        [
                            -73.830867124999941,
                            40.418160287000035,
                            0
                        ],
                        [
                            -73.830966948999958,
                            40.418177940000078,
                            0
                        ],
                        [
                            -73.831370618999983,
                            40.418249606000074,
                            0
                        ],
                        [
                            -73.83137179199997,
                            40.418249815000024,
                            0
                        ],
                        [
                            -73.831598530999941,
                            40.418290270000057,
                            0
                        ],
                        [
                            -73.831673285999955,
                            40.418303635000029,
                            0
                        ],
                        [
                            -73.83167449299998,
                            40.418303851000076,
                            0
                        ],
                        [
                            -73.831774158999963,
                            40.418321698000057,
                            0
                        ],
                        [
                            -73.831775377999975,
                            40.418321917000071,
                            0
                        ],
                        [
                            -73.831975879999959,
                            40.418357903000071,
                            0
                        ],
                        [
                            -73.831977121999955,
                            40.418358126000044,
                            0
                        ],
                        [
                            -73.832076726999958,
                            40.418376045000059,
                            0
                        ],
                        [
                            -73.832077980999941,
                            40.418376271000056,
                            0
                        ],
                        [
                            -73.83238051099994,
                            40.418430865000062,
                            0
                        ],
                        [
                            -73.832480036999982,
                            40.418448881000074,
                            0
                        ],
                        [
                            -73.832481336999933,
                            40.418449116000033,
                            0
                        ],
                        [
                            -73.83258084299996,
                            40.41846715500003,
                            0
                        ],
                        [
                            -73.832582154999955,
                            40.418467393000071,
                            0
                        ],
                        [
                            -73.832681641999955,
                            40.418485457000031,
                            0
                        ],
                        [
                            -73.832682421999948,
                            40.418485598000075,
                            0
                        ],
                        [
                            -73.832682964999947,
                            40.41848569800004,
                            0
                        ],
                        [
                            -73.832782430999941,
                            40.418503786000031,
                            0
                        ],
                        [
                            -73.832782950999956,
                            40.41850388000006,
                            0
                        ],
                        [
                            -73.832783766999967,
                            40.418504029000076,
                            0
                        ],
                        [
                            -73.832983985999988,
                            40.418540522000058,
                            0
                        ],
                        [
                            -73.833185507999985,
                            40.418577364000043,
                            0
                        ],
                        [
                            -73.833286255999951,
                            40.418595825000068,
                            0
                        ],
                        [
                            -73.833287648999942,
                            40.418596081000032,
                            0
                        ],
                        [
                            -73.833487726999977,
                            40.418632826000078,
                            0
                        ],
                        [
                            -73.833589876999952,
                            40.418651631000046,
                            0
                        ],
                        [
                            -73.833689164999953,
                            40.418669934000036,
                            0
                        ],
                        [
                            -73.833791320999978,
                            40.418688796000026,
                            0
                        ],
                        [
                            -73.833992730999967,
                            40.418726069000058,
                            0
                        ],
                        [
                            -73.834091937999972,
                            40.418744468000057,
                            0
                        ],
                        [
                            -73.834093423999946,
                            40.418744744000037,
                            0
                        ],
                        [
                            -73.834294782999962,
                            40.418782176000036,
                            0
                        ],
                        [
                            -73.834395448999942,
                            40.418800931000078,
                            0
                        ],
                        [
                            -73.834595719999982,
                            40.41883832700006,
                            0
                        ],
                        [
                            -73.834695842999963,
                            40.418857064000065,
                            0
                        ],
                        [
                            -73.834697397999946,
                            40.418857356000046,
                            0
                        ],
                        [
                            -73.834796463999965,
                            40.41887592300003,
                            0
                        ],
                        [
                            -73.834798030999934,
                            40.418876217000047,
                            0
                        ],
                        [
                            -73.834897075999947,
                            40.418894809000051,
                            0
                        ],
                        [
                            -73.834898654999961,
                            40.418895106000036,
                            0
                        ],
                        [
                            -73.835200473999976,
                            40.41895192800007,
                            0
                        ],
                        [
                            -73.835299439999972,
                            40.418970615000035,
                            0
                        ],
                        [
                            -73.835301063999964,
                            40.418970922000028,
                            0
                        ],
                        [
                            -73.835400008999954,
                            40.418989633000081,
                            0
                        ],
                        [
                            -73.835401644999934,
                            40.418989943000042,
                            0
                        ],
                        [
                            -73.835500569999965,
                            40.419008677000079,
                            0
                        ],
                        [
                            -73.835602779999988,
                            40.419028063000042,
                            0
                        ],
                        [
                            -73.835802198999943,
                            40.41906596900003,
                            0
                        ],
                        [
                            -73.836003242999936,
                            40.419104295000068,
                            0
                        ],
                        [
                            -73.836004947999982,
                            40.419104621000031,
                            0
                        ],
                        [
                            -73.836104603999956,
                            40.419123662000061,
                            0
                        ],
                        [
                            -73.83620425099997,
                            40.419142728000054,
                            0
                        ],
                        [
                            -73.836306481999941,
                            40.419162318000076,
                            0
                        ],
                        [
                            -73.836405223999975,
                            40.419181267000056,
                            0
                        ],
                        [
                            -73.836406093999983,
                            40.419181435000041,
                            0
                        ],
                        [
                            -73.836406974999989,
                            40.419181604000073,
                            0
                        ],
                        [
                            -73.83650569699995,
                            40.419200576000037,
                            0
                        ],
                        [
                            -73.83650745999995,
                            40.419200915000033,
                            0
                        ],
                        [
                            -73.836573268999985,
                            40.419213580000076,
                            0
                        ],
                        [
                            -73.836640837999937,
                            40.419226594000065,
                            0
                        ],
                        [
                            -73.836706617999937,
                            40.419239273000073,
                            0
                        ],
                        [
                            -73.836708403999978,
                            40.419239618000063,
                            0
                        ],
                        [
                            -73.836807064999959,
                            40.419258662000061,
                            0
                        ],
                        [
                            -73.836808862999987,
                            40.419259009000029,
                            0
                        ],
                        [
                            -73.836907502999964,
                            40.419278077000058,
                            0
                        ],
                        [
                            -73.836909311999989,
                            40.419278427000052,
                            0
                        ],
                        [
                            -73.837007932999938,
                            40.419297518000064,
                            0
                        ],
                        [
                            -73.837009752999961,
                            40.419297871000026,
                            0
                        ],
                        [
                            -73.837208764999957,
                            40.419336480000027,
                            0
                        ],
                        [
                            -73.837311022999984,
                            40.41935636200003,
                            0
                        ],
                        [
                            -73.837409561999948,
                            40.419375548000062,
                            0
                        ],
                        [
                            -73.837411427999939,
                            40.419375911000031,
                            0
                        ],
                        [
                            -73.837509946999944,
                            40.419395122000026,
                            0
                        ],
                        [
                            -73.837511824999979,
                            40.419395488000077,
                            0
                        ],
                        [
                            -73.837612212999943,
                            40.419415091000076,
                            0
                        ],
                        [
                            -73.837710689999938,
                            40.419434348000038,
                            0
                        ],
                        [
                            -73.83796254799995,
                            40.419483725000077,
                            0
                        ],
                        [
                            -73.838011737999977,
                            40.419493386000056,
                            0
                        ],
                        [
                            -73.838130423999985,
                            40.41951673300008,
                            0
                        ],
                        [
                            -73.838212392999935,
                            40.419532876000062,
                            0
                        ],
                        [
                            -73.838214351999966,
                            40.419533263000062,
                            0
                        ],
                        [
                            -73.838312705999954,
                            40.419552661000068,
                            0
                        ],
                        [
                            -73.838414991999969,
                            40.419572865000077,
                            0
                        ],
                        [
                            -73.838447771999938,
                            40.41957934800007,
                            0
                        ],
                        [
                            -73.838515298999937,
                            40.419592705000071,
                            0
                        ],
                        [
                            -73.838613592999934,
                            40.419612175000054,
                            0
                        ],
                        [
                            -73.838713870999982,
                            40.41963206500003,
                            0
                        ],
                        [
                            -73.838914397999986,
                            40.419671926000035,
                            0
                        ],
                        [
                            -73.838916436999966,
                            40.419672332000061,
                            0
                        ],
                        [
                            -73.839014648999978,
                            40.419691896000074,
                            0
                        ],
                        [
                            -73.839016698999956,
                            40.419692305000069,
                            0
                        ],
                        [
                            -73.839114889999962,
                            40.419711892000066,
                            0
                        ],
                        [
                            -73.839116950999937,
                            40.419712304000029,
                            0
                        ],
                        [
                            -73.839315344999989,
                            40.419751964000056,
                            0
                        ],
                        [
                            -73.839317429999937,
                            40.41975238100008,
                            0
                        ],
                        [
                            -73.839415558999974,
                            40.419772039000065,
                            0
                        ],
                        [
                            -73.839517870999941,
                            40.41979256500008,
                            0
                        ],
                        [
                            -73.83981632299998,
                            40.419852606000063,
                            0
                        ],
                        [
                            -73.839818464999951,
                            40.419853038000042,
                            0
                        ],
                        [
                            -73.83991649099994,
                            40.41987281300004,
                            0
                        ],
                        [
                            -73.839918643999965,
                            40.419873248000044,
                            0
                        ],
                        [
                            -73.840016649999939,
                            40.419893047000073,
                            0
                        ],
                        [
                            -73.840018814999951,
                            40.419893484000056,
                            0
                        ],
                        [
                            -73.840116799999976,
                            40.419913306000069,
                            0
                        ],
                        [
                            -73.840519527999959,
                            40.419995064000034,
                            0
                        ],
                        [
                            -73.84071750399994,
                            40.42003542100008,
                            0
                        ],
                        [
                            -73.84071974799997,
                            40.420035879000068,
                            0
                        ],
                        [
                            -73.840817588999982,
                            40.420055866000041,
                            0
                        ],
                        [
                            -73.840919932999952,
                            40.42007680200004,
                            0
                        ],
                        [
                            -73.841017730999965,
                            40.420096835000038,
                            0
                        ],
                        [
                            -73.841020009999966,
                            40.420097303000034,
                            0
                        ],
                        [
                            -73.841117787999963,
                            40.420117359000074,
                            0
                        ],
                        [
                            -73.84112007799996,
                            40.420117830000038,
                            0
                        ],
                        [
                            -73.841217835999942,
                            40.420137909000061,
                            0
                        ],
                        [
                            -73.841218969999943,
                            40.420138142000042,
                            0
                        ],
                        [
                            -73.841220137999983,
                            40.420138382000061,
                            0
                        ],
                        [
                            -73.841319213999952,
                            40.420158761000039,
                            0
                        ],
                        [
                            -73.84141828099996,
                            40.420179166000025,
                            0
                        ],
                        [
                            -73.841420227999947,
                            40.420179568000037,
                            0
                        ],
                        [
                            -73.841517922999969,
                            40.420199718000049,
                            0
                        ],
                        [
                            -73.841520258999935,
                            40.420200200000068,
                            0
                        ],
                        [
                            -73.841617932999952,
                            40.420220373000063,
                            0
                        ],
                        [
                            -73.841620280999962,
                            40.42022085900004,
                            0
                        ],
                        [
                            -73.841717933999973,
                            40.420241055000076,
                            0
                        ],
                        [
                            -73.84172029299998,
                            40.420241544000078,
                            0
                        ],
                        [
                            -73.841817924999987,
                            40.420261763000042,
                            0
                        ],
                        [
                            -73.84182029599998,
                            40.420262255000068,
                            0
                        ],
                        [
                            -73.841917907999971,
                            40.420282498000063,
                            0
                        ],
                        [
                            -73.842020272999946,
                            40.420303756000067,
                            0
                        ],
                        [
                            -73.842117842999983,
                            40.420324046000076,
                            0
                        ],
                        [
                            -73.842120247999958,
                            40.420324547000064,
                            0
                        ],
                        [
                            -73.842317740999988,
                            40.420365699000058,
                            0
                        ],
                        [
                            -73.842420114999982,
                            40.420387076000054,
                            0
                        ],
                        [
                            -73.842819803999987,
                            40.420470816000034,
                            0
                        ],
                        [
                            -73.84291970299995,
                            40.420491817000027,
                            0
                        ],
                        [
                            -73.843017084999985,
                            40.420512316000043,
                            0
                        ],
                        [
                            -73.843019591999962,
                            40.420512845000076,
                            0
                        ],
                        [
                            -73.843116952999935,
                            40.420533366000029,
                            0
                        ],
                        [
                            -73.843219339999962,
                            40.420554977000052,
                            0
                        ],
                        [
                            -73.843251787999975,
                            40.420561835000058,
                            0
                        ],
                        [
                            -73.843316659999971,
                            40.420575546000066,
                            0
                        ],
                        [
                            -73.843319200999986,
                            40.420576083000071,
                            0
                        ],
                        [
                            -73.843416499999989,
                            40.42059667500007,
                            0
                        ],
                        [
                            -73.843419051999945,
                            40.420597216000033,
                            0
                        ],
                        [
                            -73.843516329999943,
                            40.420617831000072,
                            0
                        ],
                        [
                            -73.843518892999953,
                            40.42061837500006,
                            0
                        ],
                        [
                            -73.843616149999946,
                            40.420639012000038,
                            0
                        ],
                        [
                            -73.84371595999994,
                            40.420660221000048,
                            0
                        ],
                        [
                            -73.843915551999942,
                            40.420702716000051,
                            0
                        ],
                        [
                            -73.843918159999987,
                            40.420703272000026,
                            0
                        ],
                        [
                            -73.844015332999959,
                            40.420724003000032,
                            0
                        ],
                        [
                            -73.844017952999934,
                            40.420724562000032,
                            0
                        ],
                        [
                            -73.844314618999988,
                            40.420788021000078,
                            0
                        ],
                        [
                            -73.844417027999953,
                            40.420809986000052,
                            0
                        ],
                        [
                            -73.844514095999955,
                            40.420830832000036,
                            0
                        ],
                        [
                            -73.844613817999971,
                            40.420852277000051,
                            0
                        ],
                        [
                            -73.844616505999966,
                            40.420852855000078,
                            0
                        ],
                        [
                            -73.844713530999968,
                            40.420873748000076,
                            0
                        ],
                        [
                            -73.84471623099995,
                            40.420874330000061,
                            0
                        ],
                        [
                            -73.844912929999964,
                            40.420916768000041,
                            0
                        ],
                        [
                            -73.844915651999941,
                            40.420917356000075,
                            0
                        ],
                        [
                            -73.845012613999984,
                            40.420938318000026,
                            0
                        ],
                        [
                            -73.845115032999956,
                            40.420960489000038,
                            0
                        ],
                        [
                            -73.845211952999989,
                            40.420981496000024,
                            0
                        ],
                        [
                            -73.845213323999985,
                            40.420981794000056,
                            0
                        ],
                        [
                            -73.845214708999947,
                            40.420982095000056,
                            0
                        ],
                        [
                            -73.845311606999985,
                            40.421003124000038,
                            0
                        ],
                        [
                            -73.845411251999963,
                            40.421024779000049,
                            0
                        ],
                        [
                            -73.845414030999962,
                            40.421025383000028,
                            0
                        ],
                        [
                            -73.845510886999989,
                            40.421046460000071,
                            0
                        ],
                        [
                            -73.845512738999957,
                            40.421046864000061,
                            0
                        ],
                        [
                            -73.845513676999985,
                            40.421047068000064,
                            0
                        ],
                        [
                            -73.845610511999951,
                            40.421068167000044,
                            0
                        ],
                        [
                            -73.845611437999935,
                            40.421068369000068,
                            0
                        ],
                        [
                            -73.845613313999934,
                            40.421068778000063,
                            0
                        ],
                        [
                            -73.845710126999961,
                            40.421089901000073,
                            0
                        ],
                        [
                            -73.845712939999942,
                            40.42109051500006,
                            0
                        ],
                        [
                            -73.845809732999953,
                            40.421111661000054,
                            0
                        ],
                        [
                            -73.845812555999942,
                            40.421112278000066,
                            0
                        ],
                        [
                            -73.845909327999948,
                            40.421133446000056,
                            0
                        ],
                        [
                            -73.84591216299998,
                            40.421134067000025,
                            0
                        ],
                        [
                            -73.84610848899996,
                            40.421177096000065,
                            0
                        ],
                        [
                            -73.846208054999977,
                            40.421198961000073,
                            0
                        ],
                        [
                            -73.846210923999934,
                            40.421199591000061,
                            0
                        ],
                        [
                            -73.846307610999986,
                            40.421220852000033,
                            0
                        ],
                        [
                            -73.84631049099994,
                            40.421221486000036,
                            0
                        ],
                        [
                            -73.846407156999987,
                            40.42124276900006,
                            0
                        ],
                        [
                            -73.846506692999981,
                            40.421264712000038,
                            0
                        ],
                        [
                            -73.846606218999966,
                            40.421286681000026,
                            0
                        ],
                        [
                            -73.846705733999954,
                            40.42130867700007,
                            0
                        ],
                        [
                            -73.846706310999934,
                            40.421308805000081,
                            0
                        ],
                        [
                            -73.846708659999933,
                            40.421309325000038,
                            0
                        ],
                        [
                            -73.84680524099997,
                            40.421330699000066,
                            0
                        ],
                        [
                            -73.846907683999973,
                            40.421353401000033,
                            0
                        ],
                        [
                            -73.847004221999953,
                            40.421374821000029,
                            0
                        ],
                        [
                            -73.84710666899997,
                            40.421397582000054,
                            0
                        ],
                        [
                            -73.84720316399995,
                            40.421419048000075,
                            0
                        ],
                        [
                            -73.847206144999973,
                            40.421419712000045,
                            0
                        ],
                        [
                            -73.847302618999947,
                            40.42144120100005,
                            0
                        ],
                        [
                            -73.847405068999933,
                            40.421464051000044,
                            0
                        ],
                        [
                            -73.847501500999954,
                            40.421485585000028,
                            0
                        ],
                        [
                            -73.847504514999969,
                            40.421486259000062,
                            0
                        ],
                        [
                            -73.847600925999984,
                            40.421507817000077,
                            0
                        ],
                        [
                            -73.847602935999987,
                            40.421508267000036,
                            0
                        ],
                        [
                            -73.847603952999975,
                            40.421508494000079,
                            0
                        ],
                        [
                            -73.84770034099995,
                            40.421530074000032,
                            0
                        ],
                        [
                            -73.847701345999951,
                            40.42153029900004,
                            0
                        ],
                        [
                            -73.847703378999938,
                            40.421530754000059,
                            0
                        ],
                        [
                            -73.847799746999954,
                            40.421552358000042,
                            0
                        ],
                        [
                            -73.847802795999939,
                            40.421553043000074,
                            0
                        ],
                        [
                            -73.84789914199996,
                            40.421574668000062,
                            0
                        ],
                        [
                            -73.847902200999954,
                            40.421575356000062,
                            0
                        ],
                        [
                            -73.847998525999969,
                            40.421597004000034,
                            0
                        ],
                        [
                            -73.848100983999984,
                            40.421620061000056,
                            0
                        ],
                        [
                            -73.848197265999943,
                            40.421641755000053,
                            0
                        ],
                        [
                            -73.848299725999937,
                            40.421664871000075,
                            0
                        ],
                        [
                            -73.848495297999989,
                            40.42170907700006,
                            0
                        ],
                        [
                            -73.848498425999935,
                            40.421709785000075,
                            0
                        ],
                        [
                            -73.848594621999951,
                            40.421731571000066,
                            0
                        ],
                        [
                            -73.848597760999951,
                            40.42173228200005,
                            0
                        ],
                        [
                            -73.848693934999972,
                            40.421754089000046,
                            0
                        ],
                        [
                            -73.848697084999969,
                            40.421754805000035,
                            0
                        ],
                        [
                            -73.848793237999985,
                            40.421776635000072,
                            0
                        ],
                        [
                            -73.848828451999964,
                            40.421784640000055,
                            0
                        ],
                        [
                            -73.848892531999979,
                            40.42179920600006,
                            0
                        ],
                        [
                            -73.848895704999961,
                            40.421799928000041,
                            0
                        ],
                        [
                            -73.848991814999977,
                            40.421821804000047,
                            0
                        ],
                        [
                            -73.849091086999977,
                            40.421844428000043,
                            0
                        ],
                        [
                            -73.849193555999989,
                            40.421867810000037,
                            0
                        ],
                        [
                            -73.849289601999942,
                            40.421889754000063,
                            0
                        ],
                        [
                            -73.849292005999985,
                            40.421890304000044,
                            0
                        ],
                        [
                            -73.84929281899997,
                            40.421890490000067,
                            0
                        ],
                        [
                            -73.849388842999986,
                            40.421912457000076,
                            0
                        ],
                        [
                            -73.849491313999977,
                            40.42193592700005,
                            0
                        ],
                        [
                            -73.849587294999935,
                            40.421957939000038,
                            0
                        ],
                        [
                            -73.849721755999951,
                            40.421988824000039,
                            0
                        ],
                        [
                            -73.849785705999977,
                            40.422003527000072,
                            0
                        ],
                        [
                            -73.849788979999971,
                            40.422004280000067,
                            0
                        ],
                        [
                            -73.849884894999946,
                            40.422026360000075,
                            0
                        ],
                        [
                            -73.849984074999952,
                            40.42204921900003,
                            0
                        ],
                        [
                            -73.850083243999961,
                            40.422072104000051,
                            0
                        ],
                        [
                            -73.850182402999963,
                            40.422095015000025,
                            0
                        ],
                        [
                            -73.850185720999946,
                            40.422095782000042,
                            0
                        ],
                        [
                            -73.850281550999966,
                            40.422117953000054,
                            0
                        ],
                        [
                            -73.850284879999947,
                            40.422118724000029,
                            0
                        ],
                        [
                            -73.850380688999962,
                            40.422140916000046,
                            0
                        ],
                        [
                            -73.85038402899994,
                            40.422141691000036,
                            0
                        ],
                        [
                            -73.851074360999974,
                            40.422302392000063,
                            0
                        ],
                        [
                            -73.851176843999951,
                            40.422326368000029,
                            0
                        ],
                        [
                            -73.851272457999983,
                            40.42234876200007,
                            0
                        ],
                        [
                            -73.851275897999983,
                            40.422349569000062,
                            0
                        ],
                        [
                            -73.851371489999963,
                            40.422371987000076,
                            0
                        ],
                        [
                            -73.851374942999939,
                            40.422372797000037,
                            0
                        ],
                        [
                            -73.851470513999971,
                            40.422395237000046,
                            0
                        ],
                        [
                            -73.851472238999975,
                            40.422395643000073,
                            0
                        ],
                        [
                            -73.851473976999955,
                            40.422396051000078,
                            0
                        ],
                        [
                            -73.851569524999945,
                            40.422418514000071,
                            0
                        ],
                        [
                            -73.851672010999948,
                            40.422442638000064,
                            0
                        ],
                        [
                            -73.851767515999938,
                            40.422465145000047,
                            0
                        ],
                        [
                            -73.851870002999988,
                            40.42248932900003,
                            0
                        ],
                        [
                            -73.85216337199995,
                            40.42255872100003,
                            0
                        ],
                        [
                            -73.852166912999962,
                            40.422559561000071,
                            0
                        ],
                        [
                            -73.852262308999968,
                            40.422582180000063,
                            0
                        ],
                        [
                            -73.852265861999967,
                            40.422583023000072,
                            0
                        ],
                        [
                            -73.852460151999935,
                            40.422629176000044,
                            0
                        ],
                        [
                            -73.852463725999939,
                            40.422630027000025,
                            0
                        ],
                        [
                            -73.852756835999969,
                            40.422699866000073,
                            0
                        ],
                        [
                            -73.852760442999966,
                            40.422700728000052,
                            0
                        ],
                        [
                            -73.852855708999982,
                            40.422723481000048,
                            0
                        ],
                        [
                            -73.852958200999979,
                            40.422747992000041,
                            0
                        ],
                        [
                            -73.853053422999949,
                            40.422770790000072,
                            0
                        ],
                        [
                            -73.853057063999984,
                            40.422771663000049,
                            0
                        ],
                        [
                            -73.853152263999959,
                            40.422794484000065,
                            0
                        ],
                        [
                            -73.853155915999935,
                            40.422795360000066,
                            0
                        ],
                        [
                            -73.853251094999962,
                            40.422818204000066,
                            0
                        ],
                        [
                            -73.853254755999956,
                            40.422819084000025,
                            0
                        ],
                        [
                            -73.853448721999939,
                            40.422865720000061,
                            0
                        ],
                        [
                            -73.853452405999974,
                            40.422866608000049,
                            0
                        ],
                        [
                            -73.853646306999963,
                            40.422913341000026,
                            0
                        ],
                        [
                            -73.853650012999935,
                            40.422914237000043,
                            0
                        ],
                        [
                            -73.854041345999974,
                            40.423008896000056,
                            0
                        ],
                        [
                            -73.854045096999982,
                            40.423009806000039,
                            0
                        ],
                        [
                            -73.854337510999983,
                            40.423080834000075,
                            0
                        ],
                        [
                            -73.854341295999973,
                            40.423081756000045,
                            0
                        ],
                        [
                            -73.854436211999939,
                            40.423104866000074,
                            0
                        ],
                        [
                            -73.854440005999948,
                            40.423105791000069,
                            0
                        ],
                        [
                            -73.85473224499998,
                            40.42317711700008,
                            0
                        ],
                        [
                            -73.854736073999959,
                            40.423178053000072,
                            0
                        ],
                        [
                            -73.854830901999946,
                            40.423201252000069,
                            0
                        ],
                        [
                            -73.854832815999941,
                            40.423201721000055,
                            0
                        ],
                        [
                            -73.854929546999983,
                            40.423225414000058,
                            0
                        ],
                        [
                            -73.854933396999968,
                            40.423226358000079,
                            0
                        ],
                        [
                            -73.855126803999951,
                            40.423273815000073,
                            0
                        ],
                        [
                            -73.855130675999987,
                            40.423274767000066,
                            0
                        ],
                        [
                            -73.855225415999939,
                            40.423298054000043,
                            0
                        ],
                        [
                            -73.855229298999973,
                            40.423299010000051,
                            0
                        ],
                        [
                            -73.855422607999969,
                            40.423346611000056,
                            0
                        ],
                        [
                            -73.855426512999941,
                            40.423347575000037,
                            0
                        ],
                        [
                            -73.855521185999976,
                            40.423370928000054,
                            0
                        ],
                        [
                            -73.855525102999934,
                            40.423371896000049,
                            0
                        ],
                        [
                            -73.855718310999976,
                            40.423419641000066,
                            0
                        ],
                        [
                            -73.855722249999985,
                            40.423420616000044,
                            0
                        ],
                        [
                            -73.855816856999979,
                            40.423444036000035,
                            0
                        ],
                        [
                            -73.855820806999986,
                            40.423445015000027,
                            0
                        ],
                        [
                            -73.856013915999938,
                            40.423492904000057,
                            0
                        ],
                        [
                            -73.85601788699995,
                            40.423493891000078,
                            0
                        ],
                        [
                            -73.856210929999975,
                            40.423541876000058,
                            0
                        ],
                        [
                            -73.856214922999982,
                            40.423542870000063,
                            0
                        ],
                        [
                            -73.856309418999956,
                            40.423566401000073,
                            0
                        ],
                        [
                            -73.856313424999939,
                            40.423567400000024,
                            0
                        ],
                        [
                            -73.856407898999976,
                            40.42359095200004,
                            0
                        ],
                        [
                            -73.856411913999978,
                            40.423591954000074,
                            0
                        ],
                        [
                            -73.856506366999952,
                            40.423615529000074,
                            0
                        ],
                        [
                            -73.85651039399994,
                            40.423616535000065,
                            0
                        ],
                        [
                            -73.856704610999941,
                            40.423665096000036,
                            0
                        ],
                        [
                            -73.856707317999962,
                            40.423665774000028,
                            0
                        ],
                        [
                            -73.856801702999974,
                            40.42368941400008,
                            0
                        ],
                        [
                            -73.856805762999954,
                            40.423690433000047,
                            0
                        ],
                        [
                            -73.856900125999971,
                            40.423714095000037,
                            0
                        ],
                        [
                            -73.856904196999949,
                            40.423715117000029,
                            0
                        ],
                        [
                            -73.857096938999973,
                            40.423763534000045,
                            0
                        ],
                        [
                            -73.857101030999956,
                            40.423764564000066,
                            0
                        ],
                        [
                            -73.85729370599995,
                            40.423813076000044,
                            0
                        ],
                        [
                            -73.857297819999985,
                            40.423814114000038,
                            0
                        ],
                        [
                            -73.857392072999971,
                            40.423837886000058,
                            0
                        ],
                        [
                            -73.857396198999936,
                            40.423838927000077,
                            0
                        ],
                        [
                            -73.857490428999938,
                            40.423862722000081,
                            0
                        ],
                        [
                            -73.857494565999957,
                            40.423863768000047,
                            0
                        ],
                        [
                            -73.857588772999975,
                            40.423887584000056,
                            0
                        ],
                        [
                            -73.857592920999934,
                            40.423888634000036,
                            0
                        ],
                        [
                            -73.857687105999958,
                            40.42391247200004,
                            0
                        ],
                        [
                            -73.857691263999982,
                            40.423913525000046,
                            0
                        ],
                        [
                            -73.857785426999953,
                            40.423937385000045,
                            0
                        ],
                        [
                            -73.857789596999964,
                            40.423938443000054,
                            0
                        ],
                        [
                            -73.857883737999941,
                            40.423962325000048,
                            0
                        ],
                        [
                            -73.857886863999965,
                            40.423963119000064,
                            0
                        ],
                        [
                            -73.85788791799996,
                            40.423963386000025,
                            0
                        ],
                        [
                            -73.857982036999942,
                            40.423987290000071,
                            0
                        ],
                        [
                            -73.858080324999946,
                            40.424012281000046,
                            0
                        ],
                        [
                            -73.858081366999954,
                            40.424012547000075,
                            0
                        ],
                        [
                            -73.85808452699996,
                            40.424013351000042,
                            0
                        ],
                        [
                            -73.858178600999963,
                            40.42403729800003,
                            0
                        ],
                        [
                            -73.858182812999985,
                            40.424038372000041,
                            0
                        ],
                        [
                            -73.858276865999983,
                            40.42406234200007,
                            0
                        ],
                        [
                            -73.858281088999945,
                            40.424063419000049,
                            0
                        ],
                        [
                            -73.858375118999959,
                            40.424087410000027,
                            0
                        ],
                        [
                            -73.858379353999965,
                            40.424088492000067,
                            0
                        ],
                        [
                            -73.858473361999984,
                            40.424112505000039,
                            0
                        ],
                        [
                            -73.858476183999983,
                            40.424113227000078,
                            0
                        ],
                        [
                            -73.858571592999965,
                            40.424137626000061,
                            0
                        ],
                        [
                            -73.858573003999936,
                            40.424137987000051,
                            0
                        ],
                        [
                            -73.858575848999976,
                            40.424138715000026,
                            0
                        ],
                        [
                            -73.85866981199996,
                            40.424162772000045,
                            0
                        ],
                        [
                            -73.858674078999968,
                            40.424163866000072,
                            0
                        ],
                        [
                            -73.858768018999967,
                            40.424187945000028,
                            0
                        ],
                        [
                            -73.858772001999967,
                            40.424188967000077,
                            0
                        ],
                        [
                            -73.858772297999963,
                            40.42418904200008,
                            0
                        ],
                        [
                            -73.858866215999967,
                            40.424213143000031,
                            0
                        ],
                        [
                            -73.858869912999978,
                            40.424214093000046,
                            0
                        ],
                        [
                            -73.85887050499997,
                            40.42421424500003,
                            0
                        ],
                        [
                            -73.859258885999964,
                            40.424314195000079,
                            0
                        ],
                        [
                            -73.859263219999946,
                            40.424315313000079,
                            0
                        ],
                        [
                            -73.859847546999958,
                            40.424466547000065,
                            0
                        ],
                        [
                            -73.859945616999937,
                            40.424492029000078,
                            0
                        ],
                        [
                            -73.86014172199998,
                            40.424543072000063,
                            0
                        ],
                        [
                            -73.86014615299996,
                            40.424544227000069,
                            0
                        ],
                        [
                            -73.860631779999949,
                            40.424671130000036,
                            0
                        ],
                        [
                            -73.860636264999982,
                            40.424672306000048,
                            0
                        ],
                        [
                            -73.860729755999955,
                            40.424696818000029,
                            0
                        ],
                        [
                            -73.860734251999986,
                            40.424697999000045,
                            0
                        ],
                        [
                            -73.860827720999964,
                            40.424722533000079,
                            0
                        ],
                        [
                            -73.860832227999936,
                            40.424723718000052,
                            0
                        ],
                        [
                            -73.861121545999936,
                            40.424799833000066,
                            0
                        ],
                        [
                            -73.861224013999959,
                            40.424826851000034,
                            0
                        ],
                        [
                            -73.861415264999948,
                            40.424877364000054,
                            0
                        ],
                        [
                            -73.861419836999971,
                            40.424878573000058,
                            0
                        ],
                        [
                            -73.861513147999972,
                            40.424903259000075,
                            0
                        ],
                        [
                            -73.861517730999935,
                            40.424904473000026,
                            0
                        ],
                        [
                            -73.861611018999952,
                            40.424929180000049,
                            0
                        ],
                        [
                            -73.86161561199998,
                            40.424930398000072,
                            0
                        ],
                        [
                            -73.861708878999934,
                            40.424955127000032,
                            0
                        ],
                        [
                            -73.86171348299996,
                            40.42495634900007,
                            0
                        ],
                        [
                            -73.86190456099996,
                            40.425007098000037,
                            0
                        ],
                        [
                            -73.862002384999982,
                            40.425033122000059,
                            0
                        ],
                        [
                            -73.862007021999943,
                            40.425034357000072,
                            0
                        ],
                        [
                            -73.862100196999961,
                            40.425059172000033,
                            0
                        ],
                        [
                            -73.862197997999942,
                            40.425085247000027,
                            0
                        ],
                        [
                            -73.862202655999965,
                            40.425086490000069,
                            0
                        ],
                        [
                            -73.862295785999947,
                            40.425111349000076,
                            0
                        ],
                        [
                            -73.862300454999968,
                            40.425112596000076,
                            0
                        ],
                        [
                            -73.862393561999966,
                            40.425137476000032,
                            0
                        ],
                        [
                            -73.862398241999983,
                            40.425138728000036,
                            0
                        ],
                        [
                            -73.862686820999954,
                            40.425216012000078,
                            0
                        ],
                        [
                            -73.862691531999985,
                            40.425217277000058,
                            0
                        ],
                        [
                            -73.862784548999969,
                            40.425242242000024,
                            0
                        ],
                        [
                            -73.862789271999986,
                            40.425243511000076,
                            0
                        ],
                        [
                            -73.862882265999986,
                            40.425268498000037,
                            0
                        ],
                        [
                            -73.862979970999959,
                            40.425294779000069,
                            0
                        ],
                        [
                            -73.862984715999971,
                            40.425296057000025,
                            0
                        ],
                        [
                            -73.863077663999945,
                            40.425321086000054,
                            0
                        ],
                        [
                            -73.863082418999966,
                            40.425322368000025,
                            0
                        ],
                        [
                            -73.863175344999945,
                            40.425347420000037,
                            0
                        ],
                        [
                            -73.863178513999969,
                            40.425348274000044,
                            0
                        ],
                        [
                            -73.863273014999947,
                            40.425373778000051,
                            0
                        ],
                        [
                            -73.863274597999975,
                            40.425374206000072,
                            0
                        ],
                        [
                            -73.863370670999984,
                            40.425400162000074,
                            0
                        ],
                        [
                            -73.86337545799995,
                            40.425401458000067,
                            0
                        ],
                        [
                            -73.863468315999967,
                            40.425426572000049,
                            0
                        ],
                        [
                            -73.863473113999987,
                            40.425427872000057,
                            0
                        ],
                        [
                            -73.863663570999961,
                            40.425479470000028,
                            0
                        ],
                        [
                            -73.863668389999987,
                            40.425480778000065,
                            0
                        ],
                        [
                            -73.863761179999983,
                            40.425505958000031,
                            0
                        ],
                        [
                            -73.86376439199995,
                            40.425506830000074,
                            0
                        ],
                        [
                            -73.863956360999964,
                            40.42555900900004,
                            0
                        ],
                        [
                            -73.863961213999971,
                            40.425560330000053,
                            0
                        ],
                        [
                            -73.864053933999969,
                            40.425585573000035,
                            0
                        ],
                        [
                            -73.864058796999984,
                            40.425586899000052,
                            0
                        ],
                        [
                            -73.864151494999987,
                            40.425612163000039,
                            0
                        ],
                        [
                            -73.864156367999954,
                            40.425613493000071,
                            0
                        ],
                        [
                            -73.864249043999962,
                            40.425638779000053,
                            0
                        ],
                        [
                            -73.864253927999982,
                            40.425640113000043,
                            0
                        ],
                        [
                            -73.864545034999935,
                            40.42571971700005,
                            0
                        ],
                        [
                            -73.864639117999957,
                            40.425745499000072,
                            0
                        ],
                        [
                            -73.864644044999977,
                            40.425746851000042,
                            0
                        ],
                        [
                            -73.864736604999962,
                            40.42577224300004,
                            0
                        ],
                        [
                            -73.864739045999954,
                            40.42577291300006,
                            0
                        ],
                        [
                            -73.864834081999959,
                            40.425799013000074,
                            0
                        ],
                        [
                            -73.865223862999983,
                            40.425906349000059,
                            0
                        ],
                        [
                            -73.865228853999952,
                            40.425907727000038,
                            0
                        ],
                        [
                            -73.865321277999954,
                            40.425933247000046,
                            0
                        ],
                        [
                            -73.865324604999955,
                            40.425934167000037,
                            0
                        ],
                        [
                            -73.865516070999945,
                            40.425987120000059,
                            0
                        ],
                        [
                            -73.865521093999973,
                            40.425988511000071,
                            0
                        ],
                        [
                            -73.865613448999966,
                            40.426014096000074,
                            0
                        ],
                        [
                            -73.865617633999989,
                            40.426015256000028,
                            0
                        ],
                        [
                            -73.865618482999935,
                            40.426015491000044,
                            0
                        ],
                        [
                            -73.865710814999943,
                            40.426041096000063,
                            0
                        ],
                        [
                            -73.865715859999966,
                            40.426042496000036,
                            0
                        ],
                        [
                            -73.865808168999934,
                            40.426068122000061,
                            0
                        ],
                        [
                            -73.866002838999975,
                            40.426122251000038,
                            0
                        ],
                        [
                            -73.866007915999944,
                            40.426123665000034,
                            0
                        ],
                        [
                            -73.866100155999959,
                            40.426149354000074,
                            0
                        ],
                        [
                            -73.866105242999936,
                            40.426150773000074,
                            0
                        ],
                        [
                            -73.866197459999967,
                            40.426176483000063,
                            0
                        ],
                        [
                            -73.866202557999941,
                            40.426177906000078,
                            0
                        ],
                        [
                            -73.866294751999988,
                            40.426203637000071,
                            0
                        ],
                        [
                            -73.866299121999987,
                            40.426204858000062,
                            0
                        ],
                        [
                            -73.866299860999959,
                            40.426205064000044,
                            0
                        ],
                        [
                            -73.866396226999939,
                            40.426231990000076,
                            0
                        ],
                        [
                            -73.866489298999966,
                            40.426258023000059,
                            0
                        ],
                        [
                            -73.866685252999957,
                            40.426312920000044,
                            0
                        ],
                        [
                            -73.866878244999953,
                            40.426367102000029,
                            0
                        ],
                        [
                            -73.86688341699994,
                            40.426368556000057,
                            0
                        ],
                        [
                            -73.866975449999984,
                            40.426394436000066,
                            0
                        ],
                        [
                            -73.866978897999957,
                            40.42639540600004,
                            0
                        ],
                        [
                            -73.867072642999972,
                            40.426421795000067,
                            0
                        ],
                        [
                            -73.867074366999987,
                            40.426422280000054,
                            0
                        ],
                        [
                            -73.867077836999954,
                            40.426423258000057,
                            0
                        ],
                        [
                            -73.867169823999973,
                            40.426449180000077,
                            0
                        ],
                        [
                            -73.867175027999963,
                            40.42645064800007,
                            0
                        ],
                        [
                            -73.867266991999941,
                            40.42647659000005,
                            0
                        ],
                        [
                            -73.867269592999946,
                            40.426477325000064,
                            0
                        ],
                        [
                            -73.867272205999939,
                            40.426478063000047,
                            0
                        ],
                        [
                            -73.867364146999989,
                            40.426504026000032,
                            0
                        ],
                        [
                            -73.867369372999974,
                            40.426505503000044,
                            0
                        ],
                        [
                            -73.867461289999937,
                            40.42653148800008,
                            0
                        ],
                        [
                            -73.867466525999987,
                            40.42653296900005,
                            0
                        ],
                        [
                            -73.867558419999966,
                            40.426558975000034,
                            0
                        ],
                        [
                            -73.867562906999979,
                            40.426560245000076,
                            0
                        ],
                        [
                            -73.867655537999951,
                            40.426586487000066,
                            0
                        ],
                        [
                            -73.867659277999962,
                            40.426587547000054,
                            0
                        ],
                        [
                            -73.867660795999939,
                            40.426587978000043,
                            0
                        ],
                        [
                            -73.86775264399995,
                            40.426614026000038,
                            0
                        ],
                        [
                            -73.86775563499998,
                            40.426614875000041,
                            0
                        ],
                        [
                            -73.867849736999972,
                            40.426641590000031,
                            0
                        ],
                        [
                            -73.868140940999979,
                            40.42672443500004,
                            0
                        ],
                        [
                            -73.868146251999974,
                            40.426725949000058,
                            0
                        ],
                        [
                            -73.868432031999987,
                            40.42680751000006,
                            0
                        ],
                        [
                            -73.868437373999939,
                            40.426809037000055,
                            0
                        ],
                        [
                            -73.868529036999973,
                            40.426835253000036,
                            0
                        ],
                        [
                            -73.868534389999979,
                            40.426836785000035,
                            0
                        ],
                        [
                            -73.868626028999984,
                            40.426863021000031,
                            0
                        ],
                        [
                            -73.868630311999937,
                            40.426864248000072,
                            0
                        ],
                        [
                            -73.868631391999941,
                            40.426864558000034,
                            0
                        ],
                        [
                            -73.86872300899995,
                            40.426890815000036,
                            0
                        ],
                        [
                            -73.868726218999939,
                            40.426891735000027,
                            0
                        ],
                        [
                            -73.868819976999987,
                            40.42691863400006,
                            0
                        ],
                        [
                            -73.868825360999949,
                            40.426920180000025,
                            0
                        ],
                        [
                            -73.868916930999944,
                            40.426946479000037,
                            0
                        ],
                        [
                            -73.869013872999972,
                            40.426974349000034,
                            0
                        ],
                        [
                            -73.869019278999986,
                            40.426975905000063,
                            0
                        ],
                        [
                            -73.869207717999984,
                            40.427030167000055,
                            0
                        ],
                        [
                            -73.869213144999947,
                            40.427031731000056,
                            0
                        ],
                        [
                            -73.869304621999959,
                            40.427058114000033,
                            0
                        ],
                        [
                            -73.869305973999985,
                            40.427058504000058,
                            0
                        ],
                        [
                            -73.869401513999946,
                            40.427086086000031,
                            0
                        ],
                        [
                            -73.869406960999981,
                            40.427087660000041,
                            0
                        ],
                        [
                            -73.869498391999969,
                            40.427114084000038,
                            0
                        ],
                        [
                            -73.869501114999935,
                            40.427114872000061,
                            0
                        ],
                        [
                            -73.869503849999944,
                            40.427115663000052,
                            0
                        ],
                        [
                            -73.869595256999958,
                            40.427142108000055,
                            0
                        ],
                        [
                            -73.869600725999987,
                            40.427143691000026,
                            0
                        ],
                        [
                            -73.86969210999996,
                            40.427170157000035,
                            0
                        ],
                        [
                            -73.86969679699996,
                            40.427171515000055,
                            0
                        ],
                        [
                            -73.869788949999986,
                            40.427198231000034,
                            0
                        ],
                        [
                            -73.869792854999957,
                            40.427199364000046,
                            0
                        ],
                        [
                            -73.869885776999979,
                            40.427226331000043,
                            0
                        ],
                        [
                            -73.869888901999957,
                            40.427227238000057,
                            0
                        ],
                        [
                            -73.869891277999955,
                            40.427227928000036,
                            0
                        ],
                        [
                            -73.869982591999985,
                            40.42725445700006,
                            0
                        ],
                        [
                            -73.869988103999958,
                            40.427256059000058,
                            0
                        ],
                        [
                            -73.870079393999958,
                            40.427282608000041,
                            0
                        ],
                        [
                            -73.87008491499995,
                            40.427284215000043,
                            0
                        ],
                        [
                            -73.870176182999955,
                            40.427310784000042,
                            0
                        ],
                        [
                            -73.870181714999944,
                            40.427312396000048,
                            0
                        ],
                        [
                            -73.870272958999976,
                            40.427338986000052,
                            0
                        ],
                        [
                            -73.870278501999962,
                            40.427340603000061,
                            0
                        ],
                        [
                            -73.870369721999964,
                            40.427367214000071,
                            0
                        ],
                        [
                            -73.870373416999939,
                            40.42736829200004,
                            0
                        ],
                        [
                            -73.870466472999965,
                            40.427395467000053,
                            0
                        ],
                        [
                            -73.870468319999986,
                            40.427396005000048,
                            0
                        ],
                        [
                            -73.870563209999943,
                            40.427423745000056,
                            0
                        ],
                        [
                            -73.870568783999943,
                            40.427425376000031,
                            0
                        ],
                        [
                            -73.870659935999981,
                            40.427452049000067,
                            0
                        ],
                        [
                            -73.870664114999954,
                            40.427453273000026,
                            0
                        ],
                        [
                            -73.870665519999989,
                            40.427453684000056,
                            0
                        ],
                        [
                            -73.870756646999951,
                            40.427480378000041,
                            0
                        ],
                        [
                            -73.870759432999989,
                            40.427481195000041,
                            0
                        ],
                        [
                            -73.870762241999955,
                            40.427482019000024,
                            0
                        ],
                        [
                            -73.870853346999979,
                            40.427508733000025,
                            0
                        ],
                        [
                            -73.870854738999981,
                            40.427509142000076,
                            0
                        ],
                        [
                            -73.870858951999935,
                            40.427510378000079,
                            0
                        ],
                        [
                            -73.870950031999939,
                            40.427537113000028,
                            0
                        ],
                        [
                            -73.870955647999949,
                            40.42753876300003,
                            0
                        ],
                        [
                            -73.871046705999959,
                            40.427565519000041,
                            0
                        ],
                        [
                            -73.871052331999977,
                            40.427567174000046,
                            0
                        ],
                        [
                            -73.871143365999956,
                            40.427593949000027,
                            0
                        ],
                        [
                            -73.871149002999971,
                            40.427595609000036,
                            0
                        ],
                        [
                            -73.871240013999966,
                            40.427622407000058,
                            0
                        ],
                        [
                            -73.871243770999968,
                            40.427623514000061,
                            0
                        ],
                        [
                            -73.871433268999965,
                            40.42767939600003,
                            0
                        ],
                        [
                            -73.871438937999983,
                            40.427681070000062,
                            0
                        ],
                        [
                            -73.871529877999933,
                            40.427707929000064,
                            0
                        ],
                        [
                            -73.871535556999959,
                            40.427709607000054,
                            0
                        ],
                        [
                            -73.871626472999935,
                            40.427736487000061,
                            0
                        ],
                        [
                            -73.871632162999958,
                            40.427738171000044,
                            0
                        ],
                        [
                            -73.871723055999951,
                            40.427765071000067,
                            0
                        ],
                        [
                            -73.871728755999982,
                            40.427766759000065,
                            0
                        ],
                        [
                            -73.871819625999933,
                            40.427793680000036,
                            0
                        ],
                        [
                            -73.871824611999955,
                            40.427795158000038,
                            0
                        ],
                        [
                            -73.87191618199995,
                            40.427822314000025,
                            0
                        ],
                        [
                            -73.871920455999941,
                            40.427823583000077,
                            0
                        ],
                        [
                            -73.87201272599998,
                            40.427850975000069,
                            0
                        ],
                        [
                            -73.872016286999951,
                            40.427852033000079,
                            0
                        ],
                        [
                            -73.872018456999967,
                            40.427852678000079,
                            0
                        ],
                        [
                            -73.872109255999987,
                            40.427879660000031,
                            0
                        ],
                        [
                            -73.872114997999972,
                            40.427881368000044,
                            0
                        ],
                        [
                            -73.872205773999951,
                            40.427908371000058,
                            0
                        ],
                        [
                            -73.872207909999986,
                            40.427909007000039,
                            0
                        ],
                        [
                            -73.87230227799995,
                            40.427937107000048,
                            0
                        ],
                        [
                            -73.87230804099994,
                            40.427938825000069,
                            0
                        ],
                        [
                            -73.872398769999961,
                            40.427965869000047,
                            0
                        ],
                        [
                            -73.872401649999972,
                            40.427966729000048,
                            0
                        ],
                        [
                            -73.87249524799995,
                            40.427994656000067,
                            0
                        ],
                        [
                            -73.872501030999956,
                            40.42799638300005,
                            0
                        ],
                        [
                            -73.872591712999963,
                            40.428023468000049,
                            0
                        ],
                        [
                            -73.872597505999977,
                            40.428025200000036,
                            0
                        ],
                        [
                            -73.872688164999943,
                            40.428052306000041,
                            0
                        ],
                        [
                            -73.872693968999954,
                            40.428054043000031,
                            0
                        ],
                        [
                            -73.872789246999957,
                            40.428082560000064,
                            0
                        ],
                        [
                            -73.872884510999938,
                            40.42811110100007,
                            0
                        ],
                        [
                            -73.873170227999935,
                            40.428196876000072,
                            0
                        ],
                        [
                            -73.873176083999965,
                            40.428198638000026,
                            0
                        ],
                        [
                            -73.873266600999955,
                            40.428225867000037,
                            0
                        ],
                        [
                            -73.873271284999987,
                            40.428227277000076,
                            0
                        ],
                        [
                            -73.873362961999987,
                            40.428254882000033,
                            0
                        ],
                        [
                            -73.873366473999965,
                            40.428255941000032,
                            0
                        ],
                        [
                            -73.873368838999966,
                            40.428256654000052,
                            0
                        ],
                        [
                            -73.873459307999951,
                            40.428283923000038,
                            0
                        ],
                        [
                            -73.873461649999967,
                            40.428284630000064,
                            0
                        ],
                        [
                            -73.873555641999985,
                            40.428312990000052,
                            0
                        ],
                        [
                            -73.873561539999969,
                            40.428314771000032,
                            0
                        ],
                        [
                            -73.87365196199994,
                            40.428342081000039,
                            0
                        ],
                        [
                            -73.873657870999978,
                            40.428343867000081,
                            0
                        ],
                        [
                            -73.873748269999965,
                            40.428371198000036,
                            0
                        ],
                        [
                            -73.873753438999984,
                            40.428372762000038,
                            0
                        ],
                        [
                            -73.873754187999964,
                            40.428372989000025,
                            0
                        ],
                        [
                            -73.873844562999977,
                            40.428400341000042,
                            0
                        ],
                        [
                            -73.873848993999957,
                            40.428401682000072,
                            0
                        ],
                        [
                            -73.873940843999947,
                            40.428429509000068,
                            0
                        ],
                        [
                            -73.873944535999954,
                            40.428430627000068,
                            0
                        ],
                        [
                            -73.874037111999939,
                            40.428458701000068,
                            0
                        ],
                        [
                            -73.874133365999967,
                            40.428487920000066,
                            0
                        ],
                        [
                            -73.874166430999935,
                            40.428497966000066,
                            0
                        ],
                        [
                            -73.874231082999984,
                            40.428517612000064,
                            0
                        ],
                        [
                            -73.874422048999975,
                            40.428575727000066,
                            0
                        ],
                        [
                            -73.874428038999952,
                            40.428577552000036,
                            0
                        ],
                        [
                            -73.874518248999948,
                            40.42860504600003,
                            0
                        ],
                        [
                            -73.87452363999995,
                            40.428606691000027,
                            0
                        ],
                        [
                            -73.874614435999945,
                            40.42863439100006,
                            0
                        ],
                        [
                            -73.874619227999972,
                            40.428635854000049,
                            0
                        ],
                        [
                            -73.874710610999955,
                            40.428663762000042,
                            0
                        ],
                        [
                            -73.874714801999971,
                            40.42866504300008,
                            0
                        ],
                        [
                            -73.874810363999984,
                            40.428694257000075,
                            0
                        ],
                        [
                            -73.874812803999987,
                            40.428695004000076,
                            0
                        ],
                        [
                            -73.874902918999965,
                            40.428722579000066,
                            0
                        ],
                        [
                            -73.874908961999949,
                            40.428724429000056,
                            0
                        ],
                        [
                            -73.874999053999943,
                            40.428752025000051,
                            0
                        ],
                        [
                            -73.875287374999971,
                            40.428840516000037,
                            0
                        ],
                        [
                            -73.875293458999977,
                            40.428842386000042,
                            0
                        ],
                        [
                            -73.875383455999952,
                            40.42887006400008,
                            0
                        ],
                        [
                            -73.875389549999966,
                            40.428871939000032,
                            0
                        ],
                        [
                            -73.875479522999967,
                            40.42889963600004,
                            0
                        ],
                        [
                            -73.875483584999984,
                            40.428900888000044,
                            0
                        ],
                        [
                            -73.87557557599996,
                            40.428929235000055,
                            0
                        ],
                        [
                            -73.875581690999979,
                            40.428931121000062,
                            0
                        ],
                        [
                            -73.875671616999966,
                            40.428958858000044,
                            0
                        ],
                        [
                            -73.875677741999937,
                            40.428960749000055,
                            0
                        ],
                        [
                            -73.875772235999989,
                            40.428989925000053,
                            0
                        ],
                        [
                            -73.875863655999979,
                            40.429018180000071,
                            0
                        ],
                        [
                            -73.875866716999951,
                            40.429019127000061,
                            0
                        ],
                        [
                            -73.875959655999964,
                            40.429047880000041,
                            0
                        ],
                        [
                            -73.875961185999984,
                            40.429048353000042,
                            0
                        ],
                        [
                            -73.876055641999983,
                            40.429077604000042,
                            0
                        ],
                        [
                            -73.876061808999964,
                            40.429079516000058,
                            0
                        ],
                        [
                            -73.876151614999969,
                            40.429107354000053,
                            0
                        ],
                        [
                            -73.876156238999954,
                            40.429108789000054,
                            0
                        ],
                        [
                            -73.876247573999933,
                            40.429137129000026,
                            0
                        ],
                        [
                            -73.876439451999943,
                            40.429196755000078,
                            0
                        ],
                        [
                            -73.876445658999955,
                            40.429198687000053,
                            0
                        ],
                        [
                            -73.876535369999942,
                            40.429226606000043,
                            0
                        ],
                        [
                            -73.876541587999952,
                            40.429228542000033,
                            0
                        ],
                        [
                            -73.876631274999966,
                            40.429256481000039,
                            0
                        ],
                        [
                            -73.876637503999973,
                            40.429258422000032,
                            0
                        ],
                        [
                            -73.877691186871516,
                            40.429589339645766,
                            0
                        ],
                        [
                            -73.878743842999938,
                            40.429923509000048,
                            0
                        ],
                        [
                            -73.878934997999977,
                            40.429984576000038,
                            0
                        ],
                        [
                            -73.879699057999972,
                            40.430229851000036,
                            0
                        ],
                        [
                            -73.87998534999997,
                            40.430322244000081,
                            0
                        ],
                        [
                            -73.880366875999982,
                            40.430445786000064,
                            0
                        ],
                        [
                            -73.880557554999939,
                            40.43050770800005,
                            0
                        ],
                        [
                            -73.880748177999976,
                            40.430569730000059,
                            0
                        ],
                        [
                            -73.881319706999989,
                            40.430756399000074,
                            0
                        ],
                        [
                            -73.881414911999968,
                            40.430787598000052,
                            0
                        ],
                        [
                            -73.881605278999984,
                            40.430850072000055,
                            0
                        ],
                        [
                            -73.881700441999953,
                            40.430881346000035,
                            0
                        ],
                        [
                            -73.881890724999948,
                            40.430943970000044,
                            0
                        ],
                        [
                            -73.881985843999985,
                            40.430975320000073,
                            0
                        ],
                        [
                            -73.88314866819195,
                            40.431360967511196,
                            0
                        ],
                        [
                            -73.884310149051061,
                            40.431750642142362,
                            0
                        ],
                        [
                            -73.885470272630542,
                            40.43214433921446,
                            0
                        ],
                        [
                            -73.886629024999934,
                            40.432542054000066,
                            0
                        ],
                        [
                            -73.886817795999946,
                            40.432607272000041,
                            0
                        ],
                        [
                            -73.887289463999934,
                            40.432770755000035,
                            0
                        ],
                        [
                            -73.887666529999933,
                            40.432901988000026,
                            0
                        ],
                        [
                            -73.887854972999946,
                            40.43296775400006,
                            0
                        ],
                        [
                            -73.888043356999958,
                            40.433033618000024,
                            0
                        ],
                        [
                            -73.889078391999988,
                            40.43339764500007,
                            0
                        ],
                        [
                            -73.889266383999939,
                            40.433464154000035,
                            0
                        ],
                        [
                            -73.889829996999936,
                            40.433664273000034,
                            0
                        ],
                        [
                            -73.890299256999981,
                            40.433831720000057,
                            0
                        ],
                        [
                            -73.890580629999988,
                            40.433932484000024,
                            0
                        ],
                        [
                            -73.890674389999958,
                            40.433966121000026,
                            0
                        ],
                        [
                            -73.890861864999977,
                            40.434033470000031,
                            0
                        ],
                        [
                            -73.891891877999967,
                            40.434405652000066,
                            0
                        ],
                        [
                            -73.892078952999952,
                            40.434473643000047,
                            0
                        ],
                        [
                            -73.892172466999966,
                            40.434507674000031,
                            0
                        ],
                        [
                            -73.892546368999945,
                            40.434644048000052,
                            0
                        ],
                        [
                            -73.892639804999988,
                            40.434678203000033,
                            0
                        ],
                        [
                            -73.892826631999981,
                            40.434746587000063,
                            0
                        ],
                        [
                            -73.893013396999947,
                            40.434815069000081,
                            0
                        ],
                        [
                            -73.893293426999946,
                            40.434917976000065,
                            0
                        ],
                        [
                            -73.893759829999965,
                            40.435089979000054,
                            0
                        ],
                        [
                            -73.894039484999951,
                            40.435193476000052,
                            0
                        ],
                        [
                            -73.894412136999961,
                            40.43533181500004,
                            0
                        ],
                        [
                            -73.894691460999979,
                            40.435435827000049,
                            0
                        ],
                        [
                            -73.894784537999953,
                            40.435470546000033,
                            0
                        ],
                        [
                            -73.895900219999987,
                            40.435889092000025,
                            0
                        ],
                        [
                            -73.896364411999969,
                            40.436064525000063,
                            0
                        ],
                        [
                            -73.89654997699995,
                            40.436134870000046,
                            0
                        ],
                        [
                            -73.896920914999953,
                            40.436275852000051,
                            0
                        ],
                        [
                            -73.897013608999941,
                            40.43631115800008,
                            0
                        ],
                        [
                            -73.897754583999983,
                            40.436594488000026,
                            0
                        ],
                        [
                            -73.89784713399996,
                            40.436630014000059,
                            0
                        ],
                        [
                            -73.898032183999987,
                            40.436701139000036,
                            0
                        ],
                        [
                            -73.898124684999971,
                            40.436736738000036,
                            0
                        ],
                        [
                            -73.898494526999968,
                            40.436879377000025,
                            0
                        ],
                        [
                            -73.898679349999952,
                            40.436950843000034,
                            0
                        ],
                        [
                            -73.898864107999941,
                            40.43702240600004,
                            0
                        ],
                        [
                            -73.899048801999982,
                            40.437094066000043,
                            0
                        ],
                        [
                            -73.89941799199994,
                            40.437237678000031,
                            0
                        ],
                        [
                            -73.899879111999951,
                            40.437417740000058,
                            0
                        ],
                        [
                            -73.900155586999972,
                            40.437526068000068,
                            0
                        ],
                        [
                            -73.900892130999978,
                            40.437816010000063,
                            0
                        ],
                        [
                            -73.901076101999934,
                            40.437888737000037,
                            0
                        ],
                        [
                            -73.90208675599996,
                            40.438290470000027,
                            0
                        ],
                        [
                            -73.902362038999968,
                            40.438400541000078,
                            0
                        ],
                        [
                            -73.90309519810009,
                            40.438695047466233,
                            0
                        ],
                        [
                            -73.903827671999977,
                            40.43899125400003,
                            0
                        ],
                        [
                            -73.904010571999947,
                            40.439065527000025,
                            0
                        ],
                        [
                            -73.904101997999987,
                            40.439102699000046,
                            0
                        ],
                        [
                            -73.904284797999935,
                            40.439177117000042,
                            0
                        ],
                        [
                            -73.904376171999957,
                            40.43921436100004,
                            0
                        ],
                        [
                            -73.904741499999943,
                            40.439363581000066,
                            0
                        ],
                        [
                            -73.904924062999953,
                            40.439438334000045,
                            0
                        ],
                        [
                            -73.905288982999934,
                            40.439588130000061,
                            0
                        ],
                        [
                            -73.90556249499997,
                            40.439700729000037,
                            0
                        ],
                        [
                            -73.90574474999994,
                            40.439775915000041,
                            0
                        ],
                        [
                            -73.905926936999947,
                            40.439851197000053,
                            0
                        ],
                        [
                            -73.906109055999934,
                            40.439926575000072,
                            0
                        ],
                        [
                            -73.906654998999954,
                            40.440153283000029,
                            0
                        ],
                        [
                            -73.906836842999951,
                            40.440229045000081,
                            0
                        ],
                        [
                            -73.907880691258541,
                            40.440666353434139,
                            0
                        ],
                        [
                            -73.908923064999954,
                            40.441107165000062,
                            0
                        ],
                        [
                            -73.909104040999978,
                            40.44118411900007,
                            0
                        ],
                        [
                            -73.909284945999957,
                            40.441261169000029,
                            0
                        ],
                        [
                            -73.909465781999984,
                            40.441338314000063,
                            0
                        ],
                        [
                            -73.909646546999966,
                            40.441415554000059,
                            0
                        ],
                        [
                            -73.909827240999959,
                            40.441492890000063,
                            0
                        ],
                        [
                            -73.910098150999943,
                            40.441609071000073,
                            0
                        ],
                        [
                            -73.91018841999994,
                            40.441647845000034,
                            0
                        ],
                        [
                            -73.910368902999949,
                            40.441725466000037,
                            0
                        ],
                        [
                            -73.910459117999949,
                            40.441764312000032,
                            0
                        ],
                        [
                            -73.910909927999967,
                            40.441958897000063,
                            0
                        ],
                        [
                            -73.911180201999969,
                            40.442075933000069,
                            0
                        ],
                        [
                            -73.911900148999962,
                            40.442389071000036,
                            0
                        ],
                        [
                            -73.911990062999962,
                            40.442428320000033,
                            0
                        ],
                        [
                            -73.912349536999955,
                            40.442585552000025,
                            0
                        ],
                        [
                            -73.912708724999959,
                            40.442743162000056,
                            0
                        ],
                        [
                            -73.912888210999938,
                            40.442822109000076,
                            0
                        ],
                        [
                            -73.912977926999986,
                            40.442861618000052,
                            0
                        ],
                        [
                            -73.91315730599996,
                            40.442940707000048,
                            0
                        ],
                        [
                            -73.913246967999953,
                            40.442980286000079,
                            0
                        ],
                        [
                            -73.913426238999989,
                            40.443059516000062,
                            0
                        ],
                        [
                            -73.913605437999934,
                            40.443138841000064,
                            0
                        ],
                        [
                            -73.913874098999941,
                            40.443258004000029,
                            0
                        ],
                        [
                            -73.914142599999934,
                            40.443377379000026,
                            0
                        ],
                        [
                            -73.914232062999986,
                            40.443417218000036,
                            0
                        ],
                        [
                            -73.914410934999978,
                            40.443496966000055,
                            0
                        ],
                        [
                            -73.914589735999982,
                            40.443576809000035,
                            0
                        ],
                        [
                            -73.914768463999962,
                            40.443656745000055,
                            0
                        ],
                        [
                            -73.915214963999972,
                            40.443856999000047,
                            0
                        ],
                        [
                            -73.915393436999977,
                            40.443937264000056,
                            0
                        ],
                        [
                            -73.91557183599997,
                            40.444017623000036,
                            0
                        ],
                        [
                            -73.915750162999984,
                            40.444098077000035,
                            0
                        ],
                        [
                            -73.91583929899997,
                            40.444138339000062,
                            0
                        ],
                        [
                            -73.916106595999963,
                            40.444259265000028,
                            0
                        ],
                        [
                            -73.916284701999984,
                            40.444340000000068,
                            0
                        ],
                        [
                            -73.917573094669592,
                            40.444927813691045,
                            0
                        ],
                        [
                            -73.918858945999943,
                            40.445521166000049,
                            0
                        ],
                        [
                            -73.919212786999935,
                            40.445685625000067,
                            0
                        ],
                        [
                            -73.919389594999984,
                            40.44576799400005,
                            0
                        ],
                        [
                            -73.920228115666816,
                            40.44616037928224,
                            0
                        ],
                        [
                            -73.921065522999982,
                            40.44655513500004,
                            0
                        ],
                        [
                            -73.921241539999983,
                            40.446638479000057,
                            0
                        ],
                        [
                            -73.921417479999945,
                            40.446721916000058,
                            0
                        ],
                        [
                            -73.921505421999939,
                            40.446763669000063,
                            0
                        ],
                        [
                            -73.921593344999962,
                            40.446805444000063,
                            0
                        ],
                        [
                            -73.921857000999978,
                            40.446930911000038,
                            0
                        ],
                        [
                            -73.922032674999969,
                            40.44701467200008,
                            0
                        ],
                        [
                            -73.922120483999947,
                            40.447056587000077,
                            0
                        ],
                        [
                            -73.92229604399995,
                            40.44714048600008,
                            0
                        ],
                        [
                            -73.922822266999958,
                            40.44739273700003,
                            0
                        ],
                        [
                            -73.922909903999937,
                            40.447434860000044,
                            0
                        ],
                        [
                            -73.922997521999946,
                            40.447477005000053,
                            0
                        ],
                        [
                            -73.923085120999986,
                            40.447519174000035,
                            0
                        ],
                        [
                            -73.923172699999952,
                            40.44756136500007,
                            0
                        ],
                        [
                            -73.923872641999935,
                            40.447899728000039,
                            0
                        ],
                        [
                            -73.924134802999959,
                            40.448026994000031,
                            0
                        ],
                        [
                            -73.924309479999977,
                            40.448111952000033,
                            0
                        ],
                        [
                            -73.924484079999957,
                            40.448197003000075,
                            0
                        ],
                        [
                            -73.924658602999955,
                            40.448282145000064,
                            0
                        ],
                        [
                            -73.924833046999936,
                            40.448367380000036,
                            0
                        ],
                        [
                            -73.924920239999949,
                            40.448410031000037,
                            0
                        ],
                        [
                            -73.925007414999982,
                            40.448452706000069,
                            0
                        ],
                        [
                            -73.925094568999953,
                            40.448495403000038,
                            0
                        ],
                        [
                            -73.925355916999933,
                            40.448623633000068,
                            0
                        ],
                        [
                            -73.925442992999933,
                            40.448666422000031,
                            0
                        ],
                        [
                            -73.926312357794004,
                            40.449095407678136,
                            0
                        ],
                        [
                            -73.927180427999986,
                            40.449527007000029,
                            0
                        ],
                        [
                            -73.927353739999944,
                            40.449613567000029,
                            0
                        ],
                        [
                            -73.927526972999942,
                            40.449700220000068,
                            0
                        ],
                        [
                            -73.927786674999936,
                            40.44983036900004,
                            0
                        ],
                        [
                            -73.928305544999944,
                            40.450091281000027,
                            0
                        ],
                        [
                            -73.92873739199996,
                            40.450309333000064,
                            0
                        ],
                        [
                            -73.929082511999979,
                            40.450484184000061,
                            0
                        ],
                        [
                            -73.929168742999934,
                            40.450527952000073,
                            0
                        ],
                        [
                            -73.930459801999973,
                            40.451187211000047,
                            0
                        ],
                        [
                            -73.930545712999958,
                            40.451231343000075,
                            0
                        ],
                        [
                            -73.930974963999972,
                            40.45145234000006,
                            0
                        ],
                        [
                            -73.931146522999938,
                            40.451540897000029,
                            0
                        ],
                        [
                            -73.931232272999978,
                            40.451585209000029,
                            0
                        ],
                        [
                            -73.931917541999951,
                            40.451940518000072,
                            0
                        ],
                        [
                            -73.932003109999982,
                            40.451985033000028,
                            0
                        ],
                        [
                            -73.932174184999951,
                            40.452074132000064,
                            0
                        ],
                        [
                            -73.933388688649586,
                            40.452710451865876,
                            0
                        ],
                        [
                            -73.934600408853285,
                            40.45335205628804,
                            0
                        ],
                        [
                            -73.935809322617004,
                            40.453998933091228,
                            0
                        ],
                        [
                            -73.937015406999933,
                            40.454651070000068,
                            0
                        ],
                        [
                            -73.937099741999987,
                            40.454696925000064,
                            0
                        ],
                        [
                            -73.937941936999948,
                            40.455156702000068,
                            0
                        ],
                        [
                            -73.938026041999933,
                            40.455202801000041,
                            0
                        ],
                        [
                            -73.939201295999965,
                            40.45585051200004,
                            0
                        ],
                        [
                            -73.939285083999948,
                            40.455896943000027,
                            0
                        ],
                        [
                            -73.939368851999973,
                            40.455943395000077,
                            0
                        ],
                        [
                            -73.939452598999935,
                            40.455989870000053,
                            0
                        ],
                        [
                            -73.939703710999936,
                            40.456129426000075,
                            0
                        ],
                        [
                            -73.939954632999957,
                            40.45626917900006,
                            0
                        ],
                        [
                            -73.940789317426308,
                            40.45673626290138,
                            0
                        ],
                        [
                            -73.941622554999981,
                            40.45720592300006,
                            0
                        ],
                        [
                            -73.941788876999965,
                            40.457300079000049,
                            0
                        ],
                        [
                            -73.941955113999938,
                            40.457394322000027,
                            0
                        ],
                        [
                            -73.942121264999969,
                            40.457488654000031,
                            0
                        ],
                        [
                            -73.942204307999987,
                            40.457535852000035,
                            0
                        ],
                        [
                            -73.94253626699998,
                            40.457724864000056,
                            0
                        ],
                        [
                            -73.942950730999939,
                            40.457961619000059,
                            0
                        ],
                        [
                            -73.943447375999938,
                            40.458246444000054,
                            0
                        ],
                        [
                            -73.943695405999961,
                            40.458389151000063,
                            0
                        ],
                        [
                            -73.943860651999955,
                            40.458484397000063,
                            0
                        ],
                        [
                            -73.943943241999989,
                            40.458532052000066,
                            0
                        ],
                        [
                            -73.944355867999946,
                            40.45877065600007,
                            0
                        ],
                        [
                            -73.944520766999972,
                            40.458866250000028,
                            0
                        ],
                        [
                            -73.944685577999962,
                            40.458961930000044,
                            0
                        ],
                        [
                            -73.944850301999963,
                            40.459057697000048,
                            0
                        ],
                        [
                            -73.945014938999975,
                            40.459153550000053,
                            0
                        ],
                        [
                            -73.945426149999946,
                            40.459393562000059,
                            0
                        ],
                        [
                            -73.945672612999942,
                            40.459537828000066,
                            0
                        ],
                        [
                            -73.945836813999961,
                            40.459634114000039,
                            0
                        ],
                        [
                            -73.946164949999968,
                            40.459826945000032,
                            0
                        ],
                        [
                            -73.947065097372899,
                            40.460358758495772,
                            0
                        ],
                        [
                            -73.947963408999954,
                            40.46089366700005,
                            0
                        ],
                        [
                            -74.00961024999998,
                            40.381589934000033,
                            0
                        ],
                        [
                            -74.011029096473493,
                            40.382364507434339,
                            0
                        ],
                        [
                            -74.012444594400705,
                            40.383145183384123,
                            0
                        ],
                        [
                            -74.013856717534622,
                            40.383931947373625,
                            0
                        ],
                        [
                            -74.015265439690822,
                            40.384724784814189,
                            0
                        ],
                        [
                            -74.016670734747919,
                            40.385523681004564,
                            0
                        ],
                        [
                            -74.018072576648123,
                            40.386328621131135,
                            0
                        ],
                        [
                            -74.019470939397635,
                            40.387139590268227,
                            0
                        ],
                        [
                            -74.020865797067174,
                            40.387956573378361,
                            0
                        ],
                        [
                            -74.022257123792457,
                            40.38877955531256,
                            0
                        ],
                        [
                            -74.023644893774687,
                            40.38960852081059,
                            0
                        ],
                        [
                            -74.025029081281019,
                            40.390443454501295,
                            0
                        ],
                        [
                            -74.026409660644987,
                            40.391284340902821,
                            0
                        ],
                        [
                            -74.0277866062671,
                            40.39213116442297,
                            0
                        ],
                        [
                            -74.029159892615198,
                            40.392983909359423,
                            0
                        ],
                        [
                            -74.030529494224993,
                            40.393842559900072,
                            0
                        ],
                        [
                            -74.031895385700523,
                            40.39470710012332,
                            0
                        ],
                        [
                            -74.033257541714605,
                            40.395577513998347,
                            0
                        ],
                        [
                            -74.03461593700932,
                            40.396453785385411,
                            0
                        ],
                        [
                            -74.035970546396527,
                            40.397335898036175,
                            0
                        ],
                        [
                            -74.037321344758226,
                            40.398223835593974,
                            0
                        ],
                        [
                            -74.038668307047104,
                            40.399117581594147,
                            0
                        ],
                        [
                            -74.040011408287015,
                            40.40001711946433,
                            0
                        ],
                        [
                            -74.041350623573351,
                            40.400922432524737,
                            0
                        ],
                        [
                            -74.04268592807361,
                            40.401833503988534,
                            0
                        ],
                        [
                            -74.04401729702775,
                            40.402750316962084,
                            0
                        ],
                        [
                            -74.045344705748747,
                            40.40367285444529,
                            0
                        ],
                        [
                            -74.046668129623015,
                            40.40460109933192,
                            0
                        ],
                        [
                            -74.047987544110811,
                            40.405535034409901,
                            0
                        ],
                        [
                            -74.049302924746797,
                            40.406474642361658,
                            0
                        ],
                        [
                            -74.050614247140388,
                            40.407419905764421,
                            0
                        ],
                        [
                            -74.051921486976255,
                            40.408370807090542,
                            0
                        ],
                        [
                            -74.053224620014802,
                            40.40932732870786,
                            0
                        ],
                        [
                            -74.054523622092532,
                            40.410289452879965,
                            0
                        ],
                        [
                            -74.055818469122599,
                            40.411257161766592,
                            0
                        ],
                        [
                            -74.057109137095168,
                            40.412230437423901,
                            0
                        ],
                        [
                            -74.058395602077908,
                            40.41320926180483,
                            0
                        ],
                        [
                            -74.059677840216423,
                            40.414193616759441,
                            0
                        ],
                        [
                            -74.060955827734674,
                            40.415183484035239,
                            0
                        ],
                        [
                            -74.062229540935476,
                            40.416178845277514,
                            0
                        ],
                        [
                            -74.063498956200874,
                            40.41717968202969,
                            0
                        ],
                        [
                            -74.064764049992618,
                            40.41818597573365,
                            0
                        ],
                        [
                            -74.066024798852567,
                            40.419197707730092,
                            0
                        ],
                        [
                            -74.067281179403196,
                            40.420214859258898,
                            0
                        ],
                        [
                            -74.068533168347926,
                            40.421237411459423,
                            0
                        ],
                        [
                            -74.069780742471636,
                            40.422265345370896,
                            0
                        ],
                        [
                            -74.071023878641071,
                            40.423298641932767,
                            0
                        ],
                        [
                            -74.072262553805245,
                            40.424337281985025,
                            0
                        ],
                        [
                            -74.073496744995936,
                            40.425381246268586,
                            0
                        ],
                        [
                            -74.07472642932801,
                            40.42643051542565,
                            0
                        ],
                        [
                            -74.075951583999938,
                            40.427485070000046,
                            0
                        ],
                        [
                            -74.075466496299271,
                            40.426744086454569,
                            0
                        ],
                        [
                            -74.074987409665951,
                            40.425999208820471,
                            0
                        ],
                        [
                            -74.074514355358417,
                            40.425250485697994,
                            0
                        ],
                        [
                            -74.074047364241551,
                            40.424497965938265,
                            0
                        ],
                        [
                            -74.073586466784619,
                            40.42374169864015,
                            0
                        ],
                        [
                            -74.073131693059295,
                            40.422981733147004,
                            0
                        ],
                        [
                            -74.072683072737732,
                            40.422218119043492,
                            0
                        ],
                        [
                            -74.07224063509058,
                            40.421450906152316,
                            0
                        ],
                        [
                            -74.071804408985088,
                            40.420680144531005,
                            0
                        ],
                        [
                            -74.071374422883224,
                            40.419905884468612,
                            0
                        ],
                        [
                            -74.070950704839845,
                            40.419128176482459,
                            0
                        ],
                        [
                            -74.070533282500833,
                            40.418347071314834,
                            0
                        ],
                        [
                            -74.070122183101276,
                            40.417562619929662,
                            0
                        ],
                        [
                            -74.069717433463765,
                            40.416774873509205,
                            0
                        ],
                        [
                            -74.069319059996559,
                            40.415983883450714,
                            0
                        ],
                        [
                            -74.068927088691893,
                            40.415189701363076,
                            0
                        ],
                        [
                            -74.068541545124305,
                            40.414392379063436,
                            0
                        ],
                        [
                            -74.068162454448952,
                            40.413591968573833,
                            0
                        ],
                        [
                            -74.067789841399957,
                            40.412788522117793,
                            0
                        ],
                        [
                            -74.067423730288795,
                            40.411982092116929,
                            0
                        ],
                        [
                            -74.067064145002732,
                            40.41117273118752,
                            0
                        ],
                        [
                            -74.066711109003251,
                            40.410360492137066,
                            0
                        ],
                        [
                            -74.066364645324512,
                            40.409545427960872,
                            0
                        ],
                        [
                            -74.066024776571851,
                            40.408727591838549,
                            0
                        ],
                        [
                            -74.065691524920339,
                            40.407907037130578,
                            0
                        ],
                        [
                            -74.065364912113267,
                            40.407083817374819,
                            0
                        ],
                        [
                            -74.06504495946082,
                            40.406257986283016,
                            0
                        ],
                        [
                            -74.064731687838574,
                            40.405429597737275,
                            0
                        ],
                        [
                            -74.064425117686255,
                            40.40459870578659,
                            0
                        ],
                        [
                            -74.064125269006311,
                            40.403765364643277,
                            0
                        ],
                        [
                            -74.063832161362654,
                            40.402929628679452,
                            0
                        ],
                        [
                            -74.063545813879344,
                            40.402091552423485,
                            0
                        ],
                        [
                            -74.063266245239404,
                            40.401251190556444,
                            0
                        ],
                        [
                            -74.062993473683548,
                            40.40040859790853,
                            0
                        ],
                        [
                            -74.062727517009009,
                            40.399563829455474,
                            0
                        ],
                        [
                            -74.062468392568391,
                            40.398716940314984,
                            0
                        ],
                        [
                            -74.062216117268491,
                            40.397867985743133,
                            0
                        ],
                        [
                            -74.061970707569259,
                            40.39701702113075,
                            0
                        ],
                        [
                            -74.061732179482661,
                            40.396164101999815,
                            0
                        ],
                        [
                            -74.061500548571715,
                            40.395309283999829,
                            0
                        ],
                        [
                            -74.061275829949366,
                            40.39445262290419,
                            0
                        ],
                        [
                            -74.061058038277594,
                            40.393594174606555,
                            0
                        ],
                        [
                            -74.060847187766441,
                            40.392733995117176,
                            0
                        ],
                        [
                            -74.060643292173026,
                            40.391872140559265,
                            0
                        ],
                        [
                            -74.060446364800711,
                            40.391008667165323,
                            0
                        ],
                        [
                            -74.060256418498199,
                            40.390143631273482,
                            0
                        ],
                        [
                            -74.060073465658732,
                            40.389277089323812,
                            0
                        ],
                        [
                            -74.059897518219231,
                            40.388409097854648,
                            0
                        ],
                        [
                            -74.059728587659535,
                            40.38753971349891,
                            0
                        ],
                        [
                            -74.059566685001684,
                            40.386668992980375,
                            0
                        ],
                        [
                            -74.059411820809188,
                            40.385796993110027,
                            0
                        ],
                        [
                            -74.059264005186279,
                            40.384923770782308,
                            0
                        ],
                        [
                            -74.059123247777336,
                            40.384049382971419,
                            0
                        ],
                        [
                            -74.058989557766211,
                            40.383173886727604,
                            0
                        ],
                        [
                            -74.058862943875624,
                            40.382297339173434,
                            0
                        ],
                        [
                            -74.058743414366617,
                            40.381419797500072,
                            0
                        ],
                        [
                            -74.058630977038007,
                            40.380541318963544,
                            0
                        ],
                        [
                            -74.058525639225877,
                            40.379661960880995,
                            0
                        ],
                        [
                            -74.05842740780308,
                            40.378781780626966,
                            0
                        ],
                        [
                            -74.05833628917884,
                            40.377900835629632,
                            0
                        ],
                        [
                            -74.058252289298238,
                            40.377019183367082,
                            0
                        ],
                        [
                            -74.058175413641962,
                            40.376136881363522,
                            0
                        ],
                        [
                            -74.058105667225817,
                            40.37525398718558,
                            0
                        ],
                        [
                            -74.058043054600475,
                            40.374370558438507,
                            0
                        ],
                        [
                            -74.057987579851158,
                            40.373486652762438,
                            0
                        ],
                        [
                            -74.057939246597357,
                            40.372602327828609,
                            0
                        ],
                        [
                            -74.057898057992645,
                            40.371717641335636,
                            0
                        ],
                        [
                            -74.05786401672438,
                            40.370832651005713,
                            0
                        ],
                        [
                            -74.057837125013634,
                            40.369947414580849,
                            0
                        ],
                        [
                            -74.057817384614978,
                            40.36906198981913,
                            0
                        ],
                        [
                            -74.057804796816399,
                            40.368176434490913,
                            0
                        ],
                        [
                            -74.057799362439184,
                            40.367290806375081,
                            0
                        ],
                        [
                            -74.057801081837923,
                            40.366405163255266,
                            0
                        ],
                        [
                            -74.057809954900421,
                            40.365519562916077,
                            0
                        ],
                        [
                            -74.057825981047756,
                            40.364634063139334,
                            0
                        ],
                        [
                            -74.057849159234266,
                            40.363748721700297,
                            0
                        ],
                        [
                            -74.057879487947687,
                            40.362863596363887,
                            0
                        ],
                        [
                            -74.057916965209202,
                            40.361978744880943,
                            0
                        ],
                        [
                            -74.057961588573548,
                            40.361094224984406,
                            0
                        ],
                        [
                            -74.058013355129248,
                            40.360210094385614,
                            0
                        ],
                        [
                            -74.058072261498737,
                            40.359326410770493,
                            0
                        ],
                        [
                            -74.058138303838618,
                            40.358443231795796,
                            0
                        ],
                        [
                            -74.058211477839905,
                            40.357560615085355,
                            0
                        ],
                        [
                            -74.058291778728275,
                            40.356678618226326,
                            0
                        ],
                        [
                            -74.05837920126443,
                            40.355797298765417,
                            0
                        ],
                        [
                            -74.0584737397444,
                            40.354916714205132,
                            0
                        ],
                        [
                            -74.058575387999952,
                            40.354036922000034,
                            0
                        ],
                        [
                            -73.994335277999937,
                            40.32096277800008,
                            0
                        ],
                        [
                            -73.97505027699998,
                            40.272203889000025,
                            0
                        ],
                        [
                            -73.766564166999956,
                            40.369418333000056,
                            0
                        ],
                        [
                            -73.767201449999959,
                            40.412302071000056,
                            0
                        ]
                    ]
                ]
            },
            "properties": {
                "OBJECTID": 34,
                "Position": "N2A",
                "Sector": "Final Vector",
                "Low": 0,
                "High": 4000,
                "Notes": null,
                "Fill": "#343434",
                "Stroke": "#343434"
            }
        },
        {
            "type": "Feature",
            "id": 35,
            "geometry": {
                "type": "Polygon",
                "coordinates": [
                    [
                        [
                            -73.321105042999989,
                            40.679340849000027,
                            0
                        ],
                        [
                            -73.313212373999988,
                            40.757369829000027,
                            0
                        ],
                        [
                            -73.313575013116349,
                            40.758190208778174,
                            0
                        ],
                        [
                            -73.313931087273914,
                            40.759013459228164,
                            0
                        ],
                        [
                            -73.314280573750594,
                            40.759839527815949,
                            0
                        ],
                        [
                            -73.314623450244582,
                            40.760668361827662,
                            0
                        ],
                        [
                            -73.314959694875924,
                            40.761499908372961,
                            0
                        ],
                        [
                            -73.315289286187877,
                            40.762334114388395,
                            0
                        ],
                        [
                            -73.315612203148234,
                            40.763170926640825,
                            0
                        ],
                        [
                            -73.315928425150702,
                            40.764010291730791,
                            0
                        ],
                        [
                            -73.316237932016236,
                            40.764852156095934,
                            0
                        ],
                        [
                            -73.316540703994292,
                            40.76569646601439,
                            0
                        ],
                        [
                            -73.316836721764091,
                            40.766543167608262,
                            0
                        ],
                        [
                            -73.317125966435853,
                            40.767392206847028,
                            0
                        ],
                        [
                            -73.317408419552038,
                            40.768243529550979,
                            0
                        ],
                        [
                            -73.317684063088478,
                            40.769097081394698,
                            0
                        ],
                        [
                            -73.317952879455547,
                            40.769952807910535,
                            0
                        ],
                        [
                            -73.318214851499263,
                            40.770810654492045,
                            0
                        ],
                        [
                            -73.318469962502434,
                            40.771670566397511,
                            0
                        ],
                        [
                            -73.318718196185671,
                            40.77253248875342,
                            0
                        ],
                        [
                            -73.318959536708434,
                            40.773396366557954,
                            0
                        ],
                        [
                            -73.319193968670092,
                            40.774262144684528,
                            0
                        ],
                        [
                            -73.319421477110851,
                            40.775129767885289,
                            0
                        ],
                        [
                            -73.319642047512716,
                            40.775999180794628,
                            0
                        ],
                        [
                            -73.319855665800432,
                            40.776870327932748,
                            0
                        ],
                        [
                            -73.320062318342394,
                            40.777743153709174,
                            0
                        ],
                        [
                            -73.320261991951512,
                            40.77861760242633,
                            0
                        ],
                        [
                            -73.32045467388599,
                            40.779493618283048,
                            0
                        ],
                        [
                            -73.320640351850244,
                            40.780371145378183,
                            0
                        ],
                        [
                            -73.320819013995603,
                            40.781250127714138,
                            0
                        ],
                        [
                            -73.320990648921125,
                            40.782130509200449,
                            0
                        ],
                        [
                            -73.321155245674277,
                            40.783012233657381,
                            0
                        ],
                        [
                            -73.321312793751645,
                            40.783895244819497,
                            0
                        ],
                        [
                            -73.321463283099618,
                            40.784779486339247,
                            0
                        ],
                        [
                            -73.321606704115041,
                            40.785664901790568,
                            0
                        ],
                        [
                            -73.321743047645782,
                            40.786551434672489,
                            0
                        ],
                        [
                            -73.321872304991373,
                            40.787439028412734,
                            0
                        ],
                        [
                            -73.321994467903508,
                            40.78832762637132,
                            0
                        ],
                        [
                            -73.322109528586608,
                            40.789217171844186,
                            0
                        ],
                        [
                            -73.322217479698324,
                            40.790107608066826,
                            0
                        ],
                        [
                            -73.322318314349971,
                            40.790998878217863,
                            0
                        ],
                        [
                            -73.322412026107003,
                            40.79189092542272,
                            0
                        ],
                        [
                            -73.322498608989378,
                            40.79278369275724,
                            0
                        ],
                        [
                            -73.322578057471986,
                            40.7936771232513,
                            0
                        ],
                        [
                            -73.322650366485007,
                            40.794571159892463,
                            0
                        ],
                        [
                            -73.322715531414175,
                            40.795465745629606,
                            0
                        ],
                        [
                            -73.322773548101111,
                            40.796360823376588,
                            0
                        ],
                        [
                            -73.32282441284363,
                            40.797256336015849,
                            0
                        ],
                        [
                            -73.322868122395874,
                            40.798152226402081,
                            0
                        ],
                        [
                            -73.322904673968623,
                            40.799048437365883,
                            0
                        ],
                        [
                            -73.322934065229418,
                            40.799944911717375,
                            0
                        ],
                        [
                            -73.322956294302699,
                            40.800841592249895,
                            0
                        ],
                        [
                            -73.322971359769966,
                            40.801738421743615,
                            0
                        ],
                        [
                            -73.322979260669868,
                            40.802635342969189,
                            0
                        ],
                        [
                            -73.322979996498191,
                            40.80353229869143,
                            0
                        ],
                        [
                            -73.32297356720801,
                            40.804429231672941,
                            0
                        ],
                        [
                            -73.322959973209592,
                            40.805326084677795,
                            0
                        ],
                        [
                            -73.322939215370397,
                            40.80622280047514,
                            0
                        ],
                        [
                            -73.322911295015047,
                            40.807119321842912,
                            0
                        ],
                        [
                            -73.322876213925227,
                            40.808015591571419,
                            0
                        ],
                        [
                            -73.322833974339559,
                            40.808911552467052,
                            0
                        ],
                        [
                            -73.322784578953488,
                            40.809807147355905,
                            0
                        ],
                        [
                            -73.322728030919066,
                            40.810702319087419,
                            0
                        ],
                        [
                            -73.322664333844799,
                            40.811597010538051,
                            0
                        ],
                        [
                            -73.322593491795388,
                            40.812491164614897,
                            0
                        ],
                        [
                            -73.322515509291463,
                            40.813384724259343,
                            0
                        ],
                        [
                            -73.322430391309311,
                            40.814277632450718,
                            0
                        ],
                        [
                            -73.322338143280589,
                            40.815169832209904,
                            0
                        ],
                        [
                            -73.322238771091889,
                            40.816061266603015,
                            0
                        ],
                        [
                            -73.32213228108445,
                            40.81695187874498,
                            0
                        ],
                        [
                            -73.322018680053731,
                            40.817841611803217,
                            0
                        ],
                        [
                            -73.32189797524893,
                            40.818730409001233,
                            0
                        ],
                        [
                            -73.321770174372574,
                            40.819618213622256,
                            0
                        ],
                        [
                            -73.32163528558003,
                            40.820504969012852,
                            0
                        ],
                        [
                            -73.321493317478939,
                            40.821390618586541,
                            0
                        ],
                        [
                            -73.321344279128724,
                            40.822275105827408,
                            0
                        ],
                        [
                            -73.321188180039925,
                            40.823158374293726,
                            0
                        ],
                        [
                            -73.321025030173715,
                            40.824040367621507,
                            0
                        ],
                        [
                            -73.320854839941163,
                            40.82492102952817,
                            0
                        ],
                        [
                            -73.320677620202602,
                            40.825800303816074,
                            0
                        ],
                        [
                            -73.32049338226696,
                            40.826678134376131,
                            0
                        ],
                        [
                            -73.320302137890977,
                            40.827554465191383,
                            0
                        ],
                        [
                            -73.32010389927855,
                            40.828429240340576,
                            0
                        ],
                        [
                            -73.319898679079856,
                            40.82930240400173,
                            0
                        ],
                        [
                            -73.319686490390609,
                            40.830173900455684,
                            0
                        ],
                        [
                            -73.319467346751182,
                            40.831043674089685,
                            0
                        ],
                        [
                            -73.319241262145795,
                            40.83191166940091,
                            0
                        ],
                        [
                            -73.319008251001563,
                            40.832777831000016,
                            0
                        ],
                        [
                            -73.318768328187616,
                            40.833642103614672,
                            0
                        ],
                        [
                            -73.318521509014133,
                            40.834504432093105,
                            0
                        ],
                        [
                            -73.318267809231386,
                            40.835364761407568,
                            0
                        ],
                        [
                            -73.318007245028696,
                            40.836223036657927,
                            0
                        ],
                        [
                            -73.317739833033428,
                            40.837079203075099,
                            0
                        ],
                        [
                            -73.317465590309951,
                            40.83793320602458,
                            0
                        ],
                        [
                            -73.317184534358475,
                            40.838784991009916,
                            0
                        ],
                        [
                            -73.316896683114038,
                            40.839634503676201,
                            0
                        ],
                        [
                            -73.316602054945264,
                            40.840481689813522,
                            0
                        ],
                        [
                            -73.316300668653241,
                            40.841326495360434,
                            0
                        ],
                        [
                            -73.31599254347033,
                            40.842168866407391,
                            0
                        ],
                        [
                            -73.315677699058895,
                            40.843008749200223,
                            0
                        ],
                        [
                            -73.315356155510102,
                            40.843846090143522,
                            0
                        ],
                        [
                            -73.315027933342577,
                            40.844680835804098,
                            0
                        ],
                        [
                            -73.314693053501159,
                            40.845512932914367,
                            0
                        ],
                        [
                            -73.31435153735552,
                            40.846342328375755,
                            0
                        ],
                        [
                            -73.314003406698788,
                            40.847168969262086,
                            0
                        ],
                        [
                            -73.313648683746237,
                            40.847992802822965,
                            0
                        ],
                        [
                            -73.313287391133784,
                            40.848813776487148,
                            0
                        ],
                        [
                            -73.312919551916551,
                            40.849631837865878,
                            0
                        ],
                        [
                            -73.312545189567473,
                            40.850446934756249,
                            0
                        ],
                        [
                            -73.312164327975694,
                            40.851259015144521,
                            0
                        ],
                        [
                            -73.311776991445129,
                            40.852068027209441,
                            0
                        ],
                        [
                            -73.311383204692859,
                            40.852873919325575,
                            0
                        ],
                        [
                            -73.310982992847585,
                            40.85367664006656,
                            0
                        ],
                        [
                            -73.310576381448001,
                            40.854476138208412,
                            0
                        ],
                        [
                            -73.310163396441183,
                            40.855272362732805,
                            0
                        ],
                        [
                            -73.309744064180919,
                            40.856065262830299,
                            0
                        ],
                        [
                            -73.309318411426034,
                            40.8568547879036,
                            0
                        ],
                        [
                            -73.308886465338702,
                            40.857640887570781,
                            0
                        ],
                        [
                            -73.308448253482666,
                            40.858423511668498,
                            0
                        ],
                        [
                            -73.308003803821521,
                            40.85920261025521,
                            0
                        ],
                        [
                            -73.30755314471692,
                            40.859978133614327,
                            0
                        ],
                        [
                            -73.307096304926731,
                            40.860750032257414,
                            0
                        ],
                        [
                            -73.306633313603257,
                            40.861518256927354,
                            0
                        ],
                        [
                            -73.306164200291349,
                            40.862282758601445,
                            0
                        ],
                        [
                            -73.305688994926513,
                            40.86304348849459,
                            0
                        ],
                        [
                            -73.305207727832979,
                            40.863800398062367,
                            0
                        ],
                        [
                            -73.304720429721854,
                            40.864553439004148,
                            0
                        ],
                        [
                            -73.304227131689061,
                            40.865302563266162,
                            0
                        ],
                        [
                            -73.303727865213375,
                            40.866047723044581,
                            0
                        ],
                        [
                            -73.303222662154496,
                            40.866788870788554,
                            0
                        ],
                        [
                            -73.302711554750914,
                            40.86752595920327,
                            0
                        ],
                        [
                            -73.302194575617904,
                            40.868258941252932,
                            0
                        ],
                        [
                            -73.30167175774541,
                            40.868987770163798,
                            0
                        ],
                        [
                            -73.301143134496016,
                            40.869712399427137,
                            0
                        ],
                        [
                            -73.300608739602694,
                            40.870432782802226,
                            0
                        ],
                        [
                            -73.300068607166779,
                            40.871148874319267,
                            0
                        ],
                        [
                            -73.299522771655731,
                            40.871860628282356,
                            0
                        ],
                        [
                            -73.298971267900896,
                            40.872567999272363,
                            0
                        ],
                        [
                            -73.29841413109537,
                            40.873270942149865,
                            0
                        ],
                        [
                            -73.297851396791685,
                            40.873969412058003,
                            0
                        ],
                        [
                            -73.297283100899605,
                            40.874663364425345,
                            0
                        ],
                        [
                            -73.296709279683739,
                            40.875352754968745,
                            0
                        ],
                        [
                            -73.296129969761338,
                            40.876037539696163,
                            0
                        ],
                        [
                            -73.295545208099853,
                            40.876717674909457,
                            0
                        ],
                        [
                            -73.294955032014656,
                            40.877393117207198,
                            0
                        ],
                        [
                            -73.294359479166644,
                            40.878063823487409,
                            0
                        ],
                        [
                            -73.293758587559779,
                            40.878729750950356,
                            0
                        ],
                        [
                            -73.293152395538741,
                            40.879390857101242,
                            0
                        ],
                        [
                            -73.292540941786427,
                            40.880047099752922,
                            0
                        ],
                        [
                            -73.291924265321512,
                            40.88069843702862,
                            0
                        ],
                        [
                            -73.291302405495927,
                            40.881344827364586,
                            0
                        ],
                        [
                            -73.290675401992402,
                            40.881986229512741,
                            0
                        ],
                        [
                            -73.290043294821857,
                            40.882622602543329,
                            0
                        ],
                        [
                            -73.289406124320934,
                            40.883253905847496,
                            0
                        ],
                        [
                            -73.288763931149361,
                            40.88388009913993,
                            0
                        ],
                        [
                            -73.288116756287366,
                            40.884501142461374,
                            0
                        ],
                        [
                            -73.287464641033111,
                            40.885116996181232,
                            0
                        ],
                        [
                            -73.286807626999973,
                            40.885727621000058,
                            0
                        ],
                        [
                            -73.303359801999989,
                            40.895045154000059,
                            0
                        ],
                        [
                            -73.333515833999968,
                            40.912020556000073,
                            0
                        ],
                        [
                            -73.468364153999971,
                            40.918926099000032,
                            0
                        ],
                        [
                            -73.579401154999971,
                            40.876106800000059,
                            0
                        ],
                        [
                            -73.579501229999948,
                            40.875963271000046,
                            0
                        ],
                        [
                            -73.580036327999949,
                            40.875195821000034,
                            0
                        ],
                        [
                            -73.580036801999938,
                            40.875195142000052,
                            0
                        ],
                        [
                            -73.580036885999959,
                            40.875195021000025,
                            0
                        ],
                        [
                            -73.587815397999975,
                            40.86404299000003,
                            0
                        ],
                        [
                            -73.587818628999969,
                            40.864038357000027,
                            0
                        ],
                        [
                            -73.620090832999949,
                            40.81774972200003,
                            0
                        ],
                        [
                            -73.61894801532776,
                            40.817247948546779,
                            0
                        ],
                        [
                            -73.617808098931121,
                            40.816739618497593,
                            0
                        ],
                        [
                            -73.616671121426265,
                            40.816224748626929,
                            0
                        ],
                        [
                            -73.61553712033249,
                            40.815703355925059,
                            0
                        ],
                        [
                            -73.614406133070844,
                            40.815175457597491,
                            0
                        ],
                        [
                            -73.613278196962938,
                            40.814641071064401,
                            0
                        ],
                        [
                            -73.6121533492297,
                            40.814100213960103,
                            0
                        ],
                        [
                            -73.611031626990126,
                            40.813552904132408,
                            0
                        ],
                        [
                            -73.609913067260081,
                            40.812999159642061,
                            0
                        ],
                        [
                            -73.60879770695108,
                            40.812438998762168,
                            0
                        ],
                        [
                            -73.607685582869053,
                            40.811872439977549,
                            0
                        ],
                        [
                            -73.606576731713147,
                            40.811299501984152,
                            0
                        ],
                        [
                            -73.605471190074468,
                            40.810720203688447,
                            0
                        ],
                        [
                            -73.604368994434964,
                            40.810134564206763,
                            0
                        ],
                        [
                            -73.603270181166124,
                            40.809542602864717,
                            0
                        ],
                        [
                            -73.602174786527854,
                            40.808944339196515,
                            0
                        ],
                        [
                            -73.601082846667225,
                            40.808339792944338,
                            0
                        ],
                        [
                            -73.599994397617309,
                            40.807728984057697,
                            0
                        ],
                        [
                            -73.598909475295997,
                            40.807111932692763,
                            0
                        ],
                        [
                            -73.597828115504782,
                            40.806488659211695,
                            0
                        ],
                        [
                            -73.596750353927618,
                            40.805859184181976,
                            0
                        ],
                        [
                            -73.595676226129697,
                            40.805223528375748,
                            0
                        ],
                        [
                            -73.594605767556317,
                            40.804581712769107,
                            0
                        ],
                        [
                            -73.593539013531696,
                            40.803933758541412,
                            0
                        ],
                        [
                            -73.592475999257772,
                            40.803279687074593,
                            0
                        ],
                        [
                            -73.591416759813129,
                            40.802619519952437,
                            0
                        ],
                        [
                            -73.590361330151751,
                            40.801953278959907,
                            0
                        ],
                        [
                            -73.5893097451019,
                            40.801280986082375,
                            0
                        ],
                        [
                            -73.588262039364977,
                            40.800602663504925,
                            0
                        ],
                        [
                            -73.587218247514386,
                            40.799918333611622,
                            0
                        ],
                        [
                            -73.586178403994339,
                            40.799228018984756,
                            0
                        ],
                        [
                            -73.585142543118778,
                            40.798531742404123,
                            0
                        ],
                        [
                            -73.584110699070223,
                            40.797829526846243,
                            0
                        ],
                        [
                            -73.58308290589865,
                            40.797121395483636,
                            0
                        ],
                        [
                            -73.582059197520337,
                            40.796407371684012,
                            0
                        ],
                        [
                            -73.581039607716775,
                            40.795687479009558,
                            0
                        ],
                        [
                            -73.580024170133569,
                            40.794961741216099,
                            0
                        ],
                        [
                            -73.579012918279261,
                            40.794230182252363,
                            0
                        ],
                        [
                            -73.57800588552432,
                            40.793492826259168,
                            0
                        ],
                        [
                            -73.577003105099919,
                            40.792749697568617,
                            0
                        ],
                        [
                            -73.576004610096987,
                            40.792000820703329,
                            0
                        ],
                        [
                            -73.575010433464982,
                            40.791246220375591,
                            0
                        ],
                        [
                            -73.574020608010883,
                            40.790485921486564,
                            0
                        ],
                        [
                            -73.573035166398057,
                            40.789719949125448,
                            0
                        ],
                        [
                            -73.572054141145259,
                            40.788948328568686,
                            0
                        ],
                        [
                            -73.571077564625455,
                            40.788171085279089,
                            0
                        ],
                        [
                            -73.570105469064856,
                            40.78738824490501,
                            0
                        ],
                        [
                            -73.569137886541739,
                            40.786599833279503,
                            0
                        ],
                        [
                            -73.568174848985521,
                            40.785805876419488,
                            0
                        ],
                        [
                            -73.567216388175609,
                            40.785006400524843,
                            0
                        ],
                        [
                            -73.566262535740378,
                            40.784201431977593,
                            0
                        ],
                        [
                            -73.565313323156147,
                            40.783390997341002,
                            0
                        ],
                        [
                            -73.564368781746111,
                            40.782575123358718,
                            0
                        ],
                        [
                            -73.563428942679309,
                            40.781753836953882,
                            0
                        ],
                        [
                            -73.562493836969637,
                            40.780927165228235,
                            0
                        ],
                        [
                            -73.561563495474772,
                            40.780095135461231,
                            0
                        ],
                        [
                            -73.560637948895177,
                            40.779257775109137,
                            0
                        ],
                        [
                            -73.559717227773106,
                            40.778415111804122,
                            0
                        ],
                        [
                            -73.55880136249155,
                            40.777567173353347,
                            0
                        ],
                        [
                            -73.557890383273275,
                            40.776713987738063,
                            0
                        ],
                        [
                            -73.556984320179822,
                            40.775855583112644,
                            0
                        ],
                        [
                            -73.556083203110489,
                            40.774991987803716,
                            0
                        ],
                        [
                            -73.555187061801362,
                            40.774123230309179,
                            0
                        ],
                        [
                            -73.55429592582432,
                            40.773249339297273,
                            0
                        ],
                        [
                            -73.553409824586112,
                            40.772370343605658,
                            0
                        ],
                        [
                            -73.552528787327276,
                            40.771486272240431,
                            0
                        ],
                        [
                            -73.551652843121317,
                            40.770597154375189,
                            0
                        ],
                        [
                            -73.550782020873626,
                            40.769703019350054,
                            0
                        ],
                        [
                            -73.549916349320583,
                            40.768803896670711,
                            0
                        ],
                        [
                            -73.54905585702862,
                            40.767899816007436,
                            0
                        ],
                        [
                            -73.548200572393213,
                            40.766990807194105,
                            0
                        ],
                        [
                            -73.547350523638045,
                            40.76607690022724,
                            0
                        ],
                        [
                            -73.546505738813991,
                            40.765158125264968,
                            0
                        ],
                        [
                            -73.545666245798216,
                            40.764234512626089,
                            0
                        ],
                        [
                            -73.544832072293261,
                            40.763306092789009,
                            0
                        ],
                        [
                            -73.544003245826133,
                            40.762372896390787,
                            0
                        ],
                        [
                            -73.543179793747399,
                            40.761434954226104,
                            0
                        ],
                        [
                            -73.542361743230273,
                            40.760492297246245,
                            0
                        ],
                        [
                            -73.541549121269711,
                            40.759544956558081,
                            0
                        ],
                        [
                            -73.540741954681536,
                            40.758592963423027,
                            0
                        ],
                        [
                            -73.539940270101553,
                            40.757636349256046,
                            0
                        ],
                        [
                            -73.53914409398466,
                            40.756675145624577,
                            0
                        ],
                        [
                            -73.538353452603985,
                            40.755709384247517,
                            0
                        ],
                        [
                            -73.537568372050018,
                            40.754739096994157,
                            0
                        ],
                        [
                            -73.536788878229729,
                            40.753764315883146,
                            0
                        ],
                        [
                            -73.536014996865759,
                            40.752785073081412,
                            0
                        ],
                        [
                            -73.535246753495514,
                            40.751801400903126,
                            0
                        ],
                        [
                            -73.534484173470375,
                            40.750813331808629,
                            0
                        ],
                        [
                            -73.53372728195481,
                            40.74982089840335,
                            0
                        ],
                        [
                            -73.532976103925591,
                            40.748824133436727,
                            0
                        ],
                        [
                            -73.532230664170967,
                            40.747823069801157,
                            0
                        ],
                        [
                            -73.531490987289786,
                            40.746817740530865,
                            0
                        ],
                        [
                            -73.530757097690739,
                            40.745808178800864,
                            0
                        ],
                        [
                            -73.530029019591581,
                            40.744794417925824,
                            0
                        ],
                        [
                            -73.529306777018249,
                            40.743776491358965,
                            0
                        ],
                        [
                            -73.528590393804123,
                            40.742754432690994,
                            0
                        ],
                        [
                            -73.52787989358923,
                            40.741728275648974,
                            0
                        ],
                        [
                            -73.527175299819461,
                            40.740698054095198,
                            0
                        ],
                        [
                            -73.526476635745823,
                            40.739663802026087,
                            0
                        ],
                        [
                            -73.525783924423621,
                            40.738625553571076,
                            0
                        ],
                        [
                            -73.525097188711712,
                            40.737583342991464,
                            0
                        ],
                        [
                            -73.524416451271819,
                            40.736537204679308,
                            0
                        ],
                        [
                            -73.52374173456765,
                            40.735487173156265,
                            0
                        ],
                        [
                            -73.523073060864306,
                            40.734433283072477,
                            0
                        ],
                        [
                            -73.522410452227447,
                            40.733375569205407,
                            0
                        ],
                        [
                            -73.521753930522564,
                            40.732314066458699,
                            0
                        ],
                        [
                            -73.521103517414318,
                            40.731248809861029,
                            0
                        ],
                        [
                            -73.520459234365774,
                            40.73017983456495,
                            0
                        ],
                        [
                            -73.519821102637735,
                            40.729107175845733,
                            0
                        ],
                        [
                            -73.519189143287988,
                            40.728030869100181,
                            0
                        ],
                        [
                            -73.518563377170651,
                            40.726950949845495,
                            0
                        ],
                        [
                            -73.517943824935458,
                            40.725867453718081,
                            0
                        ],
                        [
                            -73.517330507027111,
                            40.72478041647237,
                            0
                        ],
                        [
                            -73.516723443684569,
                            40.723689873979666,
                            0
                        ],
                        [
                            -73.516122654940403,
                            40.722595862226932,
                            0
                        ],
                        [
                            -73.515528160620107,
                            40.721498417315608,
                            0
                        ],
                        [
                            -73.514939980341495,
                            40.720397575460431,
                            0
                        ],
                        [
                            -73.514358133514023,
                            40.719293372988233,
                            0
                        ],
                        [
                            -73.513782639338103,
                            40.718185846336752,
                            0
                        ],
                        [
                            -73.513213516804569,
                            40.717075032053408,
                            0
                        ],
                        [
                            -73.512650784693989,
                            40.715960966794114,
                            0
                        ],
                        [
                            -73.512094461575998,
                            40.714843687322073,
                            0
                        ],
                        [
                            -73.511544565808805,
                            40.713723230506538,
                            0
                        ],
                        [
                            -73.511001115538505,
                            40.712599633321616,
                            0
                        ],
                        [
                            -73.510464128698473,
                            40.711472932845062,
                            0
                        ],
                        [
                            -73.509933623008806,
                            40.710343166257005,
                            0
                        ],
                        [
                            -73.509409615975756,
                            40.709210370838768,
                            0
                        ],
                        [
                            -73.508892124891091,
                            40.708074583971644,
                            0
                        ],
                        [
                            -73.508381166831569,
                            40.706935843135604,
                            0
                        ],
                        [
                            -73.507876758658384,
                            40.705794185908118,
                            0
                        ],
                        [
                            -73.507378917016538,
                            40.704649649962896,
                            0
                        ],
                        [
                            -73.506887658334406,
                            40.703502273068636,
                            0
                        ],
                        [
                            -73.506402998823106,
                            40.702352093087782,
                            0
                        ],
                        [
                            -73.505924954475944,
                            40.701199147975295,
                            0
                        ],
                        [
                            -73.505453541068022,
                            40.700043475777363,
                            0
                        ],
                        [
                            -73.504988774155535,
                            40.698885114630173,
                            0
                        ],
                        [
                            -73.504530669075422,
                            40.697724102758649,
                            0
                        ],
                        [
                            -73.504079240944733,
                            40.696560478475185,
                            0
                        ],
                        [
                            -73.503634504660212,
                            40.69539428017837,
                            0
                        ],
                        [
                            -73.503196474897791,
                            40.694225546351753,
                            0
                        ],
                        [
                            -73.502765166112056,
                            40.693054315562541,
                            0
                        ],
                        [
                            -73.50234059253583,
                            40.691880626460339,
                            0
                        ],
                        [
                            -73.501922768179682,
                            40.690704517775877,
                            0
                        ],
                        [
                            -73.501511706831451,
                            40.689526028319733,
                            0
                        ],
                        [
                            -73.50110742205581,
                            40.688345196981039,
                            0
                        ],
                        [
                            -73.50070992719381,
                            40.687162062726223,
                            0
                        ],
                        [
                            -73.500319235362426,
                            40.685976664597682,
                            0
                        ],
                        [
                            -73.49993535945417,
                            40.684789041712541,
                            0
                        ],
                        [
                            -73.4995583121366,
                            40.683599233261333,
                            0
                        ],
                        [
                            -73.499188105851957,
                            40.682407278506709,
                            0
                        ],
                        [
                            -73.498824752816745,
                            40.681213216782155,
                            0
                        ],
                        [
                            -73.498468265021287,
                            40.680017087490668,
                            0
                        ],
                        [
                            -73.498118654229373,
                            40.678818930103503,
                            0
                        ],
                        [
                            -73.497775931977856,
                            40.677618784158803,
                            0
                        ],
                        [
                            -73.497440109576289,
                            40.676416689260364,
                            0
                        ],
                        [
                            -73.497111198106509,
                            40.675212685076275,
                            0
                        ],
                        [
                            -73.496789208422314,
                            40.674006811337648,
                            0
                        ],
                        [
                            -73.496474151149087,
                            40.672799107837264,
                            0
                        ],
                        [
                            -73.496166036683462,
                            40.671589614428299,
                            0
                        ],
                        [
                            -73.495864875192922,
                            40.670378371023006,
                            0
                        ],
                        [
                            -73.495570676615543,
                            40.669165417591365,
                            0
                        ],
                        [
                            -73.495283450659656,
                            40.6679507941598,
                            0
                        ],
                        [
                            -73.495003206803432,
                            40.666734540809834,
                            0
                        ],
                        [
                            -73.494729954294698,
                            40.665516697676786,
                            0
                        ],
                        [
                            -73.49446370215054,
                            40.66429730494842,
                            0
                        ],
                        [
                            -73.494204459157046,
                            40.663076402863659,
                            0
                        ],
                        [
                            -73.493952233869038,
                            40.661854031711208,
                            0
                        ],
                        [
                            -73.493707034609713,
                            40.660630231828272,
                            0
                        ],
                        [
                            -73.493468869470433,
                            40.659405043599186,
                            0
                        ],
                        [
                            -73.493237746310456,
                            40.65817850745411,
                            0
                        ],
                        [
                            -73.493013672756632,
                            40.65695066386769,
                            0
                        ],
                        [
                            -73.492796656203197,
                            40.655721553357687,
                            0
                        ],
                        [
                            -73.492586703811526,
                            40.654491216483706,
                            0
                        ],
                        [
                            -73.492383822509851,
                            40.653259693845797,
                            0
                        ],
                        [
                            -73.49218801899309,
                            40.652027026083147,
                            0
                        ],
                        [
                            -73.491999299722579,
                            40.650793253872727,
                            0
                        ],
                        [
                            -73.491817670925911,
                            40.64955841792797,
                            0
                        ],
                        [
                            -73.491643138596658,
                            40.648322558997386,
                            0
                        ],
                        [
                            -73.491475708494249,
                            40.647085717863263,
                            0
                        ],
                        [
                            -73.491315386143739,
                            40.645847935340292,
                            0
                        ],
                        [
                            -73.491162176835601,
                            40.644609252274229,
                            0
                        ],
                        [
                            -73.491016085625645,
                            40.643369709540544,
                            0
                        ],
                        [
                            -73.490877117334733,
                            40.642129348043092,
                            0
                        ],
                        [
                            -73.490745276548708,
                            40.640888208712717,
                            0
                        ],
                        [
                            -73.490620567618194,
                            40.639646332505961,
                            0
                        ],
                        [
                            -73.490502994658485,
                            40.638403760403669,
                            0
                        ],
                        [
                            -73.490392561549385,
                            40.637160533409649,
                            0
                        ],
                        [
                            -73.490289271935083,
                            40.635916692549316,
                            0
                        ],
                        [
                            -73.490193129224068,
                            40.634672278868351,
                            0
                        ],
                        [
                            -73.490104136588954,
                            40.633427333431335,
                            0
                        ],
                        [
                            -73.490022296966416,
                            40.632181897320393,
                            0
                        ],
                        [
                            -73.489947613057097,
                            40.63093601163385,
                            0
                        ],
                        [
                            -73.489880087325517,
                            40.629689717484851,
                            0
                        ],
                        [
                            -73.489819721999936,
                            40.628443056000037,
                            0
                        ],
                        [
                            -73.450932612999964,
                            40.625440456000035,
                            0
                        ],
                        [
                            -73.329856572999972,
                            40.615657589000079,
                            0
                        ],
                        [
                            -73.321105042999989,
                            40.679340849000027,
                            0
                        ]
                    ]
                ]
            },
            "properties": {
                "OBJECTID": 35,
                "Position": "N2M",
                "Sector": "JFK Satellite",
                "Low": 0,
                "High": 3000,
                "Notes": null,
                "Fill": "#828282",
                "Stroke": "#828282"
            }
        },
        {
            "type": "Feature",
            "id": 36,
            "geometry": {
                "type": "Polygon",
                "coordinates": [
                    [
                        [
                            -73.287435971999969,
                            40.711402393000071,
                            0
                        ],
                        [
                            -73.260084443999972,
                            40.737436667000054,
                            0
                        ],
                        [
                            -73.26852250099995,
                            40.789951944000052,
                            0
                        ],
                        [
                            -73.251964721999968,
                            40.866113889000076,
                            0
                        ],
                        [
                            -73.279368567999938,
                            40.881540033000078,
                            0
                        ],
                        [
                            -73.286807626999973,
                            40.885727621000058,
                            0
                        ],
                        [
                            -73.287464641033125,
                            40.885116996181246,
                            0
                        ],
                        [
                            -73.288116756287408,
                            40.884501142461403,
                            0
                        ],
                        [
                            -73.288763931149418,
                            40.883880099139972,
                            0
                        ],
                        [
                            -73.289406124321019,
                            40.883253905847553,
                            0
                        ],
                        [
                            -73.290043294821956,
                            40.882622602543393,
                            0
                        ],
                        [
                            -73.290675401992516,
                            40.881986229512819,
                            0
                        ],
                        [
                            -73.291302405496069,
                            40.881344827364678,
                            0
                        ],
                        [
                            -73.291924265321668,
                            40.88069843702872,
                            0
                        ],
                        [
                            -73.292540941786598,
                            40.880047099753028,
                            0
                        ],
                        [
                            -73.293152395538939,
                            40.879390857101356,
                            0
                        ],
                        [
                            -73.293758587559992,
                            40.878729750950491,
                            0
                        ],
                        [
                            -73.294359479166872,
                            40.878063823487551,
                            0
                        ],
                        [
                            -73.294955032014911,
                            40.87739311720734,
                            0
                        ],
                        [
                            -73.295545208100108,
                            40.876717674909614,
                            0
                        ],
                        [
                            -73.296129969761608,
                            40.876037539696327,
                            0
                        ],
                        [
                            -73.296709279684038,
                            40.875352754968922,
                            0
                        ],
                        [
                            -73.297283100899918,
                            40.87466336442553,
                            0
                        ],
                        [
                            -73.297851396792026,
                            40.873969412058194,
                            0
                        ],
                        [
                            -73.298414131095711,
                            40.873270942150064,
                            0
                        ],
                        [
                            -73.298971267901251,
                            40.872567999272569,
                            0
                        ],
                        [
                            -73.2995227716561,
                            40.871860628282569,
                            0
                        ],
                        [
                            -73.300068607167177,
                            40.871148874319488,
                            0
                        ],
                        [
                            -73.300608739603106,
                            40.870432782802446,
                            0
                        ],
                        [
                            -73.301143134496442,
                            40.869712399427364,
                            0
                        ],
                        [
                            -73.301671757745851,
                            40.868987770164033,
                            0
                        ],
                        [
                            -73.302194575618358,
                            40.868258941253174,
                            0
                        ],
                        [
                            -73.302711554751397,
                            40.867525959203512,
                            0
                        ],
                        [
                            -73.303222662154994,
                            40.866788870788803,
                            0
                        ],
                        [
                            -73.303727865213887,
                            40.866047723044829,
                            0
                        ],
                        [
                            -73.304227131689572,
                            40.865302563266418,
                            0
                        ],
                        [
                            -73.304720429722394,
                            40.864553439004411,
                            0
                        ],
                        [
                            -73.305207727833533,
                            40.863800398062629,
                            0
                        ],
                        [
                            -73.305688994927067,
                            40.863043488494853,
                            0
                        ],
                        [
                            -73.306164200291931,
                            40.862282758601715,
                            0
                        ],
                        [
                            -73.306633313603854,
                            40.861518256927624,
                            0
                        ],
                        [
                            -73.307096304927327,
                            40.860750032257691,
                            0
                        ],
                        [
                            -73.307553144717531,
                            40.859978133614604,
                            0
                        ],
                        [
                            -73.308003803822146,
                            40.859202610255487,
                            0
                        ],
                        [
                            -73.308448253483306,
                            40.858423511668782,
                            0
                        ],
                        [
                            -73.308886465339356,
                            40.857640887571058,
                            0
                        ],
                        [
                            -73.309318411426702,
                            40.856854787903877,
                            0
                        ],
                        [
                            -73.309744064181587,
                            40.856065262830583,
                            0
                        ],
                        [
                            -73.310163396441865,
                            40.855272362733089,
                            0
                        ],
                        [
                            -73.310576381448698,
                            40.854476138208696,
                            0
                        ],
                        [
                            -73.310982992848295,
                            40.853676640066837,
                            0
                        ],
                        [
                            -73.31138320469357,
                            40.852873919325859,
                            0
                        ],
                        [
                            -73.311776991445853,
                            40.852068027209725,
                            0
                        ],
                        [
                            -73.312164327976433,
                            40.851259015144798,
                            0
                        ],
                        [
                            -73.312545189568212,
                            40.850446934756533,
                            0
                        ],
                        [
                            -73.312919551917318,
                            40.849631837866163,
                            0
                        ],
                        [
                            -73.313287391134551,
                            40.848813776487425,
                            0
                        ],
                        [
                            -73.313648683747019,
                            40.847992802823242,
                            0
                        ],
                        [
                            -73.314003406699584,
                            40.847168969262356,
                            0
                        ],
                        [
                            -73.314351537356316,
                            40.846342328376025,
                            0
                        ],
                        [
                            -73.314693053501969,
                            40.845512932914637,
                            0
                        ],
                        [
                            -73.315027933343401,
                            40.844680835804368,
                            0
                        ],
                        [
                            -73.315356155510926,
                            40.843846090143792,
                            0
                        ],
                        [
                            -73.315677699059734,
                            40.843008749200486,
                            0
                        ],
                        [
                            -73.315992543471168,
                            40.842168866407654,
                            0
                        ],
                        [
                            -73.316300668654094,
                            40.84132649536069,
                            0
                        ],
                        [
                            -73.316602054946117,
                            40.840481689813778,
                            0
                        ],
                        [
                            -73.316896683114891,
                            40.839634503676457,
                            0
                        ],
                        [
                            -73.317184534359342,
                            40.838784991010172,
                            0
                        ],
                        [
                            -73.317465590310817,
                            40.837933206024829,
                            0
                        ],
                        [
                            -73.317739833034295,
                            40.837079203075348,
                            0
                        ],
                        [
                            -73.318007245029563,
                            40.836223036658168,
                            0
                        ],
                        [
                            -73.318267809232267,
                            40.83536476140781,
                            0
                        ],
                        [
                            -73.318521509015014,
                            40.834504432093333,
                            0
                        ],
                        [
                            -73.318768328188511,
                            40.833642103614906,
                            0
                        ],
                        [
                            -73.319008251002458,
                            40.832777831000243,
                            0
                        ],
                        [
                            -73.31924126214669,
                            40.83191166940113,
                            0
                        ],
                        [
                            -73.319467346752091,
                            40.831043674089898,
                            0
                        ],
                        [
                            -73.319686490391518,
                            40.830173900455897,
                            0
                        ],
                        [
                            -73.319898679080765,
                            40.829302404001936,
                            0
                        ],
                        [
                            -73.320103899279459,
                            40.828429240340782,
                            0
                        ],
                        [
                            -73.320302137891886,
                            40.827554465191582,
                            0
                        ],
                        [
                            -73.32049338226787,
                            40.826678134376323,
                            0
                        ],
                        [
                            -73.320677620203512,
                            40.825800303816266,
                            0
                        ],
                        [
                            -73.320854839942072,
                            40.824921029528355,
                            0
                        ],
                        [
                            -73.321025030174624,
                            40.824040367621691,
                            0
                        ],
                        [
                            -73.321188180040835,
                            40.823158374293897,
                            0
                        ],
                        [
                            -73.321344279129633,
                            40.822275105827579,
                            0
                        ],
                        [
                            -73.321493317479863,
                            40.821390618586705,
                            0
                        ],
                        [
                            -73.321635285580939,
                            40.820504969013008,
                            0
                        ],
                        [
                            -73.321770174373484,
                            40.819618213622412,
                            0
                        ],
                        [
                            -73.32189797524984,
                            40.818730409001382,
                            0
                        ],
                        [
                            -73.32201868005464,
                            40.81784161180336,
                            0
                        ],
                        [
                            -73.322132281085359,
                            40.816951878745115,
                            0
                        ],
                        [
                            -73.322238771092785,
                            40.816061266603143,
                            0
                        ],
                        [
                            -73.322338143281485,
                            40.815169832210032,
                            0
                        ],
                        [
                            -73.322430391310206,
                            40.814277632450839,
                            0
                        ],
                        [
                            -73.322515509292344,
                            40.813384724259457,
                            0
                        ],
                        [
                            -73.322593491796269,
                            40.812491164615004,
                            0
                        ],
                        [
                            -73.32266433384568,
                            40.811597010538158,
                            0
                        ],
                        [
                            -73.322728030919947,
                            40.810702319087518,
                            0
                        ],
                        [
                            -73.322784578954355,
                            40.809807147355997,
                            0
                        ],
                        [
                            -73.322833974340426,
                            40.808911552467144,
                            0
                        ],
                        [
                            -73.322876213926079,
                            40.808015591571504,
                            0
                        ],
                        [
                            -73.322911295015899,
                            40.80711932184299,
                            0
                        ],
                        [
                            -73.322939215371235,
                            40.806222800475219,
                            0
                        ],
                        [
                            -73.32295997321043,
                            40.805326084677866,
                            0
                        ],
                        [
                            -73.322973567208848,
                            40.804429231673012,
                            0
                        ],
                        [
                            -73.322979996499029,
                            40.803532298691486,
                            0
                        ],
                        [
                            -73.322979260670692,
                            40.802635342969246,
                            0
                        ],
                        [
                            -73.32297135977079,
                            40.801738421743664,
                            0
                        ],
                        [
                            -73.322956294303509,
                            40.800841592249945,
                            0
                        ],
                        [
                            -73.322934065230214,
                            40.799944911717418,
                            0
                        ],
                        [
                            -73.322904673969418,
                            40.799048437365919,
                            0
                        ],
                        [
                            -73.322868122396656,
                            40.798152226402109,
                            0
                        ],
                        [
                            -73.322824412844398,
                            40.797256336015877,
                            0
                        ],
                        [
                            -73.322773548101878,
                            40.79636082337661,
                            0
                        ],
                        [
                            -73.322715531414914,
                            40.795465745629627,
                            0
                        ],
                        [
                            -73.322650366485746,
                            40.794571159892477,
                            0
                        ],
                        [
                            -73.322578057472711,
                            40.793677123251307,
                            0
                        ],
                        [
                            -73.322498608990088,
                            40.792783692757247,
                            0
                        ],
                        [
                            -73.322412026107699,
                            40.791890925422727,
                            0
                        ],
                        [
                            -73.322318314350667,
                            40.790998878217863,
                            0
                        ],
                        [
                            -73.322217479699006,
                            40.790107608066819,
                            0
                        ],
                        [
                            -73.322109528587276,
                            40.789217171844179,
                            0
                        ],
                        [
                            -73.321994467904162,
                            40.788327626371306,
                            0
                        ],
                        [
                            -73.321872304992013,
                            40.78743902841272,
                            0
                        ],
                        [
                            -73.321743047646407,
                            40.786551434672475,
                            0
                        ],
                        [
                            -73.321606704115652,
                            40.785664901790547,
                            0
                        ],
                        [
                            -73.321463283100229,
                            40.784779486339225,
                            0
                        ],
                        [
                            -73.321312793752227,
                            40.783895244819476,
                            0
                        ],
                        [
                            -73.321155245674845,
                            40.783012233657352,
                            0
                        ],
                        [
                            -73.320990648921693,
                            40.782130509200421,
                            0
                        ],
                        [
                            -73.320819013996143,
                            40.781250127714102,
                            0
                        ],
                        [
                            -73.32064035185077,
                            40.780371145378147,
                            0
                        ],
                        [
                            -73.320454673886502,
                            40.779493618283013,
                            0
                        ],
                        [
                            -73.320261991951995,
                            40.778617602426287,
                            0
                        ],
                        [
                            -73.320062318342877,
                            40.777743153709139,
                            0
                        ],
                        [
                            -73.319855665800901,
                            40.776870327932706,
                            0
                        ],
                        [
                            -73.319642047513156,
                            40.775999180794585,
                            0
                        ],
                        [
                            -73.319421477111277,
                            40.775129767885247,
                            0
                        ],
                        [
                            -73.319193968670504,
                            40.774262144684492,
                            0
                        ],
                        [
                            -73.318959536708832,
                            40.773396366557911,
                            0
                        ],
                        [
                            -73.31871819618604,
                            40.772532488753377,
                            0
                        ],
                        [
                            -73.318469962502789,
                            40.771670566397468,
                            0
                        ],
                        [
                            -73.318214851499604,
                            40.770810654492003,
                            0
                        ],
                        [
                            -73.317952879455859,
                            40.769952807910492,
                            0
                        ],
                        [
                            -73.317684063088777,
                            40.769097081394662,
                            0
                        ],
                        [
                            -73.317408419552322,
                            40.768243529550936,
                            0
                        ],
                        [
                            -73.317125966436109,
                            40.767392206846992,
                            0
                        ],
                        [
                            -73.316836721764318,
                            40.766543167608226,
                            0
                        ],
                        [
                            -73.316540703994505,
                            40.765696466014354,
                            0
                        ],
                        [
                            -73.316237932016435,
                            40.764852156095898,
                            0
                        ],
                        [
                            -73.315928425150872,
                            40.764010291730763,
                            0
                        ],
                        [
                            -73.315612203148376,
                            40.763170926640804,
                            0
                        ],
                        [
                            -73.315289286188005,
                            40.762334114388374,
                            0
                        ],
                        [
                            -73.314959694876038,
                            40.76149990837294,
                            0
                        ],
                        [
                            -73.314623450244667,
                            40.760668361827648,
                            0
                        ],
                        [
                            -73.314280573750651,
                            40.759839527815942,
                            0
                        ],
                        [
                            -73.313931087273971,
                            40.759013459228157,
                            0
                        ],
                        [
                            -73.313575013116363,
                            40.758190208778167,
                            0
                        ],
                        [
                            -73.313212373999988,
                            40.757369829000027,
                            0
                        ],
                        [
                            -73.321105042999989,
                            40.679340849000027,
                            0
                        ],
                        [
                            -73.287435971999969,
                            40.711402393000071,
                            0
                        ]
                    ]
                ]
            },
            "properties": {
                "OBJECTID": 36,
                "Position": "N2M",
                "Sector": "JFK Satellite",
                "Low": 3000,
                "High": 3000,
                "Notes": null,
                "Fill": "#828282",
                "Stroke": "#828282"
            }
        },
        {
            "type": "Feature",
            "id": 37,
            "geometry": {
                "type": "Polygon",
                "coordinates": [
                    [
                        [
                            -73.791715588999978,
                            40.849569753000026,
                            0
                        ],
                        [
                            -73.794915832999948,
                            40.851091667000048,
                            0
                        ],
                        [
                            -73.81135928599997,
                            40.858905916000026,
                            0
                        ],
                        [
                            -73.811379556999952,
                            40.858915549000073,
                            0
                        ],
                        [
                            -73.870979999999975,
                            40.887231111000062,
                            0
                        ],
                        [
                            -73.93377034699995,
                            40.917013074000067,
                            0
                        ],
                        [
                            -73.933779176999963,
                            40.917017255000076,
                            0
                        ],
                        [
                            -73.979471366999974,
                            40.938651136000033,
                            0
                        ],
                        [
                            -74.089867080999966,
                            40.987052503000029,
                            0
                        ],
                        [
                            -74.157692777999955,
                            41.003286944000081,
                            0
                        ],
                        [
                            -74.166685555999948,
                            40.980997778000074,
                            0
                        ],
                        [
                            -74.195418186999973,
                            40.909991637000076,
                            0
                        ],
                        [
                            -74.205661555999939,
                            40.884633043000065,
                            0
                        ],
                        [
                            -74.251128750999953,
                            40.772073978000037,
                            0
                        ],
                        [
                            -74.253387053999973,
                            40.766484417000072,
                            0
                        ],
                        [
                            -74.264277499999935,
                            40.739522778000037,
                            0
                        ],
                        [
                            -74.237427777999983,
                            40.726126111000042,
                            0
                        ],
                        [
                            -74.232597277999957,
                            40.723709765000081,
                            0
                        ],
                        [
                            -74.230400290999967,
                            40.722610744000065,
                            0
                        ],
                        [
                            -74.230400067999938,
                            40.722610632000055,
                            0
                        ],
                        [
                            -74.230400042999975,
                            40.722610620000069,
                            0
                        ],
                        [
                            -74.21541736599994,
                            40.715115198000035,
                            0
                        ],
                        [
                            -74.109741388999964,
                            40.66222444400006,
                            0
                        ],
                        [
                            -74.080656012999953,
                            40.707306500000072,
                            0
                        ],
                        [
                            -74.01347416699997,
                            40.811172222000039,
                            0
                        ],
                        [
                            -73.998293074999935,
                            40.835574318000056,
                            0
                        ],
                        [
                            -73.991970271999946,
                            40.846389603000034,
                            0
                        ],
                        [
                            -73.940415512999948,
                            40.843785510000032,
                            0
                        ],
                        [
                            -73.929876518999947,
                            40.843253160000074,
                            0
                        ],
                        [
                            -73.828196945999935,
                            40.838096233000044,
                            0
                        ],
                        [
                            -73.806811696999944,
                            40.837036544000057,
                            0
                        ],
                        [
                            -73.760438829999941,
                            40.834693869000034,
                            0
                        ],
                        [
                            -73.791715588999978,
                            40.849569753000026,
                            0
                        ]
                    ]
                ]
            },
            "properties": {
                "OBJECTID": 37,
                "Position": "N2E",
                "Sector": "LENDY",
                "Low": 16000,
                "High": 17000,
                "Notes": "Control on handoffs from ZNY to 18000",
                "Fill": "#CCCCCC",
                "Stroke": "#CCCCCC"
            }
        },
        {
            "type": "Feature",
            "id": 38,
            "geometry": {
                "type": "Polygon",
                "coordinates": [
                    [
                        [
                            -73.913065832999962,
                            40.665928889000043,
                            0
                        ],
                        [
                            -73.900464720999935,
                            40.679145833000064,
                            0
                        ],
                        [
                            -73.897936421999987,
                            40.681146629000068,
                            0
                        ],
                        [
                            -73.897859916999948,
                            40.68120717000005,
                            0
                        ],
                        [
                            -73.896653054999945,
                            40.682162222000045,
                            0
                        ],
                        [
                            -73.892642777999981,
                            40.68502611100007,
                            0
                        ],
                        [
                            -73.888444999999933,
                            40.687728889000027,
                            0
                        ],
                        [
                            -73.87783666699994,
                            40.693444444000079,
                            0
                        ],
                        [
                            -73.875280756999985,
                            40.694516899000064,
                            0
                        ],
                        [
                            -73.875263019999977,
                            40.694538563000037,
                            0
                        ],
                        [
                            -73.838392983999938,
                            40.739560644000051,
                            0
                        ],
                        [
                            -73.794257242999947,
                            40.793414845000029,
                            0
                        ],
                        [
                            -73.774614949999943,
                            40.81739350600003,
                            0
                        ],
                        [
                            -73.76084091499996,
                            40.834203223000031,
                            0
                        ],
                        [
                            -73.760438829999941,
                            40.834693869000034,
                            0
                        ],
                        [
                            -73.806811696999944,
                            40.837036544000057,
                            0
                        ],
                        [
                            -73.828196945999935,
                            40.838096233000044,
                            0
                        ],
                        [
                            -73.929876518999947,
                            40.843253160000074,
                            0
                        ],
                        [
                            -73.940415512999948,
                            40.843785510000032,
                            0
                        ],
                        [
                            -73.991970271999946,
                            40.846389603000034,
                            0
                        ],
                        [
                            -73.998293074999935,
                            40.835574318000056,
                            0
                        ],
                        [
                            -74.01347416699997,
                            40.811172222000039,
                            0
                        ],
                        [
                            -74.080656012999953,
                            40.707306500000072,
                            0
                        ],
                        [
                            -74.109741388999964,
                            40.66222444400006,
                            0
                        ],
                        [
                            -74.061358833999975,
                            40.659160257000053,
                            0
                        ],
                        [
                            -73.97851167999994,
                            40.653913015000057,
                            0
                        ],
                        [
                            -73.956613662999985,
                            40.652536363000024,
                            0
                        ],
                        [
                            -73.925268332999963,
                            40.650540556000067,
                            0
                        ],
                        [
                            -73.913065832999962,
                            40.665928889000043,
                            0
                        ]
                    ]
                ]
            },
            "properties": {
                "OBJECTID": 38,
                "Position": "N2E",
                "Sector": "LENDY",
                "Low": 13000,
                "High": 17000,
                "Notes": "Control on handoffs from ZNY to 18000",
                "Fill": "#CCCCCC",
                "Stroke": "#CCCCCC"
            }
        },
        {
            "type": "Feature",
            "id": 39,
            "geometry": {
                "type": "Polygon",
                "coordinates": [
                    [
                        [
                            -73.587818628999969,
                            40.864038357000027,
                            0
                        ],
                        [
                            -73.580036885999959,
                            40.875195021000025,
                            0
                        ],
                        [
                            -73.580036801999938,
                            40.875195142000052,
                            0
                        ],
                        [
                            -73.580036327999949,
                            40.875195821000034,
                            0
                        ],
                        [
                            -73.579501229999948,
                            40.875963271000046,
                            0
                        ],
                        [
                            -73.579401154999971,
                            40.876106800000059,
                            0
                        ],
                        [
                            -73.609521284999971,
                            40.864486768000063,
                            0
                        ],
                        [
                            -73.685066280999933,
                            40.833836604000055,
                            0
                        ],
                        [
                            -73.691385275999949,
                            40.831178611000041,
                            0
                        ],
                        [
                            -73.731529903999956,
                            40.833222246000048,
                            0
                        ],
                        [
                            -73.759860300999947,
                            40.834664419000035,
                            0
                        ],
                        [
                            -73.760438829999941,
                            40.834693869000034,
                            0
                        ],
                        [
                            -73.76084091499996,
                            40.834203223000031,
                            0
                        ],
                        [
                            -73.774614949999943,
                            40.81739350600003,
                            0
                        ],
                        [
                            -73.794257242999947,
                            40.793414845000029,
                            0
                        ],
                        [
                            -73.838385226999947,
                            40.739551877000054,
                            0
                        ],
                        [
                            -73.875263019999977,
                            40.694538563000037,
                            0
                        ],
                        [
                            -73.875280756999985,
                            40.694516899000064,
                            0
                        ],
                        [
                            -73.868983202999971,
                            40.697158945000069,
                            0
                        ],
                        [
                            -73.80853222199994,
                            40.705823333000069,
                            0
                        ],
                        [
                            -73.777626380999948,
                            40.704184093000038,
                            0
                        ],
                        [
                            -73.777599712999972,
                            40.704182806000063,
                            0
                        ],
                        [
                            -73.772520830999952,
                            40.703937656000051,
                            0
                        ],
                        [
                            -73.739628611999933,
                            40.702350000000081,
                            0
                        ],
                        [
                            -73.739584393999962,
                            40.702392724000049,
                            0
                        ],
                        [
                            -73.620090832999949,
                            40.81774972200003,
                            0
                        ],
                        [
                            -73.587818628999969,
                            40.864038357000027,
                            0
                        ]
                    ]
                ]
            },
            "properties": {
                "OBJECTID": 39,
                "Position": "N2E",
                "Sector": "LENDY",
                "Low": 13000,
                "High": 17000,
                "Notes": null,
                "Fill": "#CCCCCC",
                "Stroke": "#CCCCCC"
            }
        },
        {
            "type": "Feature",
            "id": 40,
            "geometry": {
                "type": "Polygon",
                "coordinates": [
                    [
                        [
                            -74.109741388999964,
                            40.66222444400006,
                            0
                        ],
                        [
                            -74.081502221999983,
                            40.432286667000028,
                            0
                        ],
                        [
                            -74.028489443999945,
                            40.497497778000024,
                            0
                        ],
                        [
                            -74.015604780999979,
                            40.518559225000047,
                            0
                        ],
                        [
                            -73.973589999999945,
                            40.587133333000054,
                            0
                        ],
                        [
                            -73.948345492999977,
                            40.620276779000051,
                            0
                        ],
                        [
                            -73.925268332999963,
                            40.650540556000067,
                            0
                        ],
                        [
                            -74.109741388999964,
                            40.66222444400006,
                            0
                        ]
                    ]
                ]
            },
            "properties": {
                "OBJECTID": 40,
                "Position": "N2E",
                "Sector": "LENDY",
                "Low": 13000,
                "High": 17000,
                "Notes": "May be delegated to N5S when JFK departs 4s or 13s",
                "Fill": "#CCCCCC",
                "Stroke": "#CCCCCC"
            }
        },
        {
            "type": "Feature",
            "id": 41,
            "geometry": {
                "type": "Polygon",
                "coordinates": [
                    [
                        [
                            -73.400570769999945,
                            40.478969664000033,
                            0
                        ],
                        [
                            -73.328686015999949,
                            40.580016225000065,
                            0
                        ],
                        [
                            -73.334598888999949,
                            40.581091111000035,
                            0
                        ],
                        [
                            -73.329856572999972,
                            40.615657589000079,
                            0
                        ],
                        [
                            -73.450932612999964,
                            40.625440456000035,
                            0
                        ],
                        [
                            -73.476689999999962,
                            40.553825000000074,
                            0
                        ],
                        [
                            -73.497647079999979,
                            40.523300736000067,
                            0
                        ],
                        [
                            -73.400570769999945,
                            40.478969664000033,
                            0
                        ]
                    ]
                ]
            },
            "properties": {
                "OBJECTID": 41,
                "Position": "N2K",
                "Sector": "ROBER",
                "Low": 0,
                "High": 3000,
                "Notes": null,
                "Fill": "#686868",
                "Stroke": "#686868"
            }
        },
        {
            "type": "Feature",
            "id": 42,
            "geometry": {
                "type": "Polygon",
                "coordinates": [
                    [
                        [
                            -73.252933055999961,
                            40.408815556000036,
                            0
                        ],
                        [
                            -73.085486576999983,
                            40.535514832000047,
                            0
                        ],
                        [
                            -73.328686015999949,
                            40.580016225000065,
                            0
                        ],
                        [
                            -73.400570769999945,
                            40.478969664000033,
                            0
                        ],
                        [
                            -73.252933055999961,
                            40.408815556000036,
                            0
                        ]
                    ]
                ]
            },
            "properties": {
                "OBJECTID": 42,
                "Position": "N2K",
                "Sector": "ROBER",
                "Low": 0,
                "High": 4000,
                "Notes": null,
                "Fill": "#686868",
                "Stroke": "#686868"
            }
        },
        {
            "type": "Feature",
            "id": 43,
            "geometry": {
                "type": "Polygon",
                "coordinates": [
                    [
                        [
                            -73.085486576999983,
                            40.535514832000047,
                            0
                        ],
                        [
                            -73.065745833999983,
                            40.550403333000077,
                            0
                        ],
                        [
                            -73.120495491999975,
                            40.603231273000063,
                            0
                        ],
                        [
                            -73.153175832999978,
                            40.597673889000077,
                            0
                        ],
                        [
                            -73.329856572999972,
                            40.615657589000079,
                            0
                        ],
                        [
                            -73.334598888999949,
                            40.581091111000035,
                            0
                        ],
                        [
                            -73.085486576999983,
                            40.535514832000047,
                            0
                        ]
                    ]
                ]
            },
            "properties": {
                "OBJECTID": 43,
                "Position": "N2K",
                "Sector": "ROBER",
                "Low": 4000,
                "High": 4000,
                "Notes": null,
                "Fill": "#686868",
                "Stroke": "#686868"
            }
        },
        {
            "type": "Feature",
            "id": 44,
            "geometry": {
                "type": "Polygon",
                "coordinates": [
                    [
                        [
                            -73.329856572999972,
                            40.615657589000079,
                            0
                        ],
                        [
                            -73.153175832999978,
                            40.597673889000077,
                            0
                        ],
                        [
                            -73.120495491999975,
                            40.603231273000063,
                            0
                        ],
                        [
                            -73.260084443999972,
                            40.737436667000054,
                            0
                        ],
                        [
                            -73.321105042999989,
                            40.679340849000027,
                            0
                        ],
                        [
                            -73.329856572999972,
                            40.615657589000079,
                            0
                        ]
                    ]
                ]
            },
            "properties": {
                "OBJECTID": 44,
                "Position": "N2K",
                "Sector": "ROBER",
                "Low": 4000,
                "High": 12000,
                "Notes": null,
                "Fill": "#686868",
                "Stroke": "#686868"
            }
        },
        {
            "type": "Feature",
            "id": 46,
            "geometry": {
                "type": "Polygon",
                "coordinates": [
                    [
                        [
                            -73.260084443999972,
                            40.737436667000054,
                            0
                        ],
                        [
                            -73.120495491999975,
                            40.603231273000063,
                            0
                        ],
                        [
                            -72.965774443999976,
                            40.629403056000058,
                            0
                        ],
                        [
                            -73.018950634999953,
                            40.680522212000028,
                            0
                        ],
                        [
                            -73.105248888999938,
                            40.763268333000042,
                            0
                        ],
                        [
                            -73.260084443999972,
                            40.737436667000054,
                            0
                        ]
                    ]
                ]
            },
            "properties": {
                "OBJECTID": 46,
                "Position": "N2K",
                "Sector": "ROBER",
                "Low": 5000,
                "High": 12000,
                "Notes": null,
                "Fill": "#686868",
                "Stroke": "#686868"
            }
        },
        {
            "type": "Feature",
            "id": 47,
            "geometry": {
                "type": "Polygon",
                "coordinates": [
                    [
                        [
                            -72.965774443999976,
                            40.629403056000058,
                            0
                        ],
                        [
                            -72.87438138999994,
                            40.661111111000025,
                            0
                        ],
                        [
                            -73.024715555999933,
                            40.776608056000043,
                            0
                        ],
                        [
                            -73.105248888999938,
                            40.763268333000042,
                            0
                        ],
                        [
                            -72.965774443999976,
                            40.629403056000058,
                            0
                        ]
                    ]
                ]
            },
            "properties": {
                "OBJECTID": 47,
                "Position": "N2K",
                "Sector": "ROBER",
                "Low": 7000,
                "High": 12000,
                "Notes": null,
                "Fill": "#686868",
                "Stroke": "#686868"
            }
        },
        {
            "type": "Feature",
            "id": 48,
            "geometry": {
                "type": "Polygon",
                "coordinates": [
                    [
                        [
                            -72.969598948999987,
                            40.906522509000069,
                            0
                        ],
                        [
                            -72.974164721999955,
                            40.903857778000031,
                            0
                        ],
                        [
                            -73.098180584999966,
                            40.831866552000065,
                            0
                        ],
                        [
                            -73.260084443999972,
                            40.737436667000054,
                            0
                        ],
                        [
                            -73.105248888999938,
                            40.763268333000042,
                            0
                        ],
                        [
                            -73.024715555999933,
                            40.776608056000043,
                            0
                        ],
                        [
                            -72.940456752999978,
                            40.711945338000078,
                            0
                        ],
                        [
                            -72.87438138999994,
                            40.661111111000025,
                            0
                        ],
                        [
                            -72.850820028999976,
                            40.669311949000075,
                            0
                        ],
                        [
                            -72.881095409999944,
                            40.729774192000036,
                            0
                        ],
                        [
                            -72.969598948999987,
                            40.906522509000069,
                            0
                        ]
                    ]
                ]
            },
            "properties": {
                "OBJECTID": 48,
                "Position": "N2K",
                "Sector": "ROBER",
                "Low": 9000,
                "High": 12000,
                "Notes": null,
                "Fill": "#686868",
                "Stroke": "#686868"
            }
        },
        {
            "type": "Feature",
            "id": 49,
            "geometry": {
                "type": "Polygon",
                "coordinates": [
                    [
                        [
                            -72.762184999999988,
                            40.700100556000052,
                            0
                        ],
                        [
                            -72.762146594999933,
                            40.752863940000054,
                            0
                        ],
                        [
                            -72.762070732999973,
                            40.857087014000058,
                            0
                        ],
                        [
                            -72.815016366999942,
                            40.907177895000075,
                            0
                        ],
                        [
                            -72.931609352999942,
                            40.928694461000077,
                            0
                        ],
                        [
                            -72.969598948999987,
                            40.906522509000069,
                            0
                        ],
                        [
                            -72.880576401999974,
                            40.729872279000062,
                            0
                        ],
                        [
                            -72.850820028999976,
                            40.669311949000075,
                            0
                        ],
                        [
                            -72.762184999999988,
                            40.700100556000052,
                            0
                        ]
                    ]
                ]
            },
            "properties": {
                "OBJECTID": 49,
                "Position": "N2K",
                "Sector": "ROBER",
                "Low": 9000,
                "High": 11000,
                "Notes": "Control on handoffs from ZBW to 12000",
                "Fill": "#686868",
                "Stroke": "#686868"
            }
        },
        {
            "type": "Feature",
            "id": 50,
            "geometry": {
                "type": "Polygon",
                "coordinates": [
                    [
                        [
                            -73.089677709999933,
                            40.91438733800004,
                            0
                        ],
                        [
                            -73.135450645999981,
                            40.923665584000048,
                            0
                        ],
                        [
                            -73.251964721999968,
                            40.866113889000076,
                            0
                        ],
                        [
                            -73.26852250099995,
                            40.789951944000052,
                            0
                        ],
                        [
                            -73.260084443999972,
                            40.737436667000054,
                            0
                        ],
                        [
                            -73.098180584999966,
                            40.831866552000065,
                            0
                        ],
                        [
                            -72.974164721999955,
                            40.903857778000031,
                            0
                        ],
                        [
                            -73.028924166999957,
                            40.902072500000031,
                            0
                        ],
                        [
                            -73.089677709999933,
                            40.91438733800004,
                            0
                        ]
                    ]
                ]
            },
            "properties": {
                "OBJECTID": 50,
                "Position": "N2K",
                "Sector": "ROBER",
                "Low": 9000,
                "High": 10000,
                "Notes": null,
                "Fill": "#686868",
                "Stroke": "#686868"
            }
        },
        {
            "type": "Feature",
            "id": 51,
            "geometry": {
                "type": "Polygon",
                "coordinates": [
                    [
                        [
                            -73.26852250099995,
                            40.789951944000052,
                            0
                        ],
                        [
                            -73.251964721999968,
                            40.866113889000076,
                            0
                        ],
                        [
                            -73.279368567999938,
                            40.881540033000078,
                            0
                        ],
                        [
                            -73.286807626999973,
                            40.885727621000058,
                            0
                        ],
                        [
                            -73.303359801999989,
                            40.895045154000059,
                            0
                        ],
                        [
                            -73.333515833999968,
                            40.912020556000073,
                            0
                        ],
                        [
                            -73.468364153999971,
                            40.918926099000032,
                            0
                        ],
                        [
                            -73.579401154999971,
                            40.876106800000059,
                            0
                        ],
                        [
                            -73.579501229999948,
                            40.875963271000046,
                            0
                        ],
                        [
                            -73.580036327999949,
                            40.875195821000034,
                            0
                        ],
                        [
                            -73.580036801999938,
                            40.875195142000052,
                            0
                        ],
                        [
                            -73.580036885999959,
                            40.875195021000025,
                            0
                        ],
                        [
                            -73.587818628999969,
                            40.864038357000027,
                            0
                        ],
                        [
                            -73.620090832999949,
                            40.81774972200003,
                            0
                        ],
                        [
                            -73.592633342999989,
                            40.817633490000048,
                            0
                        ],
                        [
                            -73.384845875999986,
                            40.816753888000051,
                            0
                        ],
                        [
                            -73.414399214999946,
                            40.729506512000057,
                            0
                        ],
                        [
                            -73.489819721999936,
                            40.628443056000037,
                            0
                        ],
                        [
                            -73.450932612999964,
                            40.625440456000035,
                            0
                        ],
                        [
                            -73.329856572999972,
                            40.615657589000079,
                            0
                        ],
                        [
                            -73.321105042999989,
                            40.679340849000027,
                            0
                        ],
                        [
                            -73.313212373999988,
                            40.757369829000027,
                            0
                        ],
                        [
                            -73.31293599994406,
                            40.756480113648038,
                            0
                        ],
                        [
                            -73.312652964674328,
                            40.755592494888418,
                            0
                        ],
                        [
                            -73.312363284093166,
                            40.754707022592264,
                            0
                        ],
                        [
                            -73.312066974476394,
                            40.753823746510079,
                            0
                        ],
                        [
                            -73.311764052472228,
                            40.752942716268976,
                            0
                        ],
                        [
                            -73.311454535100424,
                            40.752063981369872,
                            0
                        ],
                        [
                            -73.311138439751318,
                            40.751187591184724,
                            0
                        ],
                        [
                            -73.310815784184797,
                            40.750313594953759,
                            0
                        ],
                        [
                            -73.31048658652935,
                            40.749442041782693,
                            0
                        ],
                        [
                            -73.310150865281031,
                            40.74857298063997,
                            0
                        ],
                        [
                            -73.30980863930246,
                            40.747706460354038,
                            0
                        ],
                        [
                            -73.309459927821663,
                            40.746842529610568,
                            0
                        ],
                        [
                            -73.309104750431104,
                            40.745981236949746,
                            0
                        ],
                        [
                            -73.308743127086515,
                            40.745122630763532,
                            0
                        ],
                        [
                            -73.308375078105826,
                            40.744266759292948,
                            0
                        ],
                        [
                            -73.308000624167931,
                            40.743413670625372,
                            0
                        ],
                        [
                            -73.307619786311662,
                            40.742563412691815,
                            0
                        ],
                        [
                            -73.307232585934472,
                            40.741716033264254,
                            0
                        ],
                        [
                            -73.306839044791332,
                            40.74087157995293,
                            0
                        ],
                        [
                            -73.306439184993451,
                            40.740030100203683,
                            0
                        ],
                        [
                            -73.306033029007068,
                            40.739191641295285,
                            0
                        ],
                        [
                            -73.305620599652158,
                            40.738356250336771,
                            0
                        ],
                        [
                            -73.305201920101183,
                            40.737523974264818,
                            0
                        ],
                        [
                            -73.304777013877768,
                            40.73669485984108,
                            0
                        ],
                        [
                            -73.304345904855396,
                            40.735868953649572,
                            0
                        ],
                        [
                            -73.303908617256013,
                            40.735046302094055,
                            0
                        ],
                        [
                            -73.303465175648768,
                            40.734226951395449,
                            0
                        ],
                        [
                            -73.303015604948541,
                            40.733410947589171,
                            0
                        ],
                        [
                            -73.302559930414589,
                            40.732598336522642,
                            0
                        ],
                        [
                            -73.3020981776491,
                            40.731789163852611,
                            0
                        ],
                        [
                            -73.301630372595795,
                            40.730983475042684,
                            0
                        ],
                        [
                            -73.301156541538404,
                            40.730181315360696,
                            0
                        ],
                        [
                            -73.300676711099271,
                            40.729382729876214,
                            0
                        ],
                        [
                            -73.300190908237795,
                            40.728587763457966,
                            0
                        ],
                        [
                            -73.299699160248949,
                            40.727796460771373,
                            0
                        ],
                        [
                            -73.299201494761704,
                            40.727008866275987,
                            0
                        ],
                        [
                            -73.298697939737565,
                            40.726225024223012,
                            0
                        ],
                        [
                            -73.29818852346888,
                            40.725444978652838,
                            0
                        ],
                        [
                            -73.297673274577363,
                            40.72466877339253,
                            0
                        ],
                        [
                            -73.297152222012386,
                            40.723896452053388,
                            0
                        ],
                        [
                            -73.29662539504946,
                            40.723128058028507,
                            0
                        ],
                        [
                            -73.296092823288475,
                            40.722363634490307,
                            0
                        ],
                        [
                            -73.295554536652133,
                            40.721603224388133,
                            0
                        ],
                        [
                            -73.295010565384203,
                            40.72084687044584,
                            0
                        ],
                        [
                            -73.294460940047884,
                            40.720094615159368,
                            0
                        ],
                        [
                            -73.293905691524003,
                            40.719346500794394,
                            0
                        ],
                        [
                            -73.293344851009351,
                            40.718602569383926,
                            0
                        ],
                        [
                            -73.292778450014922,
                            40.717862862725951,
                            0
                        ],
                        [
                            -73.29220652036409,
                            40.71712742238109,
                            0
                        ],
                        [
                            -73.291629094190881,
                            40.716396289670257,
                            0
                        ],
                        [
                            -73.291046203938151,
                            40.715669505672338,
                            0
                        ],
                        [
                            -73.290457882355753,
                            40.714947111221903,
                            0
                        ],
                        [
                            -73.289864162498674,
                            40.714229146906867,
                            0
                        ],
                        [
                            -73.289265077725233,
                            40.71351565306626,
                            0
                        ],
                        [
                            -73.288660661695189,
                            40.712806669787923,
                            0
                        ],
                        [
                            -73.288050948367797,
                            40.712102236906269,
                            0
                        ],
                        [
                            -73.287435971999969,
                            40.711402394000061,
                            0
                        ],
                        [
                            -73.260084443999972,
                            40.737436667000054,
                            0
                        ],
                        [
                            -73.26852250099995,
                            40.789951944000052,
                            0
                        ]
                    ]
                ]
            },
            "properties": {
                "OBJECTID": 51,
                "Position": "N2K",
                "Sector": "ROBER",
                "Low": 4000,
                "High": 5000,
                "Notes": null,
                "Fill": "#686868",
                "Stroke": "#686868"
            }
        }
    ]
}