{
    "hasZ": true,
    "type": "FeatureCollection",
    "features": [
        {
            "type": "Feature",
            "id": 1,
            "geometry": {
                "type": "Polygon",
                "coordinates": [
                    [
                        [
                            -74.02222722099998,
                            40.191659444000038,
                            0
                        ],
                        [
                            -73.998300793999988,
                            40.232535553000048,
                            0
                        ],
                        [
                            -73.97505027699998,
                            40.272203889000025,
                            0
                        ],
                        [
                            -73.994335277999937,
                            40.32096277800008,
                            0
                        ],
                        [
                            -74.058575387999952,
                            40.354036922000034,
                            0
                        ],
                        [
                            -74.115517653999973,
                            40.383353757000066,
                            0
                        ],
                        [
                            -74.148068359999968,
                            40.400112550000074,
                            0
                        ],
                        [
                            -74.187343055999975,
                            40.384001389000048,
                            0
                        ],
                        [
                            -74.268299275999937,
                            40.310247870000069,
                            0
                        ],
                        [
                            -74.33410454999995,
                            40.250297313000033,
                            0
                        ],
                        [
                            -73.999918610999941,
                            40.154205833000049,
                            0
                        ],
                        [
                            -74.02222722099998,
                            40.191659444000038,
                            0
                        ]
                    ]
                ]
            },
            "properties": {
                "OBJECTID": 1,
                "Position": "N2G",
                "Low": 3000,
                "High": 4000,
                "Notes": null,
                "Fill": "#E1E1E1",
                "Stroke": "#E1E1E1",
                "Sector": "CAMRN",
                "Shape_Length": 0.95099543779448403,
                "Shape_Area": 0.048415200168475253
            }
        },
        {
            "type": "Feature",
            "id": 2,
            "geometry": {
                "type": "Polygon",
                "coordinates": [
                    [
                        [
                            -73.637515277999967,
                            40.091682222000031,
                            0
                        ],
                        [
                            -73.667767221999952,
                            40.101321389000077,
                            0
                        ],
                        [
                            -73.916586110999958,
                            40.200013056000046,
                            0
                        ],
                        [
                            -73.998300793999988,
                            40.232535553000048,
                            0
                        ],
                        [
                            -74.02222722099998,
                            40.191659444000038,
                            0
                        ],
                        [
                            -73.999918610999941,
                            40.154205833000049,
                            0
                        ],
                        [
                            -73.895819166999956,
                            40.137531944000045,
                            0
                        ],
                        [
                            -73.798603888999935,
                            40.063929167000026,
                            0
                        ],
                        [
                            -73.716678888999979,
                            40.033355278000045,
                            0
                        ],
                        [
                            -73.637515277999967,
                            40.091682222000031,
                            0
                        ]
                    ]
                ]
            },
            "properties": {
                "OBJECTID": 2,
                "Position": "N2G",
                "Low": 0,
                "High": 10000,
                "Notes": "Control on handoff from ZDC to 11000",
                "Fill": "#E1E1E1",
                "Stroke": "#E1E1E1",
                "Sector": "CAMRN",
                "Shape_Length": 0.89147028712990628,
                "Shape_Area": 0.02538620965720088
            }
        },
        {
            "type": "Feature",
            "id": 3,
            "geometry": {
                "type": "Polygon",
                "coordinates": [
                    [
                        [
                            -73.637515277999967,
                            40.091682222000031,
                            0
                        ],
                        [
                            -73.464437499999974,
                            40.211335833000078,
                            0
                        ],
                        [
                            -73.43693424199995,
                            40.237210007000044,
                            0
                        ],
                        [
                            -73.514091145999942,
                            40.319150628000045,
                            0
                        ],
                        [
                            -73.667767221999952,
                            40.101321389000077,
                            0
                        ],
                        [
                            -73.637515277999967,
                            40.091682222000031,
                            0
                        ]
                    ]
                ]
            },
            "properties": {
                "OBJECTID": 3,
                "Position": "N2G",
                "Low": 0,
                "High": 13000,
                "Notes": null,
                "Fill": "#E1E1E1",
                "Stroke": "#E1E1E1",
                "Sector": "CAMRN",
                "Shape_Length": 0.65905457147390811,
                "Shape_Area": 0.018461327848517634
            }
        },
        {
            "type": "Feature",
            "id": 4,
            "geometry": {
                "type": "Polygon",
                "coordinates": [
                    [
                        [
                            -73.916586110999958,
                            40.200013056000046,
                            0
                        ],
                        [
                            -73.667767221999952,
                            40.101321389000077,
                            0
                        ],
                        [
                            -73.514091145999942,
                            40.319150628000045,
                            0
                        ],
                        [
                            -73.545709013999954,
                            40.352410662000068,
                            0
                        ],
                        [
                            -73.635861666999972,
                            40.329900000000066,
                            0
                        ],
                        [
                            -73.916586110999958,
                            40.200013056000046,
                            0
                        ]
                    ]
                ]
            },
            "properties": {
                "OBJECTID": 4,
                "Position": "N2G",
                "Low": 0,
                "High": 14000,
                "Notes": "Control on handoff from ZDC to 15000",
                "Fill": "#E1E1E1",
                "Stroke": "#E1E1E1",
                "Sector": "CAMRN",
                "Shape_Length": 0.98238631359619688,
                "Shape_Area": 0.045955404560932354
            }
        },
        {
            "type": "Feature",
            "id": 5,
            "geometry": {
                "type": "Polygon",
                "coordinates": [
                    [
                        [
                            -73.43693424199995,
                            40.237210007000044,
                            0
                        ],
                        [
                            -73.252933055999961,
                            40.408815556000036,
                            0
                        ],
                        [
                            -73.400570769999945,
                            40.478969664000033,
                            0
                        ],
                        [
                            -73.514091145999942,
                            40.319150628000045,
                            0
                        ],
                        [
                            -73.43693424199995,
                            40.237210007000044,
                            0
                        ]
                    ]
                ]
            },
            "properties": {
                "OBJECTID": 5,
                "Position": "N2G",
                "Low": 0,
                "High": 4000,
                "Notes": null,
                "Fill": "#E1E1E1",
                "Stroke": "#E1E1E1",
                "Sector": "CAMRN",
                "Shape_Length": 0.72364551920510989,
                "Shape_Area": 0.029938481081228707
            }
        },
        {
            "type": "Feature",
            "id": 6,
            "geometry": {
                "type": "Polygon",
                "coordinates": [
                    [
                        [
                            -73.400570769999945,
                            40.478969664000033,
                            0
                        ],
                        [
                            -73.497647079999979,
                            40.523300736000067,
                            0
                        ],
                        [
                            -73.546425555999974,
                            40.545834722000052,
                            0
                        ],
                        [
                            -73.618155555999977,
                            40.44198722200008,
                            0
                        ],
                        [
                            -73.619399510018852,
                            40.441450810612181,
                            0
                        ],
                        [
                            -73.620645605399531,
                            40.4409193926219,
                            0
                        ],
                        [
                            -73.621893822097931,
                            40.440392976577343,
                            0
                        ],
                        [
                            -73.623144140035876,
                            40.439871570946188,
                            0
                        ],
                        [
                            -73.624396539101369,
                            40.439355184115506,
                            0
                        ],
                        [
                            -73.625650999148931,
                            40.438843824391633,
                            0
                        ],
                        [
                            -73.626907499999959,
                            40.438337500000046,
                            0
                        ],
                        [
                            -73.58791215499997,
                            40.397143100000051,
                            0
                        ],
                        [
                            -73.545709013999954,
                            40.352410662000068,
                            0
                        ],
                        [
                            -73.514091145999942,
                            40.319150628000045,
                            0
                        ],
                        [
                            -73.400570769999945,
                            40.478969664000033,
                            0
                        ]
                    ]
                ]
            },
            "properties": {
                "OBJECTID": 6,
                "Position": "N2G",
                "Low": 0,
                "High": 3000,
                "Notes": null,
                "Fill": "#E1E1E1",
                "Stroke": "#E1E1E1",
                "Sector": "CAMRN",
                "Shape_Length": 0.65629255319133684,
                "Shape_Area": 0.025979240548242077
            }
        },
        {
            "type": "Feature",
            "id": 7,
            "geometry": {
                "type": "Polygon",
                "coordinates": [
                    [
                        [
                            -73.58791215499997,
                            40.397143100000051,
                            0
                        ],
                        [
                            -73.635861666999972,
                            40.329900000000066,
                            0
                        ],
                        [
                            -73.545709013999954,
                            40.352410662000068,
                            0
                        ],
                        [
                            -73.58791215499997,
                            40.397143100000051,
                            0
                        ]
                    ]
                ]
            },
            "properties": {
                "OBJECTID": 7,
                "Position": "N2G",
                "Low": 0,
                "High": 14000,
                "Notes": null,
                "Fill": "#E1E1E1",
                "Stroke": "#E1E1E1",
                "Sector": "CAMRN",
                "Shape_Length": 0.23700738581471767,
                "Shape_Area": 0.0024913843016235284
            }
        },
        {
            "type": "Feature",
            "id": 9,
            "geometry": {
                "type": "Polygon",
                "coordinates": [
                    [
                        [
                            -73.626907499999959,
                            40.438337501000035,
                            0
                        ],
                        [
                            -73.628427481642476,
                            40.437745255948052,
                            0
                        ],
                        [
                            -73.629950009382057,
                            40.437159587375049,
                            0
                        ],
                        [
                            -73.631475054764522,
                            40.436580506226449,
                            0
                        ],
                        [
                            -73.633002589288594,
                            40.436008023324575,
                            0
                        ],
                        [
                            -73.634532584406557,
                            40.435442149368434,
                            0
                        ],
                        [
                            -73.636065011524636,
                            40.43488289493353,
                            0
                        ],
                        [
                            -73.637599842003652,
                            40.434330270471634,
                            0
                        ],
                        [
                            -73.639137047159494,
                            40.433784286310633,
                            0
                        ],
                        [
                            -73.640676598263667,
                            40.433244952654299,
                            0
                        ],
                        [
                            -73.642218466543824,
                            40.43271227958212,
                            0
                        ],
                        [
                            -73.643762623184358,
                            40.432186277049112,
                            0
                        ],
                        [
                            -73.645309039326833,
                            40.431666954885628,
                            0
                        ],
                        [
                            -73.646857686070618,
                            40.431154322797148,
                            0
                        ],
                        [
                            -73.648408534473418,
                            40.430648390364155,
                            0
                        ],
                        [
                            -73.649961555551741,
                            40.430149167041904,
                            0
                        ],
                        [
                            -73.651516720281535,
                            40.429656662160269,
                            0
                        ],
                        [
                            -73.653073999598647,
                            40.429170884923572,
                            0
                        ],
                        [
                            -73.65463336439943,
                            40.428691844410395,
                            0
                        ],
                        [
                            -73.65619478554126,
                            40.42821954957342,
                            0
                        ],
                        [
                            -73.657758233843083,
                            40.427754009239258,
                            0
                        ],
                        [
                            -73.659323680085961,
                            40.4272952321083,
                            0
                        ],
                        [
                            -73.660891095013582,
                            40.426843226754528,
                            0
                        ],
                        [
                            -73.662460449332912,
                            40.426398001625365,
                            0
                        ],
                        [
                            -73.664031713714593,
                            40.425959565041531,
                            0
                        ],
                        [
                            -73.665604858793628,
                            40.425527925196874,
                            0
                        ],
                        [
                            -73.667179855169863,
                            40.42510309015821,
                            0
                        ],
                        [
                            -73.66875667340851,
                            40.424685067865198,
                            0
                        ],
                        [
                            -73.670335284040775,
                            40.424273866130157,
                            0
                        ],
                        [
                            -73.671915657564355,
                            40.423869492637948,
                            0
                        ],
                        [
                            -73.673497764443965,
                            40.423471954945818,
                            0
                        ],
                        [
                            -73.675081575111989,
                            40.423081260483265,
                            0
                        ],
                        [
                            -73.676667059968921,
                            40.422697416551891,
                            0
                        ],
                        [
                            -73.678254189383978,
                            40.422320430325271,
                            0
                        ],
                        [
                            -73.679842933695653,
                            40.421950308848814,
                            0
                        ],
                        [
                            -73.681433263212242,
                            40.421587059039652,
                            0
                        ],
                        [
                            -73.683025148212437,
                            40.421230687686467,
                            0
                        ],
                        [
                            -73.684618558945829,
                            40.420881201449411,
                            0
                        ],
                        [
                            -73.686213465633529,
                            40.420538606859957,
                            0
                        ],
                        [
                            -73.687809838468681,
                            40.420202910320775,
                            0
                        ],
                        [
                            -73.689407647617003,
                            40.419874118105632,
                            0
                        ],
                        [
                            -73.691006863217396,
                            40.419552236359252,
                            0
                        ],
                        [
                            -73.692607455382472,
                            40.419237271097209,
                            0
                        ],
                        [
                            -73.69420939419912,
                            40.418929228205819,
                            0
                        ],
                        [
                            -73.695812649729035,
                            40.418628113442033,
                            0
                        ],
                        [
                            -73.697417192009354,
                            40.41833393243332,
                            0
                        ],
                        [
                            -73.699022991053113,
                            40.418046690677556,
                            0
                        ],
                        [
                            -73.7006300168499,
                            40.417766393542948,
                            0
                        ],
                        [
                            -73.702238239366352,
                            40.417493046267907,
                            0
                        ],
                        [
                            -73.703847628546754,
                            40.417226653960952,
                            0
                        ],
                        [
                            -73.70545815431359,
                            40.416967221600643,
                            0
                        ],
                        [
                            -73.707069786568084,
                            40.416714754035446,
                            0
                        ],
                        [
                            -73.7086824951908,
                            40.416469255983671,
                            0
                        ],
                        [
                            -73.710296250042177,
                            40.416230732033384,
                            0
                        ],
                        [
                            -73.7119110209631,
                            40.415999186642303,
                            0
                        ],
                        [
                            -73.713526777775485,
                            40.415774624137725,
                            0
                        ],
                        [
                            -73.715143490282784,
                            40.415557048716458,
                            0
                        ],
                        [
                            -73.716761128270619,
                            40.415346464444724,
                            0
                        ],
                        [
                            -73.718379661507313,
                            40.41514287525807,
                            0
                        ],
                        [
                            -73.719999059744453,
                            40.414946284961346,
                            0
                        ],
                        [
                            -73.721619292717449,
                            40.414756697228576,
                            0
                        ],
                        [
                            -73.723240330146126,
                            40.414574115602932,
                            0
                        ],
                        [
                            -73.724862141735272,
                            40.414398543496631,
                            0
                        ],
                        [
                            -73.726484697175209,
                            40.414229984190911,
                            0
                        ],
                        [
                            -73.728107966142346,
                            40.414068440835941,
                            0
                        ],
                        [
                            -73.729731918299763,
                            40.41391391645076,
                            0
                        ],
                        [
                            -73.731356523297777,
                            40.413766413923241,
                            0
                        ],
                        [
                            -73.732981750774499,
                            40.413625936010035,
                            0
                        ],
                        [
                            -73.734607570356417,
                            40.413492485336498,
                            0
                        ],
                        [
                            -73.736233951658932,
                            40.413366064396662,
                            0
                        ],
                        [
                            -73.737860864286972,
                            40.413246675553182,
                            0
                        ],
                        [
                            -73.739488277835505,
                            40.413134321037283,
                            0
                        ],
                        [
                            -73.741116161890162,
                            40.413029002948747,
                            0
                        ],
                        [
                            -73.742744486027789,
                            40.412930723255826,
                            0
                        ],
                        [
                            -73.744373219816978,
                            40.412839483795253,
                            0
                        ],
                        [
                            -73.746002332818676,
                            40.412755286272187,
                            0
                        ],
                        [
                            -73.747631794586752,
                            40.412678132260169,
                            0
                        ],
                        [
                            -73.749261574668566,
                            40.412608023201123,
                            0
                        ],
                        [
                            -73.750891642605481,
                            40.412544960405292,
                            0
                        ],
                        [
                            -73.752521967933546,
                            40.412488945051251,
                            0
                        ],
                        [
                            -73.754152520183951,
                            40.412439978185851,
                            0
                        ],
                        [
                            -73.755783268883661,
                            40.412398060724229,
                            0
                        ],
                        [
                            -73.75741418355598,
                            40.412363193449771,
                            0
                        ],
                        [
                            -73.759045233721082,
                            40.412335377014102,
                            0
                        ],
                        [
                            -73.760676388896655,
                            40.412314611937077,
                            0
                        ],
                        [
                            -73.762307618598371,
                            40.412300898606773,
                            0
                        ],
                        [
                            -73.763938892340548,
                            40.412294237279475,
                            0
                        ],
                        [
                            -73.765570179636669,
                            40.412294628079671,
                            0
                        ],
                        [
                            -73.767201449999959,
                            40.412302071000056,
                            0
                        ],
                        [
                            -73.768845378448233,
                            40.412321331403959,
                            0
                        ],
                        [
                            -73.77048921119335,
                            40.412347515602931,
                            0
                        ],
                        [
                            -73.772132919074224,
                            40.412380623132478,
                            0
                        ],
                        [
                            -73.773776472932013,
                            40.412420653405277,
                            0
                        ],
                        [
                            -73.775419843610578,
                            40.412467605711207,
                            0
                        ],
                        [
                            -73.777063001957032,
                            40.412521479217347,
                            0
                        ],
                        [
                            -73.778705918822268,
                            40.412582272967995,
                            0
                        ],
                        [
                            -73.780348565061445,
                            40.412649985884691,
                            0
                        ],
                        [
                            -73.78199091153455,
                            40.412724616766226,
                            0
                        ],
                        [
                            -73.783632929106858,
                            40.412806164288682,
                            0
                        ],
                        [
                            -73.7852745886495,
                            40.412894627005421,
                            0
                        ],
                        [
                            -73.786915861039944,
                            40.412990003347147,
                            0
                        ],
                        [
                            -73.788556717162521,
                            40.413092291621915,
                            0
                        ],
                        [
                            -73.790197127908982,
                            40.413201490015155,
                            0
                        ],
                        [
                            -73.791837064178949,
                            40.413317596589735,
                            0
                        ],
                        [
                            -73.793476496880444,
                            40.413440609285949,
                            0
                        ],
                        [
                            -73.79511539693047,
                            40.413570525921592,
                            0
                        ],
                        [
                            -73.79675373525545,
                            40.413707344191984,
                            0
                        ],
                        [
                            -73.798391482791757,
                            40.413851061670016,
                            0
                        ],
                        [
                            -73.800028610486279,
                            40.414001675806183,
                            0
                        ],
                        [
                            -73.80166508929689,
                            40.414159183928639,
                            0
                        ],
                        [
                            -73.803300890192943,
                            40.414323583243238,
                            0
                        ],
                        [
                            -73.804935984155861,
                            40.414494870833586,
                            0
                        ],
                        [
                            -73.806570342179597,
                            40.414673043661089,
                            0
                        ],
                        [
                            -73.808203935271123,
                            40.414858098565034,
                            0
                        ],
                        [
                            -73.809836734451039,
                            40.415050032262585,
                            0
                        ],
                        [
                            -73.811468710753985,
                            40.415248841348912,
                            0
                        ],
                        [
                            -73.813099835229224,
                            40.415454522297203,
                            0
                        ],
                        [
                            -73.814730078941096,
                            40.415667071458735,
                            0
                        ],
                        [
                            -73.816359412969618,
                            40.415886485062956,
                            0
                        ],
                        [
                            -73.817987808410891,
                            40.41611275921754,
                            0
                        ],
                        [
                            -73.819615236377686,
                            40.416345889908456,
                            0
                        ],
                        [
                            -73.821241667999971,
                            40.416585873000031,
                            0
                        ],
                        [
                            -73.822848245704137,
                            40.416829955775157,
                            0
                        ],
                        [
                            -73.824453744077246,
                            40.417081040013116,
                            0
                        ],
                        [
                            -73.826058132607102,
                            40.41733912094211,
                            0
                        ],
                        [
                            -73.827661380802567,
                            40.41760419365734,
                            0
                        ],
                        [
                            -73.829263458194191,
                            40.41787625312115,
                            0
                        ],
                        [
                            -73.830864334334791,
                            40.418155294163107,
                            0
                        ],
                        [
                            -73.832463978799979,
                            40.418441311480073,
                            0
                        ],
                        [
                            -73.834062361188813,
                            40.418734299636348,
                            0
                        ],
                        [
                            -73.835659451124286,
                            40.419034253063742,
                            0
                        ],
                        [
                            -73.837255218254015,
                            40.419341166061692,
                            0
                        ],
                        [
                            -73.838849632250714,
                            40.419655032797365,
                            0
                        ],
                        [
                            -73.840442662812819,
                            40.419975847305786,
                            0
                        ],
                        [
                            -73.842034279665071,
                            40.420303603489927,
                            0
                        ],
                        [
                            -73.843624452559084,
                            40.420638295120838,
                            0
                        ],
                        [
                            -73.845213151273867,
                            40.420979915837769,
                            0
                        ],
                        [
                            -73.846800345616515,
                            40.421328459148278,
                            0
                        ],
                        [
                            -73.848386005422668,
                            40.421683918428357,
                            0
                        ],
                        [
                            -73.84997010055713,
                            40.422046286922573,
                            0
                        ],
                        [
                            -73.851552600914459,
                            40.422415557744159,
                            0
                        ],
                        [
                            -73.853133476419515,
                            40.422791723875207,
                            0
                        ],
                        [
                            -73.85471269702802,
                            40.423174778166732,
                            0
                        ],
                        [
                            -73.856290232727204,
                            40.423564713338862,
                            0
                        ],
                        [
                            -73.857866053536227,
                            40.423961521980949,
                            0
                        ],
                        [
                            -73.859440129506936,
                            40.424365196551712,
                            0
                        ],
                        [
                            -73.861012430724273,
                            40.424775729379377,
                            0
                        ],
                        [
                            -73.862582927306931,
                            40.425193112661859,
                            0
                        ],
                        [
                            -73.864151589407896,
                            40.425617338466843,
                            0
                        ],
                        [
                            -73.865718387215026,
                            40.426048398732007,
                            0
                        ],
                        [
                            -73.86728329095159,
                            40.426486285265113,
                            0
                        ],
                        [
                            -73.868846270876901,
                            40.426930989744221,
                            0
                        ],
                        [
                            -73.870407297286761,
                            40.427382503717787,
                            0
                        ],
                        [
                            -73.871966340514163,
                            40.427840818604871,
                            0
                        ],
                        [
                            -73.873523370929746,
                            40.428305925695277,
                            0
                        ],
                        [
                            -73.875078358942446,
                            40.428777816149733,
                            0
                        ],
                        [
                            -73.876631274999966,
                            40.429256481000039,
                            0
                        ],
                        [
                            -73.876637503999973,
                            40.429258422000032,
                            0
                        ],
                        [
                            -73.938873055999977,
                            40.349766944000066,
                            0
                        ],
                        [
                            -73.97505027699998,
                            40.272203889000025,
                            0
                        ],
                        [
                            -73.998300793999988,
                            40.232535553000048,
                            0
                        ],
                        [
                            -73.916586110999958,
                            40.200013056000046,
                            0
                        ],
                        [
                            -73.635861666999972,
                            40.329900000000066,
                            0
                        ],
                        [
                            -73.58791215499997,
                            40.397143100000051,
                            0
                        ],
                        [
                            -73.626907499999959,
                            40.438337501000035,
                            0
                        ]
                    ]
                ]
            },
            "properties": {
                "OBJECTID": 9,
                "Position": "N2G",
                "Low": 0,
                "High": 17000,
                "Notes": null,
                "Fill": "#E1E1E1",
                "Stroke": "#E1E1E1",
                "Sector": "CAMRN",
                "Shape_Length": 1.0237879319944152,
                "Shape_Area": 0.052937343037722309
            }
        },
        {
            "type": "Feature",
            "id": 13,
            "geometry": {
                "type": "Polygon",
                "coordinates": [
                    [
                        [
                            -73.857818088999977,
                            40.576889306000055,
                            0
                        ],
                        [
                            -73.806003248999957,
                            40.643523367000057,
                            0
                        ],
                        [
                            -73.815803922999976,
                            40.647957652000059,
                            0
                        ],
                        [
                            -73.804293850999954,
                            40.66407623200007,
                            0
                        ],
                        [
                            -73.875280756999985,
                            40.694516899000064,
                            0
                        ],
                        [
                            -73.87783666699994,
                            40.693444444000079,
                            0
                        ],
                        [
                            -73.888444999999933,
                            40.687728889000027,
                            0
                        ],
                        [
                            -73.892642777999981,
                            40.68502611100007,
                            0
                        ],
                        [
                            -73.896653054999945,
                            40.682162222000045,
                            0
                        ],
                        [
                            -73.900464720999935,
                            40.679145833000064,
                            0
                        ],
                        [
                            -73.913065832999962,
                            40.665928889000043,
                            0
                        ],
                        [
                            -73.925268332999963,
                            40.650540556000067,
                            0
                        ],
                        [
                            -73.948345492999977,
                            40.620276779000051,
                            0
                        ],
                        [
                            -73.973589999999945,
                            40.587133333000054,
                            0
                        ],
                        [
                            -73.884719074999964,
                            40.54229513000007,
                            0
                        ],
                        [
                            -73.884718465999981,
                            40.542294659000049,
                            0
                        ],
                        [
                            -73.857818088999977,
                            40.576889306000055,
                            0
                        ]
                    ]
                ]
            },
            "properties": {
                "OBJECTID": 13,
                "Position": "N2J",
                "Low": 4000,
                "High": 17000,
                "Notes": null,
                "Fill": "#9C9C9C",
                "Stroke": "#9C9C9C",
                "Sector": "JFK Departure",
                "Shape_Length": 0.48280065843707776,
                "Shape_Area": 0.013868371485390159
            }
        },
        {
            "type": "Feature",
            "id": 14,
            "geometry": {
                "type": "Polygon",
                "coordinates": [
                    [
                        [
                            -73.782483993999961,
                            40.69687824500005,
                            0
                        ],
                        [
                            -73.777626380999948,
                            40.704184093000038,
                            0
                        ],
                        [
                            -73.80853222199994,
                            40.705823333000069,
                            0
                        ],
                        [
                            -73.868983202999971,
                            40.697158945000069,
                            0
                        ],
                        [
                            -73.875280756999985,
                            40.694516899000064,
                            0
                        ],
                        [
                            -73.804293850999954,
                            40.66407623200007,
                            0
                        ],
                        [
                            -73.782483993999961,
                            40.69687824500005,
                            0
                        ]
                    ]
                ]
            },
            "properties": {
                "OBJECTID": 14,
                "Position": "N2J",
                "Low": 0,
                "High": 12000,
                "Notes": null,
                "Fill": "#9C9C9C",
                "Stroke": "#9C9C9C",
                "Sector": "JFK Departure",
                "Shape_Length": 0.2242500301744477,
                "Shape_Area": 0.0021114550446373376
            }
        },
        {
            "type": "Feature",
            "id": 16,
            "geometry": {
                "type": "Polygon",
                "coordinates": [
                    [
                        [
                            -73.884718465999981,
                            40.542294659000049,
                            0
                        ],
                        [
                            -73.884719074999964,
                            40.54229513000007,
                            0
                        ],
                        [
                            -73.973589999999945,
                            40.587133333000054,
                            0
                        ],
                        [
                            -74.015604780999979,
                            40.518559225000047,
                            0
                        ],
                        [
                            -74.028489443999945,
                            40.497497778000024,
                            0
                        ],
                        [
                            -74.081502221999983,
                            40.432286667000028,
                            0
                        ],
                        [
                            -74.080399113745841,
                            40.431318263089743,
                            0
                        ],
                        [
                            -74.079292481076664,
                            40.430353888634819,
                            0
                        ],
                        [
                            -74.07818233871123,
                            40.429393556461946,
                            0
                        ],
                        [
                            -74.077068701415001,
                            40.428437279344024,
                            0
                        ],
                        [
                            -74.075951583999938,
                            40.427485070000046,
                            0
                        ],
                        [
                            -74.074726429328408,
                            40.42643051542516,
                            0
                        ],
                        [
                            -74.073496744996703,
                            40.425381246267627,
                            0
                        ],
                        [
                            -74.072262553806368,
                            40.424337281983604,
                            0
                        ],
                        [
                            -74.071023878642521,
                            40.423298641930913,
                            0
                        ],
                        [
                            -74.069780742473398,
                            40.422265345368629,
                            0
                        ],
                        [
                            -74.068533168349987,
                            40.421237411456751,
                            0
                        ],
                        [
                            -74.067281179405541,
                            40.420214859255843,
                            0
                        ],
                        [
                            -74.066024798855182,
                            40.419197707726681,
                            0
                        ],
                        [
                            -74.064764049995475,
                            40.418185975729891,
                            0
                        ],
                        [
                            -74.063498956203972,
                            40.417179682025605,
                            0
                        ],
                        [
                            -74.062229540938787,
                            40.41617884527313,
                            0
                        ],
                        [
                            -74.060955827738169,
                            40.415183484030564,
                            0
                        ],
                        [
                            -74.05967784022009,
                            40.414193616754503,
                            0
                        ],
                        [
                            -74.058395602081745,
                            40.413209261799643,
                            0
                        ],
                        [
                            -74.057109137099147,
                            40.412230437418479,
                            0
                        ],
                        [
                            -74.055818469126706,
                            40.411257161760965,
                            0
                        ],
                        [
                            -74.054523622096752,
                            40.410289452874153,
                            0
                        ],
                        [
                            -74.053224620019122,
                            40.409327328701877,
                            0
                        ],
                        [
                            -74.05192148698066,
                            40.408370807084417,
                            0
                        ],
                        [
                            -74.05061424714485,
                            40.407419905758168,
                            0
                        ],
                        [
                            -74.049302924751302,
                            40.406474642355299,
                            0
                        ],
                        [
                            -74.047987544115358,
                            40.405535034403457,
                            0
                        ],
                        [
                            -74.046668129627577,
                            40.404601099325404,
                            0
                        ],
                        [
                            -74.045344705753308,
                            40.403672854438732,
                            0
                        ],
                        [
                            -74.044017297032298,
                            40.402750316955498,
                            0
                        ],
                        [
                            -74.042685928078129,
                            40.401833503981948,
                            0
                        ],
                        [
                            -74.041350623577841,
                            40.400922432518172,
                            0
                        ],
                        [
                            -74.040011408291448,
                            40.4000171194578,
                            0
                        ],
                        [
                            -74.038668307051466,
                            40.399117581587689,
                            0
                        ],
                        [
                            -74.037321344762503,
                            40.398223835587594,
                            0
                        ],
                        [
                            -74.035970546400705,
                            40.397335898029901,
                            0
                        ],
                        [
                            -74.034615937013399,
                            40.396453785379265,
                            0
                        ],
                        [
                            -74.033257541718555,
                            40.395577513992343,
                            0
                        ],
                        [
                            -74.031895385704331,
                            40.394707100117493,
                            0
                        ],
                        [
                            -74.030529494228659,
                            40.393842559894438,
                            0
                        ],
                        [
                            -74.029159892618708,
                            40.392983909354001,
                            0
                        ],
                        [
                            -74.027786606270425,
                            40.392131164417783,
                            0
                        ],
                        [
                            -74.026409660648127,
                            40.391284340897904,
                            0
                        ],
                        [
                            -74.025029081283961,
                            40.390443454496655,
                            0
                        ],
                        [
                            -74.023644893777416,
                            40.389608520806263,
                            0
                        ],
                        [
                            -74.022257123794972,
                            40.388779555308552,
                            0
                        ],
                        [
                            -74.020865797069433,
                            40.387956573374709,
                            0
                        ],
                        [
                            -74.019470939399653,
                            40.387139590264944,
                            0
                        ],
                        [
                            -74.018072576649885,
                            40.386328621128257,
                            0
                        ],
                        [
                            -74.016670734749425,
                            40.385523681002105,
                            0
                        ],
                        [
                            -74.015265439692044,
                            40.384724784812171,
                            0
                        ],
                        [
                            -74.01385671753556,
                            40.383931947372076,
                            0
                        ],
                        [
                            -74.01244459440133,
                            40.383145183383071,
                            0
                        ],
                        [
                            -74.011029096473806,
                            40.382364507433799,
                            0
                        ],
                        [
                            -74.00961024999998,
                            40.381589934000033,
                            0
                        ],
                        [
                            -74.008104271354597,
                            40.380746671587147,
                            0
                        ],
                        [
                            -74.006594943363567,
                            40.37990941882196,
                            0
                        ],
                        [
                            -74.005082290008431,
                            40.379078189007465,
                            0
                        ],
                        [
                            -74.003566335323541,
                            40.378252995350984,
                            0
                        ],
                        [
                            -74.002047103395725,
                            40.377433850963918,
                            0
                        ],
                        [
                            -74.000524618363897,
                            40.376620768861564,
                            0
                        ],
                        [
                            -73.998998904418627,
                            40.375813761962874,
                            0
                        ],
                        [
                            -73.9974699858018,
                            40.375012843090289,
                            0
                        ],
                        [
                            -73.995937886806246,
                            40.374218024969515,
                            0
                        ],
                        [
                            -73.994402631775259,
                            40.373429320229327,
                            0
                        ],
                        [
                            -73.992864245102368,
                            40.372646741401361,
                            0
                        ],
                        [
                            -73.991322751230797,
                            40.371870300919909,
                            0
                        ],
                        [
                            -73.989778174653168,
                            40.371100011121747,
                            0
                        ],
                        [
                            -73.988230539911058,
                            40.370335884245925,
                            0
                        ],
                        [
                            -73.986679871594674,
                            40.369577932433558,
                            0
                        ],
                        [
                            -73.985126194342385,
                            40.368826167727654,
                            0
                        ],
                        [
                            -73.983569532840377,
                            40.368080602072915,
                            0
                        ],
                        [
                            -73.982009911822288,
                            40.367341247315537,
                            0
                        ],
                        [
                            -73.980447356068737,
                            40.36660811520305,
                            0
                        ],
                        [
                            -73.978881890406981,
                            40.3658812173841,
                            0
                        ],
                        [
                            -73.977313539710522,
                            40.365160565408281,
                            0
                        ],
                        [
                            -73.975742328898704,
                            40.364446170725941,
                            0
                        ],
                        [
                            -73.974168282936304,
                            40.36373804468802,
                            0
                        ],
                        [
                            -73.972591426833162,
                            40.363036198545842,
                            0
                        ],
                        [
                            -73.971011785643739,
                            40.36234064345097,
                            0
                        ],
                        [
                            -73.969429384466778,
                            40.361651390454981,
                            0
                        ],
                        [
                            -73.967844248444862,
                            40.36096845050934,
                            0
                        ],
                        [
                            -73.966256402764031,
                            40.360291834465194,
                            0
                        ],
                        [
                            -73.96466587265337,
                            40.359621553073232,
                            0
                        ],
                        [
                            -73.963072683384638,
                            40.358957616983453,
                            0
                        ],
                        [
                            -73.961476860271816,
                            40.358300036745078,
                            0
                        ],
                        [
                            -73.959878428670748,
                            40.357648822806311,
                            0
                        ],
                        [
                            -73.958277413978735,
                            40.357003985514211,
                            0
                        ],
                        [
                            -73.9566738416341,
                            40.356365535114527,
                            0
                        ],
                        [
                            -73.955067737115812,
                            40.355733481751521,
                            0
                        ],
                        [
                            -73.953459125943098,
                            40.355107835467813,
                            0
                        ],
                        [
                            -73.951848033674963,
                            40.354488606204228,
                            0
                        ],
                        [
                            -73.950234485909874,
                            40.35387580379961,
                            0
                        ],
                        [
                            -73.948618508285293,
                            40.353269437990726,
                            0
                        ],
                        [
                            -73.947000126477306,
                            40.352669518412036,
                            0
                        ],
                        [
                            -73.945379366200186,
                            40.352076054595592,
                            0
                        ],
                        [
                            -73.94375625320599,
                            40.351489055970873,
                            0
                        ],
                        [
                            -73.94213081328418,
                            40.350908531864626,
                            0
                        ],
                        [
                            -73.94050307226118,
                            40.350334491500739,
                            0
                        ],
                        [
                            -73.938873055999977,
                            40.349766944000066,
                            0
                        ],
                        [
                            -73.876637503999973,
                            40.429258422000032,
                            0
                        ],
                        [
                            -73.878070752679477,
                            40.429709379254959,
                            0
                        ],
                        [
                            -73.879502081133055,
                            40.430166394660617,
                            0
                        ],
                        [
                            -73.880931463753868,
                            40.430629460040869,
                            0
                        ],
                        [
                            -73.882358874969839,
                            40.431098567111356,
                            0
                        ],
                        [
                            -73.883784289244176,
                            40.431573707479608,
                            0
                        ],
                        [
                            -73.88520768107584,
                            40.432054872645239,
                            0
                        ],
                        [
                            -73.886629024999934,
                            40.432542054000066,
                            0
                        ],
                        [
                            -73.886817795999946,
                            40.432607272000041,
                            0
                        ],
                        [
                            -73.887854972999946,
                            40.43296775400006,
                            0
                        ],
                        [
                            -73.888043356999958,
                            40.433033618000024,
                            0
                        ],
                        [
                            -73.889376850004865,
                            40.433503275164718,
                            0
                        ],
                        [
                            -73.890708428759993,
                            40.433978332493226,
                            0
                        ],
                        [
                            -73.89203807139674,
                            40.434458782183661,
                            0
                        ],
                        [
                            -73.893365756078282,
                            40.434944616345568,
                            0
                        ],
                        [
                            -73.894691460999979,
                            40.435435827000049,
                            0
                        ],
                        [
                            -73.894784537999953,
                            40.435470546000033,
                            0
                        ],
                        [
                            -73.895574837219456,
                            40.435766572063343,
                            0
                        ],
                        [
                            -73.896364411999969,
                            40.436064525000063,
                            0
                        ],
                        [
                            -73.89654997699995,
                            40.436134870000046,
                            0
                        ],
                        [
                            -73.898001308587979,
                            40.436689205229925,
                            0
                        ],
                        [
                            -73.89945010434883,
                            40.437250134609421,
                            0
                        ],
                        [
                            -73.900896334322084,
                            40.437817646538775,
                            0
                        ],
                        [
                            -73.90233996860033,
                            40.438391729282074,
                            0
                        ],
                        [
                            -73.903780977329845,
                            40.438972370967562,
                            0
                        ],
                        [
                            -73.905219330711219,
                            40.439559559587813,
                            0
                        ],
                        [
                            -73.906654998999954,
                            40.440153283000029,
                            0
                        ],
                        [
                            -73.906836842999951,
                            40.440229045000081,
                            0
                        ],
                        [
                            -73.907880691258541,
                            40.440666353434125,
                            0
                        ],
                        [
                            -73.908923064999954,
                            40.441107165000062,
                            0
                        ],
                        [
                            -73.909104040999978,
                            40.44118411900007,
                            0
                        ],
                        [
                            -73.909284945999957,
                            40.441261169000029,
                            0
                        ],
                        [
                            -73.909465781999984,
                            40.441338314000063,
                            0
                        ],
                        [
                            -73.910729041419543,
                            40.441880725759809,
                            0
                        ],
                        [
                            -73.911990062999962,
                            40.442428320000033,
                            0
                        ],
                        [
                            -73.912349536999955,
                            40.442585552000025,
                            0
                        ],
                        [
                            -73.912888210999938,
                            40.442822109000076,
                            0
                        ],
                        [
                            -73.913246967999953,
                            40.442980286000079,
                            0
                        ],
                        [
                            -73.913426238999989,
                            40.443059516000062,
                            0
                        ],
                        [
                            -73.913605437999934,
                            40.443138841000064,
                            0
                        ],
                        [
                            -73.913874098999941,
                            40.443258004000029,
                            0
                        ],
                        [
                            -73.914142599999934,
                            40.443377379000026,
                            0
                        ],
                        [
                            -73.914410934999978,
                            40.443496966000055,
                            0
                        ],
                        [
                            -73.914589735999982,
                            40.443576809000035,
                            0
                        ],
                        [
                            -73.915348594419712,
                            40.443917084773432,
                            0
                        ],
                        [
                            -73.916106595999963,
                            40.444259265000028,
                            0
                        ],
                        [
                            -73.916284701999984,
                            40.444340000000068,
                            0
                        ],
                        [
                            -73.917527485366179,
                            40.444906884366539,
                            0
                        ],
                        [
                            -73.918767900450291,
                            40.445478932266063,
                            0
                        ],
                        [
                            -73.920005925798918,
                            40.446056133804866,
                            0
                        ],
                        [
                            -73.921241539999983,
                            40.446638479000057,
                            0
                        ],
                        [
                            -73.921417479999945,
                            40.446721916000058,
                            0
                        ],
                        [
                            -73.921857000999978,
                            40.446930911000038,
                            0
                        ],
                        [
                            -73.922032674999969,
                            40.44701467200008,
                            0
                        ],
                        [
                            -73.922997521999946,
                            40.447477005000053,
                            0
                        ],
                        [
                            -73.923085120999986,
                            40.447519174000035,
                            0
                        ],
                        [
                            -73.923785006593718,
                            40.447857250370532,
                            0
                        ],
                        [
                            -73.924484079999957,
                            40.448197003000075,
                            0
                        ],
                        [
                            -73.924658602999955,
                            40.448282145000064,
                            0
                        ],
                        [
                            -73.924833046999936,
                            40.448367380000036,
                            0
                        ],
                        [
                            -73.925007414999982,
                            40.448452706000069,
                            0
                        ],
                        [
                            -73.92620590059758,
                            40.449042682242641,
                            0
                        ],
                        [
                            -73.927401919014656,
                            40.449637644124152,
                            0
                        ],
                        [
                            -73.928595449511334,
                            40.450237581327492,
                            0
                        ],
                        [
                            -73.929786471390855,
                            40.450842483449286,
                            0
                        ],
                        [
                            -73.930974963999972,
                            40.45145234000006,
                            0
                        ],
                        [
                            -73.931146522999938,
                            40.451540897000029,
                            0
                        ],
                        [
                            -73.932003109999982,
                            40.451985033000028,
                            0
                        ],
                        [
                            -73.932174184999951,
                            40.452074132000064,
                            0
                        ],
                        [
                            -73.933351996105628,
                            40.452691115190753,
                            0
                        ],
                        [
                            -73.934527184866994,
                            40.453313078721379,
                            0
                        ],
                        [
                            -73.935699730224925,
                            40.453940011446512,
                            0
                        ],
                        [
                            -73.936869611167708,
                            40.454571902131654,
                            0
                        ],
                        [
                            -73.938036806731333,
                            40.455208739453489,
                            0
                        ],
                        [
                            -73.939201295999965,
                            40.45585051200004,
                            0
                        ],
                        [
                            -73.939368851999973,
                            40.455943395000077,
                            0
                        ],
                        [
                            -73.940497019407886,
                            40.456572310010102,
                            0
                        ],
                        [
                            -73.941622554999981,
                            40.45720592300006,
                            0
                        ],
                        [
                            -73.941788876999965,
                            40.457300079000049,
                            0
                        ],
                        [
                            -73.941955113999938,
                            40.457394322000027,
                            0
                        ],
                        [
                            -73.942121264999969,
                            40.457488654000031,
                            0
                        ],
                        [
                            -73.943295697893276,
                            40.458159302499389,
                            0
                        ],
                        [
                            -73.944467151648709,
                            40.458835141333317,
                            0
                        ],
                        [
                            -73.945635603328043,
                            40.459516157268233,
                            0
                        ],
                        [
                            -73.946801030051859,
                            40.460202336969168,
                            0
                        ],
                        [
                            -73.947963408999954,
                            40.46089366700005,
                            0
                        ],
                        [
                            -73.888493111999935,
                            40.537440358000026,
                            0
                        ],
                        [
                            -73.884718465999981,
                            40.542294659000049,
                            0
                        ]
                    ]
                ]
            },
            "properties": {
                "OBJECTID": 16,
                "Position": "N2J",
                "Low": 5000,
                "High": 17000,
                "Notes": null,
                "Fill": "#9C9C9C",
                "Stroke": "#9C9C9C",
                "Sector": "JFK Departure",
                "Shape_Length": 0.73677584163338772,
                "Shape_Area": 0.025382753779736211
            }
        },
        {
            "type": "Feature",
            "id": 19,
            "geometry": {
                "type": "Polygon",
                "coordinates": [
                    [
                        [
                            -73.489819721999936,
                            40.628443056000037,
                            0
                        ],
                        [
                            -73.489880087325517,
                            40.629689717484851,
                            0
                        ],
                        [
                            -73.489947613057097,
                            40.63093601163385,
                            0
                        ],
                        [
                            -73.490022296966416,
                            40.632181897320393,
                            0
                        ],
                        [
                            -73.490104136588954,
                            40.633427333431335,
                            0
                        ],
                        [
                            -73.490193129224068,
                            40.634672278868351,
                            0
                        ],
                        [
                            -73.490289271935083,
                            40.635916692549316,
                            0
                        ],
                        [
                            -73.490392561549385,
                            40.637160533409649,
                            0
                        ],
                        [
                            -73.490502994658485,
                            40.638403760403669,
                            0
                        ],
                        [
                            -73.490620567618194,
                            40.639646332505968,
                            0
                        ],
                        [
                            -73.490745276548708,
                            40.640888208712717,
                            0
                        ],
                        [
                            -73.490877117334733,
                            40.642129348043092,
                            0
                        ],
                        [
                            -73.491016085625645,
                            40.643369709540544,
                            0
                        ],
                        [
                            -73.491162176835601,
                            40.644609252274229,
                            0
                        ],
                        [
                            -73.491315386143739,
                            40.645847935340292,
                            0
                        ],
                        [
                            -73.491475708494249,
                            40.647085717863263,
                            0
                        ],
                        [
                            -73.491643138596658,
                            40.648322558997393,
                            0
                        ],
                        [
                            -73.491817670925911,
                            40.64955841792797,
                            0
                        ],
                        [
                            -73.491999299722579,
                            40.650793253872727,
                            0
                        ],
                        [
                            -73.49218801899309,
                            40.652027026083147,
                            0
                        ],
                        [
                            -73.492383822509851,
                            40.653259693845797,
                            0
                        ],
                        [
                            -73.492586703811526,
                            40.654491216483706,
                            0
                        ],
                        [
                            -73.492796656203197,
                            40.655721553357687,
                            0
                        ],
                        [
                            -73.493013672756632,
                            40.65695066386769,
                            0
                        ],
                        [
                            -73.493237746310442,
                            40.658178507454117,
                            0
                        ],
                        [
                            -73.493468869470433,
                            40.659405043599186,
                            0
                        ],
                        [
                            -73.493707034609713,
                            40.660630231828272,
                            0
                        ],
                        [
                            -73.493952233869038,
                            40.661854031711208,
                            0
                        ],
                        [
                            -73.494204459157046,
                            40.663076402863659,
                            0
                        ],
                        [
                            -73.49446370215054,
                            40.66429730494842,
                            0
                        ],
                        [
                            -73.494729954294684,
                            40.665516697676786,
                            0
                        ],
                        [
                            -73.495003206803432,
                            40.666734540809834,
                            0
                        ],
                        [
                            -73.495283450659642,
                            40.6679507941598,
                            0
                        ],
                        [
                            -73.495570676615543,
                            40.669165417591365,
                            0
                        ],
                        [
                            -73.495864875192922,
                            40.670378371023006,
                            0
                        ],
                        [
                            -73.496166036683448,
                            40.671589614428299,
                            0
                        ],
                        [
                            -73.496474151149087,
                            40.672799107837264,
                            0
                        ],
                        [
                            -73.496789208422314,
                            40.674006811337648,
                            0
                        ],
                        [
                            -73.497111198106509,
                            40.675212685076282,
                            0
                        ],
                        [
                            -73.497440109576289,
                            40.676416689260364,
                            0
                        ],
                        [
                            -73.497775931977856,
                            40.67761878415881,
                            0
                        ],
                        [
                            -73.498118654229373,
                            40.678818930103503,
                            0
                        ],
                        [
                            -73.498468265021287,
                            40.680017087490675,
                            0
                        ],
                        [
                            -73.498824752816745,
                            40.681213216782155,
                            0
                        ],
                        [
                            -73.499188105851957,
                            40.682407278506709,
                            0
                        ],
                        [
                            -73.4995583121366,
                            40.683599233261333,
                            0
                        ],
                        [
                            -73.49993535945417,
                            40.684789041712541,
                            0
                        ],
                        [
                            -73.500319235362426,
                            40.685976664597682,
                            0
                        ],
                        [
                            -73.50070992719381,
                            40.687162062726223,
                            0
                        ],
                        [
                            -73.50110742205581,
                            40.688345196981047,
                            0
                        ],
                        [
                            -73.501511706831451,
                            40.689526028319733,
                            0
                        ],
                        [
                            -73.501922768179682,
                            40.690704517775877,
                            0
                        ],
                        [
                            -73.50234059253583,
                            40.691880626460339,
                            0
                        ],
                        [
                            -73.502765166112056,
                            40.693054315562541,
                            0
                        ],
                        [
                            -73.503196474897791,
                            40.694225546351753,
                            0
                        ],
                        [
                            -73.503634504660212,
                            40.69539428017837,
                            0
                        ],
                        [
                            -73.504079240944733,
                            40.696560478475185,
                            0
                        ],
                        [
                            -73.504530669075407,
                            40.697724102758656,
                            0
                        ],
                        [
                            -73.504988774155535,
                            40.69888511463018,
                            0
                        ],
                        [
                            -73.505453541068007,
                            40.700043475777363,
                            0
                        ],
                        [
                            -73.505924954475944,
                            40.701199147975295,
                            0
                        ],
                        [
                            -73.506402998823091,
                            40.702352093087789,
                            0
                        ],
                        [
                            -73.506887658334406,
                            40.703502273068636,
                            0
                        ],
                        [
                            -73.507378917016538,
                            40.704649649962896,
                            0
                        ],
                        [
                            -73.507876758658369,
                            40.705794185908118,
                            0
                        ],
                        [
                            -73.508381166831569,
                            40.706935843135604,
                            0
                        ],
                        [
                            -73.508892124891091,
                            40.708074583971644,
                            0
                        ],
                        [
                            -73.509409615975756,
                            40.709210370838775,
                            0
                        ],
                        [
                            -73.509933623008806,
                            40.710343166257005,
                            0
                        ],
                        [
                            -73.510464128698459,
                            40.711472932845062,
                            0
                        ],
                        [
                            -73.511001115538505,
                            40.712599633321624,
                            0
                        ],
                        [
                            -73.511544565808805,
                            40.713723230506538,
                            0
                        ],
                        [
                            -73.512094461575998,
                            40.714843687322073,
                            0
                        ],
                        [
                            -73.512650784693975,
                            40.715960966794121,
                            0
                        ],
                        [
                            -73.513213516804569,
                            40.717075032053408,
                            0
                        ],
                        [
                            -73.513782639338103,
                            40.718185846336752,
                            0
                        ],
                        [
                            -73.514358133514008,
                            40.71929337298824,
                            0
                        ],
                        [
                            -73.514939980341495,
                            40.720397575460431,
                            0
                        ],
                        [
                            -73.515528160620107,
                            40.721498417315608,
                            0
                        ],
                        [
                            -73.516122654940389,
                            40.722595862226932,
                            0
                        ],
                        [
                            -73.516723443684569,
                            40.723689873979673,
                            0
                        ],
                        [
                            -73.517330507027111,
                            40.724780416472377,
                            0
                        ],
                        [
                            -73.517943824935458,
                            40.725867453718081,
                            0
                        ],
                        [
                            -73.518563377170651,
                            40.726950949845495,
                            0
                        ],
                        [
                            -73.519189143287988,
                            40.728030869100181,
                            0
                        ],
                        [
                            -73.519821102637735,
                            40.729107175845733,
                            0
                        ],
                        [
                            -73.520459234365774,
                            40.730179834564957,
                            0
                        ],
                        [
                            -73.521103517414303,
                            40.731248809861029,
                            0
                        ],
                        [
                            -73.52175393052255,
                            40.732314066458699,
                            0
                        ],
                        [
                            -73.522410452227433,
                            40.733375569205407,
                            0
                        ],
                        [
                            -73.523073060864306,
                            40.734433283072477,
                            0
                        ],
                        [
                            -73.52374173456765,
                            40.735487173156272,
                            0
                        ],
                        [
                            -73.524416451271804,
                            40.736537204679308,
                            0
                        ],
                        [
                            -73.525097188711712,
                            40.737583342991471,
                            0
                        ],
                        [
                            -73.525783924423607,
                            40.738625553571083,
                            0
                        ],
                        [
                            -73.526476635745823,
                            40.739663802026094,
                            0
                        ],
                        [
                            -73.527175299819461,
                            40.740698054095205,
                            0
                        ],
                        [
                            -73.52787989358923,
                            40.741728275648981,
                            0
                        ],
                        [
                            -73.528590393804109,
                            40.742754432691001,
                            0
                        ],
                        [
                            -73.529306777018249,
                            40.743776491358965,
                            0
                        ],
                        [
                            -73.530029019591581,
                            40.744794417925824,
                            0
                        ],
                        [
                            -73.530757097690739,
                            40.745808178800871,
                            0
                        ],
                        [
                            -73.531490987289772,
                            40.746817740530872,
                            0
                        ],
                        [
                            -73.532230664170953,
                            40.747823069801157,
                            0
                        ],
                        [
                            -73.532976103925591,
                            40.748824133436727,
                            0
                        ],
                        [
                            -73.533727281954796,
                            40.74982089840335,
                            0
                        ],
                        [
                            -73.534484173470361,
                            40.750813331808637,
                            0
                        ],
                        [
                            -73.535246753495514,
                            40.751801400903133,
                            0
                        ],
                        [
                            -73.536014996865759,
                            40.752785073081412,
                            0
                        ],
                        [
                            -73.536788878229729,
                            40.753764315883146,
                            0
                        ],
                        [
                            -73.537568372050018,
                            40.754739096994165,
                            0
                        ],
                        [
                            -73.538353452603985,
                            40.755709384247524,
                            0
                        ],
                        [
                            -73.539144093984646,
                            40.756675145624584,
                            0
                        ],
                        [
                            -73.539940270101539,
                            40.757636349256053,
                            0
                        ],
                        [
                            -73.540741954681522,
                            40.758592963423034,
                            0
                        ],
                        [
                            -73.541549121269696,
                            40.759544956558081,
                            0
                        ],
                        [
                            -73.542361743230273,
                            40.760492297246252,
                            0
                        ],
                        [
                            -73.543179793747399,
                            40.761434954226111,
                            0
                        ],
                        [
                            -73.544003245826133,
                            40.762372896390794,
                            0
                        ],
                        [
                            -73.544832072293246,
                            40.763306092789009,
                            0
                        ],
                        [
                            -73.545666245798202,
                            40.764234512626089,
                            0
                        ],
                        [
                            -73.546505738813991,
                            40.765158125264975,
                            0
                        ],
                        [
                            -73.547350523638045,
                            40.76607690022724,
                            0
                        ],
                        [
                            -73.548200572393213,
                            40.766990807194112,
                            0
                        ],
                        [
                            -73.549055857028605,
                            40.767899816007436,
                            0
                        ],
                        [
                            -73.549916349320583,
                            40.768803896670711,
                            0
                        ],
                        [
                            -73.550782020873626,
                            40.769703019350061,
                            0
                        ],
                        [
                            -73.551652843121317,
                            40.770597154375196,
                            0
                        ],
                        [
                            -73.552528787327276,
                            40.771486272240438,
                            0
                        ],
                        [
                            -73.553409824586097,
                            40.772370343605665,
                            0
                        ],
                        [
                            -73.55429592582432,
                            40.77324933929728,
                            0
                        ],
                        [
                            -73.555187061801362,
                            40.774123230309179,
                            0
                        ],
                        [
                            -73.556083203110489,
                            40.774991987803723,
                            0
                        ],
                        [
                            -73.556984320179822,
                            40.775855583112651,
                            0
                        ],
                        [
                            -73.557890383273275,
                            40.776713987738063,
                            0
                        ],
                        [
                            -73.55880136249155,
                            40.777567173353354,
                            0
                        ],
                        [
                            -73.559717227773106,
                            40.778415111804122,
                            0
                        ],
                        [
                            -73.560637948895177,
                            40.779257775109137,
                            0
                        ],
                        [
                            -73.561563495474772,
                            40.780095135461231,
                            0
                        ],
                        [
                            -73.562493836969637,
                            40.780927165228235,
                            0
                        ],
                        [
                            -73.563428942679309,
                            40.781753836953889,
                            0
                        ],
                        [
                            -73.564368781746111,
                            40.782575123358725,
                            0
                        ],
                        [
                            -73.565313323156147,
                            40.783390997341009,
                            0
                        ],
                        [
                            -73.566262535740378,
                            40.7842014319776,
                            0
                        ],
                        [
                            -73.567216388175609,
                            40.78500640052485,
                            0
                        ],
                        [
                            -73.568174848985521,
                            40.785805876419488,
                            0
                        ],
                        [
                            -73.569137886541739,
                            40.78659983327951,
                            0
                        ],
                        [
                            -73.570105469064842,
                            40.78738824490501,
                            0
                        ],
                        [
                            -73.571077564625455,
                            40.788171085279089,
                            0
                        ],
                        [
                            -73.572054141145259,
                            40.788948328568694,
                            0
                        ],
                        [
                            -73.573035166398057,
                            40.789719949125455,
                            0
                        ],
                        [
                            -73.574020608010869,
                            40.790485921486564,
                            0
                        ],
                        [
                            -73.575010433464982,
                            40.791246220375591,
                            0
                        ],
                        [
                            -73.576004610096987,
                            40.792000820703329,
                            0
                        ],
                        [
                            -73.577003105099919,
                            40.792749697568624,
                            0
                        ],
                        [
                            -73.578005885524306,
                            40.793492826259168,
                            0
                        ],
                        [
                            -73.579012918279261,
                            40.794230182252363,
                            0
                        ],
                        [
                            -73.580024170133569,
                            40.794961741216099,
                            0
                        ],
                        [
                            -73.581039607716775,
                            40.795687479009558,
                            0
                        ],
                        [
                            -73.582059197520337,
                            40.796407371684019,
                            0
                        ],
                        [
                            -73.58308290589865,
                            40.797121395483636,
                            0
                        ],
                        [
                            -73.584110699070223,
                            40.797829526846243,
                            0
                        ],
                        [
                            -73.585142543118778,
                            40.798531742404123,
                            0
                        ],
                        [
                            -73.586178403994325,
                            40.799228018984756,
                            0
                        ],
                        [
                            -73.587218247514386,
                            40.799918333611622,
                            0
                        ],
                        [
                            -73.588262039364977,
                            40.800602663504925,
                            0
                        ],
                        [
                            -73.5893097451019,
                            40.801280986082375,
                            0
                        ],
                        [
                            -73.590361330151751,
                            40.801953278959914,
                            0
                        ],
                        [
                            -73.591416759813129,
                            40.802619519952444,
                            0
                        ],
                        [
                            -73.592475999257772,
                            40.803279687074593,
                            0
                        ],
                        [
                            -73.593539013531682,
                            40.803933758541412,
                            0
                        ],
                        [
                            -73.594605767556317,
                            40.804581712769114,
                            0
                        ],
                        [
                            -73.595676226129697,
                            40.805223528375755,
                            0
                        ],
                        [
                            -73.596750353927618,
                            40.805859184181983,
                            0
                        ],
                        [
                            -73.597828115504782,
                            40.806488659211695,
                            0
                        ],
                        [
                            -73.598909475295997,
                            40.807111932692763,
                            0
                        ],
                        [
                            -73.599994397617309,
                            40.807728984057704,
                            0
                        ],
                        [
                            -73.601082846667225,
                            40.808339792944338,
                            0
                        ],
                        [
                            -73.602174786527854,
                            40.808944339196515,
                            0
                        ],
                        [
                            -73.603270181166124,
                            40.809542602864717,
                            0
                        ],
                        [
                            -73.604368994434964,
                            40.81013456420677,
                            0
                        ],
                        [
                            -73.605471190074468,
                            40.810720203688447,
                            0
                        ],
                        [
                            -73.606576731713147,
                            40.811299501984152,
                            0
                        ],
                        [
                            -73.607685582869053,
                            40.811872439977549,
                            0
                        ],
                        [
                            -73.60879770695108,
                            40.812438998762168,
                            0
                        ],
                        [
                            -73.609913067260081,
                            40.812999159642068,
                            0
                        ],
                        [
                            -73.611031626990126,
                            40.813552904132408,
                            0
                        ],
                        [
                            -73.6121533492297,
                            40.814100213960103,
                            0
                        ],
                        [
                            -73.613278196962938,
                            40.814641071064408,
                            0
                        ],
                        [
                            -73.614406133070844,
                            40.815175457597491,
                            0
                        ],
                        [
                            -73.61553712033249,
                            40.815703355925059,
                            0
                        ],
                        [
                            -73.616671121426265,
                            40.816224748626929,
                            0
                        ],
                        [
                            -73.617808098931121,
                            40.816739618497593,
                            0
                        ],
                        [
                            -73.61894801532776,
                            40.817247948546779,
                            0
                        ],
                        [
                            -73.620090832999949,
                            40.81774972200003,
                            0
                        ],
                        [
                            -73.739584393999962,
                            40.702392724000049,
                            0
                        ],
                        [
                            -73.739628611999933,
                            40.702350000000081,
                            0
                        ],
                        [
                            -73.772520830999952,
                            40.703937656000051,
                            0
                        ],
                        [
                            -73.777599712999972,
                            40.704182806000063,
                            0
                        ],
                        [
                            -73.777626380999948,
                            40.704184093000038,
                            0
                        ],
                        [
                            -73.782486133999953,
                            40.69687917300007,
                            0
                        ],
                        [
                            -73.804293850999954,
                            40.66407623200007,
                            0
                        ],
                        [
                            -73.815803922999976,
                            40.647957652000059,
                            0
                        ],
                        [
                            -73.806003248999957,
                            40.643523367000057,
                            0
                        ],
                        [
                            -73.857818088999977,
                            40.576889306000055,
                            0
                        ],
                        [
                            -73.888493111999935,
                            40.537440358000026,
                            0
                        ],
                        [
                            -73.821241667999971,
                            40.416585873000031,
                            0
                        ],
                        [
                            -73.819615236377686,
                            40.416345889908456,
                            0
                        ],
                        [
                            -73.817987808410891,
                            40.41611275921754,
                            0
                        ],
                        [
                            -73.816359412969618,
                            40.415886485062956,
                            0
                        ],
                        [
                            -73.814730078941096,
                            40.415667071458728,
                            0
                        ],
                        [
                            -73.813099835229224,
                            40.415454522297196,
                            0
                        ],
                        [
                            -73.811468710753985,
                            40.415248841348905,
                            0
                        ],
                        [
                            -73.809836734451039,
                            40.415050032262577,
                            0
                        ],
                        [
                            -73.808203935271123,
                            40.41485809856502,
                            0
                        ],
                        [
                            -73.806570342179597,
                            40.414673043661082,
                            0
                        ],
                        [
                            -73.804935984155861,
                            40.414494870833572,
                            0
                        ],
                        [
                            -73.803300890192943,
                            40.414323583243224,
                            0
                        ],
                        [
                            -73.80166508929689,
                            40.414159183928625,
                            0
                        ],
                        [
                            -73.800028610486279,
                            40.414001675806169,
                            0
                        ],
                        [
                            -73.798391482791757,
                            40.413851061670002,
                            0
                        ],
                        [
                            -73.79675373525545,
                            40.41370734419197,
                            0
                        ],
                        [
                            -73.79511539693047,
                            40.413570525921578,
                            0
                        ],
                        [
                            -73.793476496880444,
                            40.413440609285935,
                            0
                        ],
                        [
                            -73.791837064178949,
                            40.413317596589721,
                            0
                        ],
                        [
                            -73.790197127908982,
                            40.41320149001514,
                            0
                        ],
                        [
                            -73.788556717162521,
                            40.413092291621901,
                            0
                        ],
                        [
                            -73.786915861039944,
                            40.412990003347133,
                            0
                        ],
                        [
                            -73.7852745886495,
                            40.412894627005407,
                            0
                        ],
                        [
                            -73.783632929106858,
                            40.412806164288668,
                            0
                        ],
                        [
                            -73.78199091153455,
                            40.412724616766219,
                            0
                        ],
                        [
                            -73.780348565061445,
                            40.412649985884677,
                            0
                        ],
                        [
                            -73.778705918822268,
                            40.412582272967981,
                            0
                        ],
                        [
                            -73.777063001957032,
                            40.412521479217332,
                            0
                        ],
                        [
                            -73.775419843610578,
                            40.4124676057112,
                            0
                        ],
                        [
                            -73.773776472932013,
                            40.41242065340527,
                            0
                        ],
                        [
                            -73.772132919074224,
                            40.412380623132478,
                            0
                        ],
                        [
                            -73.77048921119335,
                            40.412347515602931,
                            0
                        ],
                        [
                            -73.768845378448233,
                            40.412321331403959,
                            0
                        ],
                        [
                            -73.767201449999959,
                            40.412302071000056,
                            0
                        ],
                        [
                            -73.765570179638843,
                            40.412294628069041,
                            0
                        ],
                        [
                            -73.763938892344854,
                            40.412294237258202,
                            0
                        ],
                        [
                            -73.762307618604751,
                            40.412300898574834,
                            0
                        ],
                        [
                            -73.760676388905068,
                            40.412314611894445,
                            0
                        ],
                        [
                            -73.759045233731499,
                            40.412335376960748,
                            0
                        ],
                        [
                            -73.757414183568329,
                            40.41236319338568,
                            0
                        ],
                        [
                            -73.7557832688979,
                            40.41239806064938,
                            0
                        ],
                        [
                            -73.754152520200037,
                            40.412439978100217,
                            0
                        ],
                        [
                            -73.752521967951438,
                            40.412488944954809,
                            0
                        ],
                        [
                            -73.750891642625135,
                            40.412544960298021,
                            0
                        ],
                        [
                            -73.749261574689911,
                            40.412608023083003,
                            0
                        ],
                        [
                            -73.747631794609774,
                            40.412678132131184,
                            0
                        ],
                        [
                            -73.746002332843304,
                            40.41275528613231,
                            0
                        ],
                        [
                            -73.744373219843169,
                            40.412839483644468,
                            0
                        ],
                        [
                            -73.7427444860555,
                            40.412930723094107,
                            0
                        ],
                        [
                            -73.741116161919336,
                            40.413029002776071,
                            0
                        ],
                        [
                            -73.739488277866101,
                            40.413134320853644,
                            0
                        ],
                        [
                            -73.737860864318932,
                            40.41324667535855,
                            0
                        ],
                        [
                            -73.736233951692213,
                            40.413366064191017,
                            0
                        ],
                        [
                            -73.734607570390978,
                            40.413492485119825,
                            0
                        ],
                        [
                            -73.732981750810282,
                            40.413625935782306,
                            0
                        ],
                        [
                            -73.731356523334739,
                            40.413766413684442,
                            0
                        ],
                        [
                            -73.729731918337848,
                            40.413913916200869,
                            0
                        ],
                        [
                            -73.728107966181511,
                            40.414068440574944,
                            0
                        ],
                        [
                            -73.726484697215398,
                            40.414229983918794,
                            0
                        ],
                        [
                            -73.724862141776441,
                            40.414398543213373,
                            0
                        ],
                        [
                            -73.723240330188233,
                            40.414574115308511,
                            0
                        ],
                        [
                            -73.721619292760423,
                            40.414756696922979,
                            0
                        ],
                        [
                            -73.719999059788265,
                            40.41494628464455,
                            0
                        ],
                        [
                            -73.718379661551907,
                            40.415142874930062,
                            0
                        ],
                        [
                            -73.716761128315937,
                            40.415346464105475,
                            0
                        ],
                        [
                            -73.715143490328785,
                            40.415557048365969,
                            0
                        ],
                        [
                            -73.713526777822111,
                            40.415774623775974,
                            0
                        ],
                        [
                            -73.711911021010309,
                            40.415999186269261,
                            0
                        ],
                        [
                            -73.710296250089911,
                            40.416230731649051,
                            0
                        ],
                        [
                            -73.708682495239003,
                            40.416469255588026,
                            0
                        ],
                        [
                            -73.707069786616714,
                            40.416714753628469,
                            0
                        ],
                        [
                            -73.705458154362589,
                            40.416967221182318,
                            0
                        ],
                        [
                            -73.70384762859608,
                            40.417226653531273,
                            0
                        ],
                        [
                            -73.702238239415948,
                            40.417493045826852,
                            0
                        ],
                        [
                            -73.700630016899723,
                            40.417766393090503,
                            0
                        ],
                        [
                            -73.699022991103107,
                            40.418046690213714,
                            0
                        ],
                        [
                            -73.697417192059461,
                            40.418333931958053,
                            0
                        ],
                        [
                            -73.695812649779199,
                            40.418628112955339,
                            0
                        ],
                        [
                            -73.694209394249299,
                            40.418929227707679,
                            0
                        ],
                        [
                            -73.692607455432608,
                            40.419237270587601,
                            0
                        ],
                        [
                            -73.691006863267447,
                            40.419552235838175,
                            0
                        ],
                        [
                            -73.689407647666897,
                            40.419874117573066,
                            0
                        ],
                        [
                            -73.687809838518376,
                            40.420202909776712,
                            0
                        ],
                        [
                            -73.686213465682982,
                            40.420538606304376,
                            0
                        ],
                        [
                            -73.684618558994984,
                            40.420881200882306,
                            0
                        ],
                        [
                            -73.683025148261223,
                            40.42123068710783,
                            0
                        ],
                        [
                            -73.681433263260629,
                            40.421587058449461,
                            0
                        ],
                        [
                            -73.679842933743572,
                            40.421950308247069,
                            0
                        ],
                        [
                            -73.678254189431385,
                            40.422320429711952,
                            0
                        ],
                        [
                            -73.67666706001576,
                            40.42269741592699,
                            0
                        ],
                        [
                            -73.675081575158217,
                            40.423081259846768,
                            0
                        ],
                        [
                            -73.673497764489525,
                            40.423471954297717,
                            0
                        ],
                        [
                            -73.671915657609176,
                            40.42386949197823,
                            0
                        ],
                        [
                            -73.670335284084828,
                            40.424273865458815,
                            0
                        ],
                        [
                            -73.668756673451725,
                            40.424685067182224,
                            0
                        ],
                        [
                            -73.667179855212183,
                            40.42510308946359,
                            0
                        ],
                        [
                            -73.66560485883501,
                            40.425527924490595,
                            0
                        ],
                        [
                            -73.66403171375498,
                            40.425959564323591,
                            0
                        ],
                        [
                            -73.662460449372233,
                            40.426398000895752,
                            0
                        ],
                        [
                            -73.660891095051809,
                            40.426843226013233,
                            0
                        ],
                        [
                            -73.659323680123023,
                            40.427295231355316,
                            0
                        ],
                        [
                            -73.657758233878937,
                            40.427754008474572,
                            0
                        ],
                        [
                            -73.656194785575849,
                            40.428219548797024,
                            0
                        ],
                        [
                            -73.654633364432684,
                            40.428691843622289,
                            0
                        ],
                        [
                            -73.653073999630521,
                            40.429170884123749,
                            0
                        ],
                        [
                            -73.651516720311974,
                            40.429656661348716,
                            0
                        ],
                        [
                            -73.649961555580703,
                            40.430149166218612,
                            0
                        ],
                        [
                            -73.648408534500831,
                            40.430648389529118,
                            0
                        ],
                        [
                            -73.646857686096439,
                            40.431154321950366,
                            0
                        ],
                        [
                            -73.645309039350991,
                            40.431666954027087,
                            0
                        ],
                        [
                            -73.643762623206811,
                            40.432186276178818,
                            0
                        ],
                        [
                            -73.642218466564529,
                            40.432712278700059,
                            0
                        ],
                        [
                            -73.640676598282539,
                            40.433244951760457,
                            0
                        ],
                        [
                            -73.63913704717649,
                            40.433784285405018,
                            0
                        ],
                        [
                            -73.63759984201873,
                            40.434330269554238,
                            0
                        ],
                        [
                            -73.636065011537724,
                            40.434882894004346,
                            0
                        ],
                        [
                            -73.634532584417599,
                            40.435442148427462,
                            0
                        ],
                        [
                            -73.633002589297547,
                            40.436008022371801,
                            0
                        ],
                        [
                            -73.631475054771315,
                            40.43658050526188,
                            0
                        ],
                        [
                            -73.629950009386647,
                            40.437159586398671,
                            0
                        ],
                        [
                            -73.628427481644806,
                            40.437745254959871,
                            0
                        ],
                        [
                            -73.626907499999959,
                            40.438337500000046,
                            0
                        ],
                        [
                            -73.625650999149002,
                            40.438843824391817,
                            0
                        ],
                        [
                            -73.624396539101497,
                            40.439355184115811,
                            0
                        ],
                        [
                            -73.623144140036032,
                            40.439871570946558,
                            0
                        ],
                        [
                            -73.621893822098087,
                            40.440392976577712,
                            0
                        ],
                        [
                            -73.620645605399659,
                            40.440919392622206,
                            0
                        ],
                        [
                            -73.619399510018937,
                            40.441450810612373,
                            0
                        ],
                        [
                            -73.618155555999977,
                            40.44198722200008,
                            0
                        ],
                        [
                            -73.546425555999974,
                            40.545834722000052,
                            0
                        ],
                        [
                            -73.489819721999936,
                            40.628443056000037,
                            0
                        ]
                    ]
                ]
            },
            "properties": {
                "OBJECTID": 19,
                "Position": "N2J",
                "Low": 0,
                "High": 17000,
                "Notes": null,
                "Fill": "#9C9C9C",
                "Stroke": "#9C9C9C",
                "Sector": "JFK Departure",
                "Shape_Length": 1.2313875554562772,
                "Shape_Area": 0.099088038298812339
            }
        },
        {
            "type": "Feature",
            "id": 20,
            "geometry": {
                "type": "Polygon",
                "coordinates": [
                    [
                        [
                            -73.497647079999979,
                            40.523300736000067,
                            0
                        ],
                        [
                            -73.476689999999962,
                            40.553825000000074,
                            0
                        ],
                        [
                            -73.450932612999964,
                            40.625440456000035,
                            0
                        ],
                        [
                            -73.489819721999936,
                            40.628443056000037,
                            0
                        ],
                        [
                            -73.546425555999974,
                            40.545834722000052,
                            0
                        ],
                        [
                            -73.618155555999977,
                            40.44198722200008,
                            0
                        ],
                        [
                            -73.619399510018852,
                            40.441450810612181,
                            0
                        ],
                        [
                            -73.620645605399531,
                            40.4409193926219,
                            0
                        ],
                        [
                            -73.621893822097931,
                            40.440392976577343,
                            0
                        ],
                        [
                            -73.623144140035876,
                            40.439871570946188,
                            0
                        ],
                        [
                            -73.624396539101369,
                            40.439355184115506,
                            0
                        ],
                        [
                            -73.625650999148931,
                            40.438843824391633,
                            0
                        ],
                        [
                            -73.626907499999959,
                            40.438337500000046,
                            0
                        ],
                        [
                            -73.58791215499997,
                            40.397143100000051,
                            0
                        ],
                        [
                            -73.497647079999979,
                            40.523300736000067,
                            0
                        ]
                    ]
                ]
            },
            "properties": {
                "OBJECTID": 20,
                "Position": "N2J",
                "Low": 4000,
                "High": 17000,
                "Notes": null,
                "Fill": "#9C9C9C",
                "Stroke": "#9C9C9C",
                "Sector": "JFK Departure",
                "Shape_Length": 0.59982038216364419,
                "Shape_Area": 0.012589742335524991
            }
        },
        {
            "type": "Feature",
            "id": 21,
            "geometry": {
                "type": "Polygon",
                "coordinates": [
                    [
                        [
                            -73.414399214999946,
                            40.729506512000057,
                            0
                        ],
                        [
                            -73.384845875999986,
                            40.816753888000051,
                            0
                        ],
                        [
                            -73.592633342999989,
                            40.817633490000048,
                            0
                        ],
                        [
                            -73.620090832999949,
                            40.81774972200003,
                            0
                        ],
                        [
                            -73.61894801532776,
                            40.817247948546779,
                            0
                        ],
                        [
                            -73.617808098931121,
                            40.816739618497593,
                            0
                        ],
                        [
                            -73.616671121426265,
                            40.816224748626929,
                            0
                        ],
                        [
                            -73.61553712033249,
                            40.815703355925059,
                            0
                        ],
                        [
                            -73.614406133070844,
                            40.815175457597491,
                            0
                        ],
                        [
                            -73.613278196962938,
                            40.814641071064401,
                            0
                        ],
                        [
                            -73.6121533492297,
                            40.814100213960103,
                            0
                        ],
                        [
                            -73.611031626990126,
                            40.813552904132408,
                            0
                        ],
                        [
                            -73.609913067260081,
                            40.812999159642061,
                            0
                        ],
                        [
                            -73.60879770695108,
                            40.812438998762168,
                            0
                        ],
                        [
                            -73.607685582869053,
                            40.811872439977549,
                            0
                        ],
                        [
                            -73.606576731713147,
                            40.811299501984152,
                            0
                        ],
                        [
                            -73.605471190074468,
                            40.810720203688447,
                            0
                        ],
                        [
                            -73.604368994434964,
                            40.810134564206763,
                            0
                        ],
                        [
                            -73.603270181166124,
                            40.809542602864717,
                            0
                        ],
                        [
                            -73.602174786527854,
                            40.808944339196515,
                            0
                        ],
                        [
                            -73.601082846667225,
                            40.808339792944338,
                            0
                        ],
                        [
                            -73.599994397617309,
                            40.807728984057697,
                            0
                        ],
                        [
                            -73.598909475295997,
                            40.807111932692763,
                            0
                        ],
                        [
                            -73.597828115504782,
                            40.806488659211695,
                            0
                        ],
                        [
                            -73.596750353927618,
                            40.805859184181976,
                            0
                        ],
                        [
                            -73.595676226129697,
                            40.805223528375748,
                            0
                        ],
                        [
                            -73.594605767556317,
                            40.804581712769107,
                            0
                        ],
                        [
                            -73.593539013531696,
                            40.803933758541412,
                            0
                        ],
                        [
                            -73.592475999257772,
                            40.803279687074593,
                            0
                        ],
                        [
                            -73.591416759813129,
                            40.802619519952437,
                            0
                        ],
                        [
                            -73.590361330151751,
                            40.801953278959907,
                            0
                        ],
                        [
                            -73.5893097451019,
                            40.801280986082375,
                            0
                        ],
                        [
                            -73.588262039364977,
                            40.800602663504925,
                            0
                        ],
                        [
                            -73.587218247514386,
                            40.799918333611622,
                            0
                        ],
                        [
                            -73.586178403994339,
                            40.799228018984756,
                            0
                        ],
                        [
                            -73.585142543118778,
                            40.798531742404123,
                            0
                        ],
                        [
                            -73.584110699070223,
                            40.797829526846243,
                            0
                        ],
                        [
                            -73.58308290589865,
                            40.797121395483636,
                            0
                        ],
                        [
                            -73.582059197520337,
                            40.796407371684012,
                            0
                        ],
                        [
                            -73.581039607716775,
                            40.795687479009558,
                            0
                        ],
                        [
                            -73.580024170133569,
                            40.794961741216099,
                            0
                        ],
                        [
                            -73.579012918279261,
                            40.794230182252363,
                            0
                        ],
                        [
                            -73.57800588552432,
                            40.793492826259168,
                            0
                        ],
                        [
                            -73.577003105099919,
                            40.792749697568617,
                            0
                        ],
                        [
                            -73.576004610096987,
                            40.792000820703329,
                            0
                        ],
                        [
                            -73.575010433464982,
                            40.791246220375591,
                            0
                        ],
                        [
                            -73.574020608010883,
                            40.790485921486564,
                            0
                        ],
                        [
                            -73.573035166398057,
                            40.789719949125448,
                            0
                        ],
                        [
                            -73.572054141145259,
                            40.788948328568686,
                            0
                        ],
                        [
                            -73.571077564625455,
                            40.788171085279089,
                            0
                        ],
                        [
                            -73.570105469064856,
                            40.78738824490501,
                            0
                        ],
                        [
                            -73.569137886541739,
                            40.786599833279503,
                            0
                        ],
                        [
                            -73.568174848985521,
                            40.785805876419488,
                            0
                        ],
                        [
                            -73.567216388175609,
                            40.785006400524843,
                            0
                        ],
                        [
                            -73.566262535740378,
                            40.784201431977593,
                            0
                        ],
                        [
                            -73.565313323156147,
                            40.783390997341002,
                            0
                        ],
                        [
                            -73.564368781746111,
                            40.782575123358718,
                            0
                        ],
                        [
                            -73.563428942679309,
                            40.781753836953882,
                            0
                        ],
                        [
                            -73.562493836969637,
                            40.780927165228235,
                            0
                        ],
                        [
                            -73.561563495474772,
                            40.780095135461231,
                            0
                        ],
                        [
                            -73.560637948895177,
                            40.779257775109137,
                            0
                        ],
                        [
                            -73.559717227773106,
                            40.778415111804122,
                            0
                        ],
                        [
                            -73.55880136249155,
                            40.777567173353347,
                            0
                        ],
                        [
                            -73.557890383273275,
                            40.776713987738063,
                            0
                        ],
                        [
                            -73.556984320179822,
                            40.775855583112644,
                            0
                        ],
                        [
                            -73.556083203110489,
                            40.774991987803716,
                            0
                        ],
                        [
                            -73.555187061801362,
                            40.774123230309179,
                            0
                        ],
                        [
                            -73.55429592582432,
                            40.773249339297273,
                            0
                        ],
                        [
                            -73.553409824586112,
                            40.772370343605658,
                            0
                        ],
                        [
                            -73.552528787327276,
                            40.771486272240431,
                            0
                        ],
                        [
                            -73.551652843121317,
                            40.770597154375189,
                            0
                        ],
                        [
                            -73.550782020873626,
                            40.769703019350054,
                            0
                        ],
                        [
                            -73.549916349320583,
                            40.768803896670711,
                            0
                        ],
                        [
                            -73.54905585702862,
                            40.767899816007436,
                            0
                        ],
                        [
                            -73.548200572393213,
                            40.766990807194105,
                            0
                        ],
                        [
                            -73.547350523638045,
                            40.76607690022724,
                            0
                        ],
                        [
                            -73.546505738813991,
                            40.765158125264968,
                            0
                        ],
                        [
                            -73.545666245798216,
                            40.764234512626089,
                            0
                        ],
                        [
                            -73.544832072293261,
                            40.763306092789009,
                            0
                        ],
                        [
                            -73.544003245826133,
                            40.762372896390787,
                            0
                        ],
                        [
                            -73.543179793747399,
                            40.761434954226104,
                            0
                        ],
                        [
                            -73.542361743230273,
                            40.760492297246245,
                            0
                        ],
                        [
                            -73.541549121269711,
                            40.759544956558081,
                            0
                        ],
                        [
                            -73.540741954681536,
                            40.758592963423027,
                            0
                        ],
                        [
                            -73.539940270101553,
                            40.757636349256046,
                            0
                        ],
                        [
                            -73.53914409398466,
                            40.756675145624577,
                            0
                        ],
                        [
                            -73.538353452603985,
                            40.755709384247517,
                            0
                        ],
                        [
                            -73.537568372050018,
                            40.754739096994157,
                            0
                        ],
                        [
                            -73.536788878229729,
                            40.753764315883146,
                            0
                        ],
                        [
                            -73.536014996865759,
                            40.752785073081412,
                            0
                        ],
                        [
                            -73.535246753495514,
                            40.751801400903126,
                            0
                        ],
                        [
                            -73.534484173470375,
                            40.750813331808629,
                            0
                        ],
                        [
                            -73.53372728195481,
                            40.74982089840335,
                            0
                        ],
                        [
                            -73.532976103925591,
                            40.748824133436727,
                            0
                        ],
                        [
                            -73.532230664170967,
                            40.747823069801157,
                            0
                        ],
                        [
                            -73.531490987289786,
                            40.746817740530865,
                            0
                        ],
                        [
                            -73.530757097690739,
                            40.745808178800864,
                            0
                        ],
                        [
                            -73.530029019591581,
                            40.744794417925824,
                            0
                        ],
                        [
                            -73.529306777018249,
                            40.743776491358965,
                            0
                        ],
                        [
                            -73.528590393804123,
                            40.742754432690994,
                            0
                        ],
                        [
                            -73.52787989358923,
                            40.741728275648974,
                            0
                        ],
                        [
                            -73.527175299819461,
                            40.740698054095198,
                            0
                        ],
                        [
                            -73.526476635745823,
                            40.739663802026087,
                            0
                        ],
                        [
                            -73.525783924423621,
                            40.738625553571076,
                            0
                        ],
                        [
                            -73.525097188711712,
                            40.737583342991464,
                            0
                        ],
                        [
                            -73.524416451271819,
                            40.736537204679308,
                            0
                        ],
                        [
                            -73.52374173456765,
                            40.735487173156265,
                            0
                        ],
                        [
                            -73.523073060864306,
                            40.734433283072477,
                            0
                        ],
                        [
                            -73.522410452227447,
                            40.733375569205407,
                            0
                        ],
                        [
                            -73.521753930522564,
                            40.732314066458699,
                            0
                        ],
                        [
                            -73.521103517414318,
                            40.731248809861029,
                            0
                        ],
                        [
                            -73.520459234365774,
                            40.73017983456495,
                            0
                        ],
                        [
                            -73.519821102637735,
                            40.729107175845733,
                            0
                        ],
                        [
                            -73.519189143287988,
                            40.728030869100181,
                            0
                        ],
                        [
                            -73.518563377170651,
                            40.726950949845495,
                            0
                        ],
                        [
                            -73.517943824935458,
                            40.725867453718081,
                            0
                        ],
                        [
                            -73.517330507027111,
                            40.72478041647237,
                            0
                        ],
                        [
                            -73.516723443684569,
                            40.723689873979666,
                            0
                        ],
                        [
                            -73.516122654940403,
                            40.722595862226932,
                            0
                        ],
                        [
                            -73.515528160620107,
                            40.721498417315608,
                            0
                        ],
                        [
                            -73.514939980341495,
                            40.720397575460431,
                            0
                        ],
                        [
                            -73.514358133514023,
                            40.719293372988233,
                            0
                        ],
                        [
                            -73.513782639338103,
                            40.718185846336752,
                            0
                        ],
                        [
                            -73.513213516804569,
                            40.717075032053408,
                            0
                        ],
                        [
                            -73.512650784693989,
                            40.715960966794114,
                            0
                        ],
                        [
                            -73.512094461575998,
                            40.714843687322073,
                            0
                        ],
                        [
                            -73.511544565808805,
                            40.713723230506538,
                            0
                        ],
                        [
                            -73.511001115538505,
                            40.712599633321616,
                            0
                        ],
                        [
                            -73.510464128698473,
                            40.711472932845062,
                            0
                        ],
                        [
                            -73.509933623008806,
                            40.710343166257005,
                            0
                        ],
                        [
                            -73.509409615975756,
                            40.709210370838768,
                            0
                        ],
                        [
                            -73.508892124891091,
                            40.708074583971644,
                            0
                        ],
                        [
                            -73.508381166831569,
                            40.706935843135604,
                            0
                        ],
                        [
                            -73.507876758658384,
                            40.705794185908118,
                            0
                        ],
                        [
                            -73.507378917016538,
                            40.704649649962896,
                            0
                        ],
                        [
                            -73.506887658334406,
                            40.703502273068636,
                            0
                        ],
                        [
                            -73.506402998823106,
                            40.702352093087782,
                            0
                        ],
                        [
                            -73.505924954475944,
                            40.701199147975295,
                            0
                        ],
                        [
                            -73.505453541068022,
                            40.700043475777363,
                            0
                        ],
                        [
                            -73.504988774155535,
                            40.698885114630173,
                            0
                        ],
                        [
                            -73.504530669075422,
                            40.697724102758649,
                            0
                        ],
                        [
                            -73.504079240944733,
                            40.696560478475185,
                            0
                        ],
                        [
                            -73.503634504660212,
                            40.69539428017837,
                            0
                        ],
                        [
                            -73.503196474897791,
                            40.694225546351753,
                            0
                        ],
                        [
                            -73.502765166112056,
                            40.693054315562541,
                            0
                        ],
                        [
                            -73.50234059253583,
                            40.691880626460339,
                            0
                        ],
                        [
                            -73.501922768179682,
                            40.690704517775877,
                            0
                        ],
                        [
                            -73.501511706831451,
                            40.689526028319733,
                            0
                        ],
                        [
                            -73.50110742205581,
                            40.688345196981039,
                            0
                        ],
                        [
                            -73.50070992719381,
                            40.687162062726223,
                            0
                        ],
                        [
                            -73.500319235362426,
                            40.685976664597682,
                            0
                        ],
                        [
                            -73.49993535945417,
                            40.684789041712541,
                            0
                        ],
                        [
                            -73.4995583121366,
                            40.683599233261333,
                            0
                        ],
                        [
                            -73.499188105851957,
                            40.682407278506709,
                            0
                        ],
                        [
                            -73.498824752816745,
                            40.681213216782155,
                            0
                        ],
                        [
                            -73.498468265021287,
                            40.680017087490668,
                            0
                        ],
                        [
                            -73.498118654229373,
                            40.678818930103503,
                            0
                        ],
                        [
                            -73.497775931977856,
                            40.677618784158803,
                            0
                        ],
                        [
                            -73.497440109576289,
                            40.676416689260364,
                            0
                        ],
                        [
                            -73.497111198106509,
                            40.675212685076275,
                            0
                        ],
                        [
                            -73.496789208422314,
                            40.674006811337648,
                            0
                        ],
                        [
                            -73.496474151149087,
                            40.672799107837264,
                            0
                        ],
                        [
                            -73.496166036683462,
                            40.671589614428299,
                            0
                        ],
                        [
                            -73.495864875192922,
                            40.670378371023006,
                            0
                        ],
                        [
                            -73.495570676615543,
                            40.669165417591365,
                            0
                        ],
                        [
                            -73.495283450659656,
                            40.6679507941598,
                            0
                        ],
                        [
                            -73.495003206803432,
                            40.666734540809834,
                            0
                        ],
                        [
                            -73.494729954294698,
                            40.665516697676786,
                            0
                        ],
                        [
                            -73.49446370215054,
                            40.66429730494842,
                            0
                        ],
                        [
                            -73.494204459157046,
                            40.663076402863659,
                            0
                        ],
                        [
                            -73.493952233869038,
                            40.661854031711208,
                            0
                        ],
                        [
                            -73.493707034609713,
                            40.660630231828272,
                            0
                        ],
                        [
                            -73.493468869470433,
                            40.659405043599186,
                            0
                        ],
                        [
                            -73.493237746310456,
                            40.65817850745411,
                            0
                        ],
                        [
                            -73.493013672756632,
                            40.65695066386769,
                            0
                        ],
                        [
                            -73.492796656203197,
                            40.655721553357687,
                            0
                        ],
                        [
                            -73.492586703811526,
                            40.654491216483706,
                            0
                        ],
                        [
                            -73.492383822509851,
                            40.653259693845797,
                            0
                        ],
                        [
                            -73.49218801899309,
                            40.652027026083147,
                            0
                        ],
                        [
                            -73.491999299722579,
                            40.650793253872727,
                            0
                        ],
                        [
                            -73.491817670925911,
                            40.64955841792797,
                            0
                        ],
                        [
                            -73.491643138596658,
                            40.648322558997386,
                            0
                        ],
                        [
                            -73.491475708494249,
                            40.647085717863263,
                            0
                        ],
                        [
                            -73.491315386143739,
                            40.645847935340292,
                            0
                        ],
                        [
                            -73.491162176835601,
                            40.644609252274229,
                            0
                        ],
                        [
                            -73.491016085625645,
                            40.643369709540544,
                            0
                        ],
                        [
                            -73.490877117334733,
                            40.642129348043092,
                            0
                        ],
                        [
                            -73.490745276548708,
                            40.640888208712717,
                            0
                        ],
                        [
                            -73.490620567618194,
                            40.639646332505961,
                            0
                        ],
                        [
                            -73.490502994658485,
                            40.638403760403669,
                            0
                        ],
                        [
                            -73.490392561549385,
                            40.637160533409649,
                            0
                        ],
                        [
                            -73.490289271935083,
                            40.635916692549316,
                            0
                        ],
                        [
                            -73.490193129224068,
                            40.634672278868351,
                            0
                        ],
                        [
                            -73.490104136588954,
                            40.633427333431335,
                            0
                        ],
                        [
                            -73.490022296966416,
                            40.632181897320393,
                            0
                        ],
                        [
                            -73.489947613057097,
                            40.63093601163385,
                            0
                        ],
                        [
                            -73.489880087325517,
                            40.629689717484851,
                            0
                        ],
                        [
                            -73.489819721999936,
                            40.628443056000037,
                            0
                        ],
                        [
                            -73.414399214999946,
                            40.729506512000057,
                            0
                        ]
                    ]
                ]
            },
            "properties": {
                "OBJECTID": 21,
                "Position": "N2J",
                "Low": 4000,
                "High": 17000,
                "Notes": null,
                "Fill": "#9C9C9C",
                "Stroke": "#9C9C9C",
                "Sector": "JFK Departure",
                "Shape_Length": 0.69560331704986267,
                "Shape_Area": 0.018881968650666422
            }
        },
        {
            "type": "Feature",
            "id": 22,
            "geometry": {
                "type": "Polygon",
                "coordinates": [
                    [
                        [
                            -73.400570769999945,
                            40.478969664000033,
                            0
                        ],
                        [
                            -73.328690136999967,
                            40.580010436000066,
                            0
                        ],
                        [
                            -73.334598888999949,
                            40.581091111000035,
                            0
                        ],
                        [
                            -73.329856572999972,
                            40.615657589000079,
                            0
                        ],
                        [
                            -73.450932612999964,
                            40.625440456000035,
                            0
                        ],
                        [
                            -73.476689999999962,
                            40.553825000000074,
                            0
                        ],
                        [
                            -73.497647079999979,
                            40.523300736000067,
                            0
                        ],
                        [
                            -73.58791215499997,
                            40.397143100000051,
                            0
                        ],
                        [
                            -73.545709013999954,
                            40.352410662000068,
                            0
                        ],
                        [
                            -73.514091145999942,
                            40.319150628000045,
                            0
                        ],
                        [
                            -73.400570769999945,
                            40.478969664000033,
                            0
                        ]
                    ]
                ]
            },
            "properties": {
                "OBJECTID": 22,
                "Position": "N2J",
                "Low": 4000,
                "High": 14000,
                "Notes": null,
                "Fill": "#9C9C9C",
                "Stroke": "#9C9C9C",
                "Sector": "JFK Departure",
                "Shape_Length": 0.8580470502266373,
                "Shape_Area": 0.033947370533100249
            }
        },
        {
            "type": "Feature",
            "id": 23,
            "geometry": {
                "type": "Polygon",
                "coordinates": [
                    [
                        [
                            -73.43693424199995,
                            40.237210007000044,
                            0
                        ],
                        [
                            -73.252933055999961,
                            40.408815556000036,
                            0
                        ],
                        [
                            -73.400570769999945,
                            40.478969664000033,
                            0
                        ],
                        [
                            -73.514091145999942,
                            40.319150628000045,
                            0
                        ],
                        [
                            -73.43693424199995,
                            40.237210007000044,
                            0
                        ]
                    ]
                ]
            },
            "properties": {
                "OBJECTID": 23,
                "Position": "N2J",
                "Low": 5000,
                "High": 13000,
                "Notes": null,
                "Fill": "#9C9C9C",
                "Stroke": "#9C9C9C",
                "Sector": "JFK Departure",
                "Shape_Length": 0.72364551920510989,
                "Shape_Area": 0.029938481081228707
            }
        },
        {
            "type": "Feature",
            "id": 24,
            "geometry": {
                "type": "Polygon",
                "coordinates": [
                    [
                        [
                            -72.965774443999976,
                            40.629403056000058,
                            0
                        ],
                        [
                            -73.120475074999945,
                            40.603211581000039,
                            0
                        ],
                        [
                            -73.153175832999978,
                            40.597673889000077,
                            0
                        ],
                        [
                            -73.329856572999972,
                            40.615657589000079,
                            0
                        ],
                        [
                            -73.334598888999949,
                            40.581091111000035,
                            0
                        ],
                        [
                            -73.328690136999967,
                            40.580010436000066,
                            0
                        ],
                        [
                            -73.400570769999945,
                            40.478969664000033,
                            0
                        ],
                        [
                            -73.252933055999961,
                            40.408815556000036,
                            0
                        ],
                        [
                            -73.085486576999983,
                            40.535514832000047,
                            0
                        ],
                        [
                            -73.065745833999983,
                            40.550403333000077,
                            0
                        ],
                        [
                            -72.965774443999976,
                            40.629403056000058,
                            0
                        ]
                    ]
                ]
            },
            "properties": {
                "OBJECTID": 24,
                "Position": "N2J",
                "Low": 5000,
                "High": 12000,
                "Notes": null,
                "Fill": "#9C9C9C",
                "Stroke": "#9C9C9C",
                "Sector": "JFK Departure",
                "Shape_Length": 1.0581392937693255,
                "Shape_Area": 0.045342097532007686
            }
        },
        {
            "type": "Feature",
            "id": 25,
            "geometry": {
                "type": "Polygon",
                "coordinates": [
                    [
                        [
                            -73.379273281999986,
                            40.833053327000073,
                            0
                        ],
                        [
                            -73.36138916699997,
                            40.847518889000071,
                            0
                        ],
                        [
                            -73.303359801999989,
                            40.895045154000059,
                            0
                        ],
                        [
                            -73.333515833999968,
                            40.912020556000073,
                            0
                        ],
                        [
                            -73.468364153999971,
                            40.918926099000032,
                            0
                        ],
                        [
                            -73.579401154999971,
                            40.876106800000059,
                            0
                        ],
                        [
                            -73.579501229999948,
                            40.875963271000046,
                            0
                        ],
                        [
                            -73.580036327999949,
                            40.875195821000034,
                            0
                        ],
                        [
                            -73.580036801999938,
                            40.875195142000052,
                            0
                        ],
                        [
                            -73.580036885999959,
                            40.875195021000025,
                            0
                        ],
                        [
                            -73.587818628999969,
                            40.864038357000027,
                            0
                        ],
                        [
                            -73.620090832999949,
                            40.81774972200003,
                            0
                        ],
                        [
                            -73.592633342999989,
                            40.817633490000048,
                            0
                        ],
                        [
                            -73.384845875999986,
                            40.816753888000051,
                            0
                        ],
                        [
                            -73.379273281999986,
                            40.833053327000073,
                            0
                        ]
                    ]
                ]
            },
            "properties": {
                "OBJECTID": 25,
                "Position": "N2J",
                "Low": 6000,
                "High": 17000,
                "Notes": null,
                "Fill": "#9C9C9C",
                "Stroke": "#9C9C9C",
                "Sector": "JFK Departure",
                "Shape_Length": 0.71026245804186106,
                "Shape_Area": 0.022376922297633037
            }
        },
        {
            "type": "Feature",
            "id": 26,
            "geometry": {
                "type": "Polygon",
                "coordinates": [
                    [
                        [
                            -73.260084443999972,
                            40.737436667000054,
                            0
                        ],
                        [
                            -73.26852250099995,
                            40.789951944000052,
                            0
                        ],
                        [
                            -73.251964721999968,
                            40.866113889000076,
                            0
                        ],
                        [
                            -73.279368567999938,
                            40.881540033000078,
                            0
                        ],
                        [
                            -73.286807626999973,
                            40.885727621000058,
                            0
                        ],
                        [
                            -73.287464641033125,
                            40.885116996181246,
                            0
                        ],
                        [
                            -73.288116756287408,
                            40.884501142461403,
                            0
                        ],
                        [
                            -73.288763931149418,
                            40.883880099139972,
                            0
                        ],
                        [
                            -73.289406124321019,
                            40.883253905847553,
                            0
                        ],
                        [
                            -73.290043294821956,
                            40.882622602543393,
                            0
                        ],
                        [
                            -73.290675401992516,
                            40.881986229512819,
                            0
                        ],
                        [
                            -73.291302405496069,
                            40.881344827364678,
                            0
                        ],
                        [
                            -73.291924265321668,
                            40.88069843702872,
                            0
                        ],
                        [
                            -73.292540941786598,
                            40.880047099753028,
                            0
                        ],
                        [
                            -73.293152395538939,
                            40.879390857101356,
                            0
                        ],
                        [
                            -73.293758587559992,
                            40.878729750950491,
                            0
                        ],
                        [
                            -73.294359479166872,
                            40.878063823487551,
                            0
                        ],
                        [
                            -73.294955032014911,
                            40.87739311720734,
                            0
                        ],
                        [
                            -73.295545208100108,
                            40.876717674909614,
                            0
                        ],
                        [
                            -73.296129969761608,
                            40.876037539696327,
                            0
                        ],
                        [
                            -73.296709279684038,
                            40.875352754968922,
                            0
                        ],
                        [
                            -73.297283100899918,
                            40.87466336442553,
                            0
                        ],
                        [
                            -73.297851396792026,
                            40.873969412058194,
                            0
                        ],
                        [
                            -73.298414131095711,
                            40.873270942150064,
                            0
                        ],
                        [
                            -73.298971267901251,
                            40.872567999272569,
                            0
                        ],
                        [
                            -73.2995227716561,
                            40.871860628282569,
                            0
                        ],
                        [
                            -73.300068607167177,
                            40.871148874319488,
                            0
                        ],
                        [
                            -73.300608739603106,
                            40.870432782802446,
                            0
                        ],
                        [
                            -73.301143134496442,
                            40.869712399427364,
                            0
                        ],
                        [
                            -73.301671757745851,
                            40.868987770164033,
                            0
                        ],
                        [
                            -73.302194575618358,
                            40.868258941253174,
                            0
                        ],
                        [
                            -73.302711554751397,
                            40.867525959203512,
                            0
                        ],
                        [
                            -73.303222662154994,
                            40.866788870788803,
                            0
                        ],
                        [
                            -73.303727865213887,
                            40.866047723044829,
                            0
                        ],
                        [
                            -73.304227131689572,
                            40.865302563266418,
                            0
                        ],
                        [
                            -73.304720429722394,
                            40.864553439004411,
                            0
                        ],
                        [
                            -73.305207727833533,
                            40.863800398062629,
                            0
                        ],
                        [
                            -73.305688994927067,
                            40.863043488494853,
                            0
                        ],
                        [
                            -73.306164200291931,
                            40.862282758601715,
                            0
                        ],
                        [
                            -73.306633313603854,
                            40.861518256927624,
                            0
                        ],
                        [
                            -73.307096304927327,
                            40.860750032257691,
                            0
                        ],
                        [
                            -73.307553144717531,
                            40.859978133614604,
                            0
                        ],
                        [
                            -73.308003803822146,
                            40.859202610255487,
                            0
                        ],
                        [
                            -73.308448253483306,
                            40.858423511668782,
                            0
                        ],
                        [
                            -73.308886465339356,
                            40.857640887571058,
                            0
                        ],
                        [
                            -73.309318411426702,
                            40.856854787903877,
                            0
                        ],
                        [
                            -73.309744064181587,
                            40.856065262830583,
                            0
                        ],
                        [
                            -73.310163396441865,
                            40.855272362733089,
                            0
                        ],
                        [
                            -73.310576381448698,
                            40.854476138208696,
                            0
                        ],
                        [
                            -73.310982992848295,
                            40.853676640066837,
                            0
                        ],
                        [
                            -73.31138320469357,
                            40.852873919325859,
                            0
                        ],
                        [
                            -73.311776991445853,
                            40.852068027209725,
                            0
                        ],
                        [
                            -73.312164327976433,
                            40.851259015144798,
                            0
                        ],
                        [
                            -73.312545189568212,
                            40.850446934756533,
                            0
                        ],
                        [
                            -73.312919551917318,
                            40.849631837866163,
                            0
                        ],
                        [
                            -73.313287391134551,
                            40.848813776487425,
                            0
                        ],
                        [
                            -73.313648683747019,
                            40.847992802823242,
                            0
                        ],
                        [
                            -73.314003406699584,
                            40.847168969262356,
                            0
                        ],
                        [
                            -73.314351537356316,
                            40.846342328376025,
                            0
                        ],
                        [
                            -73.314693053501969,
                            40.845512932914637,
                            0
                        ],
                        [
                            -73.315027933343401,
                            40.844680835804368,
                            0
                        ],
                        [
                            -73.315356155510926,
                            40.843846090143792,
                            0
                        ],
                        [
                            -73.315677699059734,
                            40.843008749200486,
                            0
                        ],
                        [
                            -73.315992543471168,
                            40.842168866407654,
                            0
                        ],
                        [
                            -73.316300668654094,
                            40.84132649536069,
                            0
                        ],
                        [
                            -73.316602054946117,
                            40.840481689813778,
                            0
                        ],
                        [
                            -73.316896683114891,
                            40.839634503676457,
                            0
                        ],
                        [
                            -73.317184534359342,
                            40.838784991010172,
                            0
                        ],
                        [
                            -73.317465590310817,
                            40.837933206024829,
                            0
                        ],
                        [
                            -73.317739833034295,
                            40.837079203075348,
                            0
                        ],
                        [
                            -73.318007245029563,
                            40.836223036658168,
                            0
                        ],
                        [
                            -73.318267809232267,
                            40.83536476140781,
                            0
                        ],
                        [
                            -73.318521509015014,
                            40.834504432093333,
                            0
                        ],
                        [
                            -73.318768328188511,
                            40.833642103614906,
                            0
                        ],
                        [
                            -73.319008251002458,
                            40.832777831000243,
                            0
                        ],
                        [
                            -73.31924126214669,
                            40.83191166940113,
                            0
                        ],
                        [
                            -73.319467346752091,
                            40.831043674089898,
                            0
                        ],
                        [
                            -73.319686490391518,
                            40.830173900455897,
                            0
                        ],
                        [
                            -73.319898679080765,
                            40.829302404001936,
                            0
                        ],
                        [
                            -73.320103899279459,
                            40.828429240340782,
                            0
                        ],
                        [
                            -73.320302137891886,
                            40.827554465191582,
                            0
                        ],
                        [
                            -73.32049338226787,
                            40.826678134376323,
                            0
                        ],
                        [
                            -73.320677620203512,
                            40.825800303816266,
                            0
                        ],
                        [
                            -73.320854839942072,
                            40.824921029528355,
                            0
                        ],
                        [
                            -73.321025030174624,
                            40.824040367621691,
                            0
                        ],
                        [
                            -73.321188180040835,
                            40.823158374293897,
                            0
                        ],
                        [
                            -73.321344279129633,
                            40.822275105827579,
                            0
                        ],
                        [
                            -73.321493317479863,
                            40.821390618586705,
                            0
                        ],
                        [
                            -73.321635285580939,
                            40.820504969013008,
                            0
                        ],
                        [
                            -73.321770174373484,
                            40.819618213622412,
                            0
                        ],
                        [
                            -73.32189797524984,
                            40.818730409001382,
                            0
                        ],
                        [
                            -73.32201868005464,
                            40.81784161180336,
                            0
                        ],
                        [
                            -73.322132281085359,
                            40.816951878745115,
                            0
                        ],
                        [
                            -73.322238771092785,
                            40.816061266603143,
                            0
                        ],
                        [
                            -73.322338143281485,
                            40.815169832210032,
                            0
                        ],
                        [
                            -73.322430391310206,
                            40.814277632450839,
                            0
                        ],
                        [
                            -73.322515509292344,
                            40.813384724259457,
                            0
                        ],
                        [
                            -73.322593491796269,
                            40.812491164615004,
                            0
                        ],
                        [
                            -73.32266433384568,
                            40.811597010538158,
                            0
                        ],
                        [
                            -73.322728030919947,
                            40.810702319087518,
                            0
                        ],
                        [
                            -73.322784578954355,
                            40.809807147355997,
                            0
                        ],
                        [
                            -73.322833974340426,
                            40.808911552467144,
                            0
                        ],
                        [
                            -73.322876213926079,
                            40.808015591571504,
                            0
                        ],
                        [
                            -73.322911295015899,
                            40.80711932184299,
                            0
                        ],
                        [
                            -73.322939215371235,
                            40.806222800475219,
                            0
                        ],
                        [
                            -73.32295997321043,
                            40.805326084677866,
                            0
                        ],
                        [
                            -73.322973567208848,
                            40.804429231673012,
                            0
                        ],
                        [
                            -73.322979996499029,
                            40.803532298691486,
                            0
                        ],
                        [
                            -73.322979260670692,
                            40.802635342969246,
                            0
                        ],
                        [
                            -73.32297135977079,
                            40.801738421743664,
                            0
                        ],
                        [
                            -73.322956294303509,
                            40.800841592249945,
                            0
                        ],
                        [
                            -73.322934065230214,
                            40.799944911717418,
                            0
                        ],
                        [
                            -73.322904673969418,
                            40.799048437365919,
                            0
                        ],
                        [
                            -73.322868122396656,
                            40.798152226402109,
                            0
                        ],
                        [
                            -73.322824412844398,
                            40.797256336015877,
                            0
                        ],
                        [
                            -73.322773548101878,
                            40.79636082337661,
                            0
                        ],
                        [
                            -73.322715531414914,
                            40.795465745629627,
                            0
                        ],
                        [
                            -73.322650366485746,
                            40.794571159892477,
                            0
                        ],
                        [
                            -73.322578057472711,
                            40.793677123251307,
                            0
                        ],
                        [
                            -73.322498608990088,
                            40.792783692757247,
                            0
                        ],
                        [
                            -73.322412026107699,
                            40.791890925422727,
                            0
                        ],
                        [
                            -73.322318314350667,
                            40.790998878217863,
                            0
                        ],
                        [
                            -73.322217479699006,
                            40.790107608066819,
                            0
                        ],
                        [
                            -73.322109528587276,
                            40.789217171844179,
                            0
                        ],
                        [
                            -73.321994467904162,
                            40.788327626371306,
                            0
                        ],
                        [
                            -73.321872304992013,
                            40.78743902841272,
                            0
                        ],
                        [
                            -73.321743047646407,
                            40.786551434672475,
                            0
                        ],
                        [
                            -73.321606704115652,
                            40.785664901790547,
                            0
                        ],
                        [
                            -73.321463283100229,
                            40.784779486339225,
                            0
                        ],
                        [
                            -73.321312793752227,
                            40.783895244819476,
                            0
                        ],
                        [
                            -73.321155245674845,
                            40.783012233657352,
                            0
                        ],
                        [
                            -73.320990648921693,
                            40.782130509200421,
                            0
                        ],
                        [
                            -73.320819013996143,
                            40.781250127714102,
                            0
                        ],
                        [
                            -73.32064035185077,
                            40.780371145378147,
                            0
                        ],
                        [
                            -73.320454673886502,
                            40.779493618283013,
                            0
                        ],
                        [
                            -73.320261991951995,
                            40.778617602426287,
                            0
                        ],
                        [
                            -73.320062318342877,
                            40.777743153709139,
                            0
                        ],
                        [
                            -73.319855665800901,
                            40.776870327932706,
                            0
                        ],
                        [
                            -73.319642047513156,
                            40.775999180794585,
                            0
                        ],
                        [
                            -73.319421477111277,
                            40.775129767885247,
                            0
                        ],
                        [
                            -73.319193968670504,
                            40.774262144684492,
                            0
                        ],
                        [
                            -73.318959536708832,
                            40.773396366557911,
                            0
                        ],
                        [
                            -73.31871819618604,
                            40.772532488753377,
                            0
                        ],
                        [
                            -73.318469962502789,
                            40.771670566397468,
                            0
                        ],
                        [
                            -73.318214851499604,
                            40.770810654492003,
                            0
                        ],
                        [
                            -73.317952879455859,
                            40.769952807910492,
                            0
                        ],
                        [
                            -73.317684063088777,
                            40.769097081394662,
                            0
                        ],
                        [
                            -73.317408419552322,
                            40.768243529550936,
                            0
                        ],
                        [
                            -73.317125966436109,
                            40.767392206846992,
                            0
                        ],
                        [
                            -73.316836721764318,
                            40.766543167608226,
                            0
                        ],
                        [
                            -73.316540703994505,
                            40.765696466014354,
                            0
                        ],
                        [
                            -73.316237932016435,
                            40.764852156095898,
                            0
                        ],
                        [
                            -73.315928425150872,
                            40.764010291730763,
                            0
                        ],
                        [
                            -73.315612203148376,
                            40.763170926640804,
                            0
                        ],
                        [
                            -73.315289286188005,
                            40.762334114388374,
                            0
                        ],
                        [
                            -73.314959694876038,
                            40.76149990837294,
                            0
                        ],
                        [
                            -73.314623450244667,
                            40.760668361827648,
                            0
                        ],
                        [
                            -73.314280573750651,
                            40.759839527815942,
                            0
                        ],
                        [
                            -73.313931087273971,
                            40.759013459228157,
                            0
                        ],
                        [
                            -73.313575013116363,
                            40.758190208778167,
                            0
                        ],
                        [
                            -73.313212373999988,
                            40.757369829000027,
                            0
                        ],
                        [
                            -73.31293599994406,
                            40.756480113648038,
                            0
                        ],
                        [
                            -73.312652964674328,
                            40.755592494888418,
                            0
                        ],
                        [
                            -73.312363284093166,
                            40.754707022592264,
                            0
                        ],
                        [
                            -73.312066974476394,
                            40.753823746510079,
                            0
                        ],
                        [
                            -73.311764052472228,
                            40.752942716268976,
                            0
                        ],
                        [
                            -73.311454535100424,
                            40.752063981369872,
                            0
                        ],
                        [
                            -73.311138439751318,
                            40.751187591184724,
                            0
                        ],
                        [
                            -73.310815784184797,
                            40.750313594953759,
                            0
                        ],
                        [
                            -73.31048658652935,
                            40.749442041782693,
                            0
                        ],
                        [
                            -73.310150865281031,
                            40.74857298063997,
                            0
                        ],
                        [
                            -73.30980863930246,
                            40.747706460354038,
                            0
                        ],
                        [
                            -73.309459927821663,
                            40.746842529610568,
                            0
                        ],
                        [
                            -73.309104750431104,
                            40.745981236949746,
                            0
                        ],
                        [
                            -73.308743127086515,
                            40.745122630763532,
                            0
                        ],
                        [
                            -73.308375078105826,
                            40.744266759292948,
                            0
                        ],
                        [
                            -73.308000624167931,
                            40.743413670625372,
                            0
                        ],
                        [
                            -73.307619786311662,
                            40.742563412691815,
                            0
                        ],
                        [
                            -73.307232585934472,
                            40.741716033264254,
                            0
                        ],
                        [
                            -73.306839044791332,
                            40.74087157995293,
                            0
                        ],
                        [
                            -73.306439184993451,
                            40.740030100203683,
                            0
                        ],
                        [
                            -73.306033029007068,
                            40.739191641295285,
                            0
                        ],
                        [
                            -73.305620599652158,
                            40.738356250336771,
                            0
                        ],
                        [
                            -73.305201920101183,
                            40.737523974264818,
                            0
                        ],
                        [
                            -73.304777013877768,
                            40.73669485984108,
                            0
                        ],
                        [
                            -73.304345904855396,
                            40.735868953649572,
                            0
                        ],
                        [
                            -73.303908617256013,
                            40.735046302094055,
                            0
                        ],
                        [
                            -73.303465175648768,
                            40.734226951395449,
                            0
                        ],
                        [
                            -73.303015604948541,
                            40.733410947589171,
                            0
                        ],
                        [
                            -73.302559930414589,
                            40.732598336522642,
                            0
                        ],
                        [
                            -73.3020981776491,
                            40.731789163852611,
                            0
                        ],
                        [
                            -73.301630372595795,
                            40.730983475042684,
                            0
                        ],
                        [
                            -73.301156541538404,
                            40.730181315360696,
                            0
                        ],
                        [
                            -73.300676711099271,
                            40.729382729876214,
                            0
                        ],
                        [
                            -73.300190908237795,
                            40.728587763457966,
                            0
                        ],
                        [
                            -73.299699160248949,
                            40.727796460771373,
                            0
                        ],
                        [
                            -73.299201494761704,
                            40.727008866275987,
                            0
                        ],
                        [
                            -73.298697939737565,
                            40.726225024223012,
                            0
                        ],
                        [
                            -73.29818852346888,
                            40.725444978652838,
                            0
                        ],
                        [
                            -73.297673274577363,
                            40.72466877339253,
                            0
                        ],
                        [
                            -73.297152222012386,
                            40.723896452053388,
                            0
                        ],
                        [
                            -73.29662539504946,
                            40.723128058028507,
                            0
                        ],
                        [
                            -73.296092823288475,
                            40.722363634490307,
                            0
                        ],
                        [
                            -73.295554536652133,
                            40.721603224388133,
                            0
                        ],
                        [
                            -73.295010565384203,
                            40.72084687044584,
                            0
                        ],
                        [
                            -73.294460940047884,
                            40.720094615159368,
                            0
                        ],
                        [
                            -73.293905691524003,
                            40.719346500794394,
                            0
                        ],
                        [
                            -73.293344851009351,
                            40.718602569383926,
                            0
                        ],
                        [
                            -73.292778450014922,
                            40.717862862725951,
                            0
                        ],
                        [
                            -73.29220652036409,
                            40.71712742238109,
                            0
                        ],
                        [
                            -73.291629094190881,
                            40.716396289670257,
                            0
                        ],
                        [
                            -73.291046203938151,
                            40.715669505672338,
                            0
                        ],
                        [
                            -73.290457882355753,
                            40.714947111221903,
                            0
                        ],
                        [
                            -73.289864162498674,
                            40.714229146906867,
                            0
                        ],
                        [
                            -73.289265077725233,
                            40.71351565306626,
                            0
                        ],
                        [
                            -73.288660661695189,
                            40.712806669787923,
                            0
                        ],
                        [
                            -73.288050948367797,
                            40.712102236906269,
                            0
                        ],
                        [
                            -73.287435971999969,
                            40.711402394000061,
                            0
                        ],
                        [
                            -73.260084443999972,
                            40.737436667000054,
                            0
                        ]
                    ]
                ]
            },
            "properties": {
                "OBJECTID": 26,
                "Position": "N2J",
                "Low": 6000,
                "High": 13000,
                "Notes": null,
                "Fill": "#9C9C9C",
                "Stroke": "#9C9C9C",
                "Sector": "JFK Departure",
                "Shape_Length": 0.40190472583751657,
                "Shape_Area": 0.0081828960907421328
            }
        },
        {
            "type": "Feature",
            "id": 27,
            "geometry": {
                "type": "Polygon",
                "coordinates": [
                    [
                        [
                            -73.300001485999985,
                            40.897797806000028,
                            0
                        ],
                        [
                            -73.242224145999955,
                            40.94510123200007,
                            0
                        ],
                        [
                            -73.344430831999944,
                            40.965515000000039,
                            0
                        ],
                        [
                            -73.361304271999984,
                            40.959193473000028,
                            0
                        ],
                        [
                            -73.393448172999967,
                            40.947090339000056,
                            0
                        ],
                        [
                            -73.468364153999971,
                            40.918926099000032,
                            0
                        ],
                        [
                            -73.333515833999968,
                            40.912020556000073,
                            0
                        ],
                        [
                            -73.303359801999989,
                            40.895045154000059,
                            0
                        ],
                        [
                            -73.300001485999985,
                            40.897797806000028,
                            0
                        ]
                    ]
                ]
            },
            "properties": {
                "OBJECTID": 27,
                "Position": "N2J",
                "Low": 7000,
                "High": 17000,
                "Notes": null,
                "Fill": "#9C9C9C",
                "Stroke": "#9C9C9C",
                "Sector": "JFK Departure",
                "Shape_Length": 0.48527072967012841,
                "Shape_Area": 0.0074656535287112224
            }
        },
        {
            "type": "Feature",
            "id": 28,
            "geometry": {
                "type": "Polygon",
                "coordinates": [
                    [
                        [
                            -73.135450645999981,
                            40.923665584000048,
                            0
                        ],
                        [
                            -73.195766473999981,
                            40.935744273000068,
                            0
                        ],
                        [
                            -73.242224145999955,
                            40.94510123200007,
                            0
                        ],
                        [
                            -73.300001485999985,
                            40.897797806000028,
                            0
                        ],
                        [
                            -73.303359801999989,
                            40.895045154000059,
                            0
                        ],
                        [
                            -73.286807626999973,
                            40.885727621000058,
                            0
                        ],
                        [
                            -73.279368567999938,
                            40.881540033000078,
                            0
                        ],
                        [
                            -73.251964721999968,
                            40.866113889000076,
                            0
                        ],
                        [
                            -73.135450645999981,
                            40.923665584000048,
                            0
                        ]
                    ]
                ]
            },
            "properties": {
                "OBJECTID": 28,
                "Position": "N2J",
                "Low": 7000,
                "High": 14000,
                "Notes": null,
                "Fill": "#9C9C9C",
                "Stroke": "#9C9C9C",
                "Sector": "JFK Departure",
                "Shape_Length": 0.37684911030203527,
                "Shape_Area": 0.0064904373692264098
            }
        },
        {
            "type": "Feature",
            "id": 29,
            "geometry": {
                "type": "Polygon",
                "coordinates": [
                    [
                        [
                            -73.321105042999989,
                            40.679340849000027,
                            0
                        ],
                        [
                            -73.287435971999969,
                            40.711402394000061,
                            0
                        ],
                        [
                            -73.288050948367797,
                            40.712102236906269,
                            0
                        ],
                        [
                            -73.288660661695189,
                            40.712806669787923,
                            0
                        ],
                        [
                            -73.289265077725233,
                            40.71351565306626,
                            0
                        ],
                        [
                            -73.289864162498674,
                            40.714229146906867,
                            0
                        ],
                        [
                            -73.290457882355753,
                            40.714947111221903,
                            0
                        ],
                        [
                            -73.291046203938151,
                            40.715669505672338,
                            0
                        ],
                        [
                            -73.291629094190881,
                            40.716396289670257,
                            0
                        ],
                        [
                            -73.29220652036409,
                            40.71712742238109,
                            0
                        ],
                        [
                            -73.292778450014922,
                            40.717862862725951,
                            0
                        ],
                        [
                            -73.293344851009351,
                            40.718602569383926,
                            0
                        ],
                        [
                            -73.293905691524003,
                            40.719346500794394,
                            0
                        ],
                        [
                            -73.294460940047884,
                            40.720094615159368,
                            0
                        ],
                        [
                            -73.295010565384203,
                            40.72084687044584,
                            0
                        ],
                        [
                            -73.295554536652133,
                            40.721603224388133,
                            0
                        ],
                        [
                            -73.296092823288475,
                            40.722363634490307,
                            0
                        ],
                        [
                            -73.29662539504946,
                            40.723128058028507,
                            0
                        ],
                        [
                            -73.297152222012386,
                            40.723896452053388,
                            0
                        ],
                        [
                            -73.297673274577363,
                            40.72466877339253,
                            0
                        ],
                        [
                            -73.29818852346888,
                            40.725444978652838,
                            0
                        ],
                        [
                            -73.298697939737565,
                            40.726225024223012,
                            0
                        ],
                        [
                            -73.299201494761704,
                            40.727008866275987,
                            0
                        ],
                        [
                            -73.299699160248949,
                            40.727796460771373,
                            0
                        ],
                        [
                            -73.300190908237795,
                            40.728587763457966,
                            0
                        ],
                        [
                            -73.300676711099271,
                            40.729382729876214,
                            0
                        ],
                        [
                            -73.301156541538404,
                            40.730181315360696,
                            0
                        ],
                        [
                            -73.301630372595795,
                            40.730983475042684,
                            0
                        ],
                        [
                            -73.3020981776491,
                            40.731789163852611,
                            0
                        ],
                        [
                            -73.302559930414589,
                            40.732598336522642,
                            0
                        ],
                        [
                            -73.303015604948541,
                            40.733410947589171,
                            0
                        ],
                        [
                            -73.303465175648768,
                            40.734226951395449,
                            0
                        ],
                        [
                            -73.303908617256013,
                            40.735046302094055,
                            0
                        ],
                        [
                            -73.304345904855396,
                            40.735868953649572,
                            0
                        ],
                        [
                            -73.304777013877768,
                            40.73669485984108,
                            0
                        ],
                        [
                            -73.305201920101183,
                            40.737523974264818,
                            0
                        ],
                        [
                            -73.305620599652158,
                            40.738356250336771,
                            0
                        ],
                        [
                            -73.306033029007068,
                            40.739191641295285,
                            0
                        ],
                        [
                            -73.306439184993451,
                            40.740030100203683,
                            0
                        ],
                        [
                            -73.306839044791332,
                            40.74087157995293,
                            0
                        ],
                        [
                            -73.307232585934472,
                            40.741716033264254,
                            0
                        ],
                        [
                            -73.307619786311662,
                            40.742563412691815,
                            0
                        ],
                        [
                            -73.308000624167931,
                            40.743413670625372,
                            0
                        ],
                        [
                            -73.308375078105826,
                            40.744266759292948,
                            0
                        ],
                        [
                            -73.308743127086515,
                            40.745122630763532,
                            0
                        ],
                        [
                            -73.309104750431104,
                            40.745981236949746,
                            0
                        ],
                        [
                            -73.309459927821663,
                            40.746842529610568,
                            0
                        ],
                        [
                            -73.30980863930246,
                            40.747706460354038,
                            0
                        ],
                        [
                            -73.310150865281031,
                            40.74857298063997,
                            0
                        ],
                        [
                            -73.31048658652935,
                            40.749442041782693,
                            0
                        ],
                        [
                            -73.310815784184797,
                            40.750313594953759,
                            0
                        ],
                        [
                            -73.311138439751318,
                            40.751187591184724,
                            0
                        ],
                        [
                            -73.311454535100424,
                            40.752063981369872,
                            0
                        ],
                        [
                            -73.311764052472228,
                            40.752942716268976,
                            0
                        ],
                        [
                            -73.312066974476394,
                            40.753823746510079,
                            0
                        ],
                        [
                            -73.312363284093166,
                            40.754707022592264,
                            0
                        ],
                        [
                            -73.312652964674328,
                            40.755592494888418,
                            0
                        ],
                        [
                            -73.31293599994406,
                            40.756480113648038,
                            0
                        ],
                        [
                            -73.313212373999988,
                            40.757369829000027,
                            0
                        ],
                        [
                            -73.313575013116363,
                            40.758190208778167,
                            0
                        ],
                        [
                            -73.313931087273971,
                            40.759013459228157,
                            0
                        ],
                        [
                            -73.314280573750651,
                            40.759839527815942,
                            0
                        ],
                        [
                            -73.314623450244667,
                            40.760668361827648,
                            0
                        ],
                        [
                            -73.314959694876038,
                            40.76149990837294,
                            0
                        ],
                        [
                            -73.315289286188005,
                            40.762334114388374,
                            0
                        ],
                        [
                            -73.315612203148376,
                            40.763170926640804,
                            0
                        ],
                        [
                            -73.315928425150872,
                            40.764010291730763,
                            0
                        ],
                        [
                            -73.316237932016435,
                            40.764852156095898,
                            0
                        ],
                        [
                            -73.316540703994505,
                            40.765696466014354,
                            0
                        ],
                        [
                            -73.316836721764318,
                            40.766543167608226,
                            0
                        ],
                        [
                            -73.317125966436109,
                            40.767392206846992,
                            0
                        ],
                        [
                            -73.317408419552322,
                            40.768243529550936,
                            0
                        ],
                        [
                            -73.317684063088777,
                            40.769097081394662,
                            0
                        ],
                        [
                            -73.317952879455859,
                            40.769952807910492,
                            0
                        ],
                        [
                            -73.318214851499604,
                            40.770810654492003,
                            0
                        ],
                        [
                            -73.318469962502789,
                            40.771670566397468,
                            0
                        ],
                        [
                            -73.31871819618604,
                            40.772532488753377,
                            0
                        ],
                        [
                            -73.318959536708832,
                            40.773396366557911,
                            0
                        ],
                        [
                            -73.319193968670504,
                            40.774262144684492,
                            0
                        ],
                        [
                            -73.319421477111277,
                            40.775129767885247,
                            0
                        ],
                        [
                            -73.319642047513156,
                            40.775999180794585,
                            0
                        ],
                        [
                            -73.319855665800901,
                            40.776870327932706,
                            0
                        ],
                        [
                            -73.320062318342877,
                            40.777743153709139,
                            0
                        ],
                        [
                            -73.320261991951995,
                            40.778617602426287,
                            0
                        ],
                        [
                            -73.320454673886502,
                            40.779493618283013,
                            0
                        ],
                        [
                            -73.32064035185077,
                            40.780371145378147,
                            0
                        ],
                        [
                            -73.320819013996143,
                            40.781250127714102,
                            0
                        ],
                        [
                            -73.320990648921693,
                            40.782130509200421,
                            0
                        ],
                        [
                            -73.321155245674845,
                            40.783012233657352,
                            0
                        ],
                        [
                            -73.321312793752227,
                            40.783895244819476,
                            0
                        ],
                        [
                            -73.321463283100229,
                            40.784779486339225,
                            0
                        ],
                        [
                            -73.321606704115652,
                            40.785664901790547,
                            0
                        ],
                        [
                            -73.321743047646407,
                            40.786551434672475,
                            0
                        ],
                        [
                            -73.321872304992013,
                            40.78743902841272,
                            0
                        ],
                        [
                            -73.321994467904162,
                            40.788327626371306,
                            0
                        ],
                        [
                            -73.322109528587276,
                            40.789217171844179,
                            0
                        ],
                        [
                            -73.322217479699006,
                            40.790107608066819,
                            0
                        ],
                        [
                            -73.322318314350667,
                            40.790998878217863,
                            0
                        ],
                        [
                            -73.322412026107699,
                            40.791890925422727,
                            0
                        ],
                        [
                            -73.322498608990088,
                            40.792783692757247,
                            0
                        ],
                        [
                            -73.322578057472711,
                            40.793677123251307,
                            0
                        ],
                        [
                            -73.322650366485746,
                            40.794571159892477,
                            0
                        ],
                        [
                            -73.322715531414914,
                            40.795465745629627,
                            0
                        ],
                        [
                            -73.322773548101878,
                            40.79636082337661,
                            0
                        ],
                        [
                            -73.322824412844398,
                            40.797256336015877,
                            0
                        ],
                        [
                            -73.322868122396656,
                            40.798152226402109,
                            0
                        ],
                        [
                            -73.322904673969418,
                            40.799048437365919,
                            0
                        ],
                        [
                            -73.322934065230214,
                            40.799944911717418,
                            0
                        ],
                        [
                            -73.322956294303509,
                            40.800841592249945,
                            0
                        ],
                        [
                            -73.32297135977079,
                            40.801738421743664,
                            0
                        ],
                        [
                            -73.322979260670692,
                            40.802635342969246,
                            0
                        ],
                        [
                            -73.322979996499029,
                            40.803532298691486,
                            0
                        ],
                        [
                            -73.322973567208848,
                            40.804429231673012,
                            0
                        ],
                        [
                            -73.32295997321043,
                            40.805326084677866,
                            0
                        ],
                        [
                            -73.322939215371235,
                            40.806222800475219,
                            0
                        ],
                        [
                            -73.322911295015899,
                            40.80711932184299,
                            0
                        ],
                        [
                            -73.322876213926079,
                            40.808015591571504,
                            0
                        ],
                        [
                            -73.322833974340426,
                            40.808911552467144,
                            0
                        ],
                        [
                            -73.322784578954355,
                            40.809807147355997,
                            0
                        ],
                        [
                            -73.322728030919947,
                            40.810702319087518,
                            0
                        ],
                        [
                            -73.32266433384568,
                            40.811597010538158,
                            0
                        ],
                        [
                            -73.322593491796269,
                            40.812491164615004,
                            0
                        ],
                        [
                            -73.322515509292344,
                            40.813384724259457,
                            0
                        ],
                        [
                            -73.322430391310206,
                            40.814277632450839,
                            0
                        ],
                        [
                            -73.322338143281485,
                            40.815169832210032,
                            0
                        ],
                        [
                            -73.322238771092785,
                            40.816061266603143,
                            0
                        ],
                        [
                            -73.322132281085359,
                            40.816951878745115,
                            0
                        ],
                        [
                            -73.32201868005464,
                            40.81784161180336,
                            0
                        ],
                        [
                            -73.32189797524984,
                            40.818730409001382,
                            0
                        ],
                        [
                            -73.321770174373484,
                            40.819618213622412,
                            0
                        ],
                        [
                            -73.321635285580939,
                            40.820504969013008,
                            0
                        ],
                        [
                            -73.321493317479863,
                            40.821390618586705,
                            0
                        ],
                        [
                            -73.321344279129633,
                            40.822275105827579,
                            0
                        ],
                        [
                            -73.321188180040835,
                            40.823158374293897,
                            0
                        ],
                        [
                            -73.321025030174624,
                            40.824040367621691,
                            0
                        ],
                        [
                            -73.320854839942072,
                            40.824921029528355,
                            0
                        ],
                        [
                            -73.320677620203512,
                            40.825800303816266,
                            0
                        ],
                        [
                            -73.32049338226787,
                            40.826678134376323,
                            0
                        ],
                        [
                            -73.320302137891886,
                            40.827554465191582,
                            0
                        ],
                        [
                            -73.320103899279459,
                            40.828429240340782,
                            0
                        ],
                        [
                            -73.319898679080765,
                            40.829302404001936,
                            0
                        ],
                        [
                            -73.319686490391518,
                            40.830173900455897,
                            0
                        ],
                        [
                            -73.319467346752091,
                            40.831043674089898,
                            0
                        ],
                        [
                            -73.31924126214669,
                            40.83191166940113,
                            0
                        ],
                        [
                            -73.319008251002458,
                            40.832777831000243,
                            0
                        ],
                        [
                            -73.318768328188511,
                            40.833642103614906,
                            0
                        ],
                        [
                            -73.318521509015014,
                            40.834504432093333,
                            0
                        ],
                        [
                            -73.318267809232267,
                            40.83536476140781,
                            0
                        ],
                        [
                            -73.318007245029563,
                            40.836223036658168,
                            0
                        ],
                        [
                            -73.317739833034295,
                            40.837079203075348,
                            0
                        ],
                        [
                            -73.317465590310817,
                            40.837933206024829,
                            0
                        ],
                        [
                            -73.317184534359342,
                            40.838784991010172,
                            0
                        ],
                        [
                            -73.316896683114891,
                            40.839634503676457,
                            0
                        ],
                        [
                            -73.316602054946117,
                            40.840481689813778,
                            0
                        ],
                        [
                            -73.316300668654094,
                            40.84132649536069,
                            0
                        ],
                        [
                            -73.315992543471168,
                            40.842168866407654,
                            0
                        ],
                        [
                            -73.315677699059734,
                            40.843008749200486,
                            0
                        ],
                        [
                            -73.315356155510926,
                            40.843846090143792,
                            0
                        ],
                        [
                            -73.315027933343401,
                            40.844680835804368,
                            0
                        ],
                        [
                            -73.314693053501969,
                            40.845512932914637,
                            0
                        ],
                        [
                            -73.314351537356316,
                            40.846342328376025,
                            0
                        ],
                        [
                            -73.314003406699584,
                            40.847168969262356,
                            0
                        ],
                        [
                            -73.313648683747019,
                            40.847992802823242,
                            0
                        ],
                        [
                            -73.313287391134551,
                            40.848813776487425,
                            0
                        ],
                        [
                            -73.312919551917318,
                            40.849631837866163,
                            0
                        ],
                        [
                            -73.312545189568212,
                            40.850446934756533,
                            0
                        ],
                        [
                            -73.312164327976433,
                            40.851259015144798,
                            0
                        ],
                        [
                            -73.311776991445853,
                            40.852068027209725,
                            0
                        ],
                        [
                            -73.31138320469357,
                            40.852873919325859,
                            0
                        ],
                        [
                            -73.310982992848295,
                            40.853676640066837,
                            0
                        ],
                        [
                            -73.310576381448698,
                            40.854476138208696,
                            0
                        ],
                        [
                            -73.310163396441865,
                            40.855272362733089,
                            0
                        ],
                        [
                            -73.309744064181587,
                            40.856065262830583,
                            0
                        ],
                        [
                            -73.309318411426702,
                            40.856854787903877,
                            0
                        ],
                        [
                            -73.308886465339356,
                            40.857640887571058,
                            0
                        ],
                        [
                            -73.308448253483306,
                            40.858423511668782,
                            0
                        ],
                        [
                            -73.308003803822146,
                            40.859202610255487,
                            0
                        ],
                        [
                            -73.307553144717531,
                            40.859978133614604,
                            0
                        ],
                        [
                            -73.307096304927327,
                            40.860750032257691,
                            0
                        ],
                        [
                            -73.306633313603854,
                            40.861518256927624,
                            0
                        ],
                        [
                            -73.306164200291931,
                            40.862282758601715,
                            0
                        ],
                        [
                            -73.305688994927067,
                            40.86304348849486,
                            0
                        ],
                        [
                            -73.305207727833533,
                            40.863800398062629,
                            0
                        ],
                        [
                            -73.304720429722394,
                            40.864553439004411,
                            0
                        ],
                        [
                            -73.304227131689572,
                            40.865302563266418,
                            0
                        ],
                        [
                            -73.303727865213887,
                            40.866047723044829,
                            0
                        ],
                        [
                            -73.303222662154994,
                            40.866788870788803,
                            0
                        ],
                        [
                            -73.302711554751397,
                            40.867525959203512,
                            0
                        ],
                        [
                            -73.302194575618358,
                            40.868258941253174,
                            0
                        ],
                        [
                            -73.301671757745851,
                            40.868987770164033,
                            0
                        ],
                        [
                            -73.301143134496442,
                            40.869712399427364,
                            0
                        ],
                        [
                            -73.300608739603106,
                            40.870432782802446,
                            0
                        ],
                        [
                            -73.300068607167177,
                            40.871148874319488,
                            0
                        ],
                        [
                            -73.2995227716561,
                            40.871860628282569,
                            0
                        ],
                        [
                            -73.298971267901251,
                            40.872567999272569,
                            0
                        ],
                        [
                            -73.298414131095711,
                            40.873270942150064,
                            0
                        ],
                        [
                            -73.297851396792026,
                            40.873969412058194,
                            0
                        ],
                        [
                            -73.297283100899918,
                            40.87466336442553,
                            0
                        ],
                        [
                            -73.296709279684038,
                            40.875352754968922,
                            0
                        ],
                        [
                            -73.296129969761608,
                            40.876037539696327,
                            0
                        ],
                        [
                            -73.295545208100108,
                            40.876717674909614,
                            0
                        ],
                        [
                            -73.294955032014911,
                            40.87739311720734,
                            0
                        ],
                        [
                            -73.294359479166872,
                            40.878063823487551,
                            0
                        ],
                        [
                            -73.293758587559992,
                            40.878729750950491,
                            0
                        ],
                        [
                            -73.293152395538939,
                            40.879390857101356,
                            0
                        ],
                        [
                            -73.292540941786598,
                            40.880047099753028,
                            0
                        ],
                        [
                            -73.291924265321668,
                            40.88069843702872,
                            0
                        ],
                        [
                            -73.291302405496069,
                            40.881344827364678,
                            0
                        ],
                        [
                            -73.290675401992516,
                            40.881986229512819,
                            0
                        ],
                        [
                            -73.290043294821956,
                            40.882622602543393,
                            0
                        ],
                        [
                            -73.289406124321019,
                            40.883253905847553,
                            0
                        ],
                        [
                            -73.288763931149418,
                            40.883880099139972,
                            0
                        ],
                        [
                            -73.288116756287408,
                            40.884501142461403,
                            0
                        ],
                        [
                            -73.287464641033125,
                            40.885116996181246,
                            0
                        ],
                        [
                            -73.286807626999973,
                            40.885727621000058,
                            0
                        ],
                        [
                            -73.303359801999989,
                            40.895045154000059,
                            0
                        ],
                        [
                            -73.36138916699997,
                            40.847518889000071,
                            0
                        ],
                        [
                            -73.379273281999986,
                            40.833053327000073,
                            0
                        ],
                        [
                            -73.384845875999986,
                            40.816753888000051,
                            0
                        ],
                        [
                            -73.414399214999946,
                            40.729506512000057,
                            0
                        ],
                        [
                            -73.489819721999936,
                            40.628443056000037,
                            0
                        ],
                        [
                            -73.450932612999964,
                            40.625440456000035,
                            0
                        ],
                        [
                            -73.329856572999972,
                            40.615657589000079,
                            0
                        ],
                        [
                            -73.321105042999989,
                            40.679340849000027,
                            0
                        ]
                    ]
                ]
            },
            "properties": {
                "OBJECTID": 29,
                "Position": "N2J",
                "Low": 6000,
                "High": 14000,
                "Notes": null,
                "Fill": "#9C9C9C",
                "Stroke": "#9C9C9C",
                "Sector": "JFK Departure",
                "Shape_Length": 0.81672771419418433,
                "Shape_Area": 0.025643361886934422
            }
        },
        {
            "type": "Feature",
            "id": 30,
            "geometry": {
                "type": "Polygon",
                "coordinates": [
                    [
                        [
                            -74.015604780999979,
                            40.518559225000047,
                            0
                        ],
                        [
                            -74.028489443999945,
                            40.497497778000024,
                            0
                        ],
                        [
                            -74.081502221999983,
                            40.432286667000028,
                            0
                        ],
                        [
                            -74.08039911376801,
                            40.431318263064306,
                            0
                        ],
                        [
                            -74.079292481109817,
                            40.430353888596585,
                            0
                        ],
                        [
                            -74.078182338744298,
                            40.429393556423626,
                            0
                        ],
                        [
                            -74.077068701436986,
                            40.42843727931843,
                            0
                        ],
                        [
                            -74.075951583999938,
                            40.427485070000046,
                            0
                        ],
                        [
                            -74.075466496299271,
                            40.426744086454562,
                            0
                        ],
                        [
                            -74.074987409665951,
                            40.425999208820471,
                            0
                        ],
                        [
                            -74.074514355358417,
                            40.425250485697987,
                            0
                        ],
                        [
                            -74.074047364241565,
                            40.424497965938265,
                            0
                        ],
                        [
                            -74.073586466784633,
                            40.42374169864015,
                            0
                        ],
                        [
                            -74.07313169305931,
                            40.422981733147004,
                            0
                        ],
                        [
                            -74.072683072737746,
                            40.422218119043485,
                            0
                        ],
                        [
                            -74.072240635090594,
                            40.421450906152309,
                            0
                        ],
                        [
                            -74.071804408985102,
                            40.420680144530998,
                            0
                        ],
                        [
                            -74.071374422883238,
                            40.419905884468605,
                            0
                        ],
                        [
                            -74.070950704839859,
                            40.419128176482452,
                            0
                        ],
                        [
                            -74.070533282500847,
                            40.41834707131482,
                            0
                        ],
                        [
                            -74.070122183101304,
                            40.417562619929647,
                            0
                        ],
                        [
                            -74.069717433463794,
                            40.416774873509191,
                            0
                        ],
                        [
                            -74.069319059996573,
                            40.415983883450707,
                            0
                        ],
                        [
                            -74.068927088691908,
                            40.415189701363062,
                            0
                        ],
                        [
                            -74.068541545124333,
                            40.414392379063422,
                            0
                        ],
                        [
                            -74.068162454448981,
                            40.413591968573819,
                            0
                        ],
                        [
                            -74.067789841399971,
                            40.412788522117779,
                            0
                        ],
                        [
                            -74.067423730288823,
                            40.411982092116915,
                            0
                        ],
                        [
                            -74.06706414500276,
                            40.411172731187506,
                            0
                        ],
                        [
                            -74.066711109003279,
                            40.410360492137052,
                            0
                        ],
                        [
                            -74.066364645324541,
                            40.409545427960857,
                            0
                        ],
                        [
                            -74.066024776571879,
                            40.408727591838534,
                            0
                        ],
                        [
                            -74.065691524920368,
                            40.407907037130563,
                            0
                        ],
                        [
                            -74.06536491211331,
                            40.407083817374811,
                            0
                        ],
                        [
                            -74.065044959460849,
                            40.406257986283002,
                            0
                        ],
                        [
                            -74.064731687838616,
                            40.405429597737267,
                            0
                        ],
                        [
                            -74.064425117686298,
                            40.404598705786576,
                            0
                        ],
                        [
                            -74.064125269006354,
                            40.403765364643263,
                            0
                        ],
                        [
                            -74.063832161362683,
                            40.402929628679438,
                            0
                        ],
                        [
                            -74.063545813879372,
                            40.402091552423471,
                            0
                        ],
                        [
                            -74.063266245239447,
                            40.401251190556437,
                            0
                        ],
                        [
                            -74.062993473683591,
                            40.400408597908516,
                            0
                        ],
                        [
                            -74.062727517009051,
                            40.39956382945546,
                            0
                        ],
                        [
                            -74.062468392568434,
                            40.398716940314976,
                            0
                        ],
                        [
                            -74.062216117268534,
                            40.397867985743119,
                            0
                        ],
                        [
                            -74.061970707569287,
                            40.397017021130736,
                            0
                        ],
                        [
                            -74.061732179482703,
                            40.396164101999801,
                            0
                        ],
                        [
                            -74.061500548571743,
                            40.395309283999822,
                            0
                        ],
                        [
                            -74.061275829949395,
                            40.394452622904183,
                            0
                        ],
                        [
                            -74.061058038277636,
                            40.393594174606541,
                            0
                        ],
                        [
                            -74.060847187766484,
                            40.392733995117162,
                            0
                        ],
                        [
                            -74.060643292173069,
                            40.391872140559251,
                            0
                        ],
                        [
                            -74.060446364800754,
                            40.391008667165316,
                            0
                        ],
                        [
                            -74.060256418498241,
                            40.390143631273475,
                            0
                        ],
                        [
                            -74.060073465658775,
                            40.389277089323805,
                            0
                        ],
                        [
                            -74.059897518219259,
                            40.388409097854641,
                            0
                        ],
                        [
                            -74.059728587659578,
                            40.387539713498903,
                            0
                        ],
                        [
                            -74.059566685001727,
                            40.386668992980368,
                            0
                        ],
                        [
                            -74.059411820809231,
                            40.38579699311002,
                            0
                        ],
                        [
                            -74.059264005186321,
                            40.384923770782301,
                            0
                        ],
                        [
                            -74.059123247777379,
                            40.384049382971405,
                            0
                        ],
                        [
                            -74.058989557766239,
                            40.383173886727597,
                            0
                        ],
                        [
                            -74.058862943875653,
                            40.382297339173427,
                            0
                        ],
                        [
                            -74.058743414366646,
                            40.381419797500065,
                            0
                        ],
                        [
                            -74.05863097703805,
                            40.380541318963537,
                            0
                        ],
                        [
                            -74.058525639225905,
                            40.379661960880988,
                            0
                        ],
                        [
                            -74.058427407803123,
                            40.378781780626959,
                            0
                        ],
                        [
                            -74.058336289178868,
                            40.377900835629632,
                            0
                        ],
                        [
                            -74.058252289298281,
                            40.377019183367075,
                            0
                        ],
                        [
                            -74.05817541364199,
                            40.376136881363522,
                            0
                        ],
                        [
                            -74.058105667225846,
                            40.37525398718558,
                            0
                        ],
                        [
                            -74.058043054600503,
                            40.374370558438507,
                            0
                        ],
                        [
                            -74.057987579851186,
                            40.373486652762431,
                            0
                        ],
                        [
                            -74.057939246597385,
                            40.372602327828609,
                            0
                        ],
                        [
                            -74.057898057992659,
                            40.371717641335636,
                            0
                        ],
                        [
                            -74.057864016724409,
                            40.370832651005706,
                            0
                        ],
                        [
                            -74.057837125013663,
                            40.369947414580849,
                            0
                        ],
                        [
                            -74.057817384615007,
                            40.369061989819123,
                            0
                        ],
                        [
                            -74.057804796816427,
                            40.368176434490906,
                            0
                        ],
                        [
                            -74.057799362439212,
                            40.367290806375074,
                            0
                        ],
                        [
                            -74.057801081837951,
                            40.366405163255266,
                            0
                        ],
                        [
                            -74.057809954900449,
                            40.365519562916077,
                            0
                        ],
                        [
                            -74.05782598104777,
                            40.364634063139334,
                            0
                        ],
                        [
                            -74.05784915923428,
                            40.363748721700297,
                            0
                        ],
                        [
                            -74.057879487947702,
                            40.362863596363887,
                            0
                        ],
                        [
                            -74.057916965209216,
                            40.361978744880943,
                            0
                        ],
                        [
                            -74.057961588573562,
                            40.361094224984406,
                            0
                        ],
                        [
                            -74.058013355129248,
                            40.360210094385614,
                            0
                        ],
                        [
                            -74.058072261498737,
                            40.359326410770493,
                            0
                        ],
                        [
                            -74.058138303838618,
                            40.358443231795789,
                            0
                        ],
                        [
                            -74.058211477839905,
                            40.357560615085355,
                            0
                        ],
                        [
                            -74.058291778728275,
                            40.356678618226326,
                            0
                        ],
                        [
                            -74.05837920126443,
                            40.355797298765417,
                            0
                        ],
                        [
                            -74.0584737397444,
                            40.354916714205132,
                            0
                        ],
                        [
                            -74.058575387999952,
                            40.354036922000034,
                            0
                        ],
                        [
                            -73.994335277999937,
                            40.32096277800008,
                            0
                        ],
                        [
                            -73.97505027699998,
                            40.272203889000025,
                            0
                        ],
                        [
                            -73.766564166999956,
                            40.369418333000056,
                            0
                        ],
                        [
                            -73.767201449999959,
                            40.412302071000056,
                            0
                        ],
                        [
                            -73.768845378448233,
                            40.412321331403994,
                            0
                        ],
                        [
                            -73.770489211193336,
                            40.412347515602995,
                            0
                        ],
                        [
                            -73.772132919074224,
                            40.41238062313257,
                            0
                        ],
                        [
                            -73.773776472932013,
                            40.412420653405398,
                            0
                        ],
                        [
                            -73.775419843610564,
                            40.412467605711349,
                            0
                        ],
                        [
                            -73.777063001957018,
                            40.41252147921751,
                            0
                        ],
                        [
                            -73.778705918822254,
                            40.41258227296818,
                            0
                        ],
                        [
                            -73.780348565061431,
                            40.41264998588489,
                            0
                        ],
                        [
                            -73.781990911534535,
                            40.412724616766447,
                            0
                        ],
                        [
                            -73.783632929106844,
                            40.412806164288916,
                            0
                        ],
                        [
                            -73.785274588649486,
                            40.41289462700567,
                            0
                        ],
                        [
                            -73.786915861039915,
                            40.412990003347403,
                            0
                        ],
                        [
                            -73.788556717162507,
                            40.413092291622178,
                            0
                        ],
                        [
                            -73.790197127908968,
                            40.413201490015425,
                            0
                        ],
                        [
                            -73.791837064178921,
                            40.413317596590005,
                            0
                        ],
                        [
                            -73.79347649688043,
                            40.413440609286219,
                            0
                        ],
                        [
                            -73.795115396930456,
                            40.41357052592187,
                            0
                        ],
                        [
                            -73.796753735255422,
                            40.413707344192261,
                            0
                        ],
                        [
                            -73.798391482791729,
                            40.413851061670286,
                            0
                        ],
                        [
                            -73.800028610486251,
                            40.414001675806446,
                            0
                        ],
                        [
                            -73.801665089296861,
                            40.414159183928895,
                            0
                        ],
                        [
                            -73.803300890192915,
                            40.41432358324348,
                            0
                        ],
                        [
                            -73.804935984155847,
                            40.414494870833813,
                            0
                        ],
                        [
                            -73.806570342179569,
                            40.41467304366131,
                            0
                        ],
                        [
                            -73.808203935271109,
                            40.414858098565233,
                            0
                        ],
                        [
                            -73.809836734451025,
                            40.415050032262769,
                            0
                        ],
                        [
                            -73.811468710753971,
                            40.415248841349076,
                            0
                        ],
                        [
                            -73.81309983522921,
                            40.415454522297345,
                            0
                        ],
                        [
                            -73.814730078941082,
                            40.415667071458849,
                            0
                        ],
                        [
                            -73.816359412969604,
                            40.415886485063048,
                            0
                        ],
                        [
                            -73.817987808410876,
                            40.416112759217604,
                            0
                        ],
                        [
                            -73.819615236377686,
                            40.416345889908484,
                            0
                        ],
                        [
                            -73.821241667999971,
                            40.416585873000031,
                            0
                        ],
                        [
                            -73.822795852889882,
                            40.416813340736056,
                            0
                        ],
                        [
                            -73.824348999637749,
                            40.417047792058533,
                            0
                        ],
                        [
                            -73.825901076863587,
                            40.417289222230593,
                            0
                        ],
                        [
                            -73.827452053209115,
                            40.417537626374347,
                            0
                        ],
                        [
                            -73.829001897338202,
                            40.417792999471011,
                            0
                        ],
                        [
                            -73.830550577937657,
                            40.418055336361007,
                            0
                        ],
                        [
                            -73.832098063717766,
                            40.418324631744056,
                            0
                        ],
                        [
                            -73.833644323412983,
                            40.41860088017927,
                            0
                        ],
                        [
                            -73.83518932578248,
                            40.418884076085313,
                            0
                        ],
                        [
                            -73.836733039610905,
                            40.419174213740455,
                            0
                        ],
                        [
                            -73.838275433708873,
                            40.419471287282725,
                            0
                        ],
                        [
                            -73.839816476913711,
                            40.419775290710021,
                            0
                        ],
                        [
                            -73.841356138090021,
                            40.420086217880225,
                            0
                        ],
                        [
                            -73.842894386130311,
                            40.420404062511338,
                            0
                        ],
                        [
                            -73.844431189955657,
                            40.420728818181587,
                            0
                        ],
                        [
                            -73.845966518516335,
                            40.421060478329572,
                            0
                        ],
                        [
                            -73.847500340792394,
                            40.421399036254407,
                            0
                        ],
                        [
                            -73.849032625794322,
                            40.421744485115816,
                            0
                        ],
                        [
                            -73.850563342563674,
                            40.422096817934332,
                            0
                        ],
                        [
                            -73.852092460173694,
                            40.422456027591373,
                            0
                        ],
                        [
                            -73.853619947729925,
                            40.422822106829436,
                            0
                        ],
                        [
                            -73.855145774370854,
                            40.423195048252218,
                            0
                        ],
                        [
                            -73.856669909268504,
                            40.423574844324762,
                            0
                        ],
                        [
                            -73.858192321629119,
                            40.423961487373639,
                            0
                        ],
                        [
                            -73.859712980693701,
                            40.424354969587071,
                            0
                        ],
                        [
                            -73.861231855738694,
                            40.424755283015095,
                            0
                        ],
                        [
                            -73.862748916076612,
                            40.425162419569745,
                            0
                        ],
                        [
                            -73.864264131056572,
                            40.425576371025187,
                            0
                        ],
                        [
                            -73.865777470065041,
                            40.425997129017908,
                            0
                        ],
                        [
                            -73.867288902526354,
                            40.426424685046854,
                            0
                        ],
                        [
                            -73.868798397903348,
                            40.426859030473658,
                            0
                        ],
                        [
                            -73.870305925698062,
                            40.427300156522747,
                            0
                        ],
                        [
                            -73.871811455452203,
                            40.427748054281565,
                            0
                        ],
                        [
                            -73.873314956747919,
                            40.428202714700745,
                            0
                        ],
                        [
                            -73.874816399208299,
                            40.428664128594278,
                            0
                        ],
                        [
                            -73.876315752498058,
                            40.4291322866397,
                            0
                        ],
                        [
                            -73.877812986324074,
                            40.429607179378309,
                            0
                        ],
                        [
                            -73.87930807043611,
                            40.430088797215319,
                            0
                        ],
                        [
                            -73.88080097462732,
                            40.430577130420069,
                            0
                        ],
                        [
                            -73.882291668734908,
                            40.431072169126232,
                            0
                        ],
                        [
                            -73.883780122640729,
                            40.43157390333198,
                            0
                        ],
                        [
                            -73.885266306271916,
                            40.432082322900236,
                            0
                        ],
                        [
                            -73.886750189601443,
                            40.432597417558831,
                            0
                        ],
                        [
                            -73.888231742648799,
                            40.433119176900746,
                            0
                        ],
                        [
                            -73.889710935480508,
                            40.43364759038429,
                            0
                        ],
                        [
                            -73.891187738210817,
                            40.434182647333351,
                            0
                        ],
                        [
                            -73.892662121002246,
                            40.43472433693757,
                            0
                        ],
                        [
                            -73.894134054066214,
                            40.435272648252607,
                            0
                        ],
                        [
                            -73.895603507663608,
                            40.435827570200317,
                            0
                        ],
                        [
                            -73.897070452105467,
                            40.436389091568998,
                            0
                        ],
                        [
                            -73.898534857753475,
                            40.436957201013612,
                            0
                        ],
                        [
                            -73.899996695020633,
                            40.437531887056025,
                            0
                        ],
                        [
                            -73.901455934371825,
                            40.438113138085207,
                            0
                        ],
                        [
                            -73.902912546324416,
                            40.438700942357514,
                            0
                        ],
                        [
                            -73.904366501448877,
                            40.439295287996877,
                            0
                        ],
                        [
                            -73.905817770369353,
                            40.439896162995083,
                            0
                        ],
                        [
                            -73.907266323764233,
                            40.440503555211976,
                            0
                        ],
                        [
                            -73.908712132366816,
                            40.441117452375757,
                            0
                        ],
                        [
                            -73.910155166965808,
                            40.441737842083178,
                            0
                        ],
                        [
                            -73.911595398406021,
                            40.442364711799819,
                            0
                        ],
                        [
                            -73.913032797588826,
                            40.442998048860332,
                            0
                        ],
                        [
                            -73.914467335472892,
                            40.443637840468718,
                            0
                        ],
                        [
                            -73.915898983074655,
                            40.444284073698554,
                            0
                        ],
                        [
                            -73.917327711468957,
                            40.444936735493286,
                            0
                        ],
                        [
                            -73.91875349178963,
                            40.445595812666454,
                            0
                        ],
                        [
                            -73.920176295230036,
                            40.446261291902005,
                            0
                        ],
                        [
                            -73.921596093043718,
                            40.446933159754522,
                            0
                        ],
                        [
                            -73.923012856544929,
                            40.447611402649507,
                            0
                        ],
                        [
                            -73.924426557109243,
                            40.448296006883687,
                            0
                        ],
                        [
                            -73.925837166174091,
                            40.448986958625234,
                            0
                        ],
                        [
                            -73.927244655239392,
                            40.449684243914092,
                            0
                        ],
                        [
                            -73.928648995868073,
                            40.450387848662238,
                            0
                        ],
                        [
                            -73.930050159686701,
                            40.451097758653958,
                            0
                        ],
                        [
                            -73.931448118386015,
                            40.451813959546165,
                            0
                        ],
                        [
                            -73.932842843721502,
                            40.452536436868662,
                            0
                        ],
                        [
                            -73.934234307514004,
                            40.453265176024438,
                            0
                        ],
                        [
                            -73.935622481650213,
                            40.454000162289965,
                            0
                        ],
                        [
                            -73.937007338083347,
                            40.454741380815513,
                            0
                        ],
                        [
                            -73.938388848833597,
                            40.455488816625419,
                            0
                        ],
                        [
                            -73.939766985988769,
                            40.456242454618419,
                            0
                        ],
                        [
                            -73.941141721704867,
                            40.457002279567924,
                            0
                        ],
                        [
                            -73.942513028206562,
                            40.457768276122358,
                            0
                        ],
                        [
                            -73.943880877787834,
                            40.458540428805435,
                            0
                        ],
                        [
                            -73.945245242812504,
                            40.459318722016519,
                            0
                        ],
                        [
                            -73.946606095714827,
                            40.460103140030874,
                            0
                        ],
                        [
                            -73.947963408999954,
                            40.46089366700005,
                            0
                        ],
                        [
                            -73.888493111999935,
                            40.537440358000026,
                            0
                        ],
                        [
                            -73.88471836399998,
                            40.542294790000028,
                            0
                        ],
                        [
                            -73.884719074999964,
                            40.54229513000007,
                            0
                        ],
                        [
                            -73.973589999999945,
                            40.587133333000054,
                            0
                        ],
                        [
                            -74.015604780999979,
                            40.518559225000047,
                            0
                        ]
                    ]
                ]
            },
            "properties": {
                "OBJECTID": 30,
                "Position": "N2A",
                "Low": 0,
                "High": 4000,
                "Notes": null,
                "Fill": "#343434",
                "Stroke": "#343434",
                "Sector": "Final Vector",
                "Shape_Length": 1.0631198430873106,
                "Shape_Area": 0.046707912273573189
            }
        },
        {
            "type": "Feature",
            "id": 32,
            "geometry": {
                "type": "Polygon",
                "coordinates": [
                    [
                        [
                            -74.058575387999952,
                            40.354036922000034,
                            0
                        ],
                        [
                            -74.0584737397444,
                            40.354916714205132,
                            0
                        ],
                        [
                            -74.05837920126443,
                            40.355797298765417,
                            0
                        ],
                        [
                            -74.058291778728275,
                            40.356678618226326,
                            0
                        ],
                        [
                            -74.058211477839905,
                            40.357560615085355,
                            0
                        ],
                        [
                            -74.058138303838618,
                            40.358443231795796,
                            0
                        ],
                        [
                            -74.058072261498737,
                            40.359326410770493,
                            0
                        ],
                        [
                            -74.058013355129248,
                            40.360210094385614,
                            0
                        ],
                        [
                            -74.057961588573548,
                            40.361094224984406,
                            0
                        ],
                        [
                            -74.057916965209202,
                            40.361978744880943,
                            0
                        ],
                        [
                            -74.057879487947687,
                            40.362863596363887,
                            0
                        ],
                        [
                            -74.057849159234266,
                            40.363748721700297,
                            0
                        ],
                        [
                            -74.057825981047756,
                            40.364634063139334,
                            0
                        ],
                        [
                            -74.057809954900421,
                            40.365519562916077,
                            0
                        ],
                        [
                            -74.057801081837923,
                            40.366405163255266,
                            0
                        ],
                        [
                            -74.057799362439184,
                            40.367290806375081,
                            0
                        ],
                        [
                            -74.057804796816399,
                            40.368176434490913,
                            0
                        ],
                        [
                            -74.057817384614978,
                            40.36906198981913,
                            0
                        ],
                        [
                            -74.057837125013634,
                            40.369947414580849,
                            0
                        ],
                        [
                            -74.05786401672438,
                            40.370832651005713,
                            0
                        ],
                        [
                            -74.057898057992645,
                            40.371717641335636,
                            0
                        ],
                        [
                            -74.057939246597357,
                            40.372602327828609,
                            0
                        ],
                        [
                            -74.057987579851158,
                            40.373486652762438,
                            0
                        ],
                        [
                            -74.058043054600475,
                            40.374370558438507,
                            0
                        ],
                        [
                            -74.058105667225817,
                            40.37525398718558,
                            0
                        ],
                        [
                            -74.058175413641962,
                            40.376136881363522,
                            0
                        ],
                        [
                            -74.058252289298238,
                            40.377019183367082,
                            0
                        ],
                        [
                            -74.05833628917884,
                            40.377900835629632,
                            0
                        ],
                        [
                            -74.05842740780308,
                            40.378781780626966,
                            0
                        ],
                        [
                            -74.058525639225877,
                            40.379661960880995,
                            0
                        ],
                        [
                            -74.058630977038007,
                            40.380541318963544,
                            0
                        ],
                        [
                            -74.058743414366617,
                            40.381419797500072,
                            0
                        ],
                        [
                            -74.058862943875624,
                            40.382297339173434,
                            0
                        ],
                        [
                            -74.058989557766211,
                            40.383173886727604,
                            0
                        ],
                        [
                            -74.059123247777336,
                            40.384049382971419,
                            0
                        ],
                        [
                            -74.059264005186279,
                            40.384923770782308,
                            0
                        ],
                        [
                            -74.059411820809188,
                            40.385796993110027,
                            0
                        ],
                        [
                            -74.059566685001684,
                            40.386668992980375,
                            0
                        ],
                        [
                            -74.059728587659535,
                            40.38753971349891,
                            0
                        ],
                        [
                            -74.059897518219231,
                            40.388409097854648,
                            0
                        ],
                        [
                            -74.060073465658732,
                            40.389277089323812,
                            0
                        ],
                        [
                            -74.060256418498199,
                            40.390143631273482,
                            0
                        ],
                        [
                            -74.060446364800711,
                            40.391008667165323,
                            0
                        ],
                        [
                            -74.060643292173026,
                            40.391872140559265,
                            0
                        ],
                        [
                            -74.060847187766441,
                            40.392733995117176,
                            0
                        ],
                        [
                            -74.061058038277594,
                            40.393594174606555,
                            0
                        ],
                        [
                            -74.061275829949366,
                            40.39445262290419,
                            0
                        ],
                        [
                            -74.061500548571715,
                            40.395309283999829,
                            0
                        ],
                        [
                            -74.061732179482661,
                            40.396164101999815,
                            0
                        ],
                        [
                            -74.061970707569259,
                            40.39701702113075,
                            0
                        ],
                        [
                            -74.062216117268491,
                            40.397867985743133,
                            0
                        ],
                        [
                            -74.062468392568391,
                            40.398716940314984,
                            0
                        ],
                        [
                            -74.062727517009009,
                            40.399563829455474,
                            0
                        ],
                        [
                            -74.062993473683548,
                            40.40040859790853,
                            0
                        ],
                        [
                            -74.063266245239404,
                            40.401251190556444,
                            0
                        ],
                        [
                            -74.063545813879344,
                            40.402091552423485,
                            0
                        ],
                        [
                            -74.063832161362654,
                            40.402929628679452,
                            0
                        ],
                        [
                            -74.064125269006311,
                            40.403765364643277,
                            0
                        ],
                        [
                            -74.064425117686255,
                            40.40459870578659,
                            0
                        ],
                        [
                            -74.064731687838574,
                            40.405429597737275,
                            0
                        ],
                        [
                            -74.06504495946082,
                            40.406257986283016,
                            0
                        ],
                        [
                            -74.065364912113267,
                            40.407083817374819,
                            0
                        ],
                        [
                            -74.065691524920339,
                            40.407907037130578,
                            0
                        ],
                        [
                            -74.066024776571851,
                            40.408727591838549,
                            0
                        ],
                        [
                            -74.066364645324512,
                            40.409545427960872,
                            0
                        ],
                        [
                            -74.066711109003251,
                            40.410360492137066,
                            0
                        ],
                        [
                            -74.067064145002732,
                            40.41117273118752,
                            0
                        ],
                        [
                            -74.067423730288795,
                            40.411982092116929,
                            0
                        ],
                        [
                            -74.067789841399957,
                            40.412788522117793,
                            0
                        ],
                        [
                            -74.068162454448952,
                            40.413591968573833,
                            0
                        ],
                        [
                            -74.068541545124305,
                            40.414392379063436,
                            0
                        ],
                        [
                            -74.068927088691893,
                            40.415189701363076,
                            0
                        ],
                        [
                            -74.069319059996559,
                            40.415983883450714,
                            0
                        ],
                        [
                            -74.069717433463765,
                            40.416774873509205,
                            0
                        ],
                        [
                            -74.070122183101276,
                            40.417562619929662,
                            0
                        ],
                        [
                            -74.070533282500833,
                            40.418347071314834,
                            0
                        ],
                        [
                            -74.070950704839845,
                            40.419128176482459,
                            0
                        ],
                        [
                            -74.071374422883224,
                            40.419905884468612,
                            0
                        ],
                        [
                            -74.071804408985088,
                            40.420680144531005,
                            0
                        ],
                        [
                            -74.07224063509058,
                            40.421450906152316,
                            0
                        ],
                        [
                            -74.072683072737732,
                            40.422218119043492,
                            0
                        ],
                        [
                            -74.073131693059295,
                            40.422981733147004,
                            0
                        ],
                        [
                            -74.073586466784619,
                            40.42374169864015,
                            0
                        ],
                        [
                            -74.074047364241551,
                            40.424497965938265,
                            0
                        ],
                        [
                            -74.074514355358417,
                            40.425250485697994,
                            0
                        ],
                        [
                            -74.074987409665951,
                            40.425999208820471,
                            0
                        ],
                        [
                            -74.075466496299271,
                            40.426744086454569,
                            0
                        ],
                        [
                            -74.075951583999938,
                            40.427485070000046,
                            0
                        ],
                        [
                            -74.077069064598518,
                            40.428436856315578,
                            0
                        ],
                        [
                            -74.078182885068188,
                            40.429392923279764,
                            0
                        ],
                        [
                            -74.079293029011481,
                            40.430353256817568,
                            0
                        ],
                        [
                            -74.080399480085063,
                            40.431317842791138,
                            0
                        ],
                        [
                            -74.081502221999983,
                            40.432286667000028,
                            0
                        ],
                        [
                            -74.087677221999968,
                            40.424844722000046,
                            0
                        ],
                        [
                            -74.130068227999971,
                            40.407484201000045,
                            0
                        ],
                        [
                            -74.148068359999968,
                            40.400112550000074,
                            0
                        ],
                        [
                            -74.115517653999973,
                            40.383353757000066,
                            0
                        ],
                        [
                            -74.058575387999952,
                            40.354036922000034,
                            0
                        ]
                    ]
                ]
            },
            "properties": {
                "OBJECTID": 32,
                "Position": "N2A",
                "Low": 3000,
                "High": 4000,
                "Notes": null,
                "Fill": "#343434",
                "Stroke": "#343434",
                "Sector": "Final Vector",
                "Shape_Length": 0.25997777830179369,
                "Shape_Area": 0.003326095200888602
            }
        },
        {
            "type": "Feature",
            "id": 35,
            "geometry": {
                "type": "Polygon",
                "coordinates": [
                    [
                        [
                            -73.321105042999989,
                            40.679340849000027,
                            0
                        ],
                        [
                            -73.313212373999988,
                            40.757369829000027,
                            0
                        ],
                        [
                            -73.313575013116349,
                            40.758190208778174,
                            0
                        ],
                        [
                            -73.313931087273914,
                            40.759013459228164,
                            0
                        ],
                        [
                            -73.314280573750594,
                            40.759839527815949,
                            0
                        ],
                        [
                            -73.314623450244582,
                            40.760668361827662,
                            0
                        ],
                        [
                            -73.314959694875924,
                            40.761499908372961,
                            0
                        ],
                        [
                            -73.315289286187877,
                            40.762334114388395,
                            0
                        ],
                        [
                            -73.315612203148234,
                            40.763170926640825,
                            0
                        ],
                        [
                            -73.315928425150702,
                            40.764010291730791,
                            0
                        ],
                        [
                            -73.316237932016236,
                            40.764852156095934,
                            0
                        ],
                        [
                            -73.316540703994292,
                            40.76569646601439,
                            0
                        ],
                        [
                            -73.316836721764091,
                            40.766543167608262,
                            0
                        ],
                        [
                            -73.317125966435853,
                            40.767392206847028,
                            0
                        ],
                        [
                            -73.317408419552038,
                            40.768243529550979,
                            0
                        ],
                        [
                            -73.317684063088478,
                            40.769097081394698,
                            0
                        ],
                        [
                            -73.317952879455547,
                            40.769952807910535,
                            0
                        ],
                        [
                            -73.318214851499263,
                            40.770810654492045,
                            0
                        ],
                        [
                            -73.318469962502434,
                            40.771670566397511,
                            0
                        ],
                        [
                            -73.318718196185671,
                            40.77253248875342,
                            0
                        ],
                        [
                            -73.318959536708434,
                            40.773396366557954,
                            0
                        ],
                        [
                            -73.319193968670092,
                            40.774262144684528,
                            0
                        ],
                        [
                            -73.319421477110851,
                            40.775129767885289,
                            0
                        ],
                        [
                            -73.319642047512716,
                            40.775999180794628,
                            0
                        ],
                        [
                            -73.319855665800432,
                            40.776870327932748,
                            0
                        ],
                        [
                            -73.320062318342394,
                            40.777743153709174,
                            0
                        ],
                        [
                            -73.320261991951512,
                            40.77861760242633,
                            0
                        ],
                        [
                            -73.32045467388599,
                            40.779493618283048,
                            0
                        ],
                        [
                            -73.320640351850244,
                            40.780371145378183,
                            0
                        ],
                        [
                            -73.320819013995603,
                            40.781250127714138,
                            0
                        ],
                        [
                            -73.320990648921125,
                            40.782130509200449,
                            0
                        ],
                        [
                            -73.321155245674277,
                            40.783012233657381,
                            0
                        ],
                        [
                            -73.321312793751645,
                            40.783895244819497,
                            0
                        ],
                        [
                            -73.321463283099618,
                            40.784779486339247,
                            0
                        ],
                        [
                            -73.321606704115041,
                            40.785664901790568,
                            0
                        ],
                        [
                            -73.321743047645782,
                            40.786551434672489,
                            0
                        ],
                        [
                            -73.321872304991373,
                            40.787439028412734,
                            0
                        ],
                        [
                            -73.321994467903508,
                            40.78832762637132,
                            0
                        ],
                        [
                            -73.322109528586608,
                            40.789217171844186,
                            0
                        ],
                        [
                            -73.322217479698324,
                            40.790107608066826,
                            0
                        ],
                        [
                            -73.322318314349971,
                            40.790998878217863,
                            0
                        ],
                        [
                            -73.322412026107003,
                            40.79189092542272,
                            0
                        ],
                        [
                            -73.322498608989378,
                            40.79278369275724,
                            0
                        ],
                        [
                            -73.322578057471986,
                            40.7936771232513,
                            0
                        ],
                        [
                            -73.322650366485007,
                            40.794571159892463,
                            0
                        ],
                        [
                            -73.322715531414175,
                            40.795465745629606,
                            0
                        ],
                        [
                            -73.322773548101111,
                            40.796360823376588,
                            0
                        ],
                        [
                            -73.32282441284363,
                            40.797256336015849,
                            0
                        ],
                        [
                            -73.322868122395874,
                            40.798152226402081,
                            0
                        ],
                        [
                            -73.322904673968623,
                            40.799048437365883,
                            0
                        ],
                        [
                            -73.322934065229418,
                            40.799944911717375,
                            0
                        ],
                        [
                            -73.322956294302699,
                            40.800841592249895,
                            0
                        ],
                        [
                            -73.322971359769966,
                            40.801738421743615,
                            0
                        ],
                        [
                            -73.322979260669868,
                            40.802635342969189,
                            0
                        ],
                        [
                            -73.322979996498191,
                            40.80353229869143,
                            0
                        ],
                        [
                            -73.32297356720801,
                            40.804429231672941,
                            0
                        ],
                        [
                            -73.322959973209592,
                            40.805326084677795,
                            0
                        ],
                        [
                            -73.322939215370397,
                            40.80622280047514,
                            0
                        ],
                        [
                            -73.322911295015047,
                            40.807119321842912,
                            0
                        ],
                        [
                            -73.322876213925227,
                            40.808015591571419,
                            0
                        ],
                        [
                            -73.322833974339559,
                            40.808911552467052,
                            0
                        ],
                        [
                            -73.322784578953488,
                            40.809807147355905,
                            0
                        ],
                        [
                            -73.322728030919066,
                            40.810702319087419,
                            0
                        ],
                        [
                            -73.322664333844799,
                            40.811597010538051,
                            0
                        ],
                        [
                            -73.322593491795388,
                            40.812491164614897,
                            0
                        ],
                        [
                            -73.322515509291463,
                            40.813384724259343,
                            0
                        ],
                        [
                            -73.322430391309311,
                            40.814277632450718,
                            0
                        ],
                        [
                            -73.322338143280589,
                            40.815169832209904,
                            0
                        ],
                        [
                            -73.322238771091889,
                            40.816061266603015,
                            0
                        ],
                        [
                            -73.32213228108445,
                            40.81695187874498,
                            0
                        ],
                        [
                            -73.322018680053731,
                            40.817841611803217,
                            0
                        ],
                        [
                            -73.32189797524893,
                            40.818730409001233,
                            0
                        ],
                        [
                            -73.321770174372574,
                            40.819618213622256,
                            0
                        ],
                        [
                            -73.32163528558003,
                            40.820504969012852,
                            0
                        ],
                        [
                            -73.321493317478939,
                            40.821390618586541,
                            0
                        ],
                        [
                            -73.321344279128724,
                            40.822275105827408,
                            0
                        ],
                        [
                            -73.321188180039925,
                            40.823158374293726,
                            0
                        ],
                        [
                            -73.321025030173715,
                            40.824040367621507,
                            0
                        ],
                        [
                            -73.320854839941163,
                            40.82492102952817,
                            0
                        ],
                        [
                            -73.320677620202602,
                            40.825800303816074,
                            0
                        ],
                        [
                            -73.32049338226696,
                            40.826678134376131,
                            0
                        ],
                        [
                            -73.320302137890977,
                            40.827554465191383,
                            0
                        ],
                        [
                            -73.32010389927855,
                            40.828429240340576,
                            0
                        ],
                        [
                            -73.319898679079856,
                            40.82930240400173,
                            0
                        ],
                        [
                            -73.319686490390609,
                            40.830173900455684,
                            0
                        ],
                        [
                            -73.319467346751182,
                            40.831043674089685,
                            0
                        ],
                        [
                            -73.319241262145795,
                            40.83191166940091,
                            0
                        ],
                        [
                            -73.319008251001563,
                            40.832777831000016,
                            0
                        ],
                        [
                            -73.318768328187616,
                            40.833642103614672,
                            0
                        ],
                        [
                            -73.318521509014133,
                            40.834504432093105,
                            0
                        ],
                        [
                            -73.318267809231386,
                            40.835364761407568,
                            0
                        ],
                        [
                            -73.318007245028696,
                            40.836223036657927,
                            0
                        ],
                        [
                            -73.317739833033428,
                            40.837079203075099,
                            0
                        ],
                        [
                            -73.317465590309951,
                            40.83793320602458,
                            0
                        ],
                        [
                            -73.317184534358475,
                            40.838784991009916,
                            0
                        ],
                        [
                            -73.316896683114038,
                            40.839634503676201,
                            0
                        ],
                        [
                            -73.316602054945264,
                            40.840481689813522,
                            0
                        ],
                        [
                            -73.316300668653241,
                            40.841326495360434,
                            0
                        ],
                        [
                            -73.31599254347033,
                            40.842168866407391,
                            0
                        ],
                        [
                            -73.315677699058895,
                            40.843008749200223,
                            0
                        ],
                        [
                            -73.315356155510102,
                            40.843846090143522,
                            0
                        ],
                        [
                            -73.315027933342577,
                            40.844680835804098,
                            0
                        ],
                        [
                            -73.314693053501159,
                            40.845512932914367,
                            0
                        ],
                        [
                            -73.31435153735552,
                            40.846342328375755,
                            0
                        ],
                        [
                            -73.314003406698788,
                            40.847168969262086,
                            0
                        ],
                        [
                            -73.313648683746237,
                            40.847992802822965,
                            0
                        ],
                        [
                            -73.313287391133784,
                            40.848813776487148,
                            0
                        ],
                        [
                            -73.312919551916551,
                            40.849631837865878,
                            0
                        ],
                        [
                            -73.312545189567473,
                            40.850446934756249,
                            0
                        ],
                        [
                            -73.312164327975694,
                            40.851259015144521,
                            0
                        ],
                        [
                            -73.311776991445129,
                            40.852068027209441,
                            0
                        ],
                        [
                            -73.311383204692859,
                            40.852873919325575,
                            0
                        ],
                        [
                            -73.310982992847585,
                            40.85367664006656,
                            0
                        ],
                        [
                            -73.310576381448001,
                            40.854476138208412,
                            0
                        ],
                        [
                            -73.310163396441183,
                            40.855272362732805,
                            0
                        ],
                        [
                            -73.309744064180919,
                            40.856065262830299,
                            0
                        ],
                        [
                            -73.309318411426034,
                            40.8568547879036,
                            0
                        ],
                        [
                            -73.308886465338702,
                            40.857640887570781,
                            0
                        ],
                        [
                            -73.308448253482666,
                            40.858423511668498,
                            0
                        ],
                        [
                            -73.308003803821521,
                            40.85920261025521,
                            0
                        ],
                        [
                            -73.30755314471692,
                            40.859978133614327,
                            0
                        ],
                        [
                            -73.307096304926731,
                            40.860750032257414,
                            0
                        ],
                        [
                            -73.306633313603257,
                            40.861518256927354,
                            0
                        ],
                        [
                            -73.306164200291349,
                            40.862282758601445,
                            0
                        ],
                        [
                            -73.305688994926513,
                            40.86304348849459,
                            0
                        ],
                        [
                            -73.305207727832979,
                            40.863800398062367,
                            0
                        ],
                        [
                            -73.304720429721854,
                            40.864553439004148,
                            0
                        ],
                        [
                            -73.304227131689061,
                            40.865302563266162,
                            0
                        ],
                        [
                            -73.303727865213375,
                            40.866047723044581,
                            0
                        ],
                        [
                            -73.303222662154496,
                            40.866788870788554,
                            0
                        ],
                        [
                            -73.302711554750914,
                            40.86752595920327,
                            0
                        ],
                        [
                            -73.302194575617904,
                            40.868258941252932,
                            0
                        ],
                        [
                            -73.30167175774541,
                            40.868987770163798,
                            0
                        ],
                        [
                            -73.301143134496016,
                            40.869712399427137,
                            0
                        ],
                        [
                            -73.300608739602694,
                            40.870432782802226,
                            0
                        ],
                        [
                            -73.300068607166779,
                            40.871148874319267,
                            0
                        ],
                        [
                            -73.299522771655731,
                            40.871860628282356,
                            0
                        ],
                        [
                            -73.298971267900896,
                            40.872567999272363,
                            0
                        ],
                        [
                            -73.29841413109537,
                            40.873270942149865,
                            0
                        ],
                        [
                            -73.297851396791685,
                            40.873969412058003,
                            0
                        ],
                        [
                            -73.297283100899605,
                            40.874663364425345,
                            0
                        ],
                        [
                            -73.296709279683739,
                            40.875352754968745,
                            0
                        ],
                        [
                            -73.296129969761338,
                            40.876037539696163,
                            0
                        ],
                        [
                            -73.295545208099853,
                            40.876717674909457,
                            0
                        ],
                        [
                            -73.294955032014656,
                            40.877393117207198,
                            0
                        ],
                        [
                            -73.294359479166644,
                            40.878063823487409,
                            0
                        ],
                        [
                            -73.293758587559779,
                            40.878729750950356,
                            0
                        ],
                        [
                            -73.293152395538741,
                            40.879390857101242,
                            0
                        ],
                        [
                            -73.292540941786427,
                            40.880047099752922,
                            0
                        ],
                        [
                            -73.291924265321512,
                            40.88069843702862,
                            0
                        ],
                        [
                            -73.291302405495927,
                            40.881344827364586,
                            0
                        ],
                        [
                            -73.290675401992402,
                            40.881986229512741,
                            0
                        ],
                        [
                            -73.290043294821857,
                            40.882622602543329,
                            0
                        ],
                        [
                            -73.289406124320934,
                            40.883253905847496,
                            0
                        ],
                        [
                            -73.288763931149361,
                            40.88388009913993,
                            0
                        ],
                        [
                            -73.288116756287366,
                            40.884501142461374,
                            0
                        ],
                        [
                            -73.287464641033111,
                            40.885116996181232,
                            0
                        ],
                        [
                            -73.286807626999973,
                            40.885727621000058,
                            0
                        ],
                        [
                            -73.303359801999989,
                            40.895045154000059,
                            0
                        ],
                        [
                            -73.333515833999968,
                            40.912020556000073,
                            0
                        ],
                        [
                            -73.468364153999971,
                            40.918926099000032,
                            0
                        ],
                        [
                            -73.579401154999971,
                            40.876106800000059,
                            0
                        ],
                        [
                            -73.579501229999948,
                            40.875963271000046,
                            0
                        ],
                        [
                            -73.580036327999949,
                            40.875195821000034,
                            0
                        ],
                        [
                            -73.580036801999938,
                            40.875195142000052,
                            0
                        ],
                        [
                            -73.580036885999959,
                            40.875195021000025,
                            0
                        ],
                        [
                            -73.587815397999975,
                            40.86404299000003,
                            0
                        ],
                        [
                            -73.587818628999969,
                            40.864038357000027,
                            0
                        ],
                        [
                            -73.620090832999949,
                            40.81774972200003,
                            0
                        ],
                        [
                            -73.61894801532776,
                            40.817247948546779,
                            0
                        ],
                        [
                            -73.617808098931121,
                            40.816739618497593,
                            0
                        ],
                        [
                            -73.616671121426265,
                            40.816224748626929,
                            0
                        ],
                        [
                            -73.61553712033249,
                            40.815703355925059,
                            0
                        ],
                        [
                            -73.614406133070844,
                            40.815175457597491,
                            0
                        ],
                        [
                            -73.613278196962938,
                            40.814641071064401,
                            0
                        ],
                        [
                            -73.6121533492297,
                            40.814100213960103,
                            0
                        ],
                        [
                            -73.611031626990126,
                            40.813552904132408,
                            0
                        ],
                        [
                            -73.609913067260081,
                            40.812999159642061,
                            0
                        ],
                        [
                            -73.60879770695108,
                            40.812438998762168,
                            0
                        ],
                        [
                            -73.607685582869053,
                            40.811872439977549,
                            0
                        ],
                        [
                            -73.606576731713147,
                            40.811299501984152,
                            0
                        ],
                        [
                            -73.605471190074468,
                            40.810720203688447,
                            0
                        ],
                        [
                            -73.604368994434964,
                            40.810134564206763,
                            0
                        ],
                        [
                            -73.603270181166124,
                            40.809542602864717,
                            0
                        ],
                        [
                            -73.602174786527854,
                            40.808944339196515,
                            0
                        ],
                        [
                            -73.601082846667225,
                            40.808339792944338,
                            0
                        ],
                        [
                            -73.599994397617309,
                            40.807728984057697,
                            0
                        ],
                        [
                            -73.598909475295997,
                            40.807111932692763,
                            0
                        ],
                        [
                            -73.597828115504782,
                            40.806488659211695,
                            0
                        ],
                        [
                            -73.596750353927618,
                            40.805859184181976,
                            0
                        ],
                        [
                            -73.595676226129697,
                            40.805223528375748,
                            0
                        ],
                        [
                            -73.594605767556317,
                            40.804581712769107,
                            0
                        ],
                        [
                            -73.593539013531696,
                            40.803933758541412,
                            0
                        ],
                        [
                            -73.592475999257772,
                            40.803279687074593,
                            0
                        ],
                        [
                            -73.591416759813129,
                            40.802619519952437,
                            0
                        ],
                        [
                            -73.590361330151751,
                            40.801953278959907,
                            0
                        ],
                        [
                            -73.5893097451019,
                            40.801280986082375,
                            0
                        ],
                        [
                            -73.588262039364977,
                            40.800602663504925,
                            0
                        ],
                        [
                            -73.587218247514386,
                            40.799918333611622,
                            0
                        ],
                        [
                            -73.586178403994339,
                            40.799228018984756,
                            0
                        ],
                        [
                            -73.585142543118778,
                            40.798531742404123,
                            0
                        ],
                        [
                            -73.584110699070223,
                            40.797829526846243,
                            0
                        ],
                        [
                            -73.58308290589865,
                            40.797121395483636,
                            0
                        ],
                        [
                            -73.582059197520337,
                            40.796407371684012,
                            0
                        ],
                        [
                            -73.581039607716775,
                            40.795687479009558,
                            0
                        ],
                        [
                            -73.580024170133569,
                            40.794961741216099,
                            0
                        ],
                        [
                            -73.579012918279261,
                            40.794230182252363,
                            0
                        ],
                        [
                            -73.57800588552432,
                            40.793492826259168,
                            0
                        ],
                        [
                            -73.577003105099919,
                            40.792749697568617,
                            0
                        ],
                        [
                            -73.576004610096987,
                            40.792000820703329,
                            0
                        ],
                        [
                            -73.575010433464982,
                            40.791246220375591,
                            0
                        ],
                        [
                            -73.574020608010883,
                            40.790485921486564,
                            0
                        ],
                        [
                            -73.573035166398057,
                            40.789719949125448,
                            0
                        ],
                        [
                            -73.572054141145259,
                            40.788948328568686,
                            0
                        ],
                        [
                            -73.571077564625455,
                            40.788171085279089,
                            0
                        ],
                        [
                            -73.570105469064856,
                            40.78738824490501,
                            0
                        ],
                        [
                            -73.569137886541739,
                            40.786599833279503,
                            0
                        ],
                        [
                            -73.568174848985521,
                            40.785805876419488,
                            0
                        ],
                        [
                            -73.567216388175609,
                            40.785006400524843,
                            0
                        ],
                        [
                            -73.566262535740378,
                            40.784201431977593,
                            0
                        ],
                        [
                            -73.565313323156147,
                            40.783390997341002,
                            0
                        ],
                        [
                            -73.564368781746111,
                            40.782575123358718,
                            0
                        ],
                        [
                            -73.563428942679309,
                            40.781753836953882,
                            0
                        ],
                        [
                            -73.562493836969637,
                            40.780927165228235,
                            0
                        ],
                        [
                            -73.561563495474772,
                            40.780095135461231,
                            0
                        ],
                        [
                            -73.560637948895177,
                            40.779257775109137,
                            0
                        ],
                        [
                            -73.559717227773106,
                            40.778415111804122,
                            0
                        ],
                        [
                            -73.55880136249155,
                            40.777567173353347,
                            0
                        ],
                        [
                            -73.557890383273275,
                            40.776713987738063,
                            0
                        ],
                        [
                            -73.556984320179822,
                            40.775855583112644,
                            0
                        ],
                        [
                            -73.556083203110489,
                            40.774991987803716,
                            0
                        ],
                        [
                            -73.555187061801362,
                            40.774123230309179,
                            0
                        ],
                        [
                            -73.55429592582432,
                            40.773249339297273,
                            0
                        ],
                        [
                            -73.553409824586112,
                            40.772370343605658,
                            0
                        ],
                        [
                            -73.552528787327276,
                            40.771486272240431,
                            0
                        ],
                        [
                            -73.551652843121317,
                            40.770597154375189,
                            0
                        ],
                        [
                            -73.550782020873626,
                            40.769703019350054,
                            0
                        ],
                        [
                            -73.549916349320583,
                            40.768803896670711,
                            0
                        ],
                        [
                            -73.54905585702862,
                            40.767899816007436,
                            0
                        ],
                        [
                            -73.548200572393213,
                            40.766990807194105,
                            0
                        ],
                        [
                            -73.547350523638045,
                            40.76607690022724,
                            0
                        ],
                        [
                            -73.546505738813991,
                            40.765158125264968,
                            0
                        ],
                        [
                            -73.545666245798216,
                            40.764234512626089,
                            0
                        ],
                        [
                            -73.544832072293261,
                            40.763306092789009,
                            0
                        ],
                        [
                            -73.544003245826133,
                            40.762372896390787,
                            0
                        ],
                        [
                            -73.543179793747399,
                            40.761434954226104,
                            0
                        ],
                        [
                            -73.542361743230273,
                            40.760492297246245,
                            0
                        ],
                        [
                            -73.541549121269711,
                            40.759544956558081,
                            0
                        ],
                        [
                            -73.540741954681536,
                            40.758592963423027,
                            0
                        ],
                        [
                            -73.539940270101553,
                            40.757636349256046,
                            0
                        ],
                        [
                            -73.53914409398466,
                            40.756675145624577,
                            0
                        ],
                        [
                            -73.538353452603985,
                            40.755709384247517,
                            0
                        ],
                        [
                            -73.537568372050018,
                            40.754739096994157,
                            0
                        ],
                        [
                            -73.536788878229729,
                            40.753764315883146,
                            0
                        ],
                        [
                            -73.536014996865759,
                            40.752785073081412,
                            0
                        ],
                        [
                            -73.535246753495514,
                            40.751801400903126,
                            0
                        ],
                        [
                            -73.534484173470375,
                            40.750813331808629,
                            0
                        ],
                        [
                            -73.53372728195481,
                            40.74982089840335,
                            0
                        ],
                        [
                            -73.532976103925591,
                            40.748824133436727,
                            0
                        ],
                        [
                            -73.532230664170967,
                            40.747823069801157,
                            0
                        ],
                        [
                            -73.531490987289786,
                            40.746817740530865,
                            0
                        ],
                        [
                            -73.530757097690739,
                            40.745808178800864,
                            0
                        ],
                        [
                            -73.530029019591581,
                            40.744794417925824,
                            0
                        ],
                        [
                            -73.529306777018249,
                            40.743776491358965,
                            0
                        ],
                        [
                            -73.528590393804123,
                            40.742754432690994,
                            0
                        ],
                        [
                            -73.52787989358923,
                            40.741728275648974,
                            0
                        ],
                        [
                            -73.527175299819461,
                            40.740698054095198,
                            0
                        ],
                        [
                            -73.526476635745823,
                            40.739663802026087,
                            0
                        ],
                        [
                            -73.525783924423621,
                            40.738625553571076,
                            0
                        ],
                        [
                            -73.525097188711712,
                            40.737583342991464,
                            0
                        ],
                        [
                            -73.524416451271819,
                            40.736537204679308,
                            0
                        ],
                        [
                            -73.52374173456765,
                            40.735487173156265,
                            0
                        ],
                        [
                            -73.523073060864306,
                            40.734433283072477,
                            0
                        ],
                        [
                            -73.522410452227447,
                            40.733375569205407,
                            0
                        ],
                        [
                            -73.521753930522564,
                            40.732314066458699,
                            0
                        ],
                        [
                            -73.521103517414318,
                            40.731248809861029,
                            0
                        ],
                        [
                            -73.520459234365774,
                            40.73017983456495,
                            0
                        ],
                        [
                            -73.519821102637735,
                            40.729107175845733,
                            0
                        ],
                        [
                            -73.519189143287988,
                            40.728030869100181,
                            0
                        ],
                        [
                            -73.518563377170651,
                            40.726950949845495,
                            0
                        ],
                        [
                            -73.517943824935458,
                            40.725867453718081,
                            0
                        ],
                        [
                            -73.517330507027111,
                            40.72478041647237,
                            0
                        ],
                        [
                            -73.516723443684569,
                            40.723689873979666,
                            0
                        ],
                        [
                            -73.516122654940403,
                            40.722595862226932,
                            0
                        ],
                        [
                            -73.515528160620107,
                            40.721498417315608,
                            0
                        ],
                        [
                            -73.514939980341495,
                            40.720397575460431,
                            0
                        ],
                        [
                            -73.514358133514023,
                            40.719293372988233,
                            0
                        ],
                        [
                            -73.513782639338103,
                            40.718185846336752,
                            0
                        ],
                        [
                            -73.513213516804569,
                            40.717075032053408,
                            0
                        ],
                        [
                            -73.512650784693989,
                            40.715960966794114,
                            0
                        ],
                        [
                            -73.512094461575998,
                            40.714843687322073,
                            0
                        ],
                        [
                            -73.511544565808805,
                            40.713723230506538,
                            0
                        ],
                        [
                            -73.511001115538505,
                            40.712599633321616,
                            0
                        ],
                        [
                            -73.510464128698473,
                            40.711472932845062,
                            0
                        ],
                        [
                            -73.509933623008806,
                            40.710343166257005,
                            0
                        ],
                        [
                            -73.509409615975756,
                            40.709210370838768,
                            0
                        ],
                        [
                            -73.508892124891091,
                            40.708074583971644,
                            0
                        ],
                        [
                            -73.508381166831569,
                            40.706935843135604,
                            0
                        ],
                        [
                            -73.507876758658384,
                            40.705794185908118,
                            0
                        ],
                        [
                            -73.507378917016538,
                            40.704649649962896,
                            0
                        ],
                        [
                            -73.506887658334406,
                            40.703502273068636,
                            0
                        ],
                        [
                            -73.506402998823106,
                            40.702352093087782,
                            0
                        ],
                        [
                            -73.505924954475944,
                            40.701199147975295,
                            0
                        ],
                        [
                            -73.505453541068022,
                            40.700043475777363,
                            0
                        ],
                        [
                            -73.504988774155535,
                            40.698885114630173,
                            0
                        ],
                        [
                            -73.504530669075422,
                            40.697724102758649,
                            0
                        ],
                        [
                            -73.504079240944733,
                            40.696560478475185,
                            0
                        ],
                        [
                            -73.503634504660212,
                            40.69539428017837,
                            0
                        ],
                        [
                            -73.503196474897791,
                            40.694225546351753,
                            0
                        ],
                        [
                            -73.502765166112056,
                            40.693054315562541,
                            0
                        ],
                        [
                            -73.50234059253583,
                            40.691880626460339,
                            0
                        ],
                        [
                            -73.501922768179682,
                            40.690704517775877,
                            0
                        ],
                        [
                            -73.501511706831451,
                            40.689526028319733,
                            0
                        ],
                        [
                            -73.50110742205581,
                            40.688345196981039,
                            0
                        ],
                        [
                            -73.50070992719381,
                            40.687162062726223,
                            0
                        ],
                        [
                            -73.500319235362426,
                            40.685976664597682,
                            0
                        ],
                        [
                            -73.49993535945417,
                            40.684789041712541,
                            0
                        ],
                        [
                            -73.4995583121366,
                            40.683599233261333,
                            0
                        ],
                        [
                            -73.499188105851957,
                            40.682407278506709,
                            0
                        ],
                        [
                            -73.498824752816745,
                            40.681213216782155,
                            0
                        ],
                        [
                            -73.498468265021287,
                            40.680017087490668,
                            0
                        ],
                        [
                            -73.498118654229373,
                            40.678818930103503,
                            0
                        ],
                        [
                            -73.497775931977856,
                            40.677618784158803,
                            0
                        ],
                        [
                            -73.497440109576289,
                            40.676416689260364,
                            0
                        ],
                        [
                            -73.497111198106509,
                            40.675212685076275,
                            0
                        ],
                        [
                            -73.496789208422314,
                            40.674006811337648,
                            0
                        ],
                        [
                            -73.496474151149087,
                            40.672799107837264,
                            0
                        ],
                        [
                            -73.496166036683462,
                            40.671589614428299,
                            0
                        ],
                        [
                            -73.495864875192922,
                            40.670378371023006,
                            0
                        ],
                        [
                            -73.495570676615543,
                            40.669165417591365,
                            0
                        ],
                        [
                            -73.495283450659656,
                            40.6679507941598,
                            0
                        ],
                        [
                            -73.495003206803432,
                            40.666734540809834,
                            0
                        ],
                        [
                            -73.494729954294698,
                            40.665516697676786,
                            0
                        ],
                        [
                            -73.49446370215054,
                            40.66429730494842,
                            0
                        ],
                        [
                            -73.494204459157046,
                            40.663076402863659,
                            0
                        ],
                        [
                            -73.493952233869038,
                            40.661854031711208,
                            0
                        ],
                        [
                            -73.493707034609713,
                            40.660630231828272,
                            0
                        ],
                        [
                            -73.493468869470433,
                            40.659405043599186,
                            0
                        ],
                        [
                            -73.493237746310456,
                            40.65817850745411,
                            0
                        ],
                        [
                            -73.493013672756632,
                            40.65695066386769,
                            0
                        ],
                        [
                            -73.492796656203197,
                            40.655721553357687,
                            0
                        ],
                        [
                            -73.492586703811526,
                            40.654491216483706,
                            0
                        ],
                        [
                            -73.492383822509851,
                            40.653259693845797,
                            0
                        ],
                        [
                            -73.49218801899309,
                            40.652027026083147,
                            0
                        ],
                        [
                            -73.491999299722579,
                            40.650793253872727,
                            0
                        ],
                        [
                            -73.491817670925911,
                            40.64955841792797,
                            0
                        ],
                        [
                            -73.491643138596658,
                            40.648322558997386,
                            0
                        ],
                        [
                            -73.491475708494249,
                            40.647085717863263,
                            0
                        ],
                        [
                            -73.491315386143739,
                            40.645847935340292,
                            0
                        ],
                        [
                            -73.491162176835601,
                            40.644609252274229,
                            0
                        ],
                        [
                            -73.491016085625645,
                            40.643369709540544,
                            0
                        ],
                        [
                            -73.490877117334733,
                            40.642129348043092,
                            0
                        ],
                        [
                            -73.490745276548708,
                            40.640888208712717,
                            0
                        ],
                        [
                            -73.490620567618194,
                            40.639646332505961,
                            0
                        ],
                        [
                            -73.490502994658485,
                            40.638403760403669,
                            0
                        ],
                        [
                            -73.490392561549385,
                            40.637160533409649,
                            0
                        ],
                        [
                            -73.490289271935083,
                            40.635916692549316,
                            0
                        ],
                        [
                            -73.490193129224068,
                            40.634672278868351,
                            0
                        ],
                        [
                            -73.490104136588954,
                            40.633427333431335,
                            0
                        ],
                        [
                            -73.490022296966416,
                            40.632181897320393,
                            0
                        ],
                        [
                            -73.489947613057097,
                            40.63093601163385,
                            0
                        ],
                        [
                            -73.489880087325517,
                            40.629689717484851,
                            0
                        ],
                        [
                            -73.489819721999936,
                            40.628443056000037,
                            0
                        ],
                        [
                            -73.450932612999964,
                            40.625440456000035,
                            0
                        ],
                        [
                            -73.329856572999972,
                            40.615657589000079,
                            0
                        ],
                        [
                            -73.321105042999989,
                            40.679340849000027,
                            0
                        ]
                    ]
                ]
            },
            "properties": {
                "OBJECTID": 35,
                "Position": "N2M",
                "Low": 0,
                "High": 3000,
                "Notes": null,
                "Fill": "#828282",
                "Stroke": "#828282",
                "Sector": "JFK Satellite",
                "Shape_Length": 1.0640183666292811,
                "Shape_Area": 0.065814691619861102
            }
        },
        {
            "type": "Feature",
            "id": 36,
            "geometry": {
                "type": "Polygon",
                "coordinates": [
                    [
                        [
                            -73.287435971999969,
                            40.711402393000071,
                            0
                        ],
                        [
                            -73.260084443999972,
                            40.737436667000054,
                            0
                        ],
                        [
                            -73.26852250099995,
                            40.789951944000052,
                            0
                        ],
                        [
                            -73.251964721999968,
                            40.866113889000076,
                            0
                        ],
                        [
                            -73.279368567999938,
                            40.881540033000078,
                            0
                        ],
                        [
                            -73.286807626999973,
                            40.885727621000058,
                            0
                        ],
                        [
                            -73.287464641033125,
                            40.885116996181246,
                            0
                        ],
                        [
                            -73.288116756287408,
                            40.884501142461403,
                            0
                        ],
                        [
                            -73.288763931149418,
                            40.883880099139972,
                            0
                        ],
                        [
                            -73.289406124321019,
                            40.883253905847553,
                            0
                        ],
                        [
                            -73.290043294821956,
                            40.882622602543393,
                            0
                        ],
                        [
                            -73.290675401992516,
                            40.881986229512819,
                            0
                        ],
                        [
                            -73.291302405496069,
                            40.881344827364678,
                            0
                        ],
                        [
                            -73.291924265321668,
                            40.88069843702872,
                            0
                        ],
                        [
                            -73.292540941786598,
                            40.880047099753028,
                            0
                        ],
                        [
                            -73.293152395538939,
                            40.879390857101356,
                            0
                        ],
                        [
                            -73.293758587559992,
                            40.878729750950491,
                            0
                        ],
                        [
                            -73.294359479166872,
                            40.878063823487551,
                            0
                        ],
                        [
                            -73.294955032014911,
                            40.87739311720734,
                            0
                        ],
                        [
                            -73.295545208100108,
                            40.876717674909614,
                            0
                        ],
                        [
                            -73.296129969761608,
                            40.876037539696327,
                            0
                        ],
                        [
                            -73.296709279684038,
                            40.875352754968922,
                            0
                        ],
                        [
                            -73.297283100899918,
                            40.87466336442553,
                            0
                        ],
                        [
                            -73.297851396792026,
                            40.873969412058194,
                            0
                        ],
                        [
                            -73.298414131095711,
                            40.873270942150064,
                            0
                        ],
                        [
                            -73.298971267901251,
                            40.872567999272569,
                            0
                        ],
                        [
                            -73.2995227716561,
                            40.871860628282569,
                            0
                        ],
                        [
                            -73.300068607167177,
                            40.871148874319488,
                            0
                        ],
                        [
                            -73.300608739603106,
                            40.870432782802446,
                            0
                        ],
                        [
                            -73.301143134496442,
                            40.869712399427364,
                            0
                        ],
                        [
                            -73.301671757745851,
                            40.868987770164033,
                            0
                        ],
                        [
                            -73.302194575618358,
                            40.868258941253174,
                            0
                        ],
                        [
                            -73.302711554751397,
                            40.867525959203512,
                            0
                        ],
                        [
                            -73.303222662154994,
                            40.866788870788803,
                            0
                        ],
                        [
                            -73.303727865213887,
                            40.866047723044829,
                            0
                        ],
                        [
                            -73.304227131689572,
                            40.865302563266418,
                            0
                        ],
                        [
                            -73.304720429722394,
                            40.864553439004411,
                            0
                        ],
                        [
                            -73.305207727833533,
                            40.863800398062629,
                            0
                        ],
                        [
                            -73.305688994927067,
                            40.863043488494853,
                            0
                        ],
                        [
                            -73.306164200291931,
                            40.862282758601715,
                            0
                        ],
                        [
                            -73.306633313603854,
                            40.861518256927624,
                            0
                        ],
                        [
                            -73.307096304927327,
                            40.860750032257691,
                            0
                        ],
                        [
                            -73.307553144717531,
                            40.859978133614604,
                            0
                        ],
                        [
                            -73.308003803822146,
                            40.859202610255487,
                            0
                        ],
                        [
                            -73.308448253483306,
                            40.858423511668782,
                            0
                        ],
                        [
                            -73.308886465339356,
                            40.857640887571058,
                            0
                        ],
                        [
                            -73.309318411426702,
                            40.856854787903877,
                            0
                        ],
                        [
                            -73.309744064181587,
                            40.856065262830583,
                            0
                        ],
                        [
                            -73.310163396441865,
                            40.855272362733089,
                            0
                        ],
                        [
                            -73.310576381448698,
                            40.854476138208696,
                            0
                        ],
                        [
                            -73.310982992848295,
                            40.853676640066837,
                            0
                        ],
                        [
                            -73.31138320469357,
                            40.852873919325859,
                            0
                        ],
                        [
                            -73.311776991445853,
                            40.852068027209725,
                            0
                        ],
                        [
                            -73.312164327976433,
                            40.851259015144798,
                            0
                        ],
                        [
                            -73.312545189568212,
                            40.850446934756533,
                            0
                        ],
                        [
                            -73.312919551917318,
                            40.849631837866163,
                            0
                        ],
                        [
                            -73.313287391134551,
                            40.848813776487425,
                            0
                        ],
                        [
                            -73.313648683747019,
                            40.847992802823242,
                            0
                        ],
                        [
                            -73.314003406699584,
                            40.847168969262356,
                            0
                        ],
                        [
                            -73.314351537356316,
                            40.846342328376025,
                            0
                        ],
                        [
                            -73.314693053501969,
                            40.845512932914637,
                            0
                        ],
                        [
                            -73.315027933343401,
                            40.844680835804368,
                            0
                        ],
                        [
                            -73.315356155510926,
                            40.843846090143792,
                            0
                        ],
                        [
                            -73.315677699059734,
                            40.843008749200486,
                            0
                        ],
                        [
                            -73.315992543471168,
                            40.842168866407654,
                            0
                        ],
                        [
                            -73.316300668654094,
                            40.84132649536069,
                            0
                        ],
                        [
                            -73.316602054946117,
                            40.840481689813778,
                            0
                        ],
                        [
                            -73.316896683114891,
                            40.839634503676457,
                            0
                        ],
                        [
                            -73.317184534359342,
                            40.838784991010172,
                            0
                        ],
                        [
                            -73.317465590310817,
                            40.837933206024829,
                            0
                        ],
                        [
                            -73.317739833034295,
                            40.837079203075348,
                            0
                        ],
                        [
                            -73.318007245029563,
                            40.836223036658168,
                            0
                        ],
                        [
                            -73.318267809232267,
                            40.83536476140781,
                            0
                        ],
                        [
                            -73.318521509015014,
                            40.834504432093333,
                            0
                        ],
                        [
                            -73.318768328188511,
                            40.833642103614906,
                            0
                        ],
                        [
                            -73.319008251002458,
                            40.832777831000243,
                            0
                        ],
                        [
                            -73.31924126214669,
                            40.83191166940113,
                            0
                        ],
                        [
                            -73.319467346752091,
                            40.831043674089898,
                            0
                        ],
                        [
                            -73.319686490391518,
                            40.830173900455897,
                            0
                        ],
                        [
                            -73.319898679080765,
                            40.829302404001936,
                            0
                        ],
                        [
                            -73.320103899279459,
                            40.828429240340782,
                            0
                        ],
                        [
                            -73.320302137891886,
                            40.827554465191582,
                            0
                        ],
                        [
                            -73.32049338226787,
                            40.826678134376323,
                            0
                        ],
                        [
                            -73.320677620203512,
                            40.825800303816266,
                            0
                        ],
                        [
                            -73.320854839942072,
                            40.824921029528355,
                            0
                        ],
                        [
                            -73.321025030174624,
                            40.824040367621691,
                            0
                        ],
                        [
                            -73.321188180040835,
                            40.823158374293897,
                            0
                        ],
                        [
                            -73.321344279129633,
                            40.822275105827579,
                            0
                        ],
                        [
                            -73.321493317479863,
                            40.821390618586705,
                            0
                        ],
                        [
                            -73.321635285580939,
                            40.820504969013008,
                            0
                        ],
                        [
                            -73.321770174373484,
                            40.819618213622412,
                            0
                        ],
                        [
                            -73.32189797524984,
                            40.818730409001382,
                            0
                        ],
                        [
                            -73.32201868005464,
                            40.81784161180336,
                            0
                        ],
                        [
                            -73.322132281085359,
                            40.816951878745115,
                            0
                        ],
                        [
                            -73.322238771092785,
                            40.816061266603143,
                            0
                        ],
                        [
                            -73.322338143281485,
                            40.815169832210032,
                            0
                        ],
                        [
                            -73.322430391310206,
                            40.814277632450839,
                            0
                        ],
                        [
                            -73.322515509292344,
                            40.813384724259457,
                            0
                        ],
                        [
                            -73.322593491796269,
                            40.812491164615004,
                            0
                        ],
                        [
                            -73.32266433384568,
                            40.811597010538158,
                            0
                        ],
                        [
                            -73.322728030919947,
                            40.810702319087518,
                            0
                        ],
                        [
                            -73.322784578954355,
                            40.809807147355997,
                            0
                        ],
                        [
                            -73.322833974340426,
                            40.808911552467144,
                            0
                        ],
                        [
                            -73.322876213926079,
                            40.808015591571504,
                            0
                        ],
                        [
                            -73.322911295015899,
                            40.80711932184299,
                            0
                        ],
                        [
                            -73.322939215371235,
                            40.806222800475219,
                            0
                        ],
                        [
                            -73.32295997321043,
                            40.805326084677866,
                            0
                        ],
                        [
                            -73.322973567208848,
                            40.804429231673012,
                            0
                        ],
                        [
                            -73.322979996499029,
                            40.803532298691486,
                            0
                        ],
                        [
                            -73.322979260670692,
                            40.802635342969246,
                            0
                        ],
                        [
                            -73.32297135977079,
                            40.801738421743664,
                            0
                        ],
                        [
                            -73.322956294303509,
                            40.800841592249945,
                            0
                        ],
                        [
                            -73.322934065230214,
                            40.799944911717418,
                            0
                        ],
                        [
                            -73.322904673969418,
                            40.799048437365919,
                            0
                        ],
                        [
                            -73.322868122396656,
                            40.798152226402109,
                            0
                        ],
                        [
                            -73.322824412844398,
                            40.797256336015877,
                            0
                        ],
                        [
                            -73.322773548101878,
                            40.79636082337661,
                            0
                        ],
                        [
                            -73.322715531414914,
                            40.795465745629627,
                            0
                        ],
                        [
                            -73.322650366485746,
                            40.794571159892477,
                            0
                        ],
                        [
                            -73.322578057472711,
                            40.793677123251307,
                            0
                        ],
                        [
                            -73.322498608990088,
                            40.792783692757247,
                            0
                        ],
                        [
                            -73.322412026107699,
                            40.791890925422727,
                            0
                        ],
                        [
                            -73.322318314350667,
                            40.790998878217863,
                            0
                        ],
                        [
                            -73.322217479699006,
                            40.790107608066819,
                            0
                        ],
                        [
                            -73.322109528587276,
                            40.789217171844179,
                            0
                        ],
                        [
                            -73.321994467904162,
                            40.788327626371306,
                            0
                        ],
                        [
                            -73.321872304992013,
                            40.78743902841272,
                            0
                        ],
                        [
                            -73.321743047646407,
                            40.786551434672475,
                            0
                        ],
                        [
                            -73.321606704115652,
                            40.785664901790547,
                            0
                        ],
                        [
                            -73.321463283100229,
                            40.784779486339225,
                            0
                        ],
                        [
                            -73.321312793752227,
                            40.783895244819476,
                            0
                        ],
                        [
                            -73.321155245674845,
                            40.783012233657352,
                            0
                        ],
                        [
                            -73.320990648921693,
                            40.782130509200421,
                            0
                        ],
                        [
                            -73.320819013996143,
                            40.781250127714102,
                            0
                        ],
                        [
                            -73.32064035185077,
                            40.780371145378147,
                            0
                        ],
                        [
                            -73.320454673886502,
                            40.779493618283013,
                            0
                        ],
                        [
                            -73.320261991951995,
                            40.778617602426287,
                            0
                        ],
                        [
                            -73.320062318342877,
                            40.777743153709139,
                            0
                        ],
                        [
                            -73.319855665800901,
                            40.776870327932706,
                            0
                        ],
                        [
                            -73.319642047513156,
                            40.775999180794585,
                            0
                        ],
                        [
                            -73.319421477111277,
                            40.775129767885247,
                            0
                        ],
                        [
                            -73.319193968670504,
                            40.774262144684492,
                            0
                        ],
                        [
                            -73.318959536708832,
                            40.773396366557911,
                            0
                        ],
                        [
                            -73.31871819618604,
                            40.772532488753377,
                            0
                        ],
                        [
                            -73.318469962502789,
                            40.771670566397468,
                            0
                        ],
                        [
                            -73.318214851499604,
                            40.770810654492003,
                            0
                        ],
                        [
                            -73.317952879455859,
                            40.769952807910492,
                            0
                        ],
                        [
                            -73.317684063088777,
                            40.769097081394662,
                            0
                        ],
                        [
                            -73.317408419552322,
                            40.768243529550936,
                            0
                        ],
                        [
                            -73.317125966436109,
                            40.767392206846992,
                            0
                        ],
                        [
                            -73.316836721764318,
                            40.766543167608226,
                            0
                        ],
                        [
                            -73.316540703994505,
                            40.765696466014354,
                            0
                        ],
                        [
                            -73.316237932016435,
                            40.764852156095898,
                            0
                        ],
                        [
                            -73.315928425150872,
                            40.764010291730763,
                            0
                        ],
                        [
                            -73.315612203148376,
                            40.763170926640804,
                            0
                        ],
                        [
                            -73.315289286188005,
                            40.762334114388374,
                            0
                        ],
                        [
                            -73.314959694876038,
                            40.76149990837294,
                            0
                        ],
                        [
                            -73.314623450244667,
                            40.760668361827648,
                            0
                        ],
                        [
                            -73.314280573750651,
                            40.759839527815942,
                            0
                        ],
                        [
                            -73.313931087273971,
                            40.759013459228157,
                            0
                        ],
                        [
                            -73.313575013116363,
                            40.758190208778167,
                            0
                        ],
                        [
                            -73.313212373999988,
                            40.757369829000027,
                            0
                        ],
                        [
                            -73.321105042999989,
                            40.679340849000027,
                            0
                        ],
                        [
                            -73.287435971999969,
                            40.711402393000071,
                            0
                        ]
                    ]
                ]
            },
            "properties": {
                "OBJECTID": 36,
                "Position": "N2M",
                "Low": 3000,
                "High": 3000,
                "Notes": null,
                "Fill": "#828282",
                "Stroke": "#828282",
                "Sector": "JFK Satellite",
                "Shape_Length": 0.47372001952012716,
                "Shape_Area": 0.0092704573395280716
            }
        },
        {
            "type": "Feature",
            "id": 37,
            "geometry": {
                "type": "Polygon",
                "coordinates": [
                    [
                        [
                            -73.791715588999978,
                            40.849569753000026,
                            0
                        ],
                        [
                            -73.794915832999948,
                            40.851091667000048,
                            0
                        ],
                        [
                            -73.81135928599997,
                            40.858905916000026,
                            0
                        ],
                        [
                            -73.811379556999952,
                            40.858915549000073,
                            0
                        ],
                        [
                            -73.870979999999975,
                            40.887231111000062,
                            0
                        ],
                        [
                            -73.93377034699995,
                            40.917013074000067,
                            0
                        ],
                        [
                            -73.933779176999963,
                            40.917017255000076,
                            0
                        ],
                        [
                            -73.979471366999974,
                            40.938651136000033,
                            0
                        ],
                        [
                            -74.089867080999966,
                            40.987052503000029,
                            0
                        ],
                        [
                            -74.157692777999955,
                            41.003286944000081,
                            0
                        ],
                        [
                            -74.166685555999948,
                            40.980997778000074,
                            0
                        ],
                        [
                            -74.195418186999973,
                            40.909991637000076,
                            0
                        ],
                        [
                            -74.205661555999939,
                            40.884633043000065,
                            0
                        ],
                        [
                            -74.251128750999953,
                            40.772073978000037,
                            0
                        ],
                        [
                            -74.253387053999973,
                            40.766484417000072,
                            0
                        ],
                        [
                            -74.264277499999935,
                            40.739522778000037,
                            0
                        ],
                        [
                            -74.237427777999983,
                            40.726126111000042,
                            0
                        ],
                        [
                            -74.232597277999957,
                            40.723709765000081,
                            0
                        ],
                        [
                            -74.230400290999967,
                            40.722610744000065,
                            0
                        ],
                        [
                            -74.230400067999938,
                            40.722610632000055,
                            0
                        ],
                        [
                            -74.230400042999975,
                            40.722610620000069,
                            0
                        ],
                        [
                            -74.21541736599994,
                            40.715115198000035,
                            0
                        ],
                        [
                            -74.109741388999964,
                            40.66222444400006,
                            0
                        ],
                        [
                            -74.080656012999953,
                            40.707306500000072,
                            0
                        ],
                        [
                            -74.01347416699997,
                            40.811172222000039,
                            0
                        ],
                        [
                            -73.998293074999935,
                            40.835574318000056,
                            0
                        ],
                        [
                            -73.991970271999946,
                            40.846389603000034,
                            0
                        ],
                        [
                            -73.940415512999948,
                            40.843785510000032,
                            0
                        ],
                        [
                            -73.929876518999947,
                            40.843253160000074,
                            0
                        ],
                        [
                            -73.828196945999935,
                            40.838096233000044,
                            0
                        ],
                        [
                            -73.806811696999944,
                            40.837036544000057,
                            0
                        ],
                        [
                            -73.760438829999941,
                            40.834693869000034,
                            0
                        ],
                        [
                            -73.791715588999978,
                            40.849569753000026,
                            0
                        ]
                    ]
                ]
            },
            "properties": {
                "OBJECTID": 37,
                "Position": "N2E",
                "Low": 16000,
                "High": 17000,
                "Notes": "Control on handoffs from ZNY to 18000",
                "Fill": "#CCCCCC",
                "Stroke": "#CCCCCC",
                "Sector": "LENDY",
                "Shape_Length": 1.3404507855092915,
                "Shape_Area": 0.069229049499749853
            }
        },
        {
            "type": "Feature",
            "id": 38,
            "geometry": {
                "type": "Polygon",
                "coordinates": [
                    [
                        [
                            -73.913065832999962,
                            40.665928889000043,
                            0
                        ],
                        [
                            -73.900464720999935,
                            40.679145833000064,
                            0
                        ],
                        [
                            -73.897936421999987,
                            40.681146629000068,
                            0
                        ],
                        [
                            -73.897859916999948,
                            40.68120717000005,
                            0
                        ],
                        [
                            -73.896653054999945,
                            40.682162222000045,
                            0
                        ],
                        [
                            -73.892642777999981,
                            40.68502611100007,
                            0
                        ],
                        [
                            -73.888444999999933,
                            40.687728889000027,
                            0
                        ],
                        [
                            -73.87783666699994,
                            40.693444444000079,
                            0
                        ],
                        [
                            -73.875280756999985,
                            40.694516899000064,
                            0
                        ],
                        [
                            -73.875263019999977,
                            40.694538563000037,
                            0
                        ],
                        [
                            -73.838392983999938,
                            40.739560644000051,
                            0
                        ],
                        [
                            -73.794257242999947,
                            40.793414845000029,
                            0
                        ],
                        [
                            -73.774614949999943,
                            40.81739350600003,
                            0
                        ],
                        [
                            -73.76084091499996,
                            40.834203223000031,
                            0
                        ],
                        [
                            -73.760438829999941,
                            40.834693869000034,
                            0
                        ],
                        [
                            -73.806811696999944,
                            40.837036544000057,
                            0
                        ],
                        [
                            -73.828196945999935,
                            40.838096233000044,
                            0
                        ],
                        [
                            -73.929876518999947,
                            40.843253160000074,
                            0
                        ],
                        [
                            -73.940415512999948,
                            40.843785510000032,
                            0
                        ],
                        [
                            -73.991970271999946,
                            40.846389603000034,
                            0
                        ],
                        [
                            -73.998293074999935,
                            40.835574318000056,
                            0
                        ],
                        [
                            -74.01347416699997,
                            40.811172222000039,
                            0
                        ],
                        [
                            -74.080656012999953,
                            40.707306500000072,
                            0
                        ],
                        [
                            -74.109741388999964,
                            40.66222444400006,
                            0
                        ],
                        [
                            -74.061358833999975,
                            40.659160257000053,
                            0
                        ],
                        [
                            -73.97851167999994,
                            40.653913015000057,
                            0
                        ],
                        [
                            -73.956613662999985,
                            40.652536363000024,
                            0
                        ],
                        [
                            -73.925268332999963,
                            40.650540556000067,
                            0
                        ],
                        [
                            -73.913065832999962,
                            40.665928889000043,
                            0
                        ]
                    ]
                ]
            },
            "properties": {
                "OBJECTID": 38,
                "Position": "N2E",
                "Low": 13000,
                "High": 17000,
                "Notes": "Control on handoffs from ZNY to 18000",
                "Fill": "#CCCCCC",
                "Stroke": "#CCCCCC",
                "Sector": "LENDY",
                "Shape_Length": 0.88400275863173383,
                "Shape_Area": 0.040633059894379167
            }
        },
        {
            "type": "Feature",
            "id": 39,
            "geometry": {
                "type": "Polygon",
                "coordinates": [
                    [
                        [
                            -73.587818628999969,
                            40.864038357000027,
                            0
                        ],
                        [
                            -73.580036885999959,
                            40.875195021000025,
                            0
                        ],
                        [
                            -73.580036801999938,
                            40.875195142000052,
                            0
                        ],
                        [
                            -73.580036327999949,
                            40.875195821000034,
                            0
                        ],
                        [
                            -73.579501229999948,
                            40.875963271000046,
                            0
                        ],
                        [
                            -73.579401154999971,
                            40.876106800000059,
                            0
                        ],
                        [
                            -73.609521284999971,
                            40.864486768000063,
                            0
                        ],
                        [
                            -73.685066280999933,
                            40.833836604000055,
                            0
                        ],
                        [
                            -73.691385275999949,
                            40.831178611000041,
                            0
                        ],
                        [
                            -73.731529903999956,
                            40.833222246000048,
                            0
                        ],
                        [
                            -73.759860300999947,
                            40.834664419000035,
                            0
                        ],
                        [
                            -73.760438829999941,
                            40.834693869000034,
                            0
                        ],
                        [
                            -73.76084091499996,
                            40.834203223000031,
                            0
                        ],
                        [
                            -73.774614949999943,
                            40.81739350600003,
                            0
                        ],
                        [
                            -73.794257242999947,
                            40.793414845000029,
                            0
                        ],
                        [
                            -73.838385226999947,
                            40.739551877000054,
                            0
                        ],
                        [
                            -73.875263019999977,
                            40.694538563000037,
                            0
                        ],
                        [
                            -73.875280756999985,
                            40.694516899000064,
                            0
                        ],
                        [
                            -73.868983202999971,
                            40.697158945000069,
                            0
                        ],
                        [
                            -73.80853222199994,
                            40.705823333000069,
                            0
                        ],
                        [
                            -73.777626380999948,
                            40.704184093000038,
                            0
                        ],
                        [
                            -73.777599712999972,
                            40.704182806000063,
                            0
                        ],
                        [
                            -73.772520830999952,
                            40.703937656000051,
                            0
                        ],
                        [
                            -73.739628611999933,
                            40.702350000000081,
                            0
                        ],
                        [
                            -73.739584393999962,
                            40.702392724000049,
                            0
                        ],
                        [
                            -73.620090832999949,
                            40.81774972200003,
                            0
                        ],
                        [
                            -73.587818628999969,
                            40.864038357000027,
                            0
                        ]
                    ]
                ]
            },
            "properties": {
                "OBJECTID": 39,
                "Position": "N2E",
                "Low": 13000,
                "High": 17000,
                "Notes": null,
                "Fill": "#CCCCCC",
                "Stroke": "#CCCCCC",
                "Sector": "LENDY",
                "Shape_Length": 0.74520443606399178,
                "Shape_Area": 0.020334791051275281
            }
        },
        {
            "type": "Feature",
            "id": 40,
            "geometry": {
                "type": "Polygon",
                "coordinates": [
                    [
                        [
                            -74.109741388999964,
                            40.66222444400006,
                            0
                        ],
                        [
                            -74.081502221999983,
                            40.432286667000028,
                            0
                        ],
                        [
                            -74.028489443999945,
                            40.497497778000024,
                            0
                        ],
                        [
                            -74.015604780999979,
                            40.518559225000047,
                            0
                        ],
                        [
                            -73.973589999999945,
                            40.587133333000054,
                            0
                        ],
                        [
                            -73.948345492999977,
                            40.620276779000051,
                            0
                        ],
                        [
                            -73.925268332999963,
                            40.650540556000067,
                            0
                        ],
                        [
                            -74.109741388999964,
                            40.66222444400006,
                            0
                        ]
                    ]
                ]
            },
            "properties": {
                "OBJECTID": 40,
                "Position": "N2E",
                "Low": 13000,
                "High": 17000,
                "Notes": "May be delegated to N5S when JFK departs 4s or 13s",
                "Fill": "#CCCCCC",
                "Stroke": "#CCCCCC",
                "Sector": "LENDY",
                "Shape_Length": 0.68538166544355383,
                "Shape_Area": 0.021308461098680731
            }
        },
        {
            "type": "Feature",
            "id": 41,
            "geometry": {
                "type": "Polygon",
                "coordinates": [
                    [
                        [
                            -73.328690136999967,
                            40.580010436000066,
                            0
                        ],
                        [
                            -73.334598888999949,
                            40.581091111000035,
                            0
                        ],
                        [
                            -73.329856572999972,
                            40.615657589000079,
                            0
                        ],
                        [
                            -73.450932612999964,
                            40.625440456000035,
                            0
                        ],
                        [
                            -73.476689999999962,
                            40.553825000000074,
                            0
                        ],
                        [
                            -73.497647079999979,
                            40.523300736000067,
                            0
                        ],
                        [
                            -73.400570769999945,
                            40.478969664000033,
                            0
                        ],
                        [
                            -73.328690136999967,
                            40.580010436000066,
                            0
                        ]
                    ]
                ]
            },
            "properties": {
                "OBJECTID": 41,
                "Position": "N2K",
                "Low": 0,
                "High": 3000,
                "Notes": null,
                "Fill": "#686868",
                "Stroke": "#686868",
                "Sector": "ROBER",
                "Shape_Length": 0.50622010348467417,
                "Shape_Area": 0.0154919360445519
            }
        },
        {
            "type": "Feature",
            "id": 42,
            "geometry": {
                "type": "Polygon",
                "coordinates": [
                    [
                        [
                            -73.085486576999983,
                            40.535514832000047,
                            0
                        ],
                        [
                            -73.328690136999967,
                            40.580010436000066,
                            0
                        ],
                        [
                            -73.400570769999945,
                            40.478969664000033,
                            0
                        ],
                        [
                            -73.252933055999961,
                            40.408815556000036,
                            0
                        ],
                        [
                            -73.085486576999983,
                            40.535514832000047,
                            0
                        ]
                    ]
                ]
            },
            "properties": {
                "OBJECTID": 42,
                "Position": "N2K",
                "Low": 0,
                "High": 4000,
                "Notes": null,
                "Fill": "#686868",
                "Stroke": "#686868",
                "Sector": "ROBER",
                "Shape_Length": 0.74467725148156449,
                "Shape_Area": 0.029112248741435351
            }
        },
        {
            "type": "Feature",
            "id": 43,
            "geometry": {
                "type": "Polygon",
                "coordinates": [
                    [
                        [
                            -73.085486576999983,
                            40.535514832000047,
                            0
                        ],
                        [
                            -73.065745833999983,
                            40.550403333000077,
                            0
                        ],
                        [
                            -73.120495491999975,
                            40.603231273000063,
                            0
                        ],
                        [
                            -73.153175832999978,
                            40.597673889000077,
                            0
                        ],
                        [
                            -73.329856572999972,
                            40.615657589000079,
                            0
                        ],
                        [
                            -73.334598888999949,
                            40.581091111000035,
                            0
                        ],
                        [
                            -73.085486576999983,
                            40.535514832000047,
                            0
                        ]
                    ]
                ]
            },
            "properties": {
                "OBJECTID": 43,
                "Position": "N2K",
                "Low": 4000,
                "High": 4000,
                "Notes": null,
                "Fill": "#686868",
                "Stroke": "#686868",
                "Sector": "ROBER",
                "Shape_Length": 0.59968736094553132,
                "Shape_Area": 0.011428817388328185
            }
        },
        {
            "type": "Feature",
            "id": 44,
            "geometry": {
                "type": "Polygon",
                "coordinates": [
                    [
                        [
                            -73.329856572999972,
                            40.615657589000079,
                            0
                        ],
                        [
                            -73.153175832999978,
                            40.597673889000077,
                            0
                        ],
                        [
                            -73.120495491999975,
                            40.603231273000063,
                            0
                        ],
                        [
                            -73.260084443999972,
                            40.737436667000054,
                            0
                        ],
                        [
                            -73.321105042999989,
                            40.679340849000027,
                            0
                        ],
                        [
                            -73.329856572999972,
                            40.615657589000079,
                            0
                        ]
                    ]
                ]
            },
            "properties": {
                "OBJECTID": 44,
                "Position": "N2K",
                "Low": 4000,
                "High": 12000,
                "Notes": null,
                "Fill": "#686868",
                "Stroke": "#686868",
                "Sector": "ROBER",
                "Shape_Length": 0.55291757839392508,
                "Shape_Area": 0.015654984739799371
            }
        },
        {
            "type": "Feature",
            "id": 46,
            "geometry": {
                "type": "Polygon",
                "coordinates": [
                    [
                        [
                            -73.260084443999972,
                            40.737436667000054,
                            0
                        ],
                        [
                            -73.120495491999975,
                            40.603231273000063,
                            0
                        ],
                        [
                            -72.965774443999976,
                            40.629403056000058,
                            0
                        ],
                        [
                            -73.018950634999953,
                            40.680522212000028,
                            0
                        ],
                        [
                            -73.105248888999938,
                            40.763268333000042,
                            0
                        ],
                        [
                            -73.260084443999972,
                            40.737436667000054,
                            0
                        ]
                    ]
                ]
            },
            "properties": {
                "OBJECTID": 46,
                "Position": "N2K",
                "Low": 5000,
                "High": 12000,
                "Notes": null,
                "Fill": "#686868",
                "Stroke": "#686868",
                "Sector": "ROBER",
                "Shape_Length": 0.7008548892048162,
                "Shape_Area": 0.024379511540058442
            }
        },
        {
            "type": "Feature",
            "id": 47,
            "geometry": {
                "type": "Polygon",
                "coordinates": [
                    [
                        [
                            -72.965774443999976,
                            40.629403056000058,
                            0
                        ],
                        [
                            -72.87438138999994,
                            40.661111111000025,
                            0
                        ],
                        [
                            -73.024715555999933,
                            40.776608056000043,
                            0
                        ],
                        [
                            -73.105248888999938,
                            40.763268333000042,
                            0
                        ],
                        [
                            -72.965774443999976,
                            40.629403056000058,
                            0
                        ]
                    ]
                ]
            },
            "properties": {
                "OBJECTID": 47,
                "Position": "N2K",
                "Low": 7000,
                "High": 12000,
                "Notes": null,
                "Fill": "#686868",
                "Stroke": "#686868",
                "Sector": "ROBER",
                "Shape_Length": 0.56126718850563906,
                "Shape_Area": 0.013981794963391995
            }
        },
        {
            "type": "Feature",
            "id": 48,
            "geometry": {
                "type": "Polygon",
                "coordinates": [
                    [
                        [
                            -72.969598948999987,
                            40.906522509000069,
                            0
                        ],
                        [
                            -72.974164721999955,
                            40.903857778000031,
                            0
                        ],
                        [
                            -73.098180584999966,
                            40.831866552000065,
                            0
                        ],
                        [
                            -73.260084443999972,
                            40.737436667000054,
                            0
                        ],
                        [
                            -73.105248888999938,
                            40.763268333000042,
                            0
                        ],
                        [
                            -73.024715555999933,
                            40.776608056000043,
                            0
                        ],
                        [
                            -72.940456752999978,
                            40.711945338000078,
                            0
                        ],
                        [
                            -72.87438138999994,
                            40.661111111000025,
                            0
                        ],
                        [
                            -72.850820028999976,
                            40.669311949000075,
                            0
                        ],
                        [
                            -72.881095409999944,
                            40.729774192000036,
                            0
                        ],
                        [
                            -72.969598948999987,
                            40.906522509000069,
                            0
                        ]
                    ]
                ]
            },
            "properties": {
                "OBJECTID": 48,
                "Position": "N2K",
                "Low": 9000,
                "High": 12000,
                "Notes": null,
                "Fill": "#686868",
                "Stroke": "#686868",
                "Sector": "ROBER",
                "Shape_Length": 1.0545324482147842,
                "Shape_Area": 0.030452960031240591
            }
        },
        {
            "type": "Feature",
            "id": 49,
            "geometry": {
                "type": "Polygon",
                "coordinates": [
                    [
                        [
                            -72.762184999999988,
                            40.700100556000052,
                            0
                        ],
                        [
                            -72.762146594999933,
                            40.752863940000054,
                            0
                        ],
                        [
                            -72.762070732999973,
                            40.857087014000058,
                            0
                        ],
                        [
                            -72.815016366999942,
                            40.907177895000075,
                            0
                        ],
                        [
                            -72.931609352999942,
                            40.928694461000077,
                            0
                        ],
                        [
                            -72.969598948999987,
                            40.906522509000069,
                            0
                        ],
                        [
                            -72.880576401999974,
                            40.729872279000062,
                            0
                        ],
                        [
                            -72.850820028999976,
                            40.669311949000075,
                            0
                        ],
                        [
                            -72.762184999999988,
                            40.700100556000052,
                            0
                        ]
                    ]
                ]
            },
            "properties": {
                "OBJECTID": 49,
                "Position": "N2K",
                "Low": 9000,
                "High": 11000,
                "Notes": "Control on handoffs from ZBW to 12000",
                "Fill": "#686868",
                "Stroke": "#686868",
                "Sector": "ROBER",
                "Shape_Length": 0.75154037105116156,
                "Shape_Area": 0.034156291655380554
            }
        },
        {
            "type": "Feature",
            "id": 50,
            "geometry": {
                "type": "Polygon",
                "coordinates": [
                    [
                        [
                            -73.089677709999933,
                            40.91438733800004,
                            0
                        ],
                        [
                            -73.135450645999981,
                            40.923665584000048,
                            0
                        ],
                        [
                            -73.251964721999968,
                            40.866113889000076,
                            0
                        ],
                        [
                            -73.26852250099995,
                            40.789951944000052,
                            0
                        ],
                        [
                            -73.260084443999972,
                            40.737436667000054,
                            0
                        ],
                        [
                            -73.098180584999966,
                            40.831866552000065,
                            0
                        ],
                        [
                            -72.974164721999955,
                            40.903857778000031,
                            0
                        ],
                        [
                            -73.028924166999957,
                            40.902072500000031,
                            0
                        ],
                        [
                            -73.089677709999933,
                            40.91438733800004,
                            0
                        ]
                    ]
                ]
            },
            "properties": {
                "OBJECTID": 50,
                "Position": "N2K",
                "Low": 9000,
                "High": 10000,
                "Notes": null,
                "Fill": "#686868",
                "Stroke": "#686868",
                "Sector": "ROBER",
                "Shape_Length": 0.75539065308007891,
                "Shape_Area": 0.023557336505293198
            }
        },
        {
            "type": "Feature",
            "id": 51,
            "geometry": {
                "type": "Polygon",
                "coordinates": [
                    [
                        [
                            -73.26852250099995,
                            40.789951944000052,
                            0
                        ],
                        [
                            -73.251964721999968,
                            40.866113889000076,
                            0
                        ],
                        [
                            -73.279368567999938,
                            40.881540033000078,
                            0
                        ],
                        [
                            -73.286807626999973,
                            40.885727621000058,
                            0
                        ],
                        [
                            -73.303359801999989,
                            40.895045154000059,
                            0
                        ],
                        [
                            -73.333515833999968,
                            40.912020556000073,
                            0
                        ],
                        [
                            -73.468364153999971,
                            40.918926099000032,
                            0
                        ],
                        [
                            -73.579401154999971,
                            40.876106800000059,
                            0
                        ],
                        [
                            -73.579501229999948,
                            40.875963271000046,
                            0
                        ],
                        [
                            -73.580036327999949,
                            40.875195821000034,
                            0
                        ],
                        [
                            -73.580036801999938,
                            40.875195142000052,
                            0
                        ],
                        [
                            -73.580036885999959,
                            40.875195021000025,
                            0
                        ],
                        [
                            -73.587818628999969,
                            40.864038357000027,
                            0
                        ],
                        [
                            -73.620090832999949,
                            40.81774972200003,
                            0
                        ],
                        [
                            -73.592633342999989,
                            40.817633490000048,
                            0
                        ],
                        [
                            -73.384845875999986,
                            40.816753888000051,
                            0
                        ],
                        [
                            -73.414399214999946,
                            40.729506512000057,
                            0
                        ],
                        [
                            -73.489819721999936,
                            40.628443056000037,
                            0
                        ],
                        [
                            -73.450932612999964,
                            40.625440456000035,
                            0
                        ],
                        [
                            -73.329856572999972,
                            40.615657589000079,
                            0
                        ],
                        [
                            -73.321105042999989,
                            40.679340849000027,
                            0
                        ],
                        [
                            -73.313212373999988,
                            40.757369829000027,
                            0
                        ],
                        [
                            -73.31293599994406,
                            40.756480113648038,
                            0
                        ],
                        [
                            -73.312652964674328,
                            40.755592494888418,
                            0
                        ],
                        [
                            -73.312363284093166,
                            40.754707022592264,
                            0
                        ],
                        [
                            -73.312066974476394,
                            40.753823746510079,
                            0
                        ],
                        [
                            -73.311764052472228,
                            40.752942716268976,
                            0
                        ],
                        [
                            -73.311454535100424,
                            40.752063981369872,
                            0
                        ],
                        [
                            -73.311138439751318,
                            40.751187591184724,
                            0
                        ],
                        [
                            -73.310815784184797,
                            40.750313594953759,
                            0
                        ],
                        [
                            -73.31048658652935,
                            40.749442041782693,
                            0
                        ],
                        [
                            -73.310150865281031,
                            40.74857298063997,
                            0
                        ],
                        [
                            -73.30980863930246,
                            40.747706460354038,
                            0
                        ],
                        [
                            -73.309459927821663,
                            40.746842529610568,
                            0
                        ],
                        [
                            -73.309104750431104,
                            40.745981236949746,
                            0
                        ],
                        [
                            -73.308743127086515,
                            40.745122630763532,
                            0
                        ],
                        [
                            -73.308375078105826,
                            40.744266759292948,
                            0
                        ],
                        [
                            -73.308000624167931,
                            40.743413670625372,
                            0
                        ],
                        [
                            -73.307619786311662,
                            40.742563412691815,
                            0
                        ],
                        [
                            -73.307232585934472,
                            40.741716033264254,
                            0
                        ],
                        [
                            -73.306839044791332,
                            40.74087157995293,
                            0
                        ],
                        [
                            -73.306439184993451,
                            40.740030100203683,
                            0
                        ],
                        [
                            -73.306033029007068,
                            40.739191641295285,
                            0
                        ],
                        [
                            -73.305620599652158,
                            40.738356250336771,
                            0
                        ],
                        [
                            -73.305201920101183,
                            40.737523974264818,
                            0
                        ],
                        [
                            -73.304777013877768,
                            40.73669485984108,
                            0
                        ],
                        [
                            -73.304345904855396,
                            40.735868953649572,
                            0
                        ],
                        [
                            -73.303908617256013,
                            40.735046302094055,
                            0
                        ],
                        [
                            -73.303465175648768,
                            40.734226951395449,
                            0
                        ],
                        [
                            -73.303015604948541,
                            40.733410947589171,
                            0
                        ],
                        [
                            -73.302559930414589,
                            40.732598336522642,
                            0
                        ],
                        [
                            -73.3020981776491,
                            40.731789163852611,
                            0
                        ],
                        [
                            -73.301630372595795,
                            40.730983475042684,
                            0
                        ],
                        [
                            -73.301156541538404,
                            40.730181315360696,
                            0
                        ],
                        [
                            -73.300676711099271,
                            40.729382729876214,
                            0
                        ],
                        [
                            -73.300190908237795,
                            40.728587763457966,
                            0
                        ],
                        [
                            -73.299699160248949,
                            40.727796460771373,
                            0
                        ],
                        [
                            -73.299201494761704,
                            40.727008866275987,
                            0
                        ],
                        [
                            -73.298697939737565,
                            40.726225024223012,
                            0
                        ],
                        [
                            -73.29818852346888,
                            40.725444978652838,
                            0
                        ],
                        [
                            -73.297673274577363,
                            40.72466877339253,
                            0
                        ],
                        [
                            -73.297152222012386,
                            40.723896452053388,
                            0
                        ],
                        [
                            -73.29662539504946,
                            40.723128058028507,
                            0
                        ],
                        [
                            -73.296092823288475,
                            40.722363634490307,
                            0
                        ],
                        [
                            -73.295554536652133,
                            40.721603224388133,
                            0
                        ],
                        [
                            -73.295010565384203,
                            40.72084687044584,
                            0
                        ],
                        [
                            -73.294460940047884,
                            40.720094615159368,
                            0
                        ],
                        [
                            -73.293905691524003,
                            40.719346500794394,
                            0
                        ],
                        [
                            -73.293344851009351,
                            40.718602569383926,
                            0
                        ],
                        [
                            -73.292778450014922,
                            40.717862862725951,
                            0
                        ],
                        [
                            -73.29220652036409,
                            40.71712742238109,
                            0
                        ],
                        [
                            -73.291629094190881,
                            40.716396289670257,
                            0
                        ],
                        [
                            -73.291046203938151,
                            40.715669505672338,
                            0
                        ],
                        [
                            -73.290457882355753,
                            40.714947111221903,
                            0
                        ],
                        [
                            -73.289864162498674,
                            40.714229146906867,
                            0
                        ],
                        [
                            -73.289265077725233,
                            40.71351565306626,
                            0
                        ],
                        [
                            -73.288660661695189,
                            40.712806669787923,
                            0
                        ],
                        [
                            -73.288050948367797,
                            40.712102236906269,
                            0
                        ],
                        [
                            -73.287435971999969,
                            40.711402394000061,
                            0
                        ],
                        [
                            -73.260084443999972,
                            40.737436667000054,
                            0
                        ],
                        [
                            -73.26852250099995,
                            40.789951944000052,
                            0
                        ]
                    ]
                ]
            },
            "properties": {
                "OBJECTID": 51,
                "Position": "N2K",
                "Low": 4000,
                "High": 5000,
                "Notes": null,
                "Fill": "#686868",
                "Stroke": "#686868",
                "Sector": "ROBER",
                "Shape_Length": 1.3974033369046936,
                "Shape_Area": 0.055115619057033625
            }
        },
        {
            "type": "Feature",
            "id": 52,
            "geometry": {
                "type": "Polygon",
                "coordinates": [
                    [
                        [
                            -73.888493111999935,
                            40.537440358000026,
                            0
                        ],
                        [
                            -73.947963408999954,
                            40.46089366700005,
                            0
                        ],
                        [
                            -73.946642601753538,
                            40.46011454884907,
                            0
                        ],
                        [
                            -73.945318209582808,
                            40.45934154027637,
                            0
                        ],
                        [
                            -73.943990260748265,
                            40.458574657776772,
                            0
                        ],
                        [
                            -73.94265878358631,
                            40.457813917714361,
                            0
                        ],
                        [
                            -73.94132380650862,
                            40.457059336322189,
                            0
                        ],
                        [
                            -73.939985358001593,
                            40.45631092970185,
                            0
                        ],
                        [
                            -73.938643466625635,
                            40.455568713823212,
                            0
                        ],
                        [
                            -73.937298161014681,
                            40.454832704524016,
                            0
                        ],
                        [
                            -73.935949469875496,
                            40.45410291750958,
                            0
                        ],
                        [
                            -73.934597421987078,
                            40.453379368352451,
                            0
                        ],
                        [
                            -73.933242046200064,
                            40.452662072492046,
                            0
                        ],
                        [
                            -73.931883371436115,
                            40.451951045234381,
                            0
                        ],
                        [
                            -73.93052142668725,
                            40.451246301751674,
                            0
                        ],
                        [
                            -73.929156241015306,
                            40.450547857082078,
                            0
                        ],
                        [
                            -73.927787843551258,
                            40.449855726129343,
                            0
                        ],
                        [
                            -73.926416263494616,
                            40.449169923662474,
                            0
                        ],
                        [
                            -73.925041530112779,
                            40.448490464315455,
                            0
                        ],
                        [
                            -73.923663672740489,
                            40.44781736258691,
                            0
                        ],
                        [
                            -73.922282720779094,
                            40.447150632839794,
                            0
                        ],
                        [
                            -73.920898703696011,
                            40.44649028930111,
                            0
                        ],
                        [
                            -73.919511651024038,
                            40.445836346061569,
                            0
                        ],
                        [
                            -73.918121592360762,
                            40.445188817075326,
                            0
                        ],
                        [
                            -73.916728557367918,
                            40.444547716159668,
                            0
                        ],
                        [
                            -73.915332575770734,
                            40.443913056994695,
                            0
                        ],
                        [
                            -73.913933677357321,
                            40.443284853123068,
                            0
                        ],
                        [
                            -73.912531891978048,
                            40.442663117949699,
                            0
                        ],
                        [
                            -73.911127249544862,
                            40.442047864741461,
                            0
                        ],
                        [
                            -73.909719780030684,
                            40.44143910662693,
                            0
                        ],
                        [
                            -73.908309513468751,
                            40.440836856596057,
                            0
                        ],
                        [
                            -73.906896479952024,
                            40.440241127499945,
                            0
                        ],
                        [
                            -73.905480709632457,
                            40.439651932050545,
                            0
                        ],
                        [
                            -73.904062232720435,
                            40.439069282820384,
                            0
                        ],
                        [
                            -73.90264107948407,
                            40.438493192242305,
                            0
                        ],
                        [
                            -73.901217280248616,
                            40.437923672609209,
                            0
                        ],
                        [
                            -73.899790865395772,
                            40.437360736073757,
                            0
                        ],
                        [
                            -73.898361865363043,
                            40.436804394648171,
                            0
                        ],
                        [
                            -73.896930310643114,
                            40.436254660203915,
                            0
                        ],
                        [
                            -73.89549623178317,
                            40.435711544471488,
                            0
                        ],
                        [
                            -73.894059659384254,
                            40.435175059040148,
                            0
                        ],
                        [
                            -73.89262062410063,
                            40.434645215357669,
                            0
                        ],
                        [
                            -73.891179156639126,
                            40.434122024730115,
                            0
                        ],
                        [
                            -73.889735287758427,
                            40.433605498321569,
                            0
                        ],
                        [
                            -73.888289048268504,
                            40.43309564715392,
                            0
                        ],
                        [
                            -73.886840469029906,
                            40.4325924821066,
                            0
                        ],
                        [
                            -73.885389580953074,
                            40.432096013916393,
                            0
                        ],
                        [
                            -73.883936414997763,
                            40.431606253177172,
                            0
                        ],
                        [
                            -73.882481002172312,
                            40.43112321033967,
                            0
                        ],
                        [
                            -73.881023373532997,
                            40.430646895711298,
                            0
                        ],
                        [
                            -73.879563560183385,
                            40.430177319455872,
                            0
                        ],
                        [
                            -73.878101593273655,
                            40.429714491593437,
                            0
                        ],
                        [
                            -73.876637503999973,
                            40.429258422000032,
                            0
                        ],
                        [
                            -73.875084418215792,
                            40.428779674955905,
                            0
                        ],
                        [
                            -73.87352925987777,
                            40.428307703845604,
                            0
                        ],
                        [
                            -73.871972058548366,
                            40.427842517640968,
                            0
                        ],
                        [
                            -73.870412843828888,
                            40.427384125184865,
                            0
                        ],
                        [
                            -73.868851645358887,
                            40.426932535191007,
                            0
                        ],
                        [
                            -73.867288492815661,
                            40.426487756243802,
                            0
                        ],
                        [
                            -73.865723415913635,
                            40.426049796798182,
                            0
                        ],
                        [
                            -73.864156444403804,
                            40.425618665179449,
                            0
                        ],
                        [
                            -73.862587608073213,
                            40.42519436958311,
                            0
                        ],
                        [
                            -73.861016936744306,
                            40.424776918074727,
                            0
                        ],
                        [
                            -73.85944446027446,
                            40.424366318589755,
                            0
                        ],
                        [
                            -73.85787020855534,
                            40.423962578933406,
                            0
                        ],
                        [
                            -73.856294211512349,
                            40.423565706780479,
                            0
                        ],
                        [
                            -73.854716499104086,
                            40.423175709675235,
                            0
                        ],
                        [
                            -73.853137101321764,
                            40.422792595031247,
                            0
                        ],
                        [
                            -73.851556048188584,
                            40.422416370131259,
                            0
                        ],
                        [
                            -73.849973369759297,
                            40.422047042127033,
                            0
                        ],
                        [
                            -73.848389096119462,
                            40.42168461803923,
                            0
                        ],
                        [
                            -73.846803257385034,
                            40.421329104757291,
                            0
                        ],
                        [
                            -73.845215883701655,
                            40.420980509039254,
                            0
                        ],
                        [
                            -73.843627005244215,
                            40.420638837511696,
                            0
                        ],
                        [
                            -73.842036652216152,
                            40.42030409666954,
                            0
                        ],
                        [
                            -73.840444854848968,
                            40.419976292875972,
                            0
                        ],
                        [
                            -73.838851643401583,
                            40.419655432362319,
                            0
                        ],
                        [
                            -73.837257048159856,
                            40.419341521227906,
                            0
                        ],
                        [
                            -73.835661099435882,
                            40.419034565439972,
                            0
                        ],
                        [
                            -73.834063827567547,
                            40.418734570833514,
                            0
                        ],
                        [
                            -73.83246526291785,
                            40.418441543111236,
                            0
                        ],
                        [
                            -73.830865435874387,
                            40.418155487843372,
                            0
                        ],
                        [
                            -73.829264376848741,
                            40.417876410467642,
                            0
                        ],
                        [
                            -73.827662116275889,
                            40.417604316289101,
                            0
                        ],
                        [
                            -73.826058684613713,
                            40.41733921048008,
                            0
                        ],
                        [
                            -73.824454112342281,
                            40.41708109808004,
                            0
                        ],
                        [
                            -73.822848429963415,
                            40.416829983995527,
                            0
                        ],
                        [
                            -73.821241667999971,
                            40.416585873000031,
                            0
                        ],
                        [
                            -73.888493111999935,
                            40.537440358000026,
                            0
                        ]
                    ]
                ]
            },
            "properties": {
                "OBJECTID": 52,
                "Position": "N2J",
                "Low": 4000,
                "High": 17000,
                "Notes": null,
                "Fill": "#9C9C9C",
                "Stroke": "#9C9C9C",
                "Sector": "JFK Departure",
                "Shape_Length": 0.37032911246411848,
                "Shape_Area": 0.0067526975099822728
            }
        },
        {
            "type": "Feature",
            "id": 55,
            "geometry": {
                "type": "Polygon",
                "coordinates": [
                    [
                        [
                            -73.821241667999971,
                            40.416585873000031,
                            0
                        ],
                        [
                            -73.888493111999935,
                            40.537440358000026,
                            0
                        ],
                        [
                            -73.947963408999954,
                            40.46089366700005,
                            0
                        ],
                        [
                            -73.946642601753879,
                            40.460114548848431,
                            0
                        ],
                        [
                            -73.94531820958349,
                            40.459341540275112,
                            0
                        ],
                        [
                            -73.943990260749246,
                            40.458574657774911,
                            0
                        ],
                        [
                            -73.942658783587589,
                            40.457813917711931,
                            0
                        ],
                        [
                            -73.941323806510184,
                            40.457059336319212,
                            0
                        ],
                        [
                            -73.939985358003398,
                            40.456310929698347,
                            0
                        ],
                        [
                            -73.938643466627695,
                            40.455568713819211,
                            0
                        ],
                        [
                            -73.937298161016969,
                            40.454832704519539,
                            0
                        ],
                        [
                            -73.935949469877983,
                            40.454102917504656,
                            0
                        ],
                        [
                            -73.934597421989764,
                            40.4533793683471,
                            0
                        ],
                        [
                            -73.933242046202935,
                            40.452662072486298,
                            0
                        ],
                        [
                            -73.931883371439142,
                            40.451951045228249,
                            0
                        ],
                        [
                            -73.930521426690433,
                            40.451246301745194,
                            0
                        ],
                        [
                            -73.929156241018617,
                            40.450547857075279,
                            0
                        ],
                        [
                            -73.927787843554682,
                            40.449855726122237,
                            0
                        ],
                        [
                            -73.92641626349814,
                            40.449169923655099,
                            0
                        ],
                        [
                            -73.925041530116403,
                            40.448490464307831,
                            0
                        ],
                        [
                            -73.923663672744183,
                            40.447817362579059,
                            0
                        ],
                        [
                            -73.92228272078286,
                            40.44715063283175,
                            0
                        ],
                        [
                            -73.92089870369982,
                            40.446490289292896,
                            0
                        ],
                        [
                            -73.919511651027889,
                            40.445836346053213,
                            0
                        ],
                        [
                            -73.918121592364628,
                            40.445188817066857,
                            0
                        ],
                        [
                            -73.916728557371798,
                            40.444547716151099,
                            0
                        ],
                        [
                            -73.915332575774613,
                            40.443913056986062,
                            0
                        ],
                        [
                            -73.913933677361186,
                            40.443284853114399,
                            0
                        ],
                        [
                            -73.912531891981885,
                            40.442663117941017,
                            0
                        ],
                        [
                            -73.911127249548656,
                            40.4420478647328,
                            0
                        ],
                        [
                            -73.909719780034422,
                            40.441439106618304,
                            0
                        ],
                        [
                            -73.908309513472446,
                            40.440836856587502,
                            0
                        ],
                        [
                            -73.906896479955634,
                            40.44024112749149,
                            0
                        ],
                        [
                            -73.905480709635981,
                            40.43965193204221,
                            0
                        ],
                        [
                            -73.904062232723859,
                            40.439069282812198,
                            0
                        ],
                        [
                            -73.90264107948741,
                            40.438493192234304,
                            0
                        ],
                        [
                            -73.901217280251842,
                            40.437923672601407,
                            0
                        ],
                        [
                            -73.89979086539887,
                            40.437360736066189,
                            0
                        ],
                        [
                            -73.898361865366013,
                            40.436804394640866,
                            0
                        ],
                        [
                            -73.896930310645928,
                            40.436254660196894,
                            0
                        ],
                        [
                            -73.895496231785827,
                            40.435711544464787,
                            0
                        ],
                        [
                            -73.894059659386755,
                            40.435175059033789,
                            0
                        ],
                        [
                            -73.892620624102975,
                            40.434645215351694,
                            0
                        ],
                        [
                            -73.891179156641286,
                            40.434122024724537,
                            0
                        ],
                        [
                            -73.889735287760402,
                            40.433605498316417,
                            0
                        ],
                        [
                            -73.888289048270295,
                            40.433095647149223,
                            0
                        ],
                        [
                            -73.886840469031483,
                            40.432592482102393,
                            0
                        ],
                        [
                            -73.885389580954453,
                            40.432096013912705,
                            0
                        ],
                        [
                            -73.883936414998928,
                            40.431606253174024,
                            0
                        ],
                        [
                            -73.88248100217325,
                            40.431123210337098,
                            0
                        ],
                        [
                            -73.881023373533708,
                            40.430646895709323,
                            0
                        ],
                        [
                            -73.879563560183868,
                            40.430177319454529,
                            0
                        ],
                        [
                            -73.878101593273911,
                            40.429714491592755,
                            0
                        ],
                        [
                            -73.876637503999973,
                            40.429258422000032,
                            0
                        ],
                        [
                            -73.876631274999966,
                            40.429256482000028,
                            0
                        ],
                        [
                            -73.875078358944748,
                            40.428777817120555,
                            0
                        ],
                        [
                            -73.873523370934208,
                            40.428305926636952,
                            0
                        ],
                        [
                            -73.871966340520643,
                            40.427840819517435,
                            0
                        ],
                        [
                            -73.870407297295131,
                            40.427382504601269,
                            0
                        ],
                        [
                            -73.868846270887005,
                            40.426930990598649,
                            0
                        ],
                        [
                            -73.867283290963314,
                            40.426486286090523,
                            0
                        ],
                        [
                            -73.865718387228213,
                            40.426048399528419,
                            0
                        ],
                        [
                            -73.86415158942242,
                            40.4256173392343,
                            0
                        ],
                        [
                            -73.862582927322649,
                            40.425193113400383,
                            0
                        ],
                        [
                            -73.861012430741056,
                            40.424775730089017,
                            0
                        ],
                        [
                            -73.859440129524643,
                            40.42436519723249,
                            0
                        ],
                        [
                            -73.85786605355473,
                            40.423961522632901,
                            0
                        ],
                        [
                            -73.85629023274636,
                            40.42356471396203,
                            0
                        ],
                        [
                            -73.854712697047702,
                            40.423174778761144,
                            0
                        ],
                        [
                            -73.853133476439567,
                            40.422791724440906,
                            0
                        ],
                        [
                            -73.851552600934767,
                            40.42241555828118,
                            0
                        ],
                        [
                            -73.849970100577551,
                            40.422046287430945,
                            0
                        ],
                        [
                            -73.848386005443075,
                            40.42168391890813,
                            0
                        ],
                        [
                            -73.84680034563678,
                            40.421328459599486,
                            0
                        ],
                        [
                            -73.845213151293848,
                            40.420979916260457,
                            0
                        ],
                        [
                            -73.843624452578638,
                            40.42063829551504,
                            0
                        ],
                        [
                            -73.842034279684086,
                            40.420303603855686,
                            0
                        ],
                        [
                            -73.840442662831151,
                            40.419975847643137,
                            0
                        ],
                        [
                            -73.838849632268236,
                            40.419655033106359,
                            0
                        ],
                        [
                            -73.837255218270599,
                            40.41934116634237,
                            0
                        ],
                        [
                            -73.83565945113979,
                            40.419034253316148,
                            0
                        ],
                        [
                            -73.83406236120311,
                            40.418734299860532,
                            0
                        ],
                        [
                            -73.832463978812939,
                            40.418441311676069,
                            0
                        ],
                        [
                            -73.830864334346288,
                            40.418155294330965,
                            0
                        ],
                        [
                            -73.829263458204096,
                            40.417876253260914,
                            0
                        ],
                        [
                            -73.827661380810738,
                            40.417604193769051,
                            0
                        ],
                        [
                            -73.826058132613426,
                            40.417339121025819,
                            0
                        ],
                        [
                            -73.824453744081595,
                            40.417081040068879,
                            0
                        ],
                        [
                            -73.822848245706368,
                            40.41682995580301,
                            0
                        ],
                        [
                            -73.821241667999971,
                            40.416585873000031,
                            0
                        ]
                    ]
                ]
            },
            "properties": {
                "OBJECTID": 55,
                "Position": "N2A",
                "Low": 0,
                "High": 3000,
                "Notes": null,
                "Fill": "#343434",
                "Stroke": "#343434",
                "Sector": "Final Vector",
                "Shape_Length": 0.37032911251744294,
                "Shape_Area": 0.0067526975291317282
            }
        },
        {
            "type": "Feature",
            "id": 56,
            "geometry": {
                "type": "Polygon",
                "coordinates": [
                    [
                        [
                            -73.88471836399998,
                            40.542294790000028,
                            0
                        ],
                        [
                            -73.857818088999977,
                            40.576889306000055,
                            0
                        ],
                        [
                            -73.948345492999977,
                            40.620276779000051,
                            0
                        ],
                        [
                            -73.973589999999945,
                            40.587133333000054,
                            0
                        ],
                        [
                            -73.884719074999964,
                            40.54229513000007,
                            0
                        ],
                        [
                            -73.88471836399998,
                            40.542294790000028,
                            0
                        ]
                    ]
                ]
            },
            "properties": {
                "OBJECTID": 56,
                "Position": "N2A",
                "Low": 0,
                "High": 3000,
                "Notes": null,
                "Fill": "#343434",
                "Stroke": "#343434",
                "Sector": "Final Vector",
                "Shape_Length": 0.28541497315520625,
                "Shape_Area": 0.0041881637632730263
            }
        }
    ]
}