{
    "hasZ": true,
    "type": "FeatureCollection",
    "features": [
        {
            "type": "Feature",
            "id": 1,
            "geometry": {
                "type": "Polygon",
                "coordinates": [
                    [
                        [
                            -76.097881151999957,
                            40.394222316000025,
                            0
                        ],
                        [
                            -76.034444443999973,
                            40.435000000000059,
                            0
                        ],
                        [
                            -76.007222221999939,
                            40.594444444000032,
                            0
                        ],
                        [
                            -76.17386434499997,
                            40.535862315000031,
                            0
                        ],
                        [
                            -76.33819661299998,
                            40.478041997000048,
                            0
                        ],
                        [
                            -76.423351446999959,
                            40.448060658000031,
                            0
                        ],
                        [
                            -76.517222221999987,
                            40.408888889000025,
                            0
                        ],
                        [
                            -76.296056552999971,
                            40.373143029000062,
                            0
                        ],
                        [
                            -76.256388888999936,
                            40.366666667000061,
                            0
                        ],
                        [
                            -76.256096654999965,
                            40.366620300000079,
                            0
                        ],
                        [
                            -76.163611110999966,
                            40.351944444000026,
                            0
                        ],
                        [
                            -76.097881151999957,
                            40.394222316000025,
                            0
                        ]
                    ]
                ]
            },
            "properties": {
                "OBJECTID": 1,
                "Position": "N39",
                "Low": 20000,
                "High": 28000,
                "Notes": null,
                "Fill": "#73FFDF",
                "Stroke": "#73FFDF",
                "Sector": "PARKE"
            }
        },
        {
            "type": "Feature",
            "id": 2,
            "geometry": {
                "type": "Polygon",
                "coordinates": [
                    [
                        [
                            -75.471388888999968,
                            40.424722222000071,
                            0
                        ],
                        [
                            -75.553055555999947,
                            40.448611111000048,
                            0
                        ],
                        [
                            -75.599999999999966,
                            40.60000000000008,
                            0
                        ],
                        [
                            -75.599999999999966,
                            40.638888889000043,
                            0
                        ],
                        [
                            -75.599999999999966,
                            40.708333333000041,
                            0
                        ],
                        [
                            -75.466388888999973,
                            40.92027777800007,
                            0
                        ],
                        [
                            -75.628611110999941,
                            40.88027777800005,
                            0
                        ],
                        [
                            -76.159840465999935,
                            40.741818792000061,
                            0
                        ],
                        [
                            -76.078333332999989,
                            40.731944444000078,
                            0
                        ],
                        [
                            -75.984999999999957,
                            40.717777778000027,
                            0
                        ],
                        [
                            -75.991115170999933,
                            40.683861319000073,
                            0
                        ],
                        [
                            -76.007222221999939,
                            40.594444444000032,
                            0
                        ],
                        [
                            -76.034444443999973,
                            40.435000000000059,
                            0
                        ],
                        [
                            -76.097881151999957,
                            40.394222316000025,
                            0
                        ],
                        [
                            -76.163611110999966,
                            40.351944444000026,
                            0
                        ],
                        [
                            -75.887499999999989,
                            40.306944444000067,
                            0
                        ],
                        [
                            -75.82554044699998,
                            40.262461381000037,
                            0
                        ],
                        [
                            -75.800457269999981,
                            40.244727017000059,
                            0
                        ],
                        [
                            -75.66246651199998,
                            40.321662898000056,
                            0
                        ],
                        [
                            -75.522222221999982,
                            40.373611111000059,
                            0
                        ],
                        [
                            -75.438333332999946,
                            40.417777778000072,
                            0
                        ],
                        [
                            -75.470626711999955,
                            40.424506364000081,
                            0
                        ],
                        [
                            -75.471388888999968,
                            40.424722222000071,
                            0
                        ]
                    ]
                ]
            },
            "properties": {
                "OBJECTID": 2,
                "Position": "N39",
                "Low": 18000,
                "High": 28000,
                "Notes": null,
                "Fill": "#73FFDF",
                "Stroke": "#73FFDF",
                "Sector": "PARKE"
            }
        },
        {
            "type": "Feature",
            "id": 3,
            "geometry": {
                "type": "Polygon",
                "coordinates": [
                    [
                        [
                            -75.438333332999946,
                            40.417777778000072,
                            0
                        ],
                        [
                            -75.125039166999954,
                            40.577846111000042,
                            0
                        ],
                        [
                            -75.125861388999965,
                            40.660789167000075,
                            0
                        ],
                        [
                            -75.196463186999949,
                            40.791313584000079,
                            0
                        ],
                        [
                            -75.238794259999963,
                            40.869608963000076,
                            0
                        ],
                        [
                            -75.466388888999973,
                            40.92027777800007,
                            0
                        ],
                        [
                            -75.599999999999966,
                            40.708333333000041,
                            0
                        ],
                        [
                            -75.599999999999966,
                            40.638888889000043,
                            0
                        ],
                        [
                            -75.599999999999966,
                            40.60000000000008,
                            0
                        ],
                        [
                            -75.553055555999947,
                            40.448611111000048,
                            0
                        ],
                        [
                            -75.471388888999968,
                            40.424722222000071,
                            0
                        ],
                        [
                            -75.470626712999945,
                            40.424506364000081,
                            0
                        ],
                        [
                            -75.438333332999946,
                            40.417777778000072,
                            0
                        ]
                    ]
                ]
            },
            "properties": {
                "OBJECTID": 3,
                "Position": "N39",
                "Low": 14000,
                "High": 28000,
                "Notes": null,
                "Fill": "#73FFDF",
                "Stroke": "#73FFDF",
                "Sector": "PARKE"
            }
        },
        {
            "type": "Feature",
            "id": 4,
            "geometry": {
                "type": "Polygon",
                "coordinates": [
                    [
                        [
                            -75.125039166999954,
                            40.577846111000042,
                            0
                        ],
                        [
                            -74.791666666999959,
                            40.745000000000061,
                            0
                        ],
                        [
                            -75.238794259999963,
                            40.869608963000076,
                            0
                        ],
                        [
                            -75.196463186999949,
                            40.791313584000079,
                            0
                        ],
                        [
                            -75.125861388999965,
                            40.660789167000075,
                            0
                        ],
                        [
                            -75.125039166999954,
                            40.577846111000042,
                            0
                        ]
                    ]
                ]
            },
            "properties": {
                "OBJECTID": 4,
                "Position": "N39",
                "Low": 18000,
                "High": 28000,
                "Notes": null,
                "Fill": "#73FFDF",
                "Stroke": "#73FFDF",
                "Sector": "PARKE"
            }
        },
        {
            "type": "Feature",
            "id": 5,
            "geometry": {
                "type": "Polygon",
                "coordinates": [
                    [
                        [
                            -74.717294425999967,
                            40.77955449600006,
                            0
                        ],
                        [
                            -74.601157364999949,
                            40.833477643000037,
                            0
                        ],
                        [
                            -74.633333332999939,
                            40.854166667000072,
                            0
                        ],
                        [
                            -74.811483794999958,
                            40.905744654000046,
                            0
                        ],
                        [
                            -74.81150757599994,
                            40.905751536000025,
                            0
                        ],
                        [
                            -74.88008378699999,
                            40.925594953000029,
                            0
                        ],
                        [
                            -74.941715555999963,
                            40.940198611000028,
                            0
                        ],
                        [
                            -74.989471869999988,
                            40.954013132000057,
                            0
                        ],
                        [
                            -75.071870713999942,
                            40.978040445000033,
                            0
                        ],
                        [
                            -75.271940555999947,
                            40.93085166700007,
                            0
                        ],
                        [
                            -75.238794259999963,
                            40.869608963000076,
                            0
                        ],
                        [
                            -74.979795911999986,
                            40.797457820000034,
                            0
                        ],
                        [
                            -74.933166228999937,
                            40.784459494000032,
                            0
                        ],
                        [
                            -74.933162061999951,
                            40.784458332000042,
                            0
                        ],
                        [
                            -74.930097884999952,
                            40.783604084000046,
                            0
                        ],
                        [
                            -74.869754589999957,
                            40.766779006000036,
                            0
                        ],
                        [
                            -74.869741295999972,
                            40.766775299000074,
                            0
                        ],
                        [
                            -74.791666666999959,
                            40.745000000000061,
                            0
                        ],
                        [
                            -74.717294425999967,
                            40.77955449600006,
                            0
                        ]
                    ]
                ]
            },
            "properties": {
                "OBJECTID": 5,
                "Position": "N39",
                "Low": 18000,
                "High": 24000,
                "Notes": null,
                "Fill": "#73FFDF",
                "Stroke": "#73FFDF",
                "Sector": "PARKE"
            }
        },
        {
            "type": "Feature",
            "id": 6,
            "geometry": {
                "type": "Polygon",
                "coordinates": [
                    [
                        [
                            -75.271940555999947,
                            40.93085166700007,
                            0
                        ],
                        [
                            -75.071870713999942,
                            40.978040445000033,
                            0
                        ],
                        [
                            -75.144592750999948,
                            40.999015415000031,
                            0
                        ],
                        [
                            -75.363853165999956,
                            40.945346328000028,
                            0
                        ],
                        [
                            -75.466388888999973,
                            40.92027777800007,
                            0
                        ],
                        [
                            -75.359133792999955,
                            40.896404683000071,
                            0
                        ],
                        [
                            -75.238794259999963,
                            40.869608963000076,
                            0
                        ],
                        [
                            -75.271940555999947,
                            40.93085166700007,
                            0
                        ]
                    ]
                ]
            },
            "properties": {
                "OBJECTID": 6,
                "Position": "N39",
                "Low": 14000,
                "High": 24000,
                "Notes": null,
                "Fill": "#73FFDF",
                "Stroke": "#73FFDF",
                "Sector": "PARKE"
            }
        },
        {
            "type": "Feature",
            "id": 7,
            "geometry": {
                "type": "Polygon",
                "coordinates": [
                    [
                        [
                            -75.466388888999973,
                            40.92027777800007,
                            0
                        ],
                        [
                            -75.363853165999956,
                            40.945346328000028,
                            0
                        ],
                        [
                            -75.444444443999942,
                            40.958333333000041,
                            0
                        ],
                        [
                            -75.466388888999973,
                            40.92027777800007,
                            0
                        ]
                    ]
                ]
            },
            "properties": {
                "OBJECTID": 7,
                "Position": "N39",
                "Low": 18000,
                "High": 24000,
                "Notes": null,
                "Fill": "#73FFDF",
                "Stroke": "#73FFDF",
                "Sector": "PARKE"
            }
        },
        {
            "type": "Feature",
            "id": 8,
            "geometry": {
                "type": "Polygon",
                "coordinates": [
                    [
                        [
                            -75.027777777999972,
                            40.093055556000024,
                            0
                        ],
                        [
                            -74.889444443999935,
                            40.101666667000075,
                            0
                        ],
                        [
                            -74.322863852999944,
                            40.666480684000078,
                            0
                        ],
                        [
                            -74.601157364999949,
                            40.833477643000037,
                            0
                        ],
                        [
                            -74.717294425999967,
                            40.77955449600006,
                            0
                        ],
                        [
                            -74.791666666999959,
                            40.745000000000061,
                            0
                        ],
                        [
                            -74.869741295999972,
                            40.766775299000074,
                            0
                        ],
                        [
                            -74.869754590999946,
                            40.766779006000036,
                            0
                        ],
                        [
                            -74.930097884999952,
                            40.783604085000036,
                            0
                        ],
                        [
                            -74.933162061999951,
                            40.784458332000042,
                            0
                        ],
                        [
                            -74.933166228999937,
                            40.784459494000032,
                            0
                        ],
                        [
                            -74.979795911999986,
                            40.797457820000034,
                            0
                        ],
                        [
                            -75.238794259999963,
                            40.869608963000076,
                            0
                        ],
                        [
                            -75.359133792999955,
                            40.896404683000071,
                            0
                        ],
                        [
                            -75.466388888999973,
                            40.92027777800007,
                            0
                        ],
                        [
                            -75.628611110999941,
                            40.88027777800005,
                            0
                        ],
                        [
                            -75.593333332999975,
                            40.815000000000055,
                            0
                        ],
                        [
                            -75.614999999999952,
                            40.742500000000064,
                            0
                        ],
                        [
                            -76.007222221999939,
                            40.594444444000032,
                            0
                        ],
                        [
                            -76.17386434499997,
                            40.535862315000031,
                            0
                        ],
                        [
                            -76.33819661299998,
                            40.478041997000048,
                            0
                        ],
                        [
                            -76.423351446999959,
                            40.448060658000031,
                            0
                        ],
                        [
                            -76.326501704999941,
                            40.432027502000039,
                            0
                        ],
                        [
                            -76.233805380999968,
                            40.416678348000062,
                            0
                        ],
                        [
                            -76.18333333399994,
                            40.408319444000028,
                            0
                        ],
                        [
                            -76.097881151999957,
                            40.394222316000025,
                            0
                        ],
                        [
                            -75.76771045199996,
                            40.339726005000045,
                            0
                        ],
                        [
                            -75.746848776999968,
                            40.336132848000034,
                            0
                        ],
                        [
                            -75.68693607199998,
                            40.325736440000071,
                            0
                        ],
                        [
                            -75.66246651199998,
                            40.321662898000056,
                            0
                        ],
                        [
                            -75.460777718999964,
                            40.28723644400003,
                            0
                        ],
                        [
                            -75.405551595999952,
                            40.277806784000063,
                            0
                        ],
                        [
                            -75.256111099999941,
                            40.252283768000041,
                            0
                        ],
                        [
                            -75.092638523999938,
                            40.224353177000069,
                            0
                        ],
                        [
                            -75.036747831999946,
                            40.21480116500004,
                            0
                        ],
                        [
                            -75.033827241999973,
                            40.175185574000068,
                            0
                        ],
                        [
                            -75.027777777999972,
                            40.093055556000024,
                            0
                        ]
                    ]
                ]
            },
            "properties": {
                "OBJECTID": 8,
                "Position": "N42",
                "Low": 29000,
                "High": 60000,
                "Notes": null,
                "Fill": "#B4DFF0",
                "Stroke": "#B4DFF0",
                "Sector": "East Texas"
            }
        },
        {
            "type": "Feature",
            "id": 9,
            "geometry": {
                "type": "Polygon",
                "coordinates": [
                    [
                        [
                            -74.601157364999949,
                            40.833477643000037,
                            0
                        ],
                        [
                            -74.633333332999939,
                            40.854166667000072,
                            0
                        ],
                        [
                            -74.811483794999958,
                            40.905744654000046,
                            0
                        ],
                        [
                            -74.81150757599994,
                            40.905751536000025,
                            0
                        ],
                        [
                            -74.88008378699999,
                            40.925594953000029,
                            0
                        ],
                        [
                            -74.941715555999963,
                            40.940198611000028,
                            0
                        ],
                        [
                            -74.989471869999988,
                            40.954013132000057,
                            0
                        ],
                        [
                            -75.071870713999942,
                            40.978040445000033,
                            0
                        ],
                        [
                            -75.072151246999965,
                            40.978121371000043,
                            0
                        ],
                        [
                            -75.144592750999948,
                            40.999015415000031,
                            0
                        ],
                        [
                            -75.363853165999956,
                            40.945346328000028,
                            0
                        ],
                        [
                            -75.444444443999942,
                            40.958333333000041,
                            0
                        ],
                        [
                            -75.466388888999973,
                            40.92027777800007,
                            0
                        ],
                        [
                            -75.359133792999955,
                            40.896404683000071,
                            0
                        ],
                        [
                            -75.238794259999963,
                            40.869608963000076,
                            0
                        ],
                        [
                            -74.979795911999986,
                            40.797457820000034,
                            0
                        ],
                        [
                            -74.933166228999937,
                            40.784459494000032,
                            0
                        ],
                        [
                            -74.933162061999951,
                            40.784458332000042,
                            0
                        ],
                        [
                            -74.930097884999952,
                            40.783604085000036,
                            0
                        ],
                        [
                            -74.869754590999946,
                            40.766779006000036,
                            0
                        ],
                        [
                            -74.869741295999972,
                            40.766775299000074,
                            0
                        ],
                        [
                            -74.791666666999959,
                            40.745000000000061,
                            0
                        ],
                        [
                            -74.717294425999967,
                            40.77955449600006,
                            0
                        ],
                        [
                            -74.601157364999949,
                            40.833477643000037,
                            0
                        ]
                    ]
                ]
            },
            "properties": {
                "OBJECTID": 9,
                "Position": "N42",
                "Low": 25000,
                "High": 60000,
                "Notes": null,
                "Fill": "#B4DFF0",
                "Stroke": "#B4DFF0",
                "Sector": "East Texas"
            }
        },
        {
            "type": "Feature",
            "id": 10,
            "geometry": {
                "type": "Polygon",
                "coordinates": [
                    [
                        [
                            -74.322863853999934,
                            40.666480683000032,
                            0
                        ],
                        [
                            -73.876016266999954,
                            40.964409322000051,
                            0
                        ],
                        [
                            -73.876016411999956,
                            40.964411535000067,
                            0
                        ],
                        [
                            -73.876017242999978,
                            40.96442428000006,
                            0
                        ],
                        [
                            -73.878901672999973,
                            41.008626897000056,
                            0
                        ],
                        [
                            -73.895832777999942,
                            41.263907500000073,
                            0
                        ],
                        [
                            -74.006073815999969,
                            41.324221329000068,
                            0
                        ],
                        [
                            -74.007990348999954,
                            41.324501412000075,
                            0
                        ],
                        [
                            -74.039806388999978,
                            41.329131389000054,
                            0
                        ],
                        [
                            -74.061535832999937,
                            41.341598889000068,
                            0
                        ],
                        [
                            -74.182883001999983,
                            41.400729953000052,
                            0
                        ],
                        [
                            -74.358290490999934,
                            41.48674195600006,
                            0
                        ],
                        [
                            -74.433852574999946,
                            41.523574710000048,
                            0
                        ],
                        [
                            -74.444444443999942,
                            41.437777778000054,
                            0
                        ],
                        [
                            -74.468907792999971,
                            41.413237012000025,
                            0
                        ],
                        [
                            -74.508040869999945,
                            41.373960811000075,
                            0
                        ],
                        [
                            -74.581944443999987,
                            41.299722222000071,
                            0
                        ],
                        [
                            -74.628904935999969,
                            41.252454918000069,
                            0
                        ],
                        [
                            -74.645156636999957,
                            41.23608906700008,
                            0
                        ],
                        [
                            -74.663611110999966,
                            41.21750000000003,
                            0
                        ],
                        [
                            -74.856111110999962,
                            41.110277778000068,
                            0
                        ],
                        [
                            -74.859869448999973,
                            41.108171361000075,
                            0
                        ],
                        [
                            -74.865868350999961,
                            41.104809046000071,
                            0
                        ],
                        [
                            -74.986388888999954,
                            41.037222222000025,
                            0
                        ],
                        [
                            -75.144592750999948,
                            40.999015415000031,
                            0
                        ],
                        [
                            -75.072151246999965,
                            40.978121371000043,
                            0
                        ],
                        [
                            -75.071870713999942,
                            40.978040445000033,
                            0
                        ],
                        [
                            -74.989471869999988,
                            40.954013132000057,
                            0
                        ],
                        [
                            -74.941715555999963,
                            40.940198611000028,
                            0
                        ],
                        [
                            -74.88008378699999,
                            40.925594953000029,
                            0
                        ],
                        [
                            -74.81150757599994,
                            40.905751536000025,
                            0
                        ],
                        [
                            -74.811483794999958,
                            40.905744654000046,
                            0
                        ],
                        [
                            -74.633333332999939,
                            40.854166667000072,
                            0
                        ],
                        [
                            -74.601157364999949,
                            40.833477643000037,
                            0
                        ],
                        [
                            -74.55681126099995,
                            40.806894752000062,
                            0
                        ],
                        [
                            -74.514233256999944,
                            40.781361709000066,
                            0
                        ],
                        [
                            -74.474455127999988,
                            40.75749881400003,
                            0
                        ],
                        [
                            -74.462059330999978,
                            40.750060825000048,
                            0
                        ],
                        [
                            -74.328020091999974,
                            40.669578626000032,
                            0
                        ],
                        [
                            -74.322863853999934,
                            40.666480683000032,
                            0
                        ]
                    ]
                ]
            },
            "properties": {
                "OBJECTID": 10,
                "Position": "N42",
                "Low": 26000,
                "High": 60000,
                "Notes": null,
                "Fill": "#B4DFF0",
                "Stroke": "#B4DFF0",
                "Sector": "East Texas"
            }
        },
        {
            "type": "Feature",
            "id": 11,
            "geometry": {
                "type": "Polygon",
                "coordinates": [
                    [
                        [
                            -75.522222221999982,
                            40.373611111000059,
                            0
                        ],
                        [
                            -75.544273719999978,
                            40.365445615000056,
                            0
                        ],
                        [
                            -75.554039149999937,
                            40.361829238000041,
                            0
                        ],
                        [
                            -75.66246651199998,
                            40.321662898000056,
                            0
                        ],
                        [
                            -75.775778134999939,
                            40.258050257000036,
                            0
                        ],
                        [
                            -75.799999072999981,
                            40.24444612700006,
                            0
                        ],
                        [
                            -75.799998225999957,
                            40.244445441000039,
                            0
                        ],
                        [
                            -75.799999999999955,
                            40.244444444000067,
                            0
                        ],
                        [
                            -75.800032528999964,
                            40.244427334000079,
                            0
                        ],
                        [
                            -75.800457269999981,
                            40.244727017000059,
                            0
                        ],
                        [
                            -75.838031549999982,
                            40.224437187000035,
                            0
                        ],
                        [
                            -75.958333332999985,
                            40.161111111000025,
                            0
                        ],
                        [
                            -75.836474905999978,
                            40.02324857800005,
                            0
                        ],
                        [
                            -75.735752862999959,
                            40.029918805000079,
                            0
                        ],
                        [
                            -75.626032383999984,
                            40.037184202000049,
                            0
                        ],
                        [
                            -75.626021077999951,
                            40.037184951000029,
                            0
                        ],
                        [
                            -75.55833333299995,
                            40.041666667000072,
                            0
                        ],
                        [
                            -75.601666666999961,
                            40.074444444000051,
                            0
                        ],
                        [
                            -75.420833332999962,
                            40.19166666700005,
                            0
                        ],
                        [
                            -75.47450100399999,
                            40.245337836000033,
                            0
                        ],
                        [
                            -75.483333332999962,
                            40.25416666700005,
                            0
                        ],
                        [
                            -75.522222221999982,
                            40.373611111000059,
                            0
                        ]
                    ]
                ]
            },
            "properties": {
                "OBJECTID": 11,
                "Position": "N55",
                "Low": 18000,
                "High": 28000,
                "Notes": null,
                "Fill": "#B4DFCA",
                "Stroke": "#B4DFCA",
                "Sector": "Yardley"
            }
        },
        {
            "type": "Feature",
            "id": 12,
            "geometry": {
                "type": "Polygon",
                "coordinates": [
                    [
                        [
                            -75.125039166999954,
                            40.577846111000042,
                            0
                        ],
                        [
                            -75.438333332999946,
                            40.417777778000072,
                            0
                        ],
                        [
                            -75.522222221999982,
                            40.373611111000059,
                            0
                        ],
                        [
                            -75.496053487999973,
                            40.293258965000064,
                            0
                        ],
                        [
                            -75.483333332999962,
                            40.25416666700005,
                            0
                        ],
                        [
                            -75.47450100399999,
                            40.245337836000033,
                            0
                        ],
                        [
                            -75.420833332999962,
                            40.19166666700005,
                            0
                        ],
                        [
                            -75.601666666999961,
                            40.074444444000051,
                            0
                        ],
                        [
                            -75.55833333299995,
                            40.041666667000072,
                            0
                        ],
                        [
                            -75.535818841999969,
                            40.023732382000048,
                            0
                        ],
                        [
                            -75.472252785999956,
                            39.973072355000056,
                            0
                        ],
                        [
                            -75.390672819999963,
                            40.029927963000034,
                            0
                        ],
                        [
                            -75.389866161999976,
                            40.030489912000064,
                            0
                        ],
                        [
                            -75.337356659999955,
                            40.067029082000033,
                            0
                        ],
                        [
                            -75.30240897799996,
                            40.091336833000071,
                            0
                        ],
                        [
                            -75.217191043999946,
                            40.150253564000025,
                            0
                        ],
                        [
                            -75.153620832999934,
                            40.194170556000074,
                            0
                        ],
                        [
                            -75.099999999999966,
                            40.183333333000064,
                            0
                        ],
                        [
                            -75.033827241999973,
                            40.175185574000068,
                            0
                        ],
                        [
                            -74.818091110999944,
                            40.148604722000073,
                            0
                        ],
                        [
                            -74.747232777999955,
                            40.206976389000033,
                            0
                        ],
                        [
                            -74.724295603999963,
                            40.230844554000043,
                            0
                        ],
                        [
                            -74.709915186999979,
                            40.24578490600004,
                            0
                        ],
                        [
                            -74.692984577999937,
                            40.263316477000046,
                            0
                        ],
                        [
                            -74.641798191999953,
                            40.284665799000038,
                            0
                        ],
                        [
                            -74.593032709999989,
                            40.305005381000058,
                            0
                        ],
                        [
                            -74.558270277999952,
                            40.319504444000074,
                            0
                        ],
                        [
                            -74.589816455999937,
                            40.347213598000053,
                            0
                        ],
                        [
                            -74.618467944999963,
                            40.372389143000078,
                            0
                        ],
                        [
                            -74.673284011999954,
                            40.420528828000045,
                            0
                        ],
                        [
                            -74.673284084999977,
                            40.42052889200005,
                            0
                        ],
                        [
                            -74.698901391999982,
                            40.44072054600008,
                            0
                        ],
                        [
                            -74.876445832999934,
                            40.401346667000041,
                            0
                        ],
                        [
                            -75.066617500999939,
                            40.48329444400008,
                            0
                        ],
                        [
                            -75.106911388999947,
                            40.525072778000037,
                            0
                        ],
                        [
                            -75.125039166999954,
                            40.577846111000042,
                            0
                        ]
                    ]
                ]
            },
            "properties": {
                "OBJECTID": 12,
                "Position": "N55",
                "Low": 14000,
                "High": 28000,
                "Notes": null,
                "Fill": "#B4DFCA",
                "Stroke": "#B4DFCA",
                "Sector": "Yardley"
            }
        },
        {
            "type": "Feature",
            "id": 13,
            "geometry": {
                "type": "Polygon",
                "coordinates": [
                    [
                        [
                            -74.558270277999952,
                            40.319504444000074,
                            0
                        ],
                        [
                            -74.593032709999989,
                            40.305005381000058,
                            0
                        ],
                        [
                            -74.641798191999953,
                            40.284665799000038,
                            0
                        ],
                        [
                            -74.692984577999937,
                            40.263316477000046,
                            0
                        ],
                        [
                            -74.709915186999979,
                            40.24578490600004,
                            0
                        ],
                        [
                            -74.724295603999963,
                            40.230844554000043,
                            0
                        ],
                        [
                            -74.747232777999955,
                            40.206976389000033,
                            0
                        ],
                        [
                            -74.818091110999944,
                            40.148604722000073,
                            0
                        ],
                        [
                            -74.839858384999957,
                            40.151287140000079,
                            0
                        ],
                        [
                            -75.033827241999973,
                            40.175185574000068,
                            0
                        ],
                        [
                            -75.099999999999966,
                            40.183333333000064,
                            0
                        ],
                        [
                            -75.153620832999934,
                            40.194170556000074,
                            0
                        ],
                        [
                            -75.217191043999946,
                            40.150253564000025,
                            0
                        ],
                        [
                            -75.30240897799996,
                            40.091336833000071,
                            0
                        ],
                        [
                            -75.337356659999955,
                            40.067029082000033,
                            0
                        ],
                        [
                            -75.292085413999985,
                            40.070835682000052,
                            0
                        ],
                        [
                            -75.268164787999979,
                            40.072846946000027,
                            0
                        ],
                        [
                            -75.229179302999967,
                            40.076124745000072,
                            0
                        ],
                        [
                            -75.155129305999935,
                            40.082350244000054,
                            0
                        ],
                        [
                            -75.06101033799996,
                            40.090262152000037,
                            0
                        ],
                        [
                            -75.027777777999972,
                            40.093055556000024,
                            0
                        ],
                        [
                            -74.889444443999935,
                            40.101666667000075,
                            0
                        ],
                        [
                            -74.783333332999973,
                            40.109722222000073,
                            0
                        ],
                        [
                            -74.760186833999967,
                            40.121192554000061,
                            0
                        ],
                        [
                            -74.760186174999944,
                            40.12119288100007,
                            0
                        ],
                        [
                            -74.74191050099995,
                            40.130248091000055,
                            0
                        ],
                        [
                            -74.722815500999957,
                            40.139707972000053,
                            0
                        ],
                        [
                            -74.722442056999967,
                            40.139892967000037,
                            0
                        ],
                        [
                            -74.680647825999984,
                            40.160593653000035,
                            0
                        ],
                        [
                            -74.634722221999937,
                            40.183333333000064,
                            0
                        ],
                        [
                            -74.602367240999968,
                            40.215733096000065,
                            0
                        ],
                        [
                            -74.602363410999942,
                            40.215736930000048,
                            0
                        ],
                        [
                            -74.56625354099998,
                            40.25187849200006,
                            0
                        ],
                        [
                            -74.537145561999978,
                            40.280997975000048,
                            0
                        ],
                        [
                            -74.536833822999938,
                            40.281309770000064,
                            0
                        ],
                        [
                            -74.511349606999943,
                            40.306793647000063,
                            0
                        ],
                        [
                            -74.515264721999984,
                            40.308311944000025,
                            0
                        ],
                        [
                            -74.558270277999952,
                            40.319504444000074,
                            0
                        ]
                    ]
                ]
            },
            "properties": {
                "OBJECTID": 13,
                "Position": "N55",
                "Low": 18000,
                "High": 28000,
                "Notes": null,
                "Fill": "#B4DFCA",
                "Stroke": "#B4DFCA",
                "Sector": "Yardley"
            }
        },
        {
            "type": "Feature",
            "id": 14,
            "geometry": {
                "type": "Polygon",
                "coordinates": [
                    [
                        [
                            -74.511349606999943,
                            40.306793647000063,
                            0
                        ],
                        [
                            -74.536833822999938,
                            40.281309770000064,
                            0
                        ],
                        [
                            -74.537145561999978,
                            40.280997975000048,
                            0
                        ],
                        [
                            -74.56625354099998,
                            40.25187849200006,
                            0
                        ],
                        [
                            -74.602363410999942,
                            40.215736930000048,
                            0
                        ],
                        [
                            -74.602367240999968,
                            40.215733096000065,
                            0
                        ],
                        [
                            -74.634722221999937,
                            40.183333333000064,
                            0
                        ],
                        [
                            -74.680647825999984,
                            40.160593653000035,
                            0
                        ],
                        [
                            -74.722442056999967,
                            40.139892967000037,
                            0
                        ],
                        [
                            -74.722815500999957,
                            40.139707972000053,
                            0
                        ],
                        [
                            -74.74191050099995,
                            40.130248091000055,
                            0
                        ],
                        [
                            -74.760186174999944,
                            40.12119288100007,
                            0
                        ],
                        [
                            -74.760186833999967,
                            40.121192554000061,
                            0
                        ],
                        [
                            -74.783333332999973,
                            40.109722222000073,
                            0
                        ],
                        [
                            -74.763834198999973,
                            40.085881100000051,
                            0
                        ],
                        [
                            -74.68475945299997,
                            39.983378858000037,
                            0
                        ],
                        [
                            -74.631343332999961,
                            40.020300278000036,
                            0
                        ],
                        [
                            -74.548916480999935,
                            40.07754410900003,
                            0
                        ],
                        [
                            -74.482479443999978,
                            40.123648333000062,
                            0
                        ],
                        [
                            -74.452690832999963,
                            40.144383056000038,
                            0
                        ],
                        [
                            -74.327777777999984,
                            40.308333333000064,
                            0
                        ],
                        [
                            -74.416401636999979,
                            40.401655735000077,
                            0
                        ],
                        [
                            -74.511349606999943,
                            40.306793647000063,
                            0
                        ]
                    ]
                ]
            },
            "properties": {
                "OBJECTID": 14,
                "Position": "N55",
                "Low": 18000,
                "High": 22000,
                "Notes": null,
                "Fill": "#B4DFCA",
                "Stroke": "#B4DFCA",
                "Sector": "Yardley"
            }
        },
        {
            "type": "Feature",
            "id": 15,
            "geometry": {
                "type": "Polygon",
                "coordinates": [
                    [
                        [
                            -74.416401636999979,
                            40.401655735000077,
                            0
                        ],
                        [
                            -74.322863853999934,
                            40.666480683000032,
                            0
                        ],
                        [
                            -74.328020091999974,
                            40.669578626000032,
                            0
                        ],
                        [
                            -74.462059330999978,
                            40.750060825000048,
                            0
                        ],
                        [
                            -74.474455127999988,
                            40.75749881400003,
                            0
                        ],
                        [
                            -74.514233257999933,
                            40.781361708000077,
                            0
                        ],
                        [
                            -74.55681126099995,
                            40.806894751000073,
                            0
                        ],
                        [
                            -74.601157364999949,
                            40.833477643000037,
                            0
                        ],
                        [
                            -74.717294425999967,
                            40.77955449600006,
                            0
                        ],
                        [
                            -74.791666666999959,
                            40.745000000000061,
                            0
                        ],
                        [
                            -75.125039166999954,
                            40.577846111000042,
                            0
                        ],
                        [
                            -75.106911388999947,
                            40.525072778000037,
                            0
                        ],
                        [
                            -75.066617500999939,
                            40.48329444400008,
                            0
                        ],
                        [
                            -74.876445832999934,
                            40.401346667000041,
                            0
                        ],
                        [
                            -74.698901391999982,
                            40.44072054600008,
                            0
                        ],
                        [
                            -74.673284084999977,
                            40.42052889200005,
                            0
                        ],
                        [
                            -74.673284011999954,
                            40.420528828000045,
                            0
                        ],
                        [
                            -74.618467944999963,
                            40.372389143000078,
                            0
                        ],
                        [
                            -74.589816455999937,
                            40.347213598000053,
                            0
                        ],
                        [
                            -74.558270277999952,
                            40.319504444000074,
                            0
                        ],
                        [
                            -74.515264721999984,
                            40.308311944000025,
                            0
                        ],
                        [
                            -74.511349606999943,
                            40.306793647000063,
                            0
                        ],
                        [
                            -74.416401636999979,
                            40.401655735000077,
                            0
                        ]
                    ]
                ]
            },
            "properties": {
                "OBJECTID": 15,
                "Position": "N55",
                "Low": 18000,
                "High": 28000,
                "Notes": null,
                "Fill": "#B4DFCA",
                "Stroke": "#B4DFCA",
                "Sector": "Yardley"
            }
        },
        {
            "type": "Feature",
            "id": 16,
            "geometry": {
                "type": "Polygon",
                "coordinates": [
                    [
                        [
                            -74.889444443999935,
                            40.101666667000075,
                            0
                        ],
                        [
                            -74.783333332999973,
                            40.109722222000073,
                            0
                        ],
                        [
                            -74.760186833999967,
                            40.121192554000061,
                            0
                        ],
                        [
                            -74.760186174999944,
                            40.12119288100007,
                            0
                        ],
                        [
                            -74.74191050099995,
                            40.130248091000055,
                            0
                        ],
                        [
                            -74.722815500999957,
                            40.139707972000053,
                            0
                        ],
                        [
                            -74.722442056999967,
                            40.139892967000037,
                            0
                        ],
                        [
                            -74.680647825999984,
                            40.160593653000035,
                            0
                        ],
                        [
                            -74.634722221999937,
                            40.183333333000064,
                            0
                        ],
                        [
                            -74.602367240999968,
                            40.215733096000065,
                            0
                        ],
                        [
                            -74.602363410999942,
                            40.215736930000048,
                            0
                        ],
                        [
                            -74.56625354099998,
                            40.25187849200006,
                            0
                        ],
                        [
                            -74.537145561999978,
                            40.280997975000048,
                            0
                        ],
                        [
                            -74.536833822999938,
                            40.281309770000064,
                            0
                        ],
                        [
                            -74.511349606999943,
                            40.306793647000063,
                            0
                        ],
                        [
                            -74.416401636999979,
                            40.401655735000077,
                            0
                        ],
                        [
                            -74.322863853999934,
                            40.666480683000032,
                            0
                        ],
                        [
                            -74.618467944999963,
                            40.372389143000078,
                            0
                        ],
                        [
                            -74.839858384999957,
                            40.151287140000079,
                            0
                        ],
                        [
                            -74.889444443999935,
                            40.101666667000075,
                            0
                        ]
                    ]
                ]
            },
            "properties": {
                "OBJECTID": 16,
                "Position": "N56",
                "Low": 29000,
                "High": 60000,
                "Notes": null,
                "Fill": "#55CACD",
                "Stroke": "#55CACD",
                "Sector": "Kennedy"
            }
        },
        {
            "type": "Feature",
            "id": 17,
            "geometry": {
                "type": "Polygon",
                "coordinates": [
                    [
                        [
                            -74.511349606999943,
                            40.306793647000063,
                            0
                        ],
                        [
                            -74.536833822999938,
                            40.281309770000064,
                            0
                        ],
                        [
                            -74.537145561999978,
                            40.280997975000048,
                            0
                        ],
                        [
                            -74.56625354099998,
                            40.25187849200006,
                            0
                        ],
                        [
                            -74.602363410999942,
                            40.215736930000048,
                            0
                        ],
                        [
                            -74.602367240999968,
                            40.215733096000065,
                            0
                        ],
                        [
                            -74.634722221999937,
                            40.183333333000064,
                            0
                        ],
                        [
                            -74.680647825999984,
                            40.160593653000035,
                            0
                        ],
                        [
                            -74.722442056999967,
                            40.139892967000037,
                            0
                        ],
                        [
                            -74.722815500999957,
                            40.139707972000053,
                            0
                        ],
                        [
                            -74.74191050099995,
                            40.130248091000055,
                            0
                        ],
                        [
                            -74.760186174999944,
                            40.12119288100007,
                            0
                        ],
                        [
                            -74.760186833999967,
                            40.121192554000061,
                            0
                        ],
                        [
                            -74.783333332999973,
                            40.109722222000073,
                            0
                        ],
                        [
                            -74.763834198999973,
                            40.085881100000051,
                            0
                        ],
                        [
                            -74.68475945299997,
                            39.983378858000037,
                            0
                        ],
                        [
                            -74.631343332999961,
                            40.020300278000036,
                            0
                        ],
                        [
                            -74.548916480999935,
                            40.07754410900003,
                            0
                        ],
                        [
                            -74.482479443999978,
                            40.123648333000062,
                            0
                        ],
                        [
                            -74.452690832999963,
                            40.144383056000038,
                            0
                        ],
                        [
                            -74.327777777999984,
                            40.308333333000064,
                            0
                        ],
                        [
                            -74.416401636999979,
                            40.401655735000077,
                            0
                        ],
                        [
                            -74.511349606999943,
                            40.306793647000063,
                            0
                        ]
                    ]
                ]
            },
            "properties": {
                "OBJECTID": 17,
                "Position": "N56",
                "Low": 23000,
                "High": 60000,
                "Notes": null,
                "Fill": "#55CACD",
                "Stroke": "#55CACD",
                "Sector": "Kennedy"
            }
        },
        {
            "type": "Feature",
            "id": 18,
            "geometry": {
                "type": "Polygon",
                "coordinates": [
                    [
                        [
                            -74.452690832999963,
                            40.144383056000038,
                            0
                        ],
                        [
                            -74.482479443999978,
                            40.123648333000062,
                            0
                        ],
                        [
                            -74.548916480999935,
                            40.07754410900003,
                            0
                        ],
                        [
                            -74.631343332999961,
                            40.020300278000036,
                            0
                        ],
                        [
                            -74.68475945299997,
                            39.983378858000037,
                            0
                        ],
                        [
                            -73.999918610999941,
                            40.154205833000049,
                            0
                        ],
                        [
                            -73.884722221999937,
                            40.270833333000041,
                            0
                        ],
                        [
                            -74.178275331999941,
                            40.205507288000035,
                            0
                        ],
                        [
                            -74.365575277999937,
                            40.162489444000073,
                            0
                        ],
                        [
                            -74.452690832999963,
                            40.144383056000038,
                            0
                        ]
                    ]
                ]
            },
            "properties": {
                "OBJECTID": 18,
                "Position": "N56",
                "Low": 25000,
                "High": 60000,
                "Notes": null,
                "Fill": "#55CACD",
                "Stroke": "#55CACD",
                "Sector": "Kennedy"
            }
        },
        {
            "type": "Feature",
            "id": 19,
            "geometry": {
                "type": "Polygon",
                "coordinates": [
                    [
                        [
                            -73.884722221999937,
                            40.270833333000041,
                            0
                        ],
                        [
                            -73.999918610999941,
                            40.154205833000049,
                            0
                        ],
                        [
                            -73.698611110999934,
                            40.238888889000066,
                            0
                        ],
                        [
                            -73.635861666999972,
                            40.329900000000066,
                            0
                        ],
                        [
                            -73.884722221999937,
                            40.270833333000041,
                            0
                        ]
                    ]
                ]
            },
            "properties": {
                "OBJECTID": 19,
                "Position": "N56",
                "Low": 24000,
                "High": 60000,
                "Notes": null,
                "Fill": "#55CACD",
                "Stroke": "#55CACD",
                "Sector": "Kennedy"
            }
        },
        {
            "type": "Feature",
            "id": 20,
            "geometry": {
                "type": "Polygon",
                "coordinates": [
                    [
                        [
                            -74.322863852999944,
                            40.666480684000078,
                            0
                        ],
                        [
                            -74.354659690999938,
                            40.576577482000062,
                            0
                        ],
                        [
                            -74.349999999999966,
                            40.577777778000041,
                            0
                        ],
                        [
                            -73.831944443999987,
                            40.705555556000036,
                            0
                        ],
                        [
                            -73.754166666999936,
                            40.851388889000077,
                            0
                        ],
                        [
                            -73.824722221999934,
                            40.850833333000026,
                            0
                        ],
                        [
                            -73.86972222199995,
                            40.872222222000062,
                            0
                        ],
                        [
                            -73.868055555999945,
                            40.850555556000074,
                            0
                        ],
                        [
                            -73.863888888999952,
                            40.773611111000037,
                            0
                        ],
                        [
                            -73.908333332999973,
                            40.750000000000057,
                            0
                        ],
                        [
                            -73.939999999999941,
                            40.721388889000025,
                            0
                        ],
                        [
                            -73.990833332999955,
                            40.696666667000045,
                            0
                        ],
                        [
                            -74.043055555999956,
                            40.681111111000064,
                            0
                        ],
                        [
                            -74.098611110999968,
                            40.671944444000076,
                            0
                        ],
                        [
                            -74.181944443999953,
                            40.666111111000077,
                            0
                        ],
                        [
                            -74.322863852999944,
                            40.666480684000078,
                            0
                        ]
                    ]
                ]
            },
            "properties": {
                "OBJECTID": 20,
                "Position": "N56",
                "Low": 20000,
                "High": 60000,
                "Notes": null,
                "Fill": "#55CACD",
                "Stroke": "#55CACD",
                "Sector": "Kennedy"
            }
        },
        {
            "type": "Feature",
            "id": 21,
            "geometry": {
                "type": "Polygon",
                "coordinates": [
                    [
                        [
                            -73.754166666999936,
                            40.851388889000077,
                            0
                        ],
                        [
                            -73.641666666999981,
                            40.85333333300008,
                            0
                        ],
                        [
                            -73.377777777999938,
                            40.858333333000076,
                            0
                        ],
                        [
                            -73.551388888999952,
                            41.145833333000041,
                            0
                        ],
                        [
                            -73.878901672999973,
                            41.008626897000056,
                            0
                        ],
                        [
                            -73.876017242999978,
                            40.96442428000006,
                            0
                        ],
                        [
                            -73.876016411999956,
                            40.964411535000067,
                            0
                        ],
                        [
                            -73.876016266999954,
                            40.964409322000051,
                            0
                        ],
                        [
                            -74.322863852999944,
                            40.666480684000078,
                            0
                        ],
                        [
                            -74.181944443999953,
                            40.666111111000077,
                            0
                        ],
                        [
                            -74.098611110999968,
                            40.671944444000076,
                            0
                        ],
                        [
                            -74.043055555999956,
                            40.681111111000064,
                            0
                        ],
                        [
                            -73.990833332999955,
                            40.696666667000045,
                            0
                        ],
                        [
                            -73.939999999999941,
                            40.721388889000025,
                            0
                        ],
                        [
                            -73.908333332999973,
                            40.750000000000057,
                            0
                        ],
                        [
                            -73.863888888999952,
                            40.773611111000037,
                            0
                        ],
                        [
                            -73.868055555999945,
                            40.850555556000074,
                            0
                        ],
                        [
                            -73.86972222199995,
                            40.872222222000062,
                            0
                        ],
                        [
                            -73.824722221999934,
                            40.850833333000026,
                            0
                        ],
                        [
                            -73.754166666999936,
                            40.851388889000077,
                            0
                        ]
                    ]
                ]
            },
            "properties": {
                "OBJECTID": 21,
                "Position": "N56",
                "Low": 24000,
                "High": 60000,
                "Notes": null,
                "Fill": "#55CACD",
                "Stroke": "#55CACD",
                "Sector": "Kennedy"
            }
        },
        {
            "type": "Feature",
            "id": 22,
            "geometry": {
                "type": "Polygon",
                "coordinates": [
                    [
                        [
                            -73.377777777999938,
                            40.858333333000076,
                            0
                        ],
                        [
                            -73.641666666999981,
                            40.85333333300008,
                            0
                        ],
                        [
                            -73.754166666999936,
                            40.851388889000077,
                            0
                        ],
                        [
                            -73.831944443999987,
                            40.705555556000036,
                            0
                        ],
                        [
                            -74.349999999999966,
                            40.577777778000041,
                            0
                        ],
                        [
                            -74.354659689999949,
                            40.576577482000062,
                            0
                        ],
                        [
                            -74.416401636999979,
                            40.401655735000077,
                            0
                        ],
                        [
                            -74.327777777999984,
                            40.308333333000064,
                            0
                        ],
                        [
                            -74.452690832999963,
                            40.144383056000038,
                            0
                        ],
                        [
                            -74.365575277999937,
                            40.162489444000073,
                            0
                        ],
                        [
                            -74.178275331999941,
                            40.205507288000035,
                            0
                        ],
                        [
                            -73.884722221999937,
                            40.270833333000041,
                            0
                        ],
                        [
                            -73.635861666999972,
                            40.329900000000066,
                            0
                        ],
                        [
                            -73.291666666999959,
                            40.801388889000066,
                            0
                        ],
                        [
                            -73.377777777999938,
                            40.858333333000076,
                            0
                        ]
                    ]
                ]
            },
            "properties": {
                "OBJECTID": 22,
                "Position": "N56",
                "Low": 18000,
                "High": 60000,
                "Notes": null,
                "Fill": "#55CACD",
                "Stroke": "#55CACD",
                "Sector": "Kennedy"
            }
        },
        {
            "type": "Feature",
            "id": 23,
            "geometry": {
                "type": "Polygon",
                "coordinates": [
                    [
                        [
                            -74.631343332999961,
                            40.020300278000036,
                            0
                        ],
                        [
                            -74.583573055999977,
                            40.017266111000026,
                            0
                        ],
                        [
                            -74.499423610999941,
                            40.039710556000045,
                            0
                        ],
                        [
                            -74.404546110999945,
                            40.098959444000059,
                            0
                        ],
                        [
                            -74.482479443999978,
                            40.123648333000062,
                            0
                        ],
                        [
                            -74.548916480999935,
                            40.07754410900003,
                            0
                        ],
                        [
                            -74.631343332999961,
                            40.020300278000036,
                            0
                        ]
                    ]
                ]
            },
            "properties": {
                "OBJECTID": 23,
                "Position": "N68",
                "Low": 12000,
                "High": 24000,
                "Notes": null,
                "Fill": "#BCE7F1",
                "Stroke": "#BCE7F1",
                "Sector": "DIXIE"
            }
        },
        {
            "type": "Feature",
            "id": 24,
            "geometry": {
                "type": "Polygon",
                "coordinates": [
                    [
                        [
                            -74.893144160999952,
                            39.80498044400008,
                            0
                        ],
                        [
                            -74.958217015999935,
                            39.731774202000054,
                            0
                        ],
                        [
                            -74.911147199999959,
                            39.70973390000006,
                            0
                        ],
                        [
                            -74.83665930799998,
                            39.671536566000043,
                            0
                        ],
                        [
                            -74.800008299999945,
                            39.652734200000054,
                            0
                        ],
                        [
                            -74.500008599999944,
                            39.655511700000034,
                            0
                        ],
                        [
                            -74.455555555999979,
                            39.655833333000032,
                            0
                        ],
                        [
                            -74.394986699999947,
                            39.755405000000053,
                            0
                        ],
                        [
                            -74.135297778999984,
                            40.015869167000062,
                            0
                        ],
                        [
                            -73.999918610999941,
                            40.154205833000049,
                            0
                        ],
                        [
                            -73.943942331999949,
                            40.210902587000078,
                            0
                        ],
                        [
                            -73.884722221999937,
                            40.270833333000041,
                            0
                        ],
                        [
                            -73.989520076999952,
                            40.247519304000036,
                            0
                        ],
                        [
                            -74.178275331999941,
                            40.205507288000035,
                            0
                        ],
                        [
                            -74.365575277999937,
                            40.162489444000073,
                            0
                        ],
                        [
                            -74.452690832999963,
                            40.144383056000038,
                            0
                        ],
                        [
                            -74.482479443999978,
                            40.123648333000062,
                            0
                        ],
                        [
                            -74.404546110999945,
                            40.098959444000059,
                            0
                        ],
                        [
                            -74.499423610999941,
                            40.039710556000045,
                            0
                        ],
                        [
                            -74.583573055999977,
                            40.017266111000026,
                            0
                        ],
                        [
                            -74.631343332999961,
                            40.020300278000036,
                            0
                        ],
                        [
                            -74.68475945299997,
                            39.983378858000037,
                            0
                        ],
                        [
                            -74.690022838999937,
                            39.979739705000043,
                            0
                        ],
                        [
                            -74.696851182999978,
                            39.975016783000058,
                            0
                        ],
                        [
                            -74.743338096999935,
                            39.942854774000068,
                            0
                        ],
                        [
                            -74.743316390999951,
                            39.942703996000034,
                            0
                        ],
                        [
                            -74.745003732999976,
                            39.942350268000041,
                            0
                        ],
                        [
                            -74.804221484999971,
                            39.899940414000071,
                            0
                        ],
                        [
                            -74.804226558999972,
                            39.899936851000064,
                            0
                        ],
                        [
                            -74.804227198999968,
                            39.89993621800005,
                            0
                        ],
                        [
                            -74.821157999999969,
                            39.883176430000049,
                            0
                        ],
                        [
                            -74.836221098999943,
                            39.867093041000032,
                            0
                        ],
                        [
                            -74.865024166999945,
                            39.836338889000046,
                            0
                        ],
                        [
                            -74.86817992899995,
                            39.832819693000033,
                            0
                        ],
                        [
                            -74.893144160999952,
                            39.80498044400008,
                            0
                        ]
                    ]
                ]
            },
            "properties": {
                "OBJECTID": 24,
                "Position": "N68",
                "Low": 13000,
                "High": 24000,
                "Notes": null,
                "Fill": "#BCE7F1",
                "Stroke": "#BCE7F1",
                "Sector": "DIXIE"
            }
        },
        {
            "type": "Feature",
            "id": 25,
            "geometry": {
                "type": "Polygon",
                "coordinates": [
                    [
                        [
                            -74.455555555999979,
                            39.655833333000032,
                            0
                        ],
                        [
                            -74.498611110999946,
                            39.593055556000024,
                            0
                        ],
                        [
                            -74.194444443999942,
                            39.579166667000038,
                            0
                        ],
                        [
                            -74.06087632699996,
                            39.664139333000037,
                            0
                        ],
                        [
                            -74.060841899999957,
                            39.66412310000004,
                            0
                        ],
                        [
                            -74.060808657999985,
                            39.664149422000037,
                            0
                        ],
                        [
                            -74.060833332999948,
                            39.664166667000075,
                            0
                        ],
                        [
                            -74.060519890999956,
                            39.664378084000077,
                            0
                        ],
                        [
                            -73.809722221999948,
                            39.833333333000041,
                            0
                        ],
                        [
                            -73.807138471999963,
                            39.864727273000028,
                            0
                        ],
                        [
                            -73.807116305999955,
                            39.864996543000075,
                            0
                        ],
                        [
                            -73.799999999999955,
                            39.951388889000043,
                            0
                        ],
                        [
                            -73.737112140999955,
                            40.04098212100007,
                            0
                        ],
                        [
                            -73.798603888999935,
                            40.063929167000026,
                            0
                        ],
                        [
                            -73.895819166999956,
                            40.137531944000045,
                            0
                        ],
                        [
                            -73.999918610999941,
                            40.154205833000049,
                            0
                        ],
                        [
                            -74.135297778999984,
                            40.015869167000062,
                            0
                        ],
                        [
                            -74.394986699999947,
                            39.755405000000053,
                            0
                        ],
                        [
                            -74.455555555999979,
                            39.655833333000032,
                            0
                        ]
                    ]
                ]
            },
            "properties": {
                "OBJECTID": 25,
                "Position": "N68",
                "Low": 11000,
                "High": 24000,
                "Notes": null,
                "Fill": "#BCE7F1",
                "Stroke": "#BCE7F1",
                "Sector": "DIXIE"
            }
        },
        {
            "type": "Feature",
            "id": 26,
            "geometry": {
                "type": "Polygon",
                "coordinates": [
                    [
                        [
                            -74.452690832999963,
                            40.144383056000038,
                            0
                        ],
                        [
                            -74.365575277999937,
                            40.162489444000073,
                            0
                        ],
                        [
                            -74.415334169999937,
                            40.177504333000059,
                            0
                        ],
                        [
                            -74.452690832999963,
                            40.144383056000038,
                            0
                        ]
                    ]
                ]
            },
            "properties": {
                "OBJECTID": 26,
                "Position": "N68",
                "Low": 16000,
                "High": 17000,
                "Notes": null,
                "Fill": "#BCE7F1",
                "Stroke": "#BCE7F1",
                "Sector": "DIXIE"
            }
        },
        {
            "type": "Feature",
            "id": 27,
            "geometry": {
                "type": "Polygon",
                "coordinates": [
                    [
                        [
                            -73.698611110999934,
                            40.238888889000066,
                            0
                        ],
                        [
                            -73.635861666999972,
                            40.329900000000066,
                            0
                        ],
                        [
                            -73.884722221999937,
                            40.270833333000041,
                            0
                        ],
                        [
                            -73.943942331999949,
                            40.210902587000078,
                            0
                        ],
                        [
                            -73.999918610999941,
                            40.154205833000049,
                            0
                        ],
                        [
                            -73.895819166999956,
                            40.137531944000045,
                            0
                        ],
                        [
                            -73.798603888999935,
                            40.063929167000026,
                            0
                        ],
                        [
                            -73.737112140999955,
                            40.04098212100007,
                            0
                        ],
                        [
                            -73.686066429999983,
                            40.108584482000026,
                            0
                        ],
                        [
                            -73.668055555999956,
                            40.136111111000048,
                            0
                        ],
                        [
                            -73.749999999999943,
                            40.161111111000025,
                            0
                        ],
                        [
                            -73.698611110999934,
                            40.238888889000066,
                            0
                        ]
                    ]
                ]
            },
            "properties": {
                "OBJECTID": 27,
                "Position": "N68",
                "Low": 11000,
                "High": 23000,
                "Notes": null,
                "Fill": "#BCE7F1",
                "Stroke": "#BCE7F1",
                "Sector": "DIXIE"
            }
        }
    ]
}