{
    "hasZ": true,
    "type": "FeatureCollection",
    "features": [
        {
            "type": "Feature",
            "id": 1,
            "geometry": {
                "type": "Polygon",
                "coordinates": [
                    [
                        [
                            -75.971655089999956,
                            39.721134092000057,
                            0
                        ],
                        [
                            -75.787649558999988,
                            39.758856900000069,
                            0
                        ],
                        [
                            -75.670010832999935,
                            39.835052222000058,
                            0
                        ],
                        [
                            -75.590523332999965,
                            39.921147222000059,
                            0
                        ],
                        [
                            -75.620676137999965,
                            40.019765238000048,
                            0
                        ],
                        [
                            -75.733054443999947,
                            40.014511111000047,
                            0
                        ],
                        [
                            -75.840004410999939,
                            40.023000683000078,
                            0
                        ],
                        [
                            -75.91140055599999,
                            40.004643611000063,
                            0
                        ],
                        [
                            -75.912699351865868,
                            40.004974842014505,
                            0
                        ],
                        [
                            -75.913996385472828,
                            40.005312907849195,
                            0
                        ],
                        [
                            -75.915291620853381,
                            40.005657799129374,
                            0
                        ],
                        [
                            -75.916585022089905,
                            40.006009506290994,
                            0
                        ],
                        [
                            -75.917876553315637,
                            40.006368019581032,
                            0
                        ],
                        [
                            -75.91916617871567,
                            40.006733329057695,
                            0
                        ],
                        [
                            -75.920453862527964,
                            40.007105424590755,
                            0
                        ],
                        [
                            -75.921739569044306,
                            40.007484295861779,
                            0
                        ],
                        [
                            -75.923023262611309,
                            40.00786993236445,
                            0
                        ],
                        [
                            -75.924304907631424,
                            40.00826232340485,
                            0
                        ],
                        [
                            -75.925584468563898,
                            40.008661458101749,
                            0
                        ],
                        [
                            -75.926861909925762,
                            40.009067325386908,
                            0
                        ],
                        [
                            -75.928137196292838,
                            40.009479914005404,
                            0
                        ],
                        [
                            -75.929410292300702,
                            40.009899212515911,
                            0
                        ],
                        [
                            -75.930681162645683,
                            40.010325209291047,
                            0
                        ],
                        [
                            -75.931949772085801,
                            40.010757892517667,
                            0
                        ],
                        [
                            -75.933216085441799,
                            40.011197250197228,
                            0
                        ],
                        [
                            -75.934480067598088,
                            40.011643270146081,
                            0
                        ],
                        [
                            -75.935741683503693,
                            40.012095939995838,
                            0
                        ],
                        [
                            -75.937000898173295,
                            40.01255524719371,
                            0
                        ],
                        [
                            -75.938257676688153,
                            40.013021179002834,
                            0
                        ],
                        [
                            -75.939511984197082,
                            40.013493722502666,
                            0
                        ],
                        [
                            -75.940763785917397,
                            40.013972864589299,
                            0
                        ],
                        [
                            -75.94201304713593,
                            40.014458591975846,
                            0
                        ],
                        [
                            -75.943259733209942,
                            40.014950891192804,
                            0
                        ],
                        [
                            -75.944503809568133,
                            40.015449748588445,
                            0
                        ],
                        [
                            -75.945745241711521,
                            40.015955150329155,
                            0
                        ],
                        [
                            -75.946983995214509,
                            40.016467082399863,
                            0
                        ],
                        [
                            -75.948220035725726,
                            40.016985530604387,
                            0
                        ],
                        [
                            -75.949453328969085,
                            40.017510480565875,
                            0
                        ],
                        [
                            -75.950683840744631,
                            40.01804191772716,
                            0
                        ],
                        [
                            -75.951911536929586,
                            40.018579827351175,
                            0
                        ],
                        [
                            -75.953136383479233,
                            40.019124194521389,
                            0
                        ],
                        [
                            -75.954358346427853,
                            40.019675004142179,
                            0
                        ],
                        [
                            -75.955577391889733,
                            40.020232240939286,
                            0
                        ],
                        [
                            -75.956793486060022,
                            40.020795889460203,
                            0
                        ],
                        [
                            -75.95800659521575,
                            40.021365934074645,
                            0
                        ],
                        [
                            -75.959216685716711,
                            40.021942358974947,
                            0
                        ],
                        [
                            -75.960423724006361,
                            40.022525148176506,
                            0
                        ],
                        [
                            -75.961627676612878,
                            40.023114285518247,
                            0
                        ],
                        [
                            -75.962828510149947,
                            40.023709754663059,
                            0
                        ],
                        [
                            -75.964026191317771,
                            40.024311539098235,
                            0
                        ],
                        [
                            -75.965220686903947,
                            40.024919622135947,
                            0
                        ],
                        [
                            -75.966411963784452,
                            40.025533986913707,
                            0
                        ],
                        [
                            -75.967599988924476,
                            40.026154616394827,
                            0
                        ],
                        [
                            -75.968784729379408,
                            40.026781493368894,
                            0
                        ],
                        [
                            -75.969966152295711,
                            40.027414600452254,
                            0
                        ],
                        [
                            -75.971144224911853,
                            40.028053920088475,
                            0
                        ],
                        [
                            -75.97231891455921,
                            40.028699434548862,
                            0
                        ],
                        [
                            -75.97349018866295,
                            40.029351125932934,
                            0
                        ],
                        [
                            -75.974658014742985,
                            40.030008976168901,
                            0
                        ],
                        [
                            -75.97582236041481,
                            40.030672967014212,
                            0
                        ],
                        [
                            -75.976983193390481,
                            40.031343080056011,
                            0
                        ],
                        [
                            -75.9781404814794,
                            40.032019296711688,
                            0
                        ],
                        [
                            -75.979294192589307,
                            40.032701598229359,
                            0
                        ],
                        [
                            -75.980444294727164,
                            40.033389965688407,
                            0
                        ],
                        [
                            -75.981590755999946,
                            40.034084380000024,
                            0
                        ],
                        [
                            -76.062271110999973,
                            40.040321111000026,
                            0
                        ],
                        [
                            -76.211337227999934,
                            39.820317780000039,
                            0
                        ],
                        [
                            -75.971655089999956,
                            39.721134092000057,
                            0
                        ]
                    ]
                ]
            },
            "properties": {
                "OBJECTID": 1,
                "Position": "P1E",
                "Low": 0,
                "High": 10000,
                "Notes": null,
                "Fill": "#FFBEE8",
                "Stroke": "#FFBEE8",
                "Sector": "North Departure",
                "Shape_Length": 1.52426364703356,
                "Shape_Area": 0.1342269754883065
            }
        },
        {
            "type": "Feature",
            "id": 2,
            "geometry": {
                "type": "Polygon",
                "coordinates": [
                    [
                        [
                            -75.981590755999946,
                            40.034084380000024,
                            0
                        ],
                        [
                            -75.980444294727178,
                            40.033389965688372,
                            0
                        ],
                        [
                            -75.97929419258935,
                            40.032701598229288,
                            0
                        ],
                        [
                            -75.978140481479443,
                            40.032019296711582,
                            0
                        ],
                        [
                            -75.976983193390538,
                            40.031343080055876,
                            0
                        ],
                        [
                            -75.975822360414895,
                            40.030672967014048,
                            0
                        ],
                        [
                            -75.974658014743085,
                            40.030008976168709,
                            0
                        ],
                        [
                            -75.973490188663064,
                            40.029351125932706,
                            0
                        ],
                        [
                            -75.972318914559338,
                            40.028699434548614,
                            0
                        ],
                        [
                            -75.971144224911995,
                            40.028053920088198,
                            0
                        ],
                        [
                            -75.969966152295868,
                            40.027414600451955,
                            0
                        ],
                        [
                            -75.968784729379564,
                            40.026781493368574,
                            0
                        ],
                        [
                            -75.967599988924647,
                            40.026154616394486,
                            0
                        ],
                        [
                            -75.966411963784623,
                            40.025533986913345,
                            0
                        ],
                        [
                            -75.965220686904132,
                            40.024919622135563,
                            0
                        ],
                        [
                            -75.964026191317956,
                            40.02431153909783,
                            0
                        ],
                        [
                            -75.962828510150146,
                            40.023709754662633,
                            0
                        ],
                        [
                            -75.961627676613091,
                            40.023114285517806,
                            0
                        ],
                        [
                            -75.960423724006574,
                            40.022525148176051,
                            0
                        ],
                        [
                            -75.959216685716925,
                            40.021942358974478,
                            0
                        ],
                        [
                            -75.958006595215977,
                            40.021365934074169,
                            0
                        ],
                        [
                            -75.956793486060249,
                            40.020795889459713,
                            0
                        ],
                        [
                            -75.95557739188996,
                            40.020232240938782,
                            0
                        ],
                        [
                            -75.95435834642808,
                            40.019675004141668,
                            0
                        ],
                        [
                            -75.95313638347946,
                            40.01912419452087,
                            0
                        ],
                        [
                            -75.951911536929813,
                            40.018579827350656,
                            0
                        ],
                        [
                            -75.950683840744858,
                            40.018041917726634,
                            0
                        ],
                        [
                            -75.949453328969312,
                            40.017510480565349,
                            0
                        ],
                        [
                            -75.948220035725953,
                            40.016985530603854,
                            0
                        ],
                        [
                            -75.946983995214723,
                            40.01646708239933,
                            0
                        ],
                        [
                            -75.945745241711734,
                            40.015955150328622,
                            0
                        ],
                        [
                            -75.944503809568346,
                            40.015449748587912,
                            0
                        ],
                        [
                            -75.943259733210155,
                            40.014950891192278,
                            0
                        ],
                        [
                            -75.942013047136143,
                            40.01445859197532,
                            0
                        ],
                        [
                            -75.940763785917596,
                            40.01397286458878,
                            0
                        ],
                        [
                            -75.939511984197281,
                            40.013493722502155,
                            0
                        ],
                        [
                            -75.938257676688352,
                            40.013021179002337,
                            0
                        ],
                        [
                            -75.937000898173494,
                            40.01255524719322,
                            0
                        ],
                        [
                            -75.935741683503878,
                            40.012095939995362,
                            0
                        ],
                        [
                            -75.934480067598258,
                            40.011643270145612,
                            0
                        ],
                        [
                            -75.93321608544197,
                            40.011197250196773,
                            0
                        ],
                        [
                            -75.931949772085972,
                            40.010757892517233,
                            0
                        ],
                        [
                            -75.93068116264584,
                            40.010325209290627,
                            0
                        ],
                        [
                            -75.929410292300858,
                            40.009899212515514,
                            0
                        ],
                        [
                            -75.92813719629298,
                            40.00947991400502,
                            0
                        ],
                        [
                            -75.92686190992589,
                            40.009067325386546,
                            0
                        ],
                        [
                            -75.925584468564011,
                            40.008661458101408,
                            0
                        ],
                        [
                            -75.924304907631537,
                            40.00826232340453,
                            0
                        ],
                        [
                            -75.923023262611409,
                            40.007869932364159,
                            0
                        ],
                        [
                            -75.921739569044391,
                            40.007484295861516,
                            0
                        ],
                        [
                            -75.920453862528049,
                            40.00710542459052,
                            0
                        ],
                        [
                            -75.919166178715741,
                            40.006733329057489,
                            0
                        ],
                        [
                            -75.917876553315693,
                            40.006368019580854,
                            0
                        ],
                        [
                            -75.916585022089947,
                            40.006009506290852,
                            0
                        ],
                        [
                            -75.915291620853424,
                            40.00565779912926,
                            0
                        ],
                        [
                            -75.913996385472856,
                            40.005312907849124,
                            0
                        ],
                        [
                            -75.912699351865882,
                            40.00497484201447,
                            0
                        ],
                        [
                            -75.91140055599999,
                            40.004643611000063,
                            0
                        ],
                        [
                            -75.840004410999939,
                            40.023000683000078,
                            0
                        ],
                        [
                            -75.981590755999946,
                            40.034084380000024,
                            0
                        ]
                    ]
                ]
            },
            "properties": {
                "OBJECTID": 2,
                "Position": "P1E",
                "Low": 0,
                "High": 5000,
                "Notes": null,
                "Fill": "#FFBEE8",
                "Stroke": "#FFBEE8",
                "Sector": "North Departure",
                "Shape_Length": 0.29213886526445132,
                "Shape_Area": 0.0018405720756869172
            }
        },
        {
            "type": "Feature",
            "id": 3,
            "geometry": {
                "type": "Polygon",
                "coordinates": [
                    [
                        [
                            -75.840004410999939,
                            40.023000683000078,
                            0
                        ],
                        [
                            -75.733054443999947,
                            40.014511111000047,
                            0
                        ],
                        [
                            -75.620676137999965,
                            40.019765238000048,
                            0
                        ],
                        [
                            -75.637469443999976,
                            40.074481389000027,
                            0
                        ],
                        [
                            -75.840004410999939,
                            40.023000683000078,
                            0
                        ]
                    ]
                ]
            },
            "properties": {
                "OBJECTID": 3,
                "Position": "P1E",
                "Low": 9000,
                "High": 10000,
                "Notes": null,
                "Fill": "#FFBEE8",
                "Stroke": "#FFBEE8",
                "Sector": "North Departure",
                "Shape_Length": 0.48599798530081434,
                "Shape_Area": 0.0067312187576958685
            }
        },
        {
            "type": "Feature",
            "id": 4,
            "geometry": {
                "type": "Polygon",
                "coordinates": [
                    [
                        [
                            -75.574527827999987,
                            39.802180925000073,
                            0
                        ],
                        [
                            -75.382805682999958,
                            39.841131469000061,
                            0
                        ],
                        [
                            -75.359230061999938,
                            39.845919601000048,
                            0
                        ],
                        [
                            -75.261057671999936,
                            39.865854484000067,
                            0
                        ],
                        [
                            -75.283467188999964,
                            39.910966740000049,
                            0
                        ],
                        [
                            -75.32330825799994,
                            39.991174715000056,
                            0
                        ],
                        [
                            -75.330844594999974,
                            40.006336275000081,
                            0
                        ],
                        [
                            -75.343895832999976,
                            40.032584722000024,
                            0
                        ],
                        [
                            -75.445451401999946,
                            40.027956876000076,
                            0
                        ],
                        [
                            -75.620676137999965,
                            40.019765238000048,
                            0
                        ],
                        [
                            -75.590523332999965,
                            39.921147222000059,
                            0
                        ],
                        [
                            -75.670010832999935,
                            39.835052222000058,
                            0
                        ],
                        [
                            -75.787649558999988,
                            39.758856900000069,
                            0
                        ],
                        [
                            -75.574527827999987,
                            39.802180925000073,
                            0
                        ]
                    ]
                ]
            },
            "properties": {
                "OBJECTID": 4,
                "Position": "P1E",
                "Low": 0,
                "High": 12000,
                "Notes": null,
                "Fill": "#FFBEE8",
                "Stroke": "#FFBEE8",
                "Sector": "North Departure",
                "Shape_Length": 1.3610659636354705,
                "Shape_Area": 0.069170575732597273
            }
        },
        {
            "type": "Feature",
            "id": 6,
            "geometry": {
                "type": "Polygon",
                "coordinates": [
                    [
                        [
                            -75.330844596999953,
                            40.006336273000045,
                            0
                        ],
                        [
                            -75.32330825799994,
                            39.991174715000056,
                            0
                        ],
                        [
                            -75.232583144999978,
                            39.952312274000064,
                            0
                        ],
                        [
                            -75.274249300999941,
                            40.03544461000007,
                            0
                        ],
                        [
                            -75.304604139999981,
                            40.03423056400004,
                            0
                        ],
                        [
                            -75.330844596999953,
                            40.006336273000045,
                            0
                        ]
                    ]
                ]
            },
            "properties": {
                "OBJECTID": 6,
                "Position": "P1E",
                "Low": 0,
                "High": 10000,
                "Notes": null,
                "Fill": "#FFBEE8",
                "Stroke": "#FFBEE8",
                "Sector": "North Departure",
                "Shape_Length": 0.2772950635956421,
                "Shape_Area": 0.0039076273984805839
            }
        },
        {
            "type": "Feature",
            "id": 7,
            "geometry": {
                "type": "Polygon",
                "coordinates": [
                    [
                        [
                            -75.196043401999987,
                            39.878979321000031,
                            0
                        ],
                        [
                            -75.195962362999978,
                            39.87899567900007,
                            0
                        ],
                        [
                            -75.232583144999978,
                            39.952312274000064,
                            0
                        ],
                        [
                            -75.32330825799994,
                            39.991174715000056,
                            0
                        ],
                        [
                            -75.283467188999964,
                            39.910966740000049,
                            0
                        ],
                        [
                            -75.261057671999936,
                            39.865854484000067,
                            0
                        ],
                        [
                            -75.196043401999987,
                            39.878979321000031,
                            0
                        ]
                    ]
                ]
            },
            "properties": {
                "OBJECTID": 7,
                "Position": "P1E",
                "Low": 0,
                "High": 12000,
                "Notes": null,
                "Fill": "#FFBEE8",
                "Stroke": "#FFBEE8",
                "Sector": "North Departure",
                "Shape_Length": 0.38698999891525615,
                "Shape_Area": 0.007102195495852664
            }
        },
        {
            "type": "Feature",
            "id": 8,
            "geometry": {
                "type": "Polygon",
                "coordinates": [
                    [
                        [
                            -75.108005832999936,
                            39.898610833000077,
                            0
                        ],
                        [
                            -75.232583144999978,
                            39.952312274000064,
                            0
                        ],
                        [
                            -75.195962362999978,
                            39.87899567900007,
                            0
                        ],
                        [
                            -75.108005832999936,
                            39.898610833000077,
                            0
                        ]
                    ]
                ]
            },
            "properties": {
                "OBJECTID": 8,
                "Position": "P1E",
                "Low": 11000,
                "High": 12000,
                "Notes": null,
                "Fill": "#FFBEE8",
                "Stroke": "#FFBEE8",
                "Sector": "North Departure",
                "Shape_Length": 0.30772980335788142,
                "Shape_Area": 0.0035834977830743213
            }
        },
        {
            "type": "Feature",
            "id": 17,
            "geometry": {
                "type": "Polygon",
                "coordinates": [
                    [
                        [
                            -74.622224721999942,
                            39.801376667000056,
                            0
                        ],
                        [
                            -74.626396388999979,
                            39.837551389000055,
                            0
                        ],
                        [
                            -74.648609999999962,
                            39.862474444000043,
                            0
                        ],
                        [
                            -74.566688610999961,
                            39.941722222000067,
                            0
                        ],
                        [
                            -74.591686110999945,
                            39.975001389000056,
                            0
                        ],
                        [
                            -74.649751210999966,
                            39.975023572000055,
                            0
                        ],
                        [
                            -74.649762782999971,
                            39.975015625000026,
                            0
                        ],
                        [
                            -74.735526899999968,
                            39.916049400000077,
                            0
                        ],
                        [
                            -74.724037333999945,
                            39.87676665400005,
                            0
                        ],
                        [
                            -74.691118299999971,
                            39.764216700000077,
                            0
                        ],
                        [
                            -74.622224721999942,
                            39.801376667000056,
                            0
                        ]
                    ]
                ]
            },
            "properties": {
                "OBJECTID": 17,
                "Position": "P1J",
                "Low": 9000,
                "High": 12000,
                "Notes": null,
                "Fill": "#DDBEE8",
                "Stroke": "#DDBEE8",
                "Sector": "South High",
                "Shape_Length": 0.62403011381902773,
                "Shape_Area": 0.018835332258195121
            }
        },
        {
            "type": "Feature",
            "id": 18,
            "geometry": {
                "type": "Polygon",
                "coordinates": [
                    [
                        [
                            -74.735526899999968,
                            39.916049400000077,
                            0
                        ],
                        [
                            -74.663153401999978,
                            39.965824606000069,
                            0
                        ],
                        [
                            -74.64976278599994,
                            39.975015627000062,
                            0
                        ],
                        [
                            -74.680902347999961,
                            39.975016400000072,
                            0
                        ],
                        [
                            -74.696851182999978,
                            39.975016783000058,
                            0
                        ],
                        [
                            -74.743356699999936,
                            39.942841900000076,
                            0
                        ],
                        [
                            -74.74331639899998,
                            39.942703995000045,
                            0
                        ],
                        [
                            -74.804226558999972,
                            39.899936851000064,
                            0
                        ],
                        [
                            -74.804227198999968,
                            39.89993621800005,
                            0
                        ],
                        [
                            -74.724037333999945,
                            39.87676665400005,
                            0
                        ],
                        [
                            -74.735526899999968,
                            39.916049400000077,
                            0
                        ]
                    ]
                ]
            },
            "properties": {
                "OBJECTID": 18,
                "Position": "P1J",
                "Low": 7000,
                "High": 12000,
                "Notes": null,
                "Fill": "#DDFEE8",
                "Stroke": "#DDBEE8",
                "Sector": "South High",
                "Shape_Length": 0.40668651906133402,
                "Shape_Area": 0.0045569427996985526
            }
        },
        {
            "type": "Feature",
            "id": 19,
            "geometry": {
                "type": "Polygon",
                "coordinates": [
                    [
                        [
                            -74.649751210999966,
                            39.975023572000055,
                            0
                        ],
                        [
                            -74.613335799999959,
                            40.000018300000079,
                            0
                        ],
                        [
                            -74.631343332999961,
                            40.020300278000036,
                            0
                        ],
                        [
                            -74.690022838999937,
                            39.979739705000043,
                            0
                        ],
                        [
                            -74.696851182999978,
                            39.975016783000058,
                            0
                        ],
                        [
                            -74.680902347999961,
                            39.975016400000072,
                            0
                        ],
                        [
                            -74.64976278599994,
                            39.975015627000062,
                            0
                        ],
                        [
                            -74.649751210999966,
                            39.975023572000055,
                            0
                        ]
                    ]
                ]
            },
            "properties": {
                "OBJECTID": 19,
                "Position": "P1J",
                "Low": 7000,
                "High": 8000,
                "Notes": null,
                "Fill": "#DDBEE8",
                "Stroke": "#DDBEE8",
                "Sector": "South High",
                "Shape_Length": 0.19802888600571494,
                "Shape_Area": 0.001660813740532893
            }
        },
        {
            "type": "Feature",
            "id": 20,
            "geometry": {
                "type": "Polygon",
                "coordinates": [
                    [
                        [
                            -74.631343332999961,
                            40.020300278000036,
                            0
                        ],
                        [
                            -74.724673055999972,
                            40.121145278000029,
                            0
                        ],
                        [
                            -74.712231666999969,
                            40.058646944000031,
                            0
                        ],
                        [
                            -74.631343332999961,
                            40.020300278000036,
                            0
                        ]
                    ]
                ]
            },
            "properties": {
                "OBJECTID": 20,
                "Position": "P1J",
                "Low": 7000,
                "High": 8000,
                "Notes": null,
                "Fill": "#DDBEE8",
                "Stroke": "#DDBEE8",
                "Sector": "South High",
                "Shape_Length": 0.29064724056970204,
                "Shape_Area": 0.0022891501632383493
            }
        },
        {
            "type": "Feature",
            "id": 21,
            "geometry": {
                "type": "Polygon",
                "coordinates": [
                    [
                        [
                            -74.724673055999972,
                            40.121145278000029,
                            0
                        ],
                        [
                            -74.763834199999962,
                            40.085881100000051,
                            0
                        ],
                        [
                            -74.684758957999975,
                            39.983378216000062,
                            0
                        ],
                        [
                            -74.631343332999961,
                            40.020300278000036,
                            0
                        ],
                        [
                            -74.712231666999969,
                            40.058646944000031,
                            0
                        ],
                        [
                            -74.724673055999972,
                            40.121145278000029,
                            0
                        ]
                    ]
                ]
            },
            "properties": {
                "OBJECTID": 21,
                "Position": "P1J",
                "Low": 7000,
                "High": 9000,
                "Notes": null,
                "Fill": "#DDBEE8",
                "Stroke": "#DDBEE8",
                "Sector": "South High",
                "Shape_Length": 0.40033464946964925,
                "Shape_Area": 0.0055284889028563971
            }
        },
        {
            "type": "Feature",
            "id": 22,
            "geometry": {
                "type": "Polygon",
                "coordinates": [
                    [
                        [
                            -74.74331639899998,
                            39.942703995000045,
                            0
                        ],
                        [
                            -74.743356699999936,
                            39.942841900000076,
                            0
                        ],
                        [
                            -74.696851182999978,
                            39.975016784000047,
                            0
                        ],
                        [
                            -74.690022838999937,
                            39.979739705000043,
                            0
                        ],
                        [
                            -74.684758957999975,
                            39.983378216000062,
                            0
                        ],
                        [
                            -74.763834199999962,
                            40.085881100000051,
                            0
                        ],
                        [
                            -74.896788099999981,
                            39.991825300000073,
                            0
                        ],
                        [
                            -74.997774999999933,
                            39.920006111000077,
                            0
                        ],
                        [
                            -74.923902049999981,
                            39.93451433000007,
                            0
                        ],
                        [
                            -74.914029045999939,
                            39.931661685000051,
                            0
                        ],
                        [
                            -74.820988112999942,
                            39.904779013000052,
                            0
                        ],
                        [
                            -74.804227198999968,
                            39.89993621800005,
                            0
                        ],
                        [
                            -74.804226558999972,
                            39.899936851000064,
                            0
                        ],
                        [
                            -74.74331639899998,
                            39.942703995000045,
                            0
                        ]
                    ]
                ]
            },
            "properties": {
                "OBJECTID": 22,
                "Position": "P1J",
                "Low": 7000,
                "High": 10000,
                "Notes": null,
                "Fill": "#DDBEE8",
                "Stroke": "#DDBEE8",
                "Sector": "South High",
                "Shape_Length": 0.76191577640273667,
                "Shape_Area": 0.025683348023074655
            }
        },
        {
            "type": "Feature",
            "id": 27,
            "geometry": {
                "type": "Polygon",
                "coordinates": [
                    [
                        [
                            -74.865024166999945,
                            39.836338889000046,
                            0
                        ],
                        [
                            -74.836221098999943,
                            39.867093041000032,
                            0
                        ],
                        [
                            -74.927768649999962,
                            39.88371627500004,
                            0
                        ],
                        [
                            -75.001911567999969,
                            39.897157371000048,
                            0
                        ],
                        [
                            -75.107548215999941,
                            39.887095128000055,
                            0
                        ],
                        [
                            -75.106165838751508,
                            39.886074328006472,
                            0
                        ],
                        [
                            -75.104779209027896,
                            39.885059311999974,
                            0
                        ],
                        [
                            -75.103388351029622,
                            39.884050097695408,
                            0
                        ],
                        [
                            -75.101993289031057,
                            39.883046702706373,
                            0
                        ],
                        [
                            -75.1005940473799,
                            39.882049144544901,
                            0
                        ],
                        [
                            -75.099190650496794,
                            39.881057440621156,
                            0
                        ],
                        [
                            -75.09778312287493,
                            39.880071608243128,
                            0
                        ],
                        [
                            -75.096371489079573,
                            39.87909166461634,
                            0
                        ],
                        [
                            -75.094955773747671,
                            39.878117626843519,
                            0
                        ],
                        [
                            -75.093536001587367,
                            39.877149511924344,
                            0
                        ],
                        [
                            -75.092112197377674,
                            39.876187336755109,
                            0
                        ],
                        [
                            -75.09068438596789,
                            39.87523111812844,
                            0
                        ],
                        [
                            -75.089252592277319,
                            39.874280872733024,
                            0
                        ],
                        [
                            -75.087816841294739,
                            39.873336617153271,
                            0
                        ],
                        [
                            -75.086377158077994,
                            39.872398367869074,
                            0
                        ],
                        [
                            -75.084933567753552,
                            39.871466141255496,
                            0
                        ],
                        [
                            -75.083486095516093,
                            39.870539953582472,
                            0
                        ],
                        [
                            -75.082034766628027,
                            39.86961982101456,
                            0
                        ],
                        [
                            -75.080579606419079,
                            39.868705759610634,
                            0
                        ],
                        [
                            -75.079120640285822,
                            39.867797785323603,
                            0
                        ],
                        [
                            -75.07765789369131,
                            39.866895914000139,
                            0
                        ],
                        [
                            -75.076191392164503,
                            39.866000161380406,
                            0
                        ],
                        [
                            -75.074721161299948,
                            39.865110543097785,
                            0
                        ],
                        [
                            -75.073247226757246,
                            39.864227074678581,
                            0
                        ],
                        [
                            -75.071769614260674,
                            39.863349771541777,
                            0
                        ],
                        [
                            -75.07028834959867,
                            39.86247864899876,
                            0
                        ],
                        [
                            -75.068803458623421,
                            39.861613722253026,
                            0
                        ],
                        [
                            -75.067314967250397,
                            39.860755006399955,
                            0
                        ],
                        [
                            -75.065822901457906,
                            39.859902516426537,
                            0
                        ],
                        [
                            -75.064327287286673,
                            39.859056267211081,
                            0
                        ],
                        [
                            -75.062828150839294,
                            39.858216273522991,
                            0
                        ],
                        [
                            -75.061325518279887,
                            39.8573825500225,
                            0
                        ],
                        [
                            -75.059819415833559,
                            39.856555111260391,
                            0
                        ],
                        [
                            -75.058309869785987,
                            39.855733971677779,
                            0
                        ],
                        [
                            -75.056796906482944,
                            39.854919145605834,
                            0
                        ],
                        [
                            -75.055280552329847,
                            39.854110647265522,
                            0
                        ],
                        [
                            -75.053760833791316,
                            39.853308490767404,
                            0
                        ],
                        [
                            -75.05223777739063,
                            39.852512690111332,
                            0
                        ],
                        [
                            -75.050711409709365,
                            39.851723259186244,
                            0
                        ],
                        [
                            -75.04918175738689,
                            39.850940211769903,
                            0
                        ],
                        [
                            -75.047648847119902,
                            39.850163561528667,
                            0
                        ],
                        [
                            -75.046112705661926,
                            39.849393322017235,
                            0
                        ],
                        [
                            -75.04457335982292,
                            39.848629506678435,
                            0
                        ],
                        [
                            -75.043030836468731,
                            39.847872128842965,
                            0
                        ],
                        [
                            -75.041485162520686,
                            39.847121201729173,
                            0
                        ],
                        [
                            -75.039936364955111,
                            39.846376738442828,
                            0
                        ],
                        [
                            -75.038384470802796,
                            39.845638751976885,
                            0
                        ],
                        [
                            -75.036829507148639,
                            39.844907255211261,
                            0
                        ],
                        [
                            -75.035271501131078,
                            39.844182260912604,
                            0
                        ],
                        [
                            -75.033710479941618,
                            39.84346378173408,
                            0
                        ],
                        [
                            -75.032146470824458,
                            39.84275183021515,
                            0
                        ],
                        [
                            -75.030579501075891,
                            39.842046418781344,
                            0
                        ],
                        [
                            -75.029009598043885,
                            39.841347559744065,
                            0
                        ],
                        [
                            -75.027436789127634,
                            39.840655265300335,
                            0
                        ],
                        [
                            -75.025861101777011,
                            39.839969547532618,
                            0
                        ],
                        [
                            -75.02428256349215,
                            39.839290418408602,
                            0
                        ],
                        [
                            -75.022701201822926,
                            39.838617889780977,
                            0
                        ],
                        [
                            -75.021117044368495,
                            39.837951973387227,
                            0
                        ],
                        [
                            -75.019530118776814,
                            39.837292680849458,
                            0
                        ],
                        [
                            -75.017940452744156,
                            39.836640023674157,
                            0
                        ],
                        [
                            -75.016348074014601,
                            39.835994013251991,
                            0
                        ],
                        [
                            -75.014753010379593,
                            39.835354660857661,
                            0
                        ],
                        [
                            -75.013155289677428,
                            39.834721977649622,
                            0
                        ],
                        [
                            -75.011554939792759,
                            39.834095974669971,
                            0
                        ],
                        [
                            -75.009951988656155,
                            39.833476662844191,
                            0
                        ],
                        [
                            -75.008346464243573,
                            39.832864052981009,
                            0
                        ],
                        [
                            -75.006738394575876,
                            39.832258155772152,
                            0
                        ],
                        [
                            -75.005127807718353,
                            39.831658981792224,
                            0
                        ],
                        [
                            -75.003514731780214,
                            39.831066541498465,
                            0
                        ],
                        [
                            -75.001899194914117,
                            39.830480845230618,
                            0
                        ],
                        [
                            -75.000281225315675,
                            39.829901903210711,
                            0
                        ],
                        [
                            -74.998660851222979,
                            39.829329725542884,
                            0
                        ],
                        [
                            -74.997038100916029,
                            39.828764322213232,
                            0
                        ],
                        [
                            -74.995413002716347,
                            39.828205703089615,
                            0
                        ],
                        [
                            -74.993785584986412,
                            39.827653877921485,
                            0
                        ],
                        [
                            -74.992155876129203,
                            39.827108856339734,
                            0
                        ],
                        [
                            -74.990523904587647,
                            39.826570647856506,
                            0
                        ],
                        [
                            -74.98888969884419,
                            39.826039261865027,
                            0
                        ],
                        [
                            -74.987253287420273,
                            39.825514707639456,
                            0
                        ],
                        [
                            -74.985614698875835,
                            39.824996994334739,
                            0
                        ],
                        [
                            -74.983973961808772,
                            39.824486130986401,
                            0
                        ],
                        [
                            -74.982331104854538,
                            39.82398212651043,
                            0
                        ],
                        [
                            -74.98068615668555,
                            39.823484989703104,
                            0
                        ],
                        [
                            -74.97903914601072,
                            39.822994729240847,
                            0
                        ],
                        [
                            -74.977390101574954,
                            39.822511353680063,
                            0
                        ],
                        [
                            -74.975739052158673,
                            39.822034871457006,
                            0
                        ],
                        [
                            -74.974086026577297,
                            39.821565290887605,
                            0
                        ],
                        [
                            -74.972431053680694,
                            39.821102620167352,
                            0
                        ],
                        [
                            -74.97077416235274,
                            39.820646867371146,
                            0
                        ],
                        [
                            -74.969115381510818,
                            39.820198040453128,
                            0
                        ],
                        [
                            -74.967454740105254,
                            39.819756147246579,
                            0
                        ],
                        [
                            -74.965792267118857,
                            39.819321195463765,
                            0
                        ],
                        [
                            -74.9641279915664,
                            39.818893192695803,
                            0
                        ],
                        [
                            -74.96246194249413,
                            39.818472146412539,
                            0
                        ],
                        [
                            -74.960794148979232,
                            39.81805806396239,
                            0
                        ],
                        [
                            -74.959124640129332,
                            39.817650952572251,
                            0
                        ],
                        [
                            -74.957453445081995,
                            39.81725081934735,
                            0
                        ],
                        [
                            -74.955780593004249,
                            39.816857671271123,
                            0
                        ],
                        [
                            -74.954106113091996,
                            39.816471515205102,
                            0
                        ],
                        [
                            -74.952430034569574,
                            39.81609235788877,
                            0
                        ],
                        [
                            -74.950752386689189,
                            39.815720205939485,
                            0
                        ],
                        [
                            -74.949073198730503,
                            39.815355065852337,
                            0
                        ],
                        [
                            -74.947392499999978,
                            39.814996944000029,
                            0
                        ],
                        [
                            -74.893144160999952,
                            39.80498044400008,
                            0
                        ],
                        [
                            -74.865024166999945,
                            39.836338889000046,
                            0
                        ]
                    ]
                ]
            },
            "properties": {
                "OBJECTID": 27,
                "Position": "P1J",
                "Low": 8000,
                "High": 12000,
                "Notes": "When ZDC coordinates holding at HOLEY int. for N90 arrivals, PHL owns up to 10000 instead of 12000",
                "Fill": "#DDBEE8",
                "Stroke": "#DDBEE8",
                "Sector": "South High",
                "Shape_Length": 0.59093022878273338,
                "Shape_Area": 0.013665583870108295
            }
        },
        {
            "type": "Feature",
            "id": 32,
            "geometry": {
                "type": "Polygon",
                "coordinates": [
                    [
                        [
                            -75.389866161999976,
                            40.030489912000064,
                            0
                        ],
                        [
                            -75.302415810999946,
                            40.091332106000038,
                            0
                        ],
                        [
                            -75.360802777999936,
                            40.207182500000044,
                            0
                        ],
                        [
                            -75.432905396999956,
                            40.264927477000072,
                            0
                        ],
                        [
                            -75.573613386999966,
                            40.377474729000028,
                            0
                        ],
                        [
                            -75.780191803999969,
                            40.283159864000027,
                            0
                        ],
                        [
                            -75.767892493999966,
                            40.213157693000028,
                            0
                        ],
                        [
                            -75.733679443999961,
                            40.207655000000045,
                            0
                        ],
                        [
                            -75.732648158697529,
                            40.207382079372223,
                            0
                        ],
                        [
                            -75.731618732880349,
                            40.207102226676994,
                            0
                        ],
                        [
                            -75.730591213143654,
                            40.206815454581431,
                            0
                        ],
                        [
                            -75.729565645996388,
                            40.206521776065784,
                            0
                        ],
                        [
                            -75.728542077859132,
                            40.206221204422917,
                            0
                        ],
                        [
                            -75.727520555061972,
                            40.205913753257704,
                            0
                        ],
                        [
                            -75.726501123842425,
                            40.205599436486409,
                            0
                        ],
                        [
                            -75.725483830343336,
                            40.205278268336045,
                            0
                        ],
                        [
                            -75.724468720610773,
                            40.204950263343747,
                            0
                        ],
                        [
                            -75.723455840591996,
                            40.204615436356121,
                            0
                        ],
                        [
                            -75.722445236133296,
                            40.204273802528533,
                            0
                        ],
                        [
                            -75.721436952977982,
                            40.203925377324481,
                            0
                        ],
                        [
                            -75.72043103676431,
                            40.20357017651483,
                            0
                        ],
                        [
                            -75.719427533023378,
                            40.20320821617716,
                            0
                        ],
                        [
                            -75.718426487177112,
                            40.202839512694986,
                            0
                        ],
                        [
                            -75.717427944536155,
                            40.202464082757061,
                            0
                        ],
                        [
                            -75.71643195029786,
                            40.202081943356589,
                            0
                        ],
                        [
                            -75.715438549544245,
                            40.201693111790469,
                            0
                        ],
                        [
                            -75.714447787239919,
                            40.201297605658496,
                            0
                        ],
                        [
                            -75.713459708230062,
                            40.20089544286261,
                            0
                        ],
                        [
                            -75.712474357238435,
                            40.20048664160602,
                            0
                        ],
                        [
                            -75.71149177886528,
                            40.200071220392431,
                            0
                        ],
                        [
                            -75.710512017585344,
                            40.199649198025192,
                            0
                        ],
                        [
                            -75.709535117745901,
                            40.199220593606427,
                            0
                        ],
                        [
                            -75.70856112356465,
                            40.198785426536197,
                            0
                        ],
                        [
                            -75.707590079127826,
                            40.198343716511616,
                            0
                        ],
                        [
                            -75.706622028388125,
                            40.197895483525933,
                            0
                        ],
                        [
                            -75.705657015162714,
                            40.197440747867674,
                            0
                        ],
                        [
                            -75.704695083131313,
                            40.196979530119677,
                            0
                        ],
                        [
                            -75.70373627583416,
                            40.196511851158192,
                            0
                        ],
                        [
                            -75.702780636670042,
                            40.196037732151915,
                            0
                        ],
                        [
                            -75.701828208894369,
                            40.195557194561054,
                            0
                        ],
                        [
                            -75.700879035617191,
                            40.195070260136326,
                            0
                        ],
                        [
                            -75.699933159801219,
                            40.194576950918012,
                            0
                        ],
                        [
                            -75.698990624259963,
                            40.194077289234919,
                            0
                        ],
                        [
                            -75.698051471655688,
                            40.193571297703386,
                            0
                        ],
                        [
                            -75.697115744497552,
                            40.193058999226281,
                            0
                        ],
                        [
                            -75.696183485139699,
                            40.192540416991925,
                            0
                        ],
                        [
                            -75.695254735779258,
                            40.192015574473075,
                            0
                        ],
                        [
                            -75.694329538454525,
                            40.191484495425847,
                            0
                        ],
                        [
                            -75.693407935042998,
                            40.190947203888641,
                            0
                        ],
                        [
                            -75.69248996725949,
                            40.190403724181053,
                            0
                        ],
                        [
                            -75.691575676654296,
                            40.189854080902776,
                            0
                        ],
                        [
                            -75.690665104611227,
                            40.189298298932499,
                            0
                        ],
                        [
                            -75.689758292345815,
                            40.188736403426752,
                            0
                        ],
                        [
                            -75.688855280903354,
                            40.188168419818794,
                            0
                        ],
                        [
                            -75.687956111157177,
                            40.187594373817447,
                            0
                        ],
                        [
                            -75.687060823806689,
                            40.187014291405937,
                            0
                        ],
                        [
                            -75.686169459375549,
                            40.186428198840723,
                            0
                        ],
                        [
                            -75.685282058209879,
                            40.185836122650294,
                            0
                        ],
                        [
                            -75.684398660476404,
                            40.185238089633991,
                            0
                        ],
                        [
                            -75.683519306160633,
                            40.184634126860772,
                            0
                        ],
                        [
                            -75.682644035065067,
                            40.184024261667993,
                            0
                        ],
                        [
                            -75.681772886807366,
                            40.183408521660176,
                            0
                        ],
                        [
                            -75.680905900818615,
                            40.182786934707764,
                            0
                        ],
                        [
                            -75.680043116341466,
                            40.182159528945846,
                            0
                        ],
                        [
                            -75.679184572428412,
                            40.181526332772883,
                            0
                        ],
                        [
                            -75.678330307939987,
                            40.180887374849448,
                            0
                        ],
                        [
                            -75.677480361543061,
                            40.180242684096882,
                            0
                        ],
                        [
                            -75.676634771709004,
                            40.179592289696032,
                            0
                        ],
                        [
                            -75.675793576712039,
                            40.178936221085912,
                            0
                        ],
                        [
                            -75.674956814627436,
                            40.178274507962371,
                            0
                        ],
                        [
                            -75.674124523329823,
                            40.177607180276731,
                            0
                        ],
                        [
                            -75.673296740491466,
                            40.176934268234461,
                            0
                        ],
                        [
                            -75.672473503580576,
                            40.176255802293795,
                            0
                        ],
                        [
                            -75.671654849859578,
                            40.175571813164353,
                            0
                        ],
                        [
                            -75.67084081638346,
                            40.174882331805755,
                            0
                        ],
                        [
                            -75.67003143999807,
                            40.174187389426216,
                            0
                        ],
                        [
                            -75.669226757338478,
                            40.173487017481136,
                            0
                        ],
                        [
                            -75.668426804827291,
                            40.172781247671665,
                            0
                        ],
                        [
                            -75.667631618673028,
                            40.172070111943306,
                            0
                        ],
                        [
                            -75.666841234868429,
                            40.171353642484398,
                            0
                        ],
                        [
                            -75.666055689188909,
                            40.170631871724751,
                            0
                        ],
                        [
                            -75.665275017190865,
                            40.16990483233409,
                            0
                        ],
                        [
                            -75.664499254210099,
                            40.169172557220641,
                            0
                        ],
                        [
                            -75.663728435360241,
                            40.168435079529594,
                            0
                        ],
                        [
                            -75.66296259553107,
                            40.167692432641651,
                            0
                        ],
                        [
                            -75.662201769387082,
                            40.166944650171466,
                            0
                        ],
                        [
                            -75.661445991365767,
                            40.166191765966161,
                            0
                        ],
                        [
                            -75.660695295676149,
                            40.165433814103771,
                            0
                        ],
                        [
                            -75.65994971629722,
                            40.164670828891715,
                            0
                        ],
                        [
                            -75.659209286976363,
                            40.163902844865241,
                            0
                        ],
                        [
                            -75.65847404122789,
                            40.163129896785847,
                            0
                        ],
                        [
                            -75.657744012331435,
                            40.162352019639734,
                            0
                        ],
                        [
                            -75.657019233330544,
                            40.161569248636205,
                            0
                        ],
                        [
                            -75.656299737031119,
                            40.160781619206062,
                            0
                        ],
                        [
                            -75.655585555999949,
                            40.159989167000049,
                            0
                        ],
                        [
                            -75.655007419639205,
                            40.159337101358147,
                            0
                        ],
                        [
                            -75.654434549231027,
                            40.158680404511507,
                            0
                        ],
                        [
                            -75.653866981872639,
                            40.158019118985692,
                            0
                        ],
                        [
                            -75.653304754317872,
                            40.157353287603414,
                            0
                        ],
                        [
                            -75.652747902974781,
                            40.156682953481756,
                            0
                        ],
                        [
                            -75.652196463903238,
                            40.156008160029401,
                            0
                        ],
                        [
                            -75.651650472812662,
                            40.15532895094379,
                            0
                        ],
                        [
                            -75.651109965059689,
                            40.154645370208307,
                            0
                        ],
                        [
                            -75.650574975645824,
                            40.153957462089423,
                            0
                        ],
                        [
                            -75.650045539215284,
                            40.153265271133861,
                            0
                        ],
                        [
                            -75.649521690052637,
                            40.152568842165657,
                            0
                        ],
                        [
                            -75.649003462080671,
                            40.151868220283305,
                            0
                        ],
                        [
                            -75.648490888858149,
                            40.151163450856806,
                            0
                        ],
                        [
                            -75.647984003577662,
                            40.150454579524769,
                            0
                        ],
                        [
                            -75.647482839063471,
                            40.149741652191395,
                            0
                        ],
                        [
                            -75.646987427769361,
                            40.149024715023558,
                            0
                        ],
                        [
                            -75.646497801776562,
                            40.148303814447793,
                            0
                        ],
                        [
                            -75.646013992791666,
                            40.147578997147292,
                            0
                        ],
                        [
                            -75.645536032144605,
                            40.14685031005888,
                            0
                        ],
                        [
                            -75.64506395078655,
                            40.146117800369979,
                            0
                        ],
                        [
                            -75.644597779287949,
                            40.145381515515552,
                            0
                        ],
                        [
                            -75.644137547836593,
                            40.144641503175016,
                            0
                        ],
                        [
                            -75.643683286235557,
                            40.143897811269191,
                            0
                        ],
                        [
                            -75.643235023901383,
                            40.143150487957158,
                            0
                        ],
                        [
                            -75.642792789862057,
                            40.142399581633157,
                            0
                        ],
                        [
                            -75.642356612755236,
                            40.141645140923458,
                            0
                        ],
                        [
                            -75.64192652082636,
                            40.140887214683197,
                            0
                        ],
                        [
                            -75.641502541926783,
                            40.14012585199324,
                            0
                        ],
                        [
                            -75.641084703511993,
                            40.139361102156961,
                            0
                        ],
                        [
                            -75.640673032639867,
                            40.138593014697094,
                            0
                        ],
                        [
                            -75.640267555968876,
                            40.137821639352495,
                            0
                        ],
                        [
                            -75.639868299756387,
                            40.137047026074953,
                            0
                        ],
                        [
                            -75.639475289856946,
                            40.136269225025906,
                            0
                        ],
                        [
                            -75.63908855172059,
                            40.135488286573242,
                            0
                        ],
                        [
                            -75.638708110391221,
                            40.134704261288014,
                            0
                        ],
                        [
                            -75.638333990505032,
                            40.133917199941159,
                            0
                        ],
                        [
                            -75.637966216288774,
                            40.133127153500233,
                            0
                        ],
                        [
                            -75.637604811558333,
                            40.13233417312609,
                            0
                        ],
                        [
                            -75.637249799717125,
                            40.131538310169574,
                            0
                        ],
                        [
                            -75.636901203754547,
                            40.130739616168192,
                            0
                        ],
                        [
                            -75.636559046244557,
                            40.129938142842803,
                            0
                        ],
                        [
                            -75.636223349344178,
                            40.129133942094214,
                            0
                        ],
                        [
                            -75.635894134792039,
                            40.128327065999869,
                            0
                        ],
                        [
                            -75.635571423907024,
                            40.127517566810461,
                            0
                        ],
                        [
                            -75.635255237586833,
                            40.126705496946535,
                            0
                        ],
                        [
                            -75.634945596306693,
                            40.125890908995125,
                            0
                        ],
                        [
                            -75.63464252011795,
                            40.125073855706297,
                            0
                        ],
                        [
                            -75.63434602864686,
                            40.124254389989794,
                            0
                        ],
                        [
                            -75.634056141093225,
                            40.12343256491156,
                            0
                        ],
                        [
                            -75.633772876229258,
                            40.122608433690331,
                            0
                        ],
                        [
                            -75.633496252398245,
                            40.12178204969419,
                            0
                        ],
                        [
                            -75.63322628751348,
                            40.120953466437086,
                            0
                        ],
                        [
                            -75.632962999056986,
                            40.1201227375754,
                            0
                        ],
                        [
                            -75.632706404078505,
                            40.119289916904442,
                            0
                        ],
                        [
                            -75.632456519194278,
                            40.118455058354989,
                            0
                        ],
                        [
                            -75.63221336058605,
                            40.117618215989779,
                            0
                        ],
                        [
                            -75.631976943999973,
                            40.116779444000031,
                            0
                        ],
                        [
                            -75.637469443999976,
                            40.074481389000027,
                            0
                        ],
                        [
                            -75.620676137999965,
                            40.019765238000048,
                            0
                        ],
                        [
                            -75.445451401999946,
                            40.027956876000076,
                            0
                        ],
                        [
                            -75.389866161999976,
                            40.030489912000064,
                            0
                        ]
                    ]
                ]
            },
            "properties": {
                "OBJECTID": 32,
                "Position": "P1H",
                "Low": 9000,
                "High": 13000,
                "Notes": null,
                "Fill": "#AA83E8",
                "Stroke": "#AA83E8",
                "Sector": "North High",
                "Shape_Length": 1.3150714324968515,
                "Shape_Area": 0.099389008991314032
            }
        },
        {
            "type": "Feature",
            "id": 33,
            "geometry": {
                "type": "Polygon",
                "coordinates": [
                    [
                        [
                            -75.345646023999961,
                            40.409815970000068,
                            0
                        ],
                        [
                            -75.376588032999962,
                            40.374451125000064,
                            0
                        ],
                        [
                            -75.376645560999975,
                            40.374416049000047,
                            0
                        ],
                        [
                            -75.377655450546769,
                            40.373838163594129,
                            0
                        ],
                        [
                            -75.37866886580251,
                            40.373266483649992,
                            0
                        ],
                        [
                            -75.379685768637017,
                            40.372701030677341,
                            0
                        ],
                        [
                            -75.380706120788872,
                            40.372141825951594,
                            0
                        ],
                        [
                            -75.381729883866896,
                            40.371588890513067,
                            0
                        ],
                        [
                            -75.382757019351558,
                            40.371042245166201,
                            0
                        ],
                        [
                            -75.383787488596425,
                            40.370501910478751,
                            0
                        ],
                        [
                            -75.384821252829681,
                            40.369967906781056,
                            0
                        ],
                        [
                            -75.385858273155478,
                            40.369440254165227,
                            0
                        ],
                        [
                            -75.386898510555469,
                            40.368918972484423,
                            0
                        ],
                        [
                            -75.387941925890303,
                            40.368404081352089,
                            0
                        ],
                        [
                            -75.388988479900988,
                            40.367895600141239,
                            0
                        ],
                        [
                            -75.390038133210524,
                            40.367393547983681,
                            0
                        ],
                        [
                            -75.391090846325213,
                            40.366897943769359,
                            0
                        ],
                        [
                            -75.39214657963629,
                            40.366408806145586,
                            0
                        ],
                        [
                            -75.393205293421317,
                            40.365926153516384,
                            0
                        ],
                        [
                            -75.39426694784575,
                            40.365450004041755,
                            0
                        ],
                        [
                            -75.395331502964368,
                            40.364980375637039,
                            0
                        ],
                        [
                            -75.396398918722838,
                            40.364517285972205,
                            0
                        ],
                        [
                            -75.397469154959168,
                            40.364060752471204,
                            0
                        ],
                        [
                            -75.398542171405268,
                            40.363610792311299,
                            0
                        ],
                        [
                            -75.399617927688425,
                            40.363167422422435,
                            0
                        ],
                        [
                            -75.400696383332843,
                            40.362730659486608,
                            0
                        ],
                        [
                            -75.401777497761174,
                            40.3623005199372,
                            0
                        ],
                        [
                            -75.402861230295997,
                            40.361877019958399,
                            0
                        ],
                        [
                            -75.40394754016144,
                            40.361460175484581,
                            0
                        ],
                        [
                            -75.405036386484596,
                            40.36105000219969,
                            0
                        ],
                        [
                            -75.406127728297179,
                            40.360646515536679,
                            0
                        ],
                        [
                            -75.407221524536951,
                            40.360249730676905,
                            0
                        ],
                        [
                            -75.408317734049376,
                            40.359859662549574,
                            0
                        ],
                        [
                            -75.409416315589098,
                            40.359476325831167,
                            0
                        ],
                        [
                            -75.410517227821515,
                            40.359099734944884,
                            0
                        ],
                        [
                            -75.411620429324316,
                            40.358729904060134,
                            0
                        ],
                        [
                            -75.412725878589072,
                            40.358366847091958,
                            0
                        ],
                        [
                            -75.413833534022785,
                            40.358010577700526,
                            0
                        ],
                        [
                            -75.414943353949425,
                            40.357661109290632,
                            0
                        ],
                        [
                            -75.41605529661156,
                            40.357318455011175,
                            0
                        ],
                        [
                            -75.417169320171851,
                            40.356982627754675,
                            0
                        ],
                        [
                            -75.4182853827147,
                            40.356653640156772,
                            0
                        ],
                        [
                            -75.419403442247742,
                            40.356331504595765,
                            0
                        ],
                        [
                            -75.420523456703521,
                            40.35601623319215,
                            0
                        ],
                        [
                            -75.421645383941012,
                            40.35570783780814,
                            0
                        ],
                        [
                            -75.422769181747213,
                            40.355406330047259,
                            0
                        ],
                        [
                            -75.423894807838749,
                            40.355111721253856,
                            0
                        ],
                        [
                            -75.42502221986345,
                            40.354824022512709,
                            0
                        ],
                        [
                            -75.426151375401957,
                            40.354543244648625,
                            0
                        ],
                        [
                            -75.427282231969301,
                            40.354269398225973,
                            0
                        ],
                        [
                            -75.428414747016518,
                            40.354002493548357,
                            0
                        ],
                        [
                            -75.429548877932234,
                            40.353742540658175,
                            0
                        ],
                        [
                            -75.430684582044293,
                            40.353489549336267,
                            0
                        ],
                        [
                            -75.431821816621323,
                            40.35324352910154,
                            0
                        ],
                        [
                            -75.432960538874397,
                            40.353004489210612,
                            0
                        ],
                        [
                            -75.434100705958585,
                            40.35277243865746,
                            0
                        ],
                        [
                            -75.435242274974627,
                            40.352547386173093,
                            0
                        ],
                        [
                            -75.436385202970484,
                            40.352329340225204,
                            0
                        ],
                        [
                            -75.437529446942989,
                            40.352118309017868,
                            0
                        ],
                        [
                            -75.438674963839489,
                            40.351914300491217,
                            0
                        ],
                        [
                            -75.4398217105594,
                            40.351717322321171,
                            0
                        ],
                        [
                            -75.440969643955881,
                            40.351527381919112,
                            0
                        ],
                        [
                            -75.442118720837456,
                            40.351344486431636,
                            0
                        ],
                        [
                            -75.443268897969588,
                            40.351168642740255,
                            0
                        ],
                        [
                            -75.444420132076402,
                            40.350999857461169,
                            0
                        ],
                        [
                            -75.445572379842176,
                            40.350838136944994,
                            0
                        ],
                        [
                            -75.446725597913115,
                            40.350683487276541,
                            0
                        ],
                        [
                            -75.447879742898891,
                            40.350535914274566,
                            0
                        ],
                        [
                            -75.449034771374301,
                            40.35039542349157,
                            0
                        ],
                        [
                            -75.450190639880887,
                            40.35026202021357,
                            0
                        ],
                        [
                            -75.451347304928603,
                            40.350135709459934,
                            0
                        ],
                        [
                            -75.452504722997432,
                            40.350016495983155,
                            0
                        ],
                        [
                            -75.453662850539018,
                            40.349904384268683,
                            0
                        ],
                        [
                            -75.454821643978306,
                            40.349799378534783,
                            0
                        ],
                        [
                            -75.455981059715199,
                            40.349701482732335,
                            0
                        ],
                        [
                            -75.457141054126183,
                            40.349610700544709,
                            0
                        ],
                        [
                            -75.458301583565955,
                            40.349527035387624,
                            0
                        ],
                        [
                            -75.459462604369108,
                            40.349450490409019,
                            0
                        ],
                        [
                            -75.460624072851729,
                            40.349381068488931,
                            0
                        ],
                        [
                            -75.461785945313054,
                            40.349318772239393,
                            0
                        ],
                        [
                            -75.462948178037138,
                            40.349263604004328,
                            0
                        ],
                        [
                            -75.464110727294482,
                            40.34921556585946,
                            0
                        ],
                        [
                            -75.46527354934365,
                            40.349174659612245,
                            0
                        ],
                        [
                            -75.466436600432971,
                            40.349140886801806,
                            0
                        ],
                        [
                            -75.467599836802151,
                            40.349114248698854,
                            0
                        ],
                        [
                            -75.468763214683904,
                            40.34909474630566,
                            0
                        ],
                        [
                            -75.469926690305641,
                            40.349082380356009,
                            0
                        ],
                        [
                            -75.471090219891096,
                            40.349077151315171,
                            0
                        ],
                        [
                            -75.472253759661967,
                            40.349079059379903,
                            0
                        ],
                        [
                            -75.473417265839558,
                            40.349088104478405,
                            0
                        ],
                        [
                            -75.474580694646448,
                            40.349104286270347,
                            0
                        ],
                        [
                            -75.475744002308133,
                            40.349127604146894,
                            0
                        ],
                        [
                            -75.476907145054653,
                            40.349158057230689,
                            0
                        ],
                        [
                            -75.478070079122276,
                            40.349195644375925,
                            0
                        ],
                        [
                            -75.479232760755082,
                            40.349240364168374,
                            0
                        ],
                        [
                            -75.480395146206675,
                            40.349292214925434,
                            0
                        ],
                        [
                            -75.481557191741814,
                            40.34935119469619,
                            0
                        ],
                        [
                            -75.482718853638033,
                            40.349417301261518,
                            0
                        ],
                        [
                            -75.483880088187291,
                            40.349490532134112,
                            0
                        ],
                        [
                            -75.485040851697647,
                            40.349570884558638,
                            0
                        ],
                        [
                            -75.486201100494867,
                            40.349658355511799,
                            0
                        ],
                        [
                            -75.487360790924086,
                            40.349752941702469,
                            0
                        ],
                        [
                            -75.488519879351472,
                            40.349854639571788,
                            0
                        ],
                        [
                            -75.489678322165787,
                            40.349963445293348,
                            0
                        ],
                        [
                            -75.490836075780152,
                            40.350079354773271,
                            0
                        ],
                        [
                            -75.491993096633564,
                            40.350202363650418,
                            0
                        ],
                        [
                            -75.493149341192634,
                            40.350332467296532,
                            0
                        ],
                        [
                            -75.494304765953146,
                            40.350469660816401,
                            0
                        ],
                        [
                            -75.49545932744175,
                            40.35061393904806,
                            0
                        ],
                        [
                            -75.49661298221757,
                            40.350765296562983,
                            0
                        ],
                        [
                            -75.497765686873848,
                            40.350923727666277,
                            0
                        ],
                        [
                            -75.49891739803958,
                            40.351089226396894,
                            0
                        ],
                        [
                            -75.500068072381126,
                            40.351261786527886,
                            0
                        ],
                        [
                            -75.501217666603864,
                            40.351441401566596,
                            0
                        ],
                        [
                            -75.502366137453834,
                            40.351628064754927,
                            0
                        ],
                        [
                            -75.503513441719306,
                            40.351821769069609,
                            0
                        ],
                        [
                            -75.504659536232467,
                            40.352022507222422,
                            0
                        ],
                        [
                            -75.505804377871016,
                            40.35223027166051,
                            0
                        ],
                        [
                            -75.506947923559807,
                            40.352445054566644,
                            0
                        ],
                        [
                            -75.508090130272407,
                            40.352666847859531,
                            0
                        ],
                        [
                            -75.509230955032834,
                            40.352895643194095,
                            0
                        ],
                        [
                            -75.510370354917029,
                            40.35313143196182,
                            0
                        ],
                        [
                            -75.511508287054596,
                            40.353374205291047,
                            0
                        ],
                        [
                            -75.512644708630347,
                            40.353623954047322,
                            0
                        ],
                        [
                            -75.513779576885938,
                            40.353880668833746,
                            0
                        ],
                        [
                            -75.514912849121444,
                            40.354144339991308,
                            0
                        ],
                        [
                            -75.516044482697012,
                            40.354414957599275,
                            0
                        ],
                        [
                            -75.517174435034448,
                            40.354692511475541,
                            0
                        ],
                        [
                            -75.518302663618798,
                            40.354976991177018,
                            0
                        ],
                        [
                            -75.519429125999977,
                            40.355268386000034,
                            0
                        ],
                        [
                            -75.519498888999976,
                            40.355286389000071,
                            0
                        ],
                        [
                            -75.573613386999966,
                            40.377474729000028,
                            0
                        ],
                        [
                            -75.432905396999956,
                            40.264927477000072,
                            0
                        ],
                        [
                            -75.360802777999936,
                            40.207182500000044,
                            0
                        ],
                        [
                            -75.302415810999946,
                            40.091332106000038,
                            0
                        ],
                        [
                            -75.153620832999934,
                            40.194170556000074,
                            0
                        ],
                        [
                            -75.119679166999958,
                            40.217559444000074,
                            0
                        ],
                        [
                            -75.096388332999936,
                            40.222836111000049,
                            0
                        ],
                        [
                            -75.06889777799995,
                            40.233957222000072,
                            0
                        ],
                        [
                            -75.057537777999983,
                            40.239428056000065,
                            0
                        ],
                        [
                            -75.044802874999959,
                            40.248970360000044,
                            0
                        ],
                        [
                            -75.27727277799994,
                            40.338173056000073,
                            0
                        ],
                        [
                            -75.345646023999961,
                            40.409815970000068,
                            0
                        ]
                    ]
                ]
            },
            "properties": {
                "OBJECTID": 33,
                "Position": "P1H",
                "Low": 11000,
                "High": 13000,
                "Notes": null,
                "Fill": "#AA83E8",
                "Stroke": "#AA83E8",
                "Sector": "North High",
                "Shape_Length": 1.3078588313242536,
                "Shape_Area": 0.0601778257569624
            }
        },
        {
            "type": "Feature",
            "id": 34,
            "geometry": null,
            "properties": {
                "OBJECTID": 34,
                "Shape": null,
                "Position": "P1H",
                "Low": 9000,
                "High": 12000,
                "Notes": null,
                "Fill": "#AA83E8",
                "Stroke": "#AA83E8",
                "Sector": "North High",
                "Shape_Length": 0,
                "Shape_Area": 0
            }
        },
        {
            "type": "Feature",
            "id": 35,
            "geometry": {
                "type": "Polygon",
                "coordinates": [
                    [
                        [
                            -75.274249300999941,
                            40.03544461000007,
                            0
                        ],
                        [
                            -75.284415708999973,
                            40.05561662000008,
                            0
                        ],
                        [
                            -75.30460414199996,
                            40.034230562000062,
                            0
                        ],
                        [
                            -75.274249300999941,
                            40.03544461000007,
                            0
                        ]
                    ]
                ]
            },
            "properties": {
                "OBJECTID": 35,
                "Position": "P1H",
                "Low": 9000,
                "High": 10000,
                "Notes": null,
                "Fill": "#AA83E8",
                "Stroke": "#AA83E8",
                "Sector": "North High",
                "Shape_Length": 0.082377973388172446,
                "Shape_Area": 0.00031233033175040578
            }
        },
        {
            "type": "Feature",
            "id": 36,
            "geometry": {
                "type": "Polygon",
                "coordinates": [
                    [
                        [
                            -75.036706943999945,
                            40.25503666700007,
                            0
                        ],
                        [
                            -75.016630832999965,
                            40.290319167000064,
                            0
                        ],
                        [
                            -74.957027221999965,
                            40.341636944000072,
                            0
                        ],
                        [
                            -75.066617500999939,
                            40.48329444400008,
                            0
                        ],
                        [
                            -75.393362776999936,
                            40.459769444000074,
                            0
                        ],
                        [
                            -75.345646023999961,
                            40.409815970000068,
                            0
                        ],
                        [
                            -75.27727277799994,
                            40.338173056000073,
                            0
                        ],
                        [
                            -75.044802874999959,
                            40.248970360000044,
                            0
                        ],
                        [
                            -75.036706943999945,
                            40.25503666700007,
                            0
                        ]
                    ]
                ]
            },
            "properties": {
                "OBJECTID": 36,
                "Position": "P1H",
                "Low": 7000,
                "High": 13000,
                "Notes": null,
                "Fill": "#AA83E8",
                "Stroke": "#AA83E8",
                "Sector": "North High",
                "Shape_Length": 1.0531654593823456,
                "Shape_Area": 0.058360415849512695
            }
        },
        {
            "type": "Feature",
            "id": 39,
            "geometry": {
                "type": "Polygon",
                "coordinates": [
                    [
                        [
                            -74.974418888999935,
                            39.654998889000069,
                            0
                        ],
                        [
                            -74.939740555999947,
                            39.652251389000071,
                            0
                        ],
                        [
                            -74.913014166999972,
                            39.646132500000078,
                            0
                        ],
                        [
                            -74.888275277999981,
                            39.623905278000052,
                            0
                        ],
                        [
                            -74.875580555999989,
                            39.608670000000075,
                            0
                        ],
                        [
                            -74.863653055999976,
                            39.584467500000073,
                            0
                        ],
                        [
                            -74.836660728999959,
                            39.671532096000078,
                            0
                        ],
                        [
                            -74.974418888999935,
                            39.654998889000069,
                            0
                        ]
                    ]
                ]
            },
            "properties": {
                "OBJECTID": 39,
                "Position": "P1J",
                "Low": 9000,
                "High": 10000,
                "Notes": "NEWFIELD Area is both APP and DEP airspace. South Arrival controller must coordinate with South Departure if NEWFIELD will be released to ACY.",
                "Fill": "#AA83E8",
                "Stroke": "#AA83E8",
                "Sector": "South High",
                "Shape_Length": 0.37217491301665451,
                "Shape_Area": 0.003753035440317199
            }
        },
        {
            "type": "Feature",
            "id": 40,
            "geometry": {
                "type": "Polygon",
                "coordinates": [
                    [
                        [
                            -74.947392499999978,
                            39.814996944000029,
                            0
                        ],
                        [
                            -74.949057173001151,
                            39.815351148765437,
                            0
                        ],
                        [
                            -74.950720364357522,
                            39.81571224671444,
                            0
                        ],
                        [
                            -74.952382045525482,
                            39.816080231649892,
                            0
                        ],
                        [
                            -74.954042187987341,
                            39.816455097256458,
                            0
                        ],
                        [
                            -74.955700763251826,
                            39.816836837100709,
                            0
                        ],
                        [
                            -74.957357742854569,
                            39.817225444631248,
                            0
                        ],
                        [
                            -74.95901309835854,
                            39.817620913178807,
                            0
                        ],
                        [
                            -74.960666801354648,
                            39.818023235956389,
                            0
                        ],
                        [
                            -74.962318823462098,
                            39.818432406059337,
                            0
                        ],
                        [
                            -74.963969136328998,
                            39.818848416465499,
                            0
                        ],
                        [
                            -74.965617711632746,
                            39.819271260035329,
                            0
                        ],
                        [
                            -74.96726452108058,
                            39.81970092951201,
                            0
                        ],
                        [
                            -74.968909536410038,
                            39.820137417521565,
                            0
                        ],
                        [
                            -74.970552729389468,
                            39.820580716573019,
                            0
                        ],
                        [
                            -74.972194071818464,
                            39.8210308190585,
                            0
                        ],
                        [
                            -74.973833535528414,
                            39.821487717253362,
                            0
                        ],
                        [
                            -74.97547109238289,
                            39.821951403316355,
                            0
                        ],
                        [
                            -74.97710671427825,
                            39.822421869289705,
                            0
                        ],
                        [
                            -74.978740373144035,
                            39.822899107099317,
                            0
                        ],
                        [
                            -74.980372040943465,
                            39.82338310855485,
                            0
                        ],
                        [
                            -74.98200168967395,
                            39.823873865349896,
                            0
                        ],
                        [
                            -74.983629291367549,
                            39.824371369062114,
                            0
                        ],
                        [
                            -74.985254818091434,
                            39.824875611153374,
                            0
                        ],
                        [
                            -74.986878241948403,
                            39.825386582969898,
                            0
                        ],
                        [
                            -74.988499535077352,
                            39.825904275742417,
                            0
                        ],
                        [
                            -74.990118669653711,
                            39.826428680586311,
                            0
                        ],
                        [
                            -74.991735617889987,
                            39.826959788501767,
                            0
                        ],
                        [
                            -74.993350352036202,
                            39.827497590373945,
                            0
                        ],
                        [
                            -74.994962844380368,
                            39.828042076973112,
                            0
                        ],
                        [
                            -74.996573067248974,
                            39.828593238954824,
                            0
                        ],
                        [
                            -74.998180993007466,
                            39.829151066860057,
                            0
                        ],
                        [
                            -74.999786594060694,
                            39.829715551115413,
                            0
                        ],
                        [
                            -75.001389842853428,
                            39.830286682033226,
                            0
                        ],
                        [
                            -75.00299071187078,
                            39.830864449811791,
                            0
                        ],
                        [
                            -75.00458917363872,
                            39.83144884453548,
                            0
                        ],
                        [
                            -75.006185200724559,
                            39.832039856174937,
                            0
                        ],
                        [
                            -75.007778765737328,
                            39.832637474587258,
                            0
                        ],
                        [
                            -75.009369841328351,
                            39.833241689516143,
                            0
                        ],
                        [
                            -75.010958400191697,
                            39.833852490592086,
                            0
                        ],
                        [
                            -75.012544415064568,
                            39.834469867332558,
                            0
                        ],
                        [
                            -75.014127858727889,
                            39.835093809142165,
                            0
                        ],
                        [
                            -75.015708704006656,
                            39.835724305312844,
                            0
                        ],
                        [
                            -75.017286923770513,
                            39.836361345024066,
                            0
                        ],
                        [
                            -75.018862490934097,
                            39.837004917342981,
                            0
                        ],
                        [
                            -75.020435378457648,
                            39.837655011224633,
                            0
                        ],
                        [
                            -75.022005559347306,
                            39.838311615512147,
                            0
                        ],
                        [
                            -75.023573006655752,
                            39.838974718936917,
                            0
                        ],
                        [
                            -75.025137693482506,
                            39.839644310118793,
                            0
                        ],
                        [
                            -75.026699592974509,
                            39.840320377566279,
                            0
                        ],
                        [
                            -75.028258678326509,
                            39.841002909676753,
                            0
                        ],
                        [
                            -75.029814922781583,
                            39.841691894736627,
                            0
                        ],
                        [
                            -75.031368299631538,
                            39.842387320921574,
                            0
                        ],
                        [
                            -75.032918782217394,
                            39.843089176296736,
                            0
                        ],
                        [
                            -75.034466343929836,
                            39.843797448816893,
                            0
                        ],
                        [
                            -75.036010958209729,
                            39.84451212632672,
                            0
                        ],
                        [
                            -75.037552598548444,
                            39.845233196560955,
                            0
                        ],
                        [
                            -75.039091238488453,
                            39.845960647144622,
                            0
                        ],
                        [
                            -75.040626851623685,
                            39.846694465593259,
                            0
                        ],
                        [
                            -75.042159411600039,
                            39.847434639313114,
                            0
                        ],
                        [
                            -75.043688892115782,
                            39.848181155601353,
                            0
                        ],
                        [
                            -75.045215266922071,
                            39.848934001646313,
                            0
                        ],
                        [
                            -75.046738509823328,
                            39.849693164527686,
                            0
                        ],
                        [
                            -75.048258594677733,
                            39.850458631216753,
                            0
                        ],
                        [
                            -75.049775495397668,
                            39.851230388576624,
                            0
                        ],
                        [
                            -75.051289185950182,
                            39.852008423362427,
                            0
                        ],
                        [
                            -75.052799640357364,
                            39.852792722221579,
                            0
                        ],
                        [
                            -75.054306832696909,
                            39.853583271693978,
                            0
                        ],
                        [
                            -75.055810737102419,
                            39.854380058212264,
                            0
                        ],
                        [
                            -75.057311327764012,
                            39.855183068102015,
                            0
                        ],
                        [
                            -75.058808578928591,
                            39.855992287582026,
                            0
                        ],
                        [
                            -75.060302464900417,
                            39.856807702764513,
                            0
                        ],
                        [
                            -75.061792960041515,
                            39.857629299655358,
                            0
                        ],
                        [
                            -75.063280038772064,
                            39.858457064154365,
                            0
                        ],
                        [
                            -75.064763675570902,
                            39.859290982055477,
                            0
                        ],
                        [
                            -75.066243844975943,
                            39.86013103904704,
                            0
                        ],
                        [
                            -75.067720521584576,
                            39.860977220712037,
                            0
                        ],
                        [
                            -75.069193680054155,
                            39.861829512528345,
                            0
                        ],
                        [
                            -75.070663295102435,
                            39.86268789986898,
                            0
                        ],
                        [
                            -75.072129341507932,
                            39.863552368002331,
                            0
                        ],
                        [
                            -75.073591794110456,
                            39.86442290209245,
                            0
                        ],
                        [
                            -75.07505062781145,
                            39.86529948719928,
                            0
                        ],
                        [
                            -75.0765058175745,
                            39.866182108278899,
                            0
                        ],
                        [
                            -75.077957338425705,
                            39.867070750183821,
                            0
                        ],
                        [
                            -75.079405165454133,
                            39.86796539766322,
                            0
                        ],
                        [
                            -75.080849273812277,
                            39.86886603536319,
                            0
                        ],
                        [
                            -75.082289638716418,
                            39.869772647827048,
                            0
                        ],
                        [
                            -75.08372623544706,
                            39.870685219495549,
                            0
                        ],
                        [
                            -75.085159039349435,
                            39.871603734707193,
                            0
                        ],
                        [
                            -75.086588025833819,
                            39.872528177698463,
                            0
                        ],
                        [
                            -75.08801317037603,
                            39.873458532604111,
                            0
                        ],
                        [
                            -75.089434448517807,
                            39.874394783457447,
                            0
                        ],
                        [
                            -75.090851835867255,
                            39.875336914190576,
                            0
                        ],
                        [
                            -75.092265308099229,
                            39.876284908634702,
                            0
                        ],
                        [
                            -75.093674840955813,
                            39.877238750520391,
                            0
                        ],
                        [
                            -75.095080410246666,
                            39.878198423477855,
                            0
                        ],
                        [
                            -75.096481991849473,
                            39.879163911037239,
                            0
                        ],
                        [
                            -75.097879561710371,
                            39.880135196628899,
                            0
                        ],
                        [
                            -75.099273095844353,
                            39.881112263583674,
                            0
                        ],
                        [
                            -75.100662570335629,
                            39.882095095133202,
                            0
                        ],
                        [
                            -75.10204796133813,
                            39.883083674410173,
                            0
                        ],
                        [
                            -75.103429245075844,
                            39.884077984448645,
                            0
                        ],
                        [
                            -75.104806397843248,
                            39.885078008184308,
                            0
                        ],
                        [
                            -75.106179396005729,
                            39.886083728454821,
                            0
                        ],
                        [
                            -75.107548215999941,
                            39.887095128000055,
                            0
                        ],
                        [
                            -75.108005832999936,
                            39.898610833000077,
                            0
                        ],
                        [
                            -75.178481799999986,
                            39.882894013000055,
                            0
                        ],
                        [
                            -75.116158055999961,
                            39.756950000000074,
                            0
                        ],
                        [
                            -75.115621014999988,
                            39.748523323000029,
                            0
                        ],
                        [
                            -75.115144696999948,
                            39.741049462000035,
                            0
                        ],
                        [
                            -75.11191133799997,
                            39.690315092000048,
                            0
                        ],
                        [
                            -75.077011317999961,
                            39.71773178400008,
                            0
                        ],
                        [
                            -75.059788888999947,
                            39.732710833000056,
                            0
                        ],
                        [
                            -75.040814829999988,
                            39.734332319000032,
                            0
                        ],
                        [
                            -74.691118299999971,
                            39.764216700000077,
                            0
                        ],
                        [
                            -74.724037333999945,
                            39.87676665400005,
                            0
                        ],
                        [
                            -74.821441951999986,
                            39.847069416000068,
                            0
                        ],
                        [
                            -74.86817992899995,
                            39.832819693000033,
                            0
                        ],
                        [
                            -74.893144160999952,
                            39.80498044400008,
                            0
                        ],
                        [
                            -74.947392499999978,
                            39.814996944000029,
                            0
                        ]
                    ]
                ]
            },
            "properties": {
                "OBJECTID": 40,
                "Position": "P1J",
                "Low": 8000,
                "High": 12000,
                "Notes": null,
                "Fill": "#AA83E8",
                "Stroke": "#AA83E8",
                "Sector": "South High",
                "Shape_Length": 1.2657622346924913,
                "Shape_Area": 0.045805560634462658
            }
        },
        {
            "type": "Feature",
            "id": 42,
            "geometry": {
                "type": "Polygon",
                "coordinates": [
                    [
                        [
                            -75.132650555999987,
                            39.751753889000042,
                            0
                        ],
                        [
                            -75.195962362999978,
                            39.87899567900007,
                            0
                        ],
                        [
                            -75.196043401999987,
                            39.878979321000031,
                            0
                        ],
                        [
                            -75.261057671999936,
                            39.865854484000067,
                            0
                        ],
                        [
                            -75.236663868999983,
                            39.816521280000075,
                            0
                        ],
                        [
                            -75.223706210999978,
                            39.790313611000045,
                            0
                        ],
                        [
                            -75.193846943999972,
                            39.729921389000026,
                            0
                        ],
                        [
                            -75.132650555999987,
                            39.751753889000042,
                            0
                        ]
                    ]
                ]
            },
            "properties": {
                "OBJECTID": 42,
                "Position": "P1V",
                "Low": 5000,
                "High": 10000,
                "Notes": null,
                "Fill": "#AA83E8",
                "Stroke": "#AA83E8",
                "Sector": "South Departure",
                "Shape_Length": 0.42514678307303988,
                "Shape_Area": 0.0094503123223467871
            }
        },
        {
            "type": "Feature",
            "id": 44,
            "geometry": {
                "type": "Polygon",
                "coordinates": [
                    [
                        [
                            -75.327475698999933,
                            39.44155350300008,
                            0
                        ],
                        [
                            -75.210893738999971,
                            39.494635520000031,
                            0
                        ],
                        [
                            -75.210284721999983,
                            39.495559722000053,
                            0
                        ],
                        [
                            -75.208511388999966,
                            39.497938056000066,
                            0
                        ],
                        [
                            -75.182251943999972,
                            39.526018889000056,
                            0
                        ],
                        [
                            -75.158820832999936,
                            39.546134444000074,
                            0
                        ],
                        [
                            -75.151480832999937,
                            39.552533333000042,
                            0
                        ],
                        [
                            -75.117362125999989,
                            39.581833526000025,
                            0
                        ],
                        [
                            -75.105638495999983,
                            39.591897603000064,
                            0
                        ],
                        [
                            -75.10563910999997,
                            39.591898067000045,
                            0
                        ],
                        [
                            -75.111733972999957,
                            39.687532075000036,
                            0
                        ],
                        [
                            -75.11191133799997,
                            39.690315092000048,
                            0
                        ],
                        [
                            -75.114521036999975,
                            39.688192396000034,
                            0
                        ],
                        [
                            -75.301381110999955,
                            39.536202778000074,
                            0
                        ],
                        [
                            -75.470508013999961,
                            39.514213728000072,
                            0
                        ],
                        [
                            -75.470509584999945,
                            39.51421214800007,
                            0
                        ],
                        [
                            -75.45803794699998,
                            39.438908156000025,
                            0
                        ],
                        [
                            -75.449821537999981,
                            39.38924548600005,
                            0
                        ],
                        [
                            -75.327475698999933,
                            39.44155350300008,
                            0
                        ]
                    ]
                ]
            },
            "properties": {
                "OBJECTID": 44,
                "Position": "P1V",
                "Low": 9000,
                "High": 12000,
                "Notes": null,
                "Fill": "#AA83E8",
                "Stroke": "#AA83E8",
                "Sector": "South Departure",
                "Shape_Length": 1.0447888312043543,
                "Shape_Area": 0.03685229165899763
            }
        },
        {
            "type": "Feature",
            "id": 47,
            "geometry": {
                "type": "Polygon",
                "coordinates": [
                    [
                        [
                            -75.447206552999944,
                            39.373432235000053,
                            0
                        ],
                        [
                            -75.443704763999961,
                            39.352250727000069,
                            0
                        ],
                        [
                            -75.379695277999986,
                            39.378483333000077,
                            0
                        ],
                        [
                            -75.287703230999966,
                            39.416041497000037,
                            0
                        ],
                        [
                            -75.280649443999948,
                            39.418920556000046,
                            0
                        ],
                        [
                            -75.259251110999969,
                            39.429370833000064,
                            0
                        ],
                        [
                            -75.227076943999975,
                            39.464358056000037,
                            0
                        ],
                        [
                            -75.225303610999958,
                            39.468566944000031,
                            0
                        ],
                        [
                            -75.222110555999961,
                            39.475979167000048,
                            0
                        ],
                        [
                            -75.219509166999956,
                            39.480828611000049,
                            0
                        ],
                        [
                            -75.216670832999966,
                            39.486044444000072,
                            0
                        ],
                        [
                            -75.210893738999971,
                            39.494635520000031,
                            0
                        ],
                        [
                            -75.327475698999933,
                            39.44155350300008,
                            0
                        ],
                        [
                            -75.449821537999981,
                            39.38924548600005,
                            0
                        ],
                        [
                            -75.447206552999944,
                            39.373432235000053,
                            0
                        ]
                    ]
                ]
            },
            "properties": {
                "OBJECTID": 47,
                "Position": "P1V",
                "Low": 9000,
                "High": 10000,
                "Notes": null,
                "Fill": "#AA83E8",
                "Stroke": "#AA83E8",
                "Sector": "South Departure",
                "Shape_Length": 0.5805901180914248,
                "Shape_Area": 0.0090111264264286176
            }
        },
        {
            "type": "Feature",
            "id": 49,
            "geometry": {
                "type": "Polygon",
                "coordinates": [
                    [
                        [
                            -75.473893507999946,
                            39.534644343000025,
                            0
                        ],
                        [
                            -75.473893528999952,
                            39.534644469000057,
                            0
                        ],
                        [
                            -75.488887499999976,
                            39.624038056000074,
                            0
                        ],
                        [
                            -76.013283891999947,
                            39.557767222000052,
                            0
                        ],
                        [
                            -75.870043056999975,
                            39.335015555000041,
                            0
                        ],
                        [
                            -75.835991110999942,
                            39.266568889000041,
                            0
                        ],
                        [
                            -75.772951142999943,
                            39.273020999000039,
                            0
                        ],
                        [
                            -75.775197039999966,
                            39.280374161000054,
                            0
                        ],
                        [
                            -75.779398055999934,
                            39.294126389000041,
                            0
                        ],
                        [
                            -75.781557499999963,
                            39.304072222000059,
                            0
                        ],
                        [
                            -75.782997777999981,
                            39.322306667000078,
                            0
                        ],
                        [
                            -75.757798610999942,
                            39.384745000000066,
                            0
                        ],
                        [
                            -75.749159443999986,
                            39.399111667000057,
                            0
                        ],
                        [
                            -75.734039443999961,
                            39.414306944000032,
                            0
                        ],
                        [
                            -75.68508194399999,
                            39.452434167000035,
                            0
                        ],
                        [
                            -75.665283332999934,
                            39.465971667000076,
                            0
                        ],
                        [
                            -75.648724166999955,
                            39.470115556000053,
                            0
                        ],
                        [
                            -75.582077221999953,
                            39.47910138900005,
                            0
                        ],
                        [
                            -75.571099925999988,
                            39.478905959000031,
                            0
                        ],
                        [
                            -75.554473055999949,
                            39.476540556000032,
                            0
                        ],
                        [
                            -75.512596666999968,
                            39.458018056000071,
                            0
                        ],
                        [
                            -75.499601388999963,
                            39.449113056000044,
                            0
                        ],
                        [
                            -75.494780202999948,
                            39.425761484000077,
                            0
                        ],
                        [
                            -75.483852172999946,
                            39.37280222000004,
                            0
                        ],
                        [
                            -75.449821537999981,
                            39.38924548600005,
                            0
                        ],
                        [
                            -75.45803794699998,
                            39.438908156000025,
                            0
                        ],
                        [
                            -75.473893507999946,
                            39.534644343000025,
                            0
                        ]
                    ]
                ]
            },
            "properties": {
                "OBJECTID": 49,
                "Position": "P1J",
                "Low": 11000,
                "High": 12000,
                "Notes": null,
                "Fill": "#664E8B",
                "Stroke": "#664E8B",
                "Sector": "South High",
                "Shape_Length": 1.7026952461074278,
                "Shape_Area": 0.095171355919940762
            }
        },
        {
            "type": "Feature",
            "id": 51,
            "geometry": {
                "type": "Polygon",
                "coordinates": [
                    [
                        [
                            -75.562863401999948,
                            39.758070366000027,
                            0
                        ],
                        [
                            -75.566175130999966,
                            39.770501756000044,
                            0
                        ],
                        [
                            -75.573209039999938,
                            39.797180144000038,
                            0
                        ],
                        [
                            -75.574527828999976,
                            39.802180928000041,
                            0
                        ],
                        [
                            -75.664014707999968,
                            39.783993085000077,
                            0
                        ],
                        [
                            -75.787649558999988,
                            39.758856899000079,
                            0
                        ],
                        [
                            -75.894444681999971,
                            39.689069343000028,
                            0
                        ],
                        [
                            -76.040289721999955,
                            39.593649722000066,
                            0
                        ],
                        [
                            -76.013283891999947,
                            39.557767222000052,
                            0
                        ],
                        [
                            -75.972443245999955,
                            39.562930177000055,
                            0
                        ],
                        [
                            -75.898009509999952,
                            39.572338882000054,
                            0
                        ],
                        [
                            -75.611402777999956,
                            39.608555132000049,
                            0
                        ],
                        [
                            -75.488887499999976,
                            39.624038056000074,
                            0
                        ],
                        [
                            -75.495286110999984,
                            39.662098611000033,
                            0
                        ],
                        [
                            -75.495177242249341,
                            39.662759552000267,
                            0
                        ],
                        [
                            -75.495074940375417,
                            39.663421541227713,
                            0
                        ],
                        [
                            -75.494979215460944,
                            39.664084513437842,
                            0
                        ],
                        [
                            -75.494890076940393,
                            39.664748403289252,
                            0
                        ],
                        [
                            -75.494807533599086,
                            39.665413145350108,
                            0
                        ],
                        [
                            -75.494731593572382,
                            39.666078674104554,
                            0
                        ],
                        [
                            -75.494662264344782,
                            39.666744923959236,
                            0
                        ],
                        [
                            -75.49459955274925,
                            39.667411829249694,
                            0
                        ],
                        [
                            -75.494543464966554,
                            39.668079324246897,
                            0
                        ],
                        [
                            -75.49449400652459,
                            39.668747343163673,
                            0
                        ],
                        [
                            -75.494451182297908,
                            39.669415820161234,
                            0
                        ],
                        [
                            -75.494414996507189,
                            39.670084689355626,
                            0
                        ],
                        [
                            -75.494385452718845,
                            39.670753884824251,
                            0
                        ],
                        [
                            -75.494362553844653,
                            39.67142334061235,
                            0
                        ],
                        [
                            -75.494346302141494,
                            39.672092990739507,
                            0
                        ],
                        [
                            -75.494336699211104,
                            39.672762769206159,
                            0
                        ],
                        [
                            -75.494333745999938,
                            39.673432610000077,
                            0
                        ],
                        [
                            -75.494400880901793,
                            39.674229380856758,
                            0
                        ],
                        [
                            -75.494475139757199,
                            39.675025519359465,
                            0
                        ],
                        [
                            -75.494556516625138,
                            39.675820961813997,
                            0
                        ],
                        [
                            -75.494645004995135,
                            39.676615644581815,
                            0
                        ],
                        [
                            -75.494740597787796,
                            39.67740950408519,
                            0
                        ],
                        [
                            -75.494843287355309,
                            39.678202476812231,
                            0
                        ],
                        [
                            -75.494953065482107,
                            39.678994499321995,
                            0
                        ],
                        [
                            -75.4950699233855,
                            39.67978550824958,
                            0
                        ],
                        [
                            -75.495193851716408,
                            39.680575440311152,
                            0
                        ],
                        [
                            -75.495324840560059,
                            39.681364232309043,
                            0
                        ],
                        [
                            -75.495462879436857,
                            39.682151821136792,
                            0
                        ],
                        [
                            -75.495607957303136,
                            39.682938143784199,
                            0
                        ],
                        [
                            -75.495760062552094,
                            39.683723137342348,
                            0
                        ],
                        [
                            -75.495919183014706,
                            39.684506739008683,
                            0
                        ],
                        [
                            -75.496085305960733,
                            39.685288886091975,
                            0
                        ],
                        [
                            -75.496258418099657,
                            39.68606951601739,
                            0
                        ],
                        [
                            -75.49643850558185,
                            39.68684856633147,
                            0
                        ],
                        [
                            -75.496625553999593,
                            39.68762597470711,
                            0
                        ],
                        [
                            -75.496819548388274,
                            39.688401678948601,
                            0
                        ],
                        [
                            -75.497020473227593,
                            39.689175616996536,
                            0
                        ],
                        [
                            -75.497228312442758,
                            39.689947726932843,
                            0
                        ],
                        [
                            -75.497443049405817,
                            39.690717946985686,
                            0
                        ],
                        [
                            -75.497664666936984,
                            39.691486215534425,
                            0
                        ],
                        [
                            -75.497893147305959,
                            39.692252471114557,
                            0
                        ],
                        [
                            -75.498128472233446,
                            39.693016652422635,
                            0
                        ],
                        [
                            -75.498370622892494,
                            39.693778698321132,
                            0
                        ],
                        [
                            -75.498619579910113,
                            39.694538547843393,
                            0
                        ],
                        [
                            -75.498875323368765,
                            39.695296140198465,
                            0
                        ],
                        [
                            -75.499137832807975,
                            39.696051414775972,
                            0
                        ],
                        [
                            -75.499407087225933,
                            39.696804311150991,
                            0
                        ],
                        [
                            -75.499683065081229,
                            39.697554769088839,
                            0
                        ],
                        [
                            -75.49996574429457,
                            39.69830272854994,
                            0
                        ],
                        [
                            -75.500255102250492,
                            39.699048129694589,
                            0
                        ],
                        [
                            -75.50055111579924,
                            39.699790912887764,
                            0
                        ],
                        [
                            -75.500853761258526,
                            39.700531018703892,
                            0
                        ],
                        [
                            -75.501163014415567,
                            39.701268387931599,
                            0
                        ],
                        [
                            -75.501478850528869,
                            39.702002961578444,
                            0
                        ],
                        [
                            -75.501801244330309,
                            39.702734680875643,
                            0
                        ],
                        [
                            -75.502130170027115,
                            39.703463487282782,
                            0
                        ],
                        [
                            -75.502465601303925,
                            39.704189322492475,
                            0
                        ],
                        [
                            -75.502807511324946,
                            39.704912128435055,
                            0
                        ],
                        [
                            -75.503155872736002,
                            39.705631847283207,
                            0
                        ],
                        [
                            -75.503510657666837,
                            39.706348421456589,
                            0
                        ],
                        [
                            -75.503871837733229,
                            39.707061793626458,
                            0
                        ],
                        [
                            -75.504239384039394,
                            39.707771906720218,
                            0
                        ],
                        [
                            -75.504613267180133,
                            39.708478703926048,
                            0
                        ],
                        [
                            -75.504993457243373,
                            39.709182128697378,
                            0
                        ],
                        [
                            -75.505379923812384,
                            39.709882124757463,
                            0
                        ],
                        [
                            -75.505772635968327,
                            39.710578636103875,
                            0
                        ],
                        [
                            -75.506171562292693,
                            39.711271607012954,
                            0
                        ],
                        [
                            -75.506576670869791,
                            39.71196098204431,
                            0
                        ],
                        [
                            -75.506987929289352,
                            39.712646706045234,
                            0
                        ],
                        [
                            -75.507405304649097,
                            39.713328724155097,
                            0
                        ],
                        [
                            -75.507828763557328,
                            39.714006981809781,
                            0
                        ],
                        [
                            -75.508258272135691,
                            39.714681424745997,
                            0
                        ],
                        [
                            -75.508693796021817,
                            39.715351999005662,
                            0
                        ],
                        [
                            -75.509135300372051,
                            39.7160186509402,
                            0
                        ],
                        [
                            -75.509582749864336,
                            39.716681327214829,
                            0
                        ],
                        [
                            -75.51003610870093,
                            39.717339974812852,
                            0
                        ],
                        [
                            -75.510495340611371,
                            39.717994541039857,
                            0
                        ],
                        [
                            -75.510960408855283,
                            39.718644973527979,
                            0
                        ],
                        [
                            -75.51143127622538,
                            39.719291220240066,
                            0
                        ],
                        [
                            -75.511907905050421,
                            39.719933229473838,
                            0
                        ],
                        [
                            -75.51239025719822,
                            39.720570949866023,
                            0
                        ],
                        [
                            -75.512878294078718,
                            39.721204330396489,
                            0
                        ],
                        [
                            -75.513371976647051,
                            39.7218333203923,
                            0
                        ],
                        [
                            -75.513871265406664,
                            39.72245786953178,
                            0
                        ],
                        [
                            -75.514376120412479,
                            39.723077927848557,
                            0
                        ],
                        [
                            -75.514886501274134,
                            39.723693445735513,
                            0
                        ],
                        [
                            -75.51540236715914,
                            39.724304373948797,
                            0
                        ],
                        [
                            -75.515923676796191,
                            39.724910663611752,
                            0
                        ],
                        [
                            -75.516450388478489,
                            39.725512266218828,
                            0
                        ],
                        [
                            -75.516982460067013,
                            39.72610913363944,
                            0
                        ],
                        [
                            -75.517519848993942,
                            39.726701218121853,
                            0
                        ],
                        [
                            -75.518062512266056,
                            39.727288472296983,
                            0
                        ],
                        [
                            -75.518610406468142,
                            39.727870849182182,
                            0
                        ],
                        [
                            -75.519163487766534,
                            39.728448302185001,
                            0
                        ],
                        [
                            -75.519721711912553,
                            39.729020785106947,
                            0
                        ],
                        [
                            -75.520285034246044,
                            39.729588252147124,
                            0
                        ],
                        [
                            -75.520853409699029,
                            39.730150657905938,
                            0
                        ],
                        [
                            -75.521426792799218,
                            39.730707957388717,
                            0
                        ],
                        [
                            -75.52200513767373,
                            39.731260106009316,
                            0
                        ],
                        [
                            -75.522588398052704,
                            39.73180705959367,
                            0
                        ],
                        [
                            -75.52317652727298,
                            39.73234877438334,
                            0
                        ],
                        [
                            -75.523769478281949,
                            39.732885207039011,
                            0
                        ],
                        [
                            -75.524367203641177,
                            39.733416314643968,
                            0
                        ],
                        [
                            -75.524969655530285,
                            39.733942054707505,
                            0
                        ],
                        [
                            -75.525576785750744,
                            39.734462385168364,
                            0
                        ],
                        [
                            -75.526188545729781,
                            39.734977264398047,
                            0
                        ],
                        [
                            -75.526804886524161,
                            39.735486651204198,
                            0
                        ],
                        [
                            -75.527425758824208,
                            39.735990504833872,
                            0
                        ],
                        [
                            -75.528051112957698,
                            39.736488784976785,
                            0
                        ],
                        [
                            -75.528680898893839,
                            39.736981451768585,
                            0
                        ],
                        [
                            -75.529315066247293,
                            39.737468465793974,
                            0
                        ],
                        [
                            -75.529953564282152,
                            39.737949788089928,
                            0
                        ],
                        [
                            -75.53059634191608,
                            39.738425380148762,
                            0
                        ],
                        [
                            -75.531243347724327,
                            39.738895203921238,
                            0
                        ],
                        [
                            -75.531894529943898,
                            39.739359221819619,
                            0
                        ],
                        [
                            -75.532549836477656,
                            39.739817396720646,
                            0
                        ],
                        [
                            -75.533209214898477,
                            39.740269691968514,
                            0
                        ],
                        [
                            -75.533872612453521,
                            39.740716071377832,
                            0
                        ],
                        [
                            -75.534539976068359,
                            39.741156499236496,
                            0
                        ],
                        [
                            -75.535211252351289,
                            39.741590940308541,
                            0
                        ],
                        [
                            -75.535886387597571,
                            39.742019359836966,
                            0
                        ],
                        [
                            -75.53656532779371,
                            39.742441723546541,
                            0
                        ],
                        [
                            -75.537248018621838,
                            39.742857997646496,
                            0
                        ],
                        [
                            -75.537934405464,
                            39.743268148833266,
                            0
                        ],
                        [
                            -75.538624433406554,
                            39.743672144293143,
                            0
                        ],
                        [
                            -75.539318047244535,
                            39.744069951704908,
                            0
                        ],
                        [
                            -75.540015191486134,
                            39.744461539242401,
                            0
                        ],
                        [
                            -75.540715810357042,
                            39.744846875577075,
                            0
                        ],
                        [
                            -75.541419847805017,
                            39.745225929880519,
                            0
                        ],
                        [
                            -75.542127247504283,
                            39.745598671826883,
                            0
                        ],
                        [
                            -75.542837952860083,
                            39.745965071595357,
                            0
                        ],
                        [
                            -75.543551907013196,
                            39.746325099872507,
                            0
                        ],
                        [
                            -75.544269052844484,
                            39.746678727854672,
                            0
                        ],
                        [
                            -75.544989332979455,
                            39.747025927250206,
                            0
                        ],
                        [
                            -75.545712689792879,
                            39.747366670281806,
                            0
                        ],
                        [
                            -75.546439065413352,
                            39.747700929688683,
                            0
                        ],
                        [
                            -75.547168401727973,
                            39.748028678728765,
                            0
                        ],
                        [
                            -75.54790064038697,
                            39.748349891180851,
                            0
                        ],
                        [
                            -75.54863572280837,
                            39.748664541346677,
                            0
                        ],
                        [
                            -75.549373590182682,
                            39.748972604052987,
                            0
                        ],
                        [
                            -75.550114183477632,
                            39.749274054653554,
                            0
                        ],
                        [
                            -75.550857443442823,
                            39.749568869031158,
                            0
                        ],
                        [
                            -75.551603310614553,
                            39.749857023599475,
                            0
                        ],
                        [
                            -75.552351725320506,
                            39.750138495305009,
                            0
                        ],
                        [
                            -75.553102627684552,
                            39.750413261628921,
                            0
                        ],
                        [
                            -75.553855957631583,
                            39.750681300588823,
                            0
                        ],
                        [
                            -75.554611654892199,
                            39.750942590740543,
                            0
                        ],
                        [
                            -75.555369659007681,
                            39.751197111179842,
                            0
                        ],
                        [
                            -75.5561299093347,
                            39.751444841544078,
                            0
                        ],
                        [
                            -75.556892345050244,
                            39.751685762013864,
                            0
                        ],
                        [
                            -75.557656905156463,
                            39.751919853314597,
                            0
                        ],
                        [
                            -75.558423528485548,
                            39.752147096718062,
                            0
                        ],
                        [
                            -75.559192153704601,
                            39.752367474043893,
                            0
                        ],
                        [
                            -75.559962719320581,
                            39.752580967661032,
                            0
                        ],
                        [
                            -75.560735163685223,
                            39.752787560489153,
                            0
                        ],
                        [
                            -75.56150942499994,
                            39.752987236000024,
                            0
                        ],
                        [
                            -75.561726952999948,
                            39.753803908000066,
                            0
                        ],
                        [
                            -75.561736032999988,
                            39.753837999000041,
                            0
                        ],
                        [
                            -75.561753055999986,
                            39.753834722000079,
                            0
                        ],
                        [
                            -75.562863401999948,
                            39.758070366000027,
                            0
                        ]
                    ]
                ]
            },
            "properties": {
                "OBJECTID": 51,
                "Position": "P1J",
                "Low": 10000,
                "High": 12000,
                "Notes": null,
                "Fill": "#664E8B",
                "Stroke": "#664E8B",
                "Sector": "South High",
                "Shape_Length": 1.3048486005992797,
                "Shape_Area": 0.074482839446581989
            }
        },
        {
            "type": "Feature",
            "id": 52,
            "geometry": {
                "type": "Polygon",
                "coordinates": [
                    [
                        [
                            -76.090210962999947,
                            39.659957625000061,
                            0
                        ],
                        [
                            -76.040289721999955,
                            39.593649722000066,
                            0
                        ],
                        [
                            -75.787649558999988,
                            39.758856900000069,
                            0
                        ],
                        [
                            -75.971655091999935,
                            39.721134093000046,
                            0
                        ],
                        [
                            -76.090210962999947,
                            39.659957625000061,
                            0
                        ]
                    ]
                ]
            },
            "properties": {
                "OBJECTID": 52,
                "Position": "P1J",
                "Low": 10000,
                "High": 10000,
                "Notes": null,
                "Fill": "#664E8B",
                "Stroke": "#664E8B",
                "Sector": "South High",
                "Shape_Length": 0.70610271557980731,
                "Shape_Area": 0.015891967565454974
            }
        },
        {
            "type": "Feature",
            "id": 57,
            "geometry": {
                "type": "Polygon",
                "coordinates": [
                    [
                        [
                            -75.840004410999939,
                            40.023000683000078,
                            0
                        ],
                        [
                            -75.637469443999976,
                            40.074481389000027,
                            0
                        ],
                        [
                            -75.631976943999973,
                            40.116779444000031,
                            0
                        ],
                        [
                            -75.63221336058605,
                            40.117618215989779,
                            0
                        ],
                        [
                            -75.632456519194278,
                            40.118455058354989,
                            0
                        ],
                        [
                            -75.632706404078505,
                            40.119289916904442,
                            0
                        ],
                        [
                            -75.632962999056986,
                            40.1201227375754,
                            0
                        ],
                        [
                            -75.63322628751348,
                            40.120953466437086,
                            0
                        ],
                        [
                            -75.633496252398245,
                            40.12178204969419,
                            0
                        ],
                        [
                            -75.633772876229258,
                            40.122608433690331,
                            0
                        ],
                        [
                            -75.634056141093225,
                            40.12343256491156,
                            0
                        ],
                        [
                            -75.63434602864686,
                            40.124254389989794,
                            0
                        ],
                        [
                            -75.63464252011795,
                            40.125073855706297,
                            0
                        ],
                        [
                            -75.634945596306693,
                            40.125890908995125,
                            0
                        ],
                        [
                            -75.635255237586833,
                            40.126705496946535,
                            0
                        ],
                        [
                            -75.635571423907024,
                            40.127517566810461,
                            0
                        ],
                        [
                            -75.635894134792039,
                            40.128327065999869,
                            0
                        ],
                        [
                            -75.636223349344178,
                            40.129133942094214,
                            0
                        ],
                        [
                            -75.636559046244557,
                            40.129938142842803,
                            0
                        ],
                        [
                            -75.636901203754547,
                            40.130739616168192,
                            0
                        ],
                        [
                            -75.637249799717125,
                            40.131538310169574,
                            0
                        ],
                        [
                            -75.637604811558333,
                            40.13233417312609,
                            0
                        ],
                        [
                            -75.637966216288774,
                            40.133127153500233,
                            0
                        ],
                        [
                            -75.638333990505032,
                            40.133917199941159,
                            0
                        ],
                        [
                            -75.638708110391221,
                            40.134704261288014,
                            0
                        ],
                        [
                            -75.63908855172059,
                            40.135488286573242,
                            0
                        ],
                        [
                            -75.639475289856946,
                            40.136269225025906,
                            0
                        ],
                        [
                            -75.639868299756387,
                            40.137047026074953,
                            0
                        ],
                        [
                            -75.640267555968876,
                            40.137821639352495,
                            0
                        ],
                        [
                            -75.640673032639867,
                            40.138593014697094,
                            0
                        ],
                        [
                            -75.641084703511993,
                            40.139361102156961,
                            0
                        ],
                        [
                            -75.641502541926783,
                            40.14012585199324,
                            0
                        ],
                        [
                            -75.64192652082636,
                            40.140887214683197,
                            0
                        ],
                        [
                            -75.642356612755236,
                            40.141645140923458,
                            0
                        ],
                        [
                            -75.642792789862057,
                            40.142399581633157,
                            0
                        ],
                        [
                            -75.643235023901383,
                            40.143150487957158,
                            0
                        ],
                        [
                            -75.643683286235557,
                            40.143897811269191,
                            0
                        ],
                        [
                            -75.644137547836593,
                            40.144641503175016,
                            0
                        ],
                        [
                            -75.644597779287949,
                            40.145381515515552,
                            0
                        ],
                        [
                            -75.64506395078655,
                            40.146117800369979,
                            0
                        ],
                        [
                            -75.645536032144605,
                            40.14685031005888,
                            0
                        ],
                        [
                            -75.646013992791666,
                            40.147578997147292,
                            0
                        ],
                        [
                            -75.646497801776562,
                            40.148303814447793,
                            0
                        ],
                        [
                            -75.646987427769361,
                            40.149024715023558,
                            0
                        ],
                        [
                            -75.647482839063471,
                            40.149741652191395,
                            0
                        ],
                        [
                            -75.647984003577662,
                            40.150454579524769,
                            0
                        ],
                        [
                            -75.648490888858149,
                            40.151163450856806,
                            0
                        ],
                        [
                            -75.649003462080671,
                            40.151868220283305,
                            0
                        ],
                        [
                            -75.649521690052637,
                            40.152568842165657,
                            0
                        ],
                        [
                            -75.650045539215284,
                            40.153265271133861,
                            0
                        ],
                        [
                            -75.650574975645824,
                            40.153957462089423,
                            0
                        ],
                        [
                            -75.651109965059689,
                            40.154645370208307,
                            0
                        ],
                        [
                            -75.651650472812662,
                            40.15532895094379,
                            0
                        ],
                        [
                            -75.652196463903238,
                            40.156008160029401,
                            0
                        ],
                        [
                            -75.652747902974781,
                            40.156682953481756,
                            0
                        ],
                        [
                            -75.653304754317872,
                            40.157353287603414,
                            0
                        ],
                        [
                            -75.653866981872639,
                            40.158019118985692,
                            0
                        ],
                        [
                            -75.654434549231027,
                            40.158680404511507,
                            0
                        ],
                        [
                            -75.655007419639205,
                            40.159337101358147,
                            0
                        ],
                        [
                            -75.655585555999949,
                            40.159989167000049,
                            0
                        ],
                        [
                            -75.656299737031119,
                            40.160781619206062,
                            0
                        ],
                        [
                            -75.657019233330544,
                            40.161569248636205,
                            0
                        ],
                        [
                            -75.657744012331435,
                            40.162352019639734,
                            0
                        ],
                        [
                            -75.65847404122789,
                            40.163129896785847,
                            0
                        ],
                        [
                            -75.659209286976363,
                            40.163902844865241,
                            0
                        ],
                        [
                            -75.65994971629722,
                            40.164670828891715,
                            0
                        ],
                        [
                            -75.660695295676149,
                            40.165433814103771,
                            0
                        ],
                        [
                            -75.661445991365767,
                            40.166191765966161,
                            0
                        ],
                        [
                            -75.662201769387082,
                            40.166944650171466,
                            0
                        ],
                        [
                            -75.66296259553107,
                            40.167692432641651,
                            0
                        ],
                        [
                            -75.663728435360241,
                            40.168435079529594,
                            0
                        ],
                        [
                            -75.664499254210099,
                            40.169172557220641,
                            0
                        ],
                        [
                            -75.665275017190865,
                            40.16990483233409,
                            0
                        ],
                        [
                            -75.666055689188909,
                            40.170631871724751,
                            0
                        ],
                        [
                            -75.666841234868429,
                            40.171353642484398,
                            0
                        ],
                        [
                            -75.667631618673028,
                            40.172070111943306,
                            0
                        ],
                        [
                            -75.668426804827291,
                            40.172781247671665,
                            0
                        ],
                        [
                            -75.669226757338478,
                            40.173487017481136,
                            0
                        ],
                        [
                            -75.67003143999807,
                            40.174187389426216,
                            0
                        ],
                        [
                            -75.67084081638346,
                            40.174882331805755,
                            0
                        ],
                        [
                            -75.671654849859578,
                            40.175571813164353,
                            0
                        ],
                        [
                            -75.672473503580576,
                            40.176255802293795,
                            0
                        ],
                        [
                            -75.673296740491466,
                            40.176934268234461,
                            0
                        ],
                        [
                            -75.674124523329823,
                            40.177607180276731,
                            0
                        ],
                        [
                            -75.674956814627436,
                            40.178274507962371,
                            0
                        ],
                        [
                            -75.675793576712039,
                            40.178936221085912,
                            0
                        ],
                        [
                            -75.676634771709004,
                            40.179592289696032,
                            0
                        ],
                        [
                            -75.677480361543061,
                            40.180242684096882,
                            0
                        ],
                        [
                            -75.678330307939987,
                            40.180887374849448,
                            0
                        ],
                        [
                            -75.679184572428412,
                            40.181526332772883,
                            0
                        ],
                        [
                            -75.680043116341466,
                            40.182159528945846,
                            0
                        ],
                        [
                            -75.680905900818615,
                            40.182786934707764,
                            0
                        ],
                        [
                            -75.681772886807366,
                            40.183408521660176,
                            0
                        ],
                        [
                            -75.682644035065067,
                            40.184024261667993,
                            0
                        ],
                        [
                            -75.683519306160633,
                            40.184634126860772,
                            0
                        ],
                        [
                            -75.684398660476404,
                            40.185238089633991,
                            0
                        ],
                        [
                            -75.685282058209879,
                            40.185836122650294,
                            0
                        ],
                        [
                            -75.686169459375549,
                            40.186428198840723,
                            0
                        ],
                        [
                            -75.687060823806689,
                            40.187014291405937,
                            0
                        ],
                        [
                            -75.687956111157177,
                            40.187594373817447,
                            0
                        ],
                        [
                            -75.688855280903354,
                            40.188168419818794,
                            0
                        ],
                        [
                            -75.689758292345815,
                            40.188736403426752,
                            0
                        ],
                        [
                            -75.690665104611227,
                            40.189298298932499,
                            0
                        ],
                        [
                            -75.691575676654296,
                            40.189854080902776,
                            0
                        ],
                        [
                            -75.69248996725949,
                            40.190403724181053,
                            0
                        ],
                        [
                            -75.693407935042998,
                            40.190947203888641,
                            0
                        ],
                        [
                            -75.694329538454525,
                            40.191484495425847,
                            0
                        ],
                        [
                            -75.695254735779258,
                            40.192015574473075,
                            0
                        ],
                        [
                            -75.696183485139699,
                            40.192540416991925,
                            0
                        ],
                        [
                            -75.697115744497552,
                            40.193058999226281,
                            0
                        ],
                        [
                            -75.698051471655688,
                            40.193571297703386,
                            0
                        ],
                        [
                            -75.698990624259963,
                            40.194077289234919,
                            0
                        ],
                        [
                            -75.699933159801219,
                            40.194576950918012,
                            0
                        ],
                        [
                            -75.700879035617191,
                            40.195070260136326,
                            0
                        ],
                        [
                            -75.701828208894369,
                            40.195557194561054,
                            0
                        ],
                        [
                            -75.702780636670042,
                            40.196037732151915,
                            0
                        ],
                        [
                            -75.70373627583416,
                            40.196511851158192,
                            0
                        ],
                        [
                            -75.704695083131313,
                            40.196979530119677,
                            0
                        ],
                        [
                            -75.705657015162714,
                            40.197440747867674,
                            0
                        ],
                        [
                            -75.706622028388125,
                            40.197895483525933,
                            0
                        ],
                        [
                            -75.707590079127826,
                            40.198343716511616,
                            0
                        ],
                        [
                            -75.70856112356465,
                            40.198785426536197,
                            0
                        ],
                        [
                            -75.709535117745901,
                            40.199220593606427,
                            0
                        ],
                        [
                            -75.710512017585344,
                            40.199649198025192,
                            0
                        ],
                        [
                            -75.71149177886528,
                            40.200071220392431,
                            0
                        ],
                        [
                            -75.712474357238435,
                            40.20048664160602,
                            0
                        ],
                        [
                            -75.713459708230062,
                            40.20089544286261,
                            0
                        ],
                        [
                            -75.714447787239919,
                            40.201297605658496,
                            0
                        ],
                        [
                            -75.715438549544245,
                            40.201693111790469,
                            0
                        ],
                        [
                            -75.71643195029786,
                            40.202081943356589,
                            0
                        ],
                        [
                            -75.717427944536155,
                            40.202464082757061,
                            0
                        ],
                        [
                            -75.718426487177112,
                            40.202839512694986,
                            0
                        ],
                        [
                            -75.719427533023378,
                            40.20320821617716,
                            0
                        ],
                        [
                            -75.72043103676431,
                            40.20357017651483,
                            0
                        ],
                        [
                            -75.721436952977982,
                            40.203925377324481,
                            0
                        ],
                        [
                            -75.722445236133296,
                            40.204273802528533,
                            0
                        ],
                        [
                            -75.723455840591996,
                            40.204615436356121,
                            0
                        ],
                        [
                            -75.724468720610773,
                            40.204950263343747,
                            0
                        ],
                        [
                            -75.725483830343336,
                            40.205278268336045,
                            0
                        ],
                        [
                            -75.726501123842425,
                            40.205599436486409,
                            0
                        ],
                        [
                            -75.727520555061972,
                            40.205913753257704,
                            0
                        ],
                        [
                            -75.728542077859132,
                            40.206221204422917,
                            0
                        ],
                        [
                            -75.729565645996388,
                            40.206521776065784,
                            0
                        ],
                        [
                            -75.730591213143654,
                            40.206815454581431,
                            0
                        ],
                        [
                            -75.731618732880349,
                            40.207102226676994,
                            0
                        ],
                        [
                            -75.732648158697529,
                            40.207382079372223,
                            0
                        ],
                        [
                            -75.733679443999961,
                            40.207655000000045,
                            0
                        ],
                        [
                            -75.840531388999977,
                            40.224839167000027,
                            0
                        ],
                        [
                            -75.841904257271224,
                            40.225004213102032,
                            0
                        ],
                        [
                            -75.843277939400096,
                            40.225162342526218,
                            0
                        ],
                        [
                            -75.844652400539758,
                            40.225313551261237,
                            0
                        ],
                        [
                            -75.846027605823593,
                            40.225457835471303,
                            0
                        ],
                        [
                            -75.847403520366143,
                            40.225595191496296,
                            0
                        ],
                        [
                            -75.848780109263913,
                            40.225725615851843,
                            0
                        ],
                        [
                            -75.850157337596329,
                            40.2258491052294,
                            0
                        ],
                        [
                            -75.851535170426587,
                            40.225965656496356,
                            0
                        ],
                        [
                            -75.852913572802564,
                            40.226075266696107,
                            0
                        ],
                        [
                            -75.85429250975767,
                            40.226177933048106,
                            0
                        ],
                        [
                            -75.855671946311759,
                            40.226273652947981,
                            0
                        ],
                        [
                            -75.857051847472007,
                            40.226362423967551,
                            0
                        ],
                        [
                            -75.858432178233826,
                            40.226444243854921,
                            0
                        ],
                        [
                            -75.859812903581698,
                            40.226519110534532,
                            0
                        ],
                        [
                            -75.861193988490129,
                            40.226587022107203,
                            0
                        ],
                        [
                            -75.862575397924473,
                            40.226647976850188,
                            0
                        ],
                        [
                            -75.863957096841858,
                            40.226701973217224,
                            0
                        ],
                        [
                            -75.865339050192105,
                            40.226749009838549,
                            0
                        ],
                        [
                            -75.866721222918514,
                            40.226789085520977,
                            0
                        ],
                        [
                            -75.868103579958898,
                            40.226822199247877,
                            0
                        ],
                        [
                            -75.869486086246326,
                            40.226848350179246,
                            0
                        ],
                        [
                            -75.870868706710112,
                            40.226867537651692,
                            0
                        ],
                        [
                            -75.872251406276675,
                            40.226879761178488,
                            0
                        ],
                        [
                            -75.873634149870412,
                            40.226885020449544,
                            0
                        ],
                        [
                            -75.875016902414643,
                            40.226883315331456,
                            0
                        ],
                        [
                            -75.876399628832402,
                            40.226874645867468,
                            0
                        ],
                        [
                            -75.877782294047435,
                            40.226859012277508,
                            0
                        ],
                        [
                            -75.879164862985007,
                            40.226836414958157,
                            0
                        ],
                        [
                            -75.880547300572843,
                            40.22680685448266,
                            0
                        ],
                        [
                            -75.881929571742006,
                            40.226770331600889,
                            0
                        ],
                        [
                            -75.883311641427753,
                            40.226726847239327,
                            0
                        ],
                        [
                            -75.884693474570497,
                            40.22667640250107,
                            0
                        ],
                        [
                            -75.886075036116594,
                            40.226618998665778,
                            0
                        ],
                        [
                            -75.887456291019348,
                            40.226554637189636,
                            0
                        ],
                        [
                            -75.888837204239792,
                            40.226483319705331,
                            0
                        ],
                        [
                            -75.890217740747673,
                            40.226405048022009,
                            0
                        ],
                        [
                            -75.891597865522243,
                            40.226319824125227,
                            0
                        ],
                        [
                            -75.892977543553243,
                            40.226227650176888,
                            0
                        ],
                        [
                            -75.89435673984174,
                            40.226128528515233,
                            0
                        ],
                        [
                            -75.895735419400978,
                            40.226022461654708,
                            0
                        ],
                        [
                            -75.897113547257376,
                            40.225909452285968,
                            0
                        ],
                        [
                            -75.89849108845128,
                            40.225789503275784,
                            0
                        ],
                        [
                            -75.899868008037984,
                            40.225662617666941,
                            0
                        ],
                        [
                            -75.901244271088515,
                            40.225528798678226,
                            0
                        ],
                        [
                            -75.902619842690541,
                            40.225388049704272,
                            0
                        ],
                        [
                            -75.903994687949307,
                            40.22524037431554,
                            0
                        ],
                        [
                            -75.905368771988449,
                            40.225085776258162,
                            0
                        ],
                        [
                            -75.906742059950943,
                            40.224924259453914,
                            0
                        ],
                        [
                            -75.908114516999944,
                            40.22475582800007,
                            0
                        ],
                        [
                            -75.909406572885686,
                            40.224629988570605,
                            0
                        ],
                        [
                            -75.91069791607147,
                            40.224497034629621,
                            0
                        ],
                        [
                            -75.911988507382603,
                            40.224356970210465,
                            0
                        ],
                        [
                            -75.913278307667213,
                            40.224209799562182,
                            0
                        ],
                        [
                            -75.914567277797403,
                            40.224055527149403,
                            0
                        ],
                        [
                            -75.9158553786705,
                            40.223894157652182,
                            0
                        ],
                        [
                            -75.91714257121015,
                            40.223725695965904,
                            0
                        ],
                        [
                            -75.918428816367609,
                            40.223550147201074,
                            0
                        ],
                        [
                            -75.919714075122812,
                            40.223367516683211,
                            0
                        ],
                        [
                            -75.920998308485665,
                            40.223177809952674,
                            0
                        ],
                        [
                            -75.922281477497179,
                            40.222981032764466,
                            0
                        ],
                        [
                            -75.923563543230614,
                            40.222777191088113,
                            0
                        ],
                        [
                            -75.924844466792749,
                            40.22256629110742,
                            0
                        ],
                        [
                            -75.926124209324982,
                            40.222348339220339,
                            0
                        ],
                        [
                            -75.927402732004552,
                            40.222123342038735,
                            0
                        ],
                        [
                            -75.928679996045688,
                            40.221891306388223,
                            0
                        ],
                        [
                            -75.929955962700816,
                            40.221652239307915,
                            0
                        ],
                        [
                            -75.931230593261716,
                            40.221406148050249,
                            0
                        ],
                        [
                            -75.932503849060708,
                            40.221153040080743,
                            0
                        ],
                        [
                            -75.933775691471808,
                            40.220892923077777,
                            0
                        ],
                        [
                            -75.935046081911892,
                            40.220625804932361,
                            0
                        ],
                        [
                            -75.936314981841932,
                            40.220351693747901,
                            0
                        ],
                        [
                            -75.937582352768061,
                            40.220070597839936,
                            0
                        ],
                        [
                            -75.938848156242841,
                            40.219782525735894,
                            0
                        ],
                        [
                            -75.940112353866368,
                            40.219487486174856,
                            0
                        ],
                        [
                            -75.94137490728744,
                            40.219185488107243,
                            0
                        ],
                        [
                            -75.942635778204732,
                            40.218876540694595,
                            0
                        ],
                        [
                            -75.94389492836801,
                            40.218560653309254,
                            0
                        ],
                        [
                            -75.945152319579194,
                            40.218237835534111,
                            0
                        ],
                        [
                            -75.946407913693562,
                            40.21790809716228,
                            0
                        ],
                        [
                            -75.947661672620924,
                            40.217571448196843,
                            0
                        ],
                        [
                            -75.94891355832678,
                            40.21722789885051,
                            0
                        ],
                        [
                            -75.950163532833429,
                            40.216877459545323,
                            0
                        ],
                        [
                            -75.951411558221153,
                            40.216520140912351,
                            0
                        ],
                        [
                            -75.952657596629393,
                            40.216155953791343,
                            0
                        ],
                        [
                            -75.953901610257816,
                            40.215784909230429,
                            0
                        ],
                        [
                            -75.955143561367549,
                            40.215407018485763,
                            0
                        ],
                        [
                            -75.956383412282293,
                            40.215022293021171,
                            0
                        ],
                        [
                            -75.957621125389437,
                            40.214630744507851,
                            0
                        ],
                        [
                            -75.958856663141248,
                            40.214232384823958,
                            0
                        ],
                        [
                            -75.960089988055955,
                            40.213827226054292,
                            0
                        ],
                        [
                            -75.961321062718952,
                            40.213415280489905,
                            0
                        ],
                        [
                            -75.962549849783869,
                            40.212996560627737,
                            0
                        ],
                        [
                            -75.96377631197376,
                            40.212571079170239,
                            0
                        ],
                        [
                            -75.965000412082176,
                            40.212138849024974,
                            0
                        ],
                        [
                            -75.966222112974336,
                            40.211699883304256,
                            0
                        ],
                        [
                            -75.967441377588273,
                            40.211254195324713,
                            0
                        ],
                        [
                            -75.968658168935875,
                            40.210801798606909,
                            0
                        ],
                        [
                            -75.969872450104106,
                            40.210342706874918,
                            0
                        ],
                        [
                            -75.971084184256043,
                            40.209876934055941,
                            0
                        ],
                        [
                            -75.97229333463207,
                            40.209404494279831,
                            0
                        ],
                        [
                            -75.973499864550917,
                            40.208925401878709,
                            0
                        ],
                        [
                            -75.974703737410834,
                            40.208439671386508,
                            0
                        ],
                        [
                            -75.975904916690652,
                            40.207947317538533,
                            0
                        ],
                        [
                            -75.977103365950953,
                            40.207448355271033,
                            0
                        ],
                        [
                            -75.978299048835083,
                            40.206942799720707,
                            0
                        ],
                        [
                            -75.979491929070377,
                            40.206430666224286,
                            0
                        ],
                        [
                            -75.980681970469135,
                            40.205911970318063,
                            0
                        ],
                        [
                            -75.981869136929802,
                            40.205386727737384,
                            0
                        ],
                        [
                            -75.983053392438038,
                            40.20485495441622,
                            0
                        ],
                        [
                            -75.984234701067805,
                            40.204316666486648,
                            0
                        ],
                        [
                            -75.985413026982471,
                            40.203771880278389,
                            0
                        ],
                        [
                            -75.986588334435879,
                            40.203220612318276,
                            0
                        ],
                        [
                            -75.987760587773451,
                            40.202662879329793,
                            0
                        ],
                        [
                            -75.988929751433261,
                            40.202098698232547,
                            0
                        ],
                        [
                            -75.990095789947077,
                            40.201528086141757,
                            0
                        ],
                        [
                            -75.991258667941537,
                            40.200951060367728,
                            0
                        ],
                        [
                            -75.992418350139104,
                            40.200367638415337,
                            0
                        ],
                        [
                            -75.993574801359216,
                            40.199777837983497,
                            0
                        ],
                        [
                            -75.994727986519322,
                            40.199181676964635,
                            0
                        ],
                        [
                            -75.995877870635937,
                            40.198579173444109,
                            0
                        ],
                        [
                            -75.997024418825731,
                            40.197970345699702,
                            0
                        ],
                        [
                            -75.998167596306587,
                            40.19735521220106,
                            0
                        ],
                        [
                            -75.999307368398618,
                            40.196733791609098,
                            0
                        ],
                        [
                            -76.000443700525267,
                            40.196106102775481,
                            0
                        ],
                        [
                            -76.00157655821431,
                            40.195472164742021,
                            0
                        ],
                        [
                            -76.002705907098928,
                            40.194831996740099,
                            0
                        ],
                        [
                            -76.003831712918782,
                            40.194185618190112,
                            0
                        ],
                        [
                            -76.004953941520967,
                            40.193533048700843,
                            0
                        ],
                        [
                            -76.006072558861135,
                            40.192874308068895,
                            0
                        ],
                        [
                            -76.007187531004462,
                            40.192209416278075,
                            0
                        ],
                        [
                            -76.008298824126726,
                            40.19153839349881,
                            0
                        ],
                        [
                            -76.009406404515303,
                            40.190861260087502,
                            0
                        ],
                        [
                            -76.01051023857022,
                            40.190178036585927,
                            0
                        ],
                        [
                            -76.01161029280513,
                            40.189488743720624,
                            0
                        ],
                        [
                            -76.012706533848345,
                            40.188793402402254,
                            0
                        ],
                        [
                            -76.013798928443904,
                            40.188092033724949,
                            0
                        ],
                        [
                            -76.014887443452466,
                            40.187384658965705,
                            0
                        ],
                        [
                            -76.015972045852436,
                            40.186671299583729,
                            0
                        ],
                        [
                            -76.017052702740898,
                            40.185951977219752,
                            0
                        ],
                        [
                            -76.018129381334617,
                            40.185226713695428,
                            0
                        ],
                        [
                            -76.019202048971053,
                            40.184495531012629,
                            0
                        ],
                        [
                            -76.020270673109351,
                            40.183758451352794,
                            0
                        ],
                        [
                            -76.021335221331313,
                            40.183015497076255,
                            0
                        ],
                        [
                            -76.022395661342372,
                            40.182266690721576,
                            0
                        ],
                        [
                            -76.023451960972636,
                            40.181512055004816,
                            0
                        ],
                        [
                            -76.024504088177778,
                            40.180751612818916,
                            0
                        ],
                        [
                            -76.025552011040048,
                            40.179985387232939,
                            0
                        ],
                        [
                            -76.026595697769267,
                            40.179213401491396,
                            0
                        ],
                        [
                            -76.027635116703749,
                            40.178435679013553,
                            0
                        ],
                        [
                            -76.028670236311257,
                            40.1776522433927,
                            0
                        ],
                        [
                            -76.029701025190036,
                            40.176863118395438,
                            0
                        ],
                        [
                            -76.030727452069641,
                            40.176068327960984,
                            0
                        ],
                        [
                            -76.031749485812,
                            40.175267896200388,
                            0
                        ],
                        [
                            -76.032767095412311,
                            40.174461847395875,
                            0
                        ],
                        [
                            -76.03378024999995,
                            40.173650206000048,
                            0
                        ],
                        [
                            -76.034636634126713,
                            40.172939530849042,
                            0
                        ],
                        [
                            -76.035488451852558,
                            40.172223388750879,
                            0
                        ],
                        [
                            -76.03633566827844,
                            40.171501809045957,
                            0
                        ],
                        [
                            -76.03717824869382,
                            40.170774821297464,
                            0
                        ],
                        [
                            -76.038016158578102,
                            40.170042455290158,
                            0
                        ],
                        [
                            -76.03884936360204,
                            40.16930474102913,
                            0
                        ],
                        [
                            -76.039677829629142,
                            40.168561708738608,
                            0
                        ],
                        [
                            -76.040501522717108,
                            40.167813388860694,
                            0
                        ],
                        [
                            -76.041320409119123,
                            40.167059812054113,
                            0
                        ],
                        [
                            -76.042134455285364,
                            40.166301009192985,
                            0
                        ],
                        [
                            -76.042943627864275,
                            40.165537011365522,
                            0
                        ],
                        [
                            -76.043747893703994,
                            40.164767849872781,
                            0
                        ],
                        [
                            -76.044547219853655,
                            40.163993556227389,
                            0
                        ],
                        [
                            -76.045341573564812,
                            40.163214162152222,
                            0
                        ],
                        [
                            -76.046130922292704,
                            40.162429699579121,
                            0
                        ],
                        [
                            -76.046915233697675,
                            40.161640200647597,
                            0
                        ],
                        [
                            -76.047694475646381,
                            40.160845697703486,
                            0
                        ],
                        [
                            -76.048468616213228,
                            40.160046223297641,
                            0
                        ],
                        [
                            -76.049237623681606,
                            40.159241810184611,
                            0
                        ],
                        [
                            -76.050001466545197,
                            40.158432491321264,
                            0
                        ],
                        [
                            -76.050760113509298,
                            40.157618299865476,
                            0
                        ],
                        [
                            -76.051513533492084,
                            40.156799269174734,
                            0
                        ],
                        [
                            -76.052261695625873,
                            40.155975432804809,
                            0
                        ],
                        [
                            -76.053004569258363,
                            40.15514682450835,
                            0
                        ],
                        [
                            -76.053742123953995,
                            40.154313478233504,
                            0
                        ],
                        [
                            -76.054474329495065,
                            40.153475428122547,
                            0
                        ],
                        [
                            -76.05520115588304,
                            40.152632708510481,
                            0
                        ],
                        [
                            -76.055922573339785,
                            40.151785353923586,
                            0
                        ],
                        [
                            -76.056638552308769,
                            40.150933399078063,
                            0
                        ],
                        [
                            -76.057349063456257,
                            40.150076878878579,
                            0
                        ],
                        [
                            -76.058054077672566,
                            40.14921582841685,
                            0
                        ],
                        [
                            -76.058753566073165,
                            40.148350282970178,
                            0
                        ],
                        [
                            -76.059447499999976,
                            40.147480278000046,
                            0
                        ],
                        [
                            -76.059251676791973,
                            40.146407479074107,
                            0
                        ],
                        [
                            -76.059048853453206,
                            40.145335981543766,
                            0
                        ],
                        [
                            -76.058839038629699,
                            40.144265831085129,
                            0
                        ],
                        [
                            -76.058622241265482,
                            40.143197073316898,
                            0
                        ],
                        [
                            -76.05839847060227,
                            40.1421297537984,
                            0
                        ],
                        [
                            -76.05816773617903,
                            40.141063918027648,
                            0
                        ],
                        [
                            -76.057930047831562,
                            40.139999611439414,
                            0
                        ],
                        [
                            -76.05768541569212,
                            40.138936879403268,
                            0
                        ],
                        [
                            -76.057433850188971,
                            40.137875767221686,
                            0
                        ],
                        [
                            -76.057175362045925,
                            40.136816320128062,
                            0
                        ],
                        [
                            -76.056909962281878,
                            40.135758583284833,
                            0
                        ],
                        [
                            -76.056637662210363,
                            40.13470260178152,
                            0
                        ],
                        [
                            -76.05635847343909,
                            40.133648420632817,
                            0
                        ],
                        [
                            -76.056072407869394,
                            40.132596084776679,
                            0
                        ],
                        [
                            -76.055779477695765,
                            40.131545639072385,
                            0
                        ],
                        [
                            -76.05547969540531,
                            40.130497128298664,
                            0
                        ],
                        [
                            -76.055173073777254,
                            40.129450597151738,
                            0
                        ],
                        [
                            -76.054859625882344,
                            40.128406090243452,
                            0
                        ],
                        [
                            -76.054539365082334,
                            40.127363652099355,
                            0
                        ],
                        [
                            -76.054212305029395,
                            40.126323327156825,
                            0
                        ],
                        [
                            -76.05387845966554,
                            40.125285159763138,
                            0
                        ],
                        [
                            -76.053537843222031,
                            40.124249194173601,
                            0
                        ],
                        [
                            -76.05319047021878,
                            40.123215474549674,
                            0
                        ],
                        [
                            -76.052836355463683,
                            40.122184044957066,
                            0
                        ],
                        [
                            -76.052475514052077,
                            40.121154949363863,
                            0
                        ],
                        [
                            -76.052107961366005,
                            40.12012823163866,
                            0
                        ],
                        [
                            -76.051733713073602,
                            40.119103935548694,
                            0
                        ],
                        [
                            -76.051352785128458,
                            40.118082104757967,
                            0
                        ],
                        [
                            -76.05096519376886,
                            40.117062782825379,
                            0
                        ],
                        [
                            -76.050570955517188,
                            40.11604601320289,
                            0
                        ],
                        [
                            -76.050170087179154,
                            40.115031839233673,
                            0
                        ],
                        [
                            -76.049762605843071,
                            40.114020304150237,
                            0
                        ],
                        [
                            -76.049348528879179,
                            40.113011451072595,
                            0
                        ],
                        [
                            -76.048927873938894,
                            40.112005323006443,
                            0
                        ],
                        [
                            -76.048500658954012,
                            40.111001962841314,
                            0
                        ],
                        [
                            -76.048066902135972,
                            40.110001413348741,
                            0
                        ],
                        [
                            -76.047626621975098,
                            40.10900371718045,
                            0
                        ],
                        [
                            -76.047179837239781,
                            40.108008916866531,
                            0
                        ],
                        [
                            -76.046726566975707,
                            40.107017054813625,
                            0
                        ],
                        [
                            -76.046266830505004,
                            40.106028173303137,
                            0
                        ],
                        [
                            -76.045800647425452,
                            40.105042314489403,
                            0
                        ],
                        [
                            -76.04532803760965,
                            40.104059520397897,
                            0
                        ],
                        [
                            -76.044849021204158,
                            40.10307983292347,
                            0
                        ],
                        [
                            -76.044363618628623,
                            40.102103293828527,
                            0
                        ],
                        [
                            -76.043871850574945,
                            40.101129944741274,
                            0
                        ],
                        [
                            -76.043373738006323,
                            40.100159827153931,
                            0
                        ],
                        [
                            -76.04286930215649,
                            40.099192982420952,
                            0
                        ],
                        [
                            -76.042358564528669,
                            40.098229451757291,
                            0
                        ],
                        [
                            -76.041841546894744,
                            40.097269276236624,
                            0
                        ],
                        [
                            -76.041318271294301,
                            40.096312496789594,
                            0
                        ],
                        [
                            -76.040788760033664,
                            40.095359154202093,
                            0
                        ],
                        [
                            -76.040253035685026,
                            40.094409289113479,
                            0
                        ],
                        [
                            -76.039711121085404,
                            40.093462942014902,
                            0
                        ],
                        [
                            -76.039163039335676,
                            40.09252015324752,
                            0
                        ],
                        [
                            -76.038608813799655,
                            40.091580963000816,
                            0
                        ],
                        [
                            -76.038048468103014,
                            40.090645411310881,
                            0
                        ],
                        [
                            -76.037482026132352,
                            40.089713538058682,
                            0
                        ],
                        [
                            -76.036909512034129,
                            40.088785382968396,
                            0
                        ],
                        [
                            -76.036330950213639,
                            40.087860985605701,
                            0
                        ],
                        [
                            -76.035746365333992,
                            40.086940385376082,
                            0
                        ],
                        [
                            -76.035155782315059,
                            40.086023621523161,
                            0
                        ],
                        [
                            -76.034559226332362,
                            40.085110733127024,
                            0
                        ],
                        [
                            -76.0339567228161,
                            40.084201759102548,
                            0
                        ],
                        [
                            -76.033348297449962,
                            40.08329673819776,
                            0
                        ],
                        [
                            -76.032733976170064,
                            40.082395708992145,
                            0
                        ],
                        [
                            -76.032113785163915,
                            40.081498709895065,
                            0
                        ],
                        [
                            -76.031487750869175,
                            40.080605779144051,
                            0
                        ],
                        [
                            -76.03085589997265,
                            40.079716954803239,
                            0
                        ],
                        [
                            -76.03021825940904,
                            40.07883227476168,
                            0
                        ],
                        [
                            -76.029574856359886,
                            40.077951776731801,
                            0
                        ],
                        [
                            -76.028925718252381,
                            40.077075498247716,
                            0
                        ],
                        [
                            -76.028270872758156,
                            40.0762034766637,
                            0
                        ],
                        [
                            -76.027610347792191,
                            40.075335749152551,
                            0
                        ],
                        [
                            -76.026944171511516,
                            40.074472352704014,
                            0
                        ],
                        [
                            -76.026272372314097,
                            40.073613324123208,
                            0
                        ],
                        [
                            -76.025594978837603,
                            40.07275870002907,
                            0
                        ],
                        [
                            -76.024912019958165,
                            40.071908516852766,
                            0
                        ],
                        [
                            -76.02422352478915,
                            40.071062810836153,
                            0
                        ],
                        [
                            -76.023529522679937,
                            40.07022161803026,
                            0
                        ],
                        [
                            -76.022830043214654,
                            40.069384974293683,
                            0
                        ],
                        [
                            -76.022125116210944,
                            40.068552915291143,
                            0
                        ],
                        [
                            -76.021414771718625,
                            40.067725476491887,
                            0
                        ],
                        [
                            -76.020699040018471,
                            40.066902693168231,
                            0
                        ],
                        [
                            -76.01997795162093,
                            40.066084600394021,
                            0
                        ],
                        [
                            -76.019251537264751,
                            40.065271233043177,
                            0
                        ],
                        [
                            -76.018519827915767,
                            40.064462625788146,
                            0
                        ],
                        [
                            -76.017782854765471,
                            40.063658813098499,
                            0
                        ],
                        [
                            -76.017040649229813,
                            40.062859829239393,
                            0
                        ],
                        [
                            -76.016293242947725,
                            40.062065708270154,
                            0
                        ],
                        [
                            -76.015540667779874,
                            40.061276484042814,
                            0
                        ],
                        [
                            -76.014782955807263,
                            40.060492190200655,
                            0
                        ],
                        [
                            -76.014020139329872,
                            40.059712860176788,
                            0
                        ],
                        [
                            -76.013252250865264,
                            40.058938527192737,
                            0
                        ],
                        [
                            -76.012479323147204,
                            40.058169224256986,
                            0
                        ],
                        [
                            -76.011701389124312,
                            40.057404984163625,
                            0
                        ],
                        [
                            -76.010918481958569,
                            40.056645839490905,
                            0
                        ],
                        [
                            -76.010130635023998,
                            40.055891822599868,
                            0
                        ],
                        [
                            -76.009337881905168,
                            40.055142965632982,
                            0
                        ],
                        [
                            -76.00854025639579,
                            40.054399300512735,
                            0
                        ],
                        [
                            -76.007737792497281,
                            40.053660858940312,
                            0
                        ],
                        [
                            -76.006930524417328,
                            40.052927672394226,
                            0
                        ],
                        [
                            -76.006118486568369,
                            40.052199772128965,
                            0
                        ],
                        [
                            -76.00530171356624,
                            40.051477189173688,
                            0
                        ],
                        [
                            -76.004480240228546,
                            40.050759954330871,
                            0
                        ],
                        [
                            -76.003654101573318,
                            40.050048098175019,
                            0
                        ],
                        [
                            -76.002823332817442,
                            40.04934165105135,
                            0
                        ],
                        [
                            -76.001987969375165,
                            40.048640643074506,
                            0
                        ],
                        [
                            -76.001148046856628,
                            40.047945104127265,
                            0
                        ],
                        [
                            -76.000303601066292,
                            40.047255063859261,
                            0
                        ],
                        [
                            -75.999454668001434,
                            40.046570551685747,
                            0
                        ],
                        [
                            -75.998601283850647,
                            40.045891596786312,
                            0
                        ],
                        [
                            -75.997743484992242,
                            40.04521822810365,
                            0
                        ],
                        [
                            -75.996881307992723,
                            40.044550474342316,
                            0
                        ],
                        [
                            -75.996014789605212,
                            40.043888363967525,
                            0
                        ],
                        [
                            -75.995143966767941,
                            40.043231925203912,
                            0
                        ],
                        [
                            -75.994268876602604,
                            40.042581186034347,
                            0
                        ],
                        [
                            -75.993389556412794,
                            40.041936174198739,
                            0
                        ],
                        [
                            -75.99250604368244,
                            40.041296917192838,
                            0
                        ],
                        [
                            -75.9916183760742,
                            40.040663442267089,
                            0
                        ],
                        [
                            -75.990726591427816,
                            40.040035776425455,
                            0
                        ],
                        [
                            -75.989830727758559,
                            40.039413946424254,
                            0
                        ],
                        [
                            -75.988930823255572,
                            40.038797978771044,
                            0
                        ],
                        [
                            -75.988026916280276,
                            40.038187899723482,
                            0
                        ],
                        [
                            -75.987119045364651,
                            40.037583735288202,
                            0
                        ],
                        [
                            -75.986207249209713,
                            40.036985511219704,
                            0
                        ],
                        [
                            -75.985291566683784,
                            40.036393253019263,
                            0
                        ],
                        [
                            -75.984372036820858,
                            40.035806985933839,
                            0
                        ],
                        [
                            -75.983448698818904,
                            40.035226734954996,
                            0
                        ],
                        [
                            -75.982521592038267,
                            40.034652524817858,
                            0
                        ],
                        [
                            -75.981590755999946,
                            40.034084380000024,
                            0
                        ],
                        [
                            -75.980444294727178,
                            40.033389965688372,
                            0
                        ],
                        [
                            -75.97929419258935,
                            40.032701598229288,
                            0
                        ],
                        [
                            -75.978140481479443,
                            40.032019296711582,
                            0
                        ],
                        [
                            -75.976983193390538,
                            40.031343080055876,
                            0
                        ],
                        [
                            -75.975822360414895,
                            40.030672967014048,
                            0
                        ],
                        [
                            -75.974658014743085,
                            40.030008976168709,
                            0
                        ],
                        [
                            -75.973490188663064,
                            40.029351125932706,
                            0
                        ],
                        [
                            -75.972318914559338,
                            40.028699434548614,
                            0
                        ],
                        [
                            -75.971144224911995,
                            40.028053920088198,
                            0
                        ],
                        [
                            -75.969966152295868,
                            40.027414600451955,
                            0
                        ],
                        [
                            -75.968784729379564,
                            40.026781493368574,
                            0
                        ],
                        [
                            -75.967599988924647,
                            40.026154616394486,
                            0
                        ],
                        [
                            -75.966411963784623,
                            40.025533986913345,
                            0
                        ],
                        [
                            -75.965220686904132,
                            40.024919622135563,
                            0
                        ],
                        [
                            -75.964026191317956,
                            40.02431153909783,
                            0
                        ],
                        [
                            -75.962828510150146,
                            40.023709754662633,
                            0
                        ],
                        [
                            -75.961627676613091,
                            40.023114285517806,
                            0
                        ],
                        [
                            -75.960423724006574,
                            40.022525148176051,
                            0
                        ],
                        [
                            -75.959216685716925,
                            40.021942358974478,
                            0
                        ],
                        [
                            -75.958006595215977,
                            40.021365934074169,
                            0
                        ],
                        [
                            -75.956793486060249,
                            40.020795889459713,
                            0
                        ],
                        [
                            -75.95557739188996,
                            40.020232240938782,
                            0
                        ],
                        [
                            -75.95435834642808,
                            40.019675004141668,
                            0
                        ],
                        [
                            -75.95313638347946,
                            40.01912419452087,
                            0
                        ],
                        [
                            -75.951911536929813,
                            40.018579827350656,
                            0
                        ],
                        [
                            -75.950683840744858,
                            40.018041917726627,
                            0
                        ],
                        [
                            -75.949453328969312,
                            40.017510480565349,
                            0
                        ],
                        [
                            -75.948220035725953,
                            40.016985530603854,
                            0
                        ],
                        [
                            -75.946983995214723,
                            40.016467082399323,
                            0
                        ],
                        [
                            -75.945745241711734,
                            40.015955150328622,
                            0
                        ],
                        [
                            -75.944503809568346,
                            40.015449748587912,
                            0
                        ],
                        [
                            -75.943259733210155,
                            40.014950891192278,
                            0
                        ],
                        [
                            -75.942013047136143,
                            40.01445859197532,
                            0
                        ],
                        [
                            -75.940763785917596,
                            40.01397286458878,
                            0
                        ],
                        [
                            -75.939511984197281,
                            40.013493722502155,
                            0
                        ],
                        [
                            -75.938257676688352,
                            40.013021179002337,
                            0
                        ],
                        [
                            -75.937000898173494,
                            40.01255524719322,
                            0
                        ],
                        [
                            -75.935741683503878,
                            40.012095939995362,
                            0
                        ],
                        [
                            -75.934480067598258,
                            40.011643270145612,
                            0
                        ],
                        [
                            -75.93321608544197,
                            40.011197250196773,
                            0
                        ],
                        [
                            -75.931949772085972,
                            40.010757892517233,
                            0
                        ],
                        [
                            -75.93068116264584,
                            40.010325209290627,
                            0
                        ],
                        [
                            -75.929410292300858,
                            40.009899212515514,
                            0
                        ],
                        [
                            -75.92813719629298,
                            40.00947991400502,
                            0
                        ],
                        [
                            -75.92686190992589,
                            40.009067325386546,
                            0
                        ],
                        [
                            -75.925584468564011,
                            40.008661458101408,
                            0
                        ],
                        [
                            -75.924304907631537,
                            40.00826232340453,
                            0
                        ],
                        [
                            -75.923023262611409,
                            40.007869932364159,
                            0
                        ],
                        [
                            -75.921739569044391,
                            40.007484295861509,
                            0
                        ],
                        [
                            -75.920453862528049,
                            40.00710542459052,
                            0
                        ],
                        [
                            -75.919166178715741,
                            40.006733329057489,
                            0
                        ],
                        [
                            -75.917876553315693,
                            40.006368019580854,
                            0
                        ],
                        [
                            -75.916585022089947,
                            40.006009506290852,
                            0
                        ],
                        [
                            -75.915291620853424,
                            40.00565779912926,
                            0
                        ],
                        [
                            -75.913996385472856,
                            40.005312907849124,
                            0
                        ],
                        [
                            -75.912699351865882,
                            40.00497484201447,
                            0
                        ],
                        [
                            -75.91140055599999,
                            40.004643611000063,
                            0
                        ],
                        [
                            -75.840004410999939,
                            40.023000683000078,
                            0
                        ]
                    ]
                ]
            },
            "properties": {
                "OBJECTID": 57,
                "Position": "P1N",
                "Low": 6000,
                "High": 6000,
                "Notes": null,
                "Fill": "#9EAAD7",
                "Stroke": "#9EAAD7",
                "Sector": "North Arrival",
                "Shape_Length": 1.0363103826894782,
                "Shape_Area": 0.068311036832449948
            }
        },
        {
            "type": "Feature",
            "id": 58,
            "geometry": {
                "type": "Polygon",
                "coordinates": [
                    [
                        [
                            -75.432905396999956,
                            40.264927477000072,
                            0
                        ],
                        [
                            -75.573613388999945,
                            40.377474731000063,
                            0
                        ],
                        [
                            -75.68693607199998,
                            40.325736440000071,
                            0
                        ],
                        [
                            -75.746848776999968,
                            40.336132848000034,
                            0
                        ],
                        [
                            -75.780191803999969,
                            40.283159864000027,
                            0
                        ],
                        [
                            -75.908114516999944,
                            40.22475582800007,
                            0
                        ],
                        [
                            -75.906742059950929,
                            40.224924259453587,
                            0
                        ],
                        [
                            -75.905368771988407,
                            40.225085776257522,
                            0
                        ],
                        [
                            -75.903994687949236,
                            40.225240374314588,
                            0
                        ],
                        [
                            -75.902619842690456,
                            40.225388049703042,
                            0
                        ],
                        [
                            -75.901244271088416,
                            40.225528798676713,
                            0
                        ],
                        [
                            -75.899868008037885,
                            40.225662617665172,
                            0
                        ],
                        [
                            -75.898491088451166,
                            40.225789503273759,
                            0
                        ],
                        [
                            -75.897113547257248,
                            40.225909452283716,
                            0
                        ],
                        [
                            -75.89573541940085,
                            40.226022461652235,
                            0
                        ],
                        [
                            -75.894356739841598,
                            40.226128528512547,
                            0
                        ],
                        [
                            -75.892977543553116,
                            40.226227650174017,
                            0
                        ],
                        [
                            -75.891597865522115,
                            40.226319824122172,
                            0
                        ],
                        [
                            -75.890217740747545,
                            40.22640504801879,
                            0
                        ],
                        [
                            -75.888837204239678,
                            40.226483319701956,
                            0
                        ],
                        [
                            -75.887456291019234,
                            40.226554637186126,
                            0
                        ],
                        [
                            -75.886075036116495,
                            40.226618998662147,
                            0
                        ],
                        [
                            -75.884693474570398,
                            40.226676402497326,
                            0
                        ],
                        [
                            -75.883311641427667,
                            40.226726847235483,
                            0
                        ],
                        [
                            -75.881929571741921,
                            40.22677033159696,
                            0
                        ],
                        [
                            -75.880547300572772,
                            40.226806854478667,
                            0
                        ],
                        [
                            -75.87916486298495,
                            40.226836414954114,
                            0
                        ],
                        [
                            -75.877782294047392,
                            40.226859012273415,
                            0
                        ],
                        [
                            -75.876399628832374,
                            40.226874645863347,
                            0
                        ],
                        [
                            -75.875016902414629,
                            40.226883315327321,
                            0
                        ],
                        [
                            -75.873634149870426,
                            40.226885020445415,
                            0
                        ],
                        [
                            -75.872251406276689,
                            40.226879761174366,
                            0
                        ],
                        [
                            -75.870868706710141,
                            40.2268675376476,
                            0
                        ],
                        [
                            -75.869486086246368,
                            40.226848350175196,
                            0
                        ],
                        [
                            -75.868103579958955,
                            40.226822199243884,
                            0
                        ],
                        [
                            -75.866721222918585,
                            40.226789085517048,
                            0
                        ],
                        [
                            -75.865339050192176,
                            40.226749009834712,
                            0
                        ],
                        [
                            -75.863957096841958,
                            40.22670197321348,
                            0
                        ],
                        [
                            -75.862575397924573,
                            40.226647976846557,
                            0
                        ],
                        [
                            -75.861193988490228,
                            40.226587022103693,
                            0
                        ],
                        [
                            -75.859812903581812,
                            40.226519110531164,
                            0
                        ],
                        [
                            -75.85843217823394,
                            40.226444243851702,
                            0
                        ],
                        [
                            -75.857051847472135,
                            40.226362423964495,
                            0
                        ],
                        [
                            -75.855671946311887,
                            40.226273652945103,
                            0
                        ],
                        [
                            -75.854292509757798,
                            40.226177933045427,
                            0
                        ],
                        [
                            -75.852913572802692,
                            40.226075266693627,
                            0
                        ],
                        [
                            -75.851535170426715,
                            40.225965656494104,
                            0
                        ],
                        [
                            -75.850157337596443,
                            40.225849105227375,
                            0
                        ],
                        [
                            -75.848780109264027,
                            40.225725615850067,
                            0
                        ],
                        [
                            -75.847403520366242,
                            40.22559519149479,
                            0
                        ],
                        [
                            -75.846027605823679,
                            40.225457835470067,
                            0
                        ],
                        [
                            -75.844652400539829,
                            40.225313551260285,
                            0
                        ],
                        [
                            -75.843277939400153,
                            40.225162342525572,
                            0
                        ],
                        [
                            -75.841904257271253,
                            40.225004213101705,
                            0
                        ],
                        [
                            -75.840531388999977,
                            40.224839167000027,
                            0
                        ],
                        [
                            -75.733679443999961,
                            40.207655000000045,
                            0
                        ],
                        [
                            -75.73264815869689,
                            40.207382079373915,
                            0
                        ],
                        [
                            -75.731618732879085,
                            40.207102226680341,
                            0
                        ],
                        [
                            -75.73059121314175,
                            40.206815454586376,
                            0
                        ],
                        [
                            -75.729565645993858,
                            40.206521776072293,
                            0
                        ],
                        [
                            -75.728542077855963,
                            40.206221204430946,
                            0
                        ],
                        [
                            -75.727520555058177,
                            40.205913753267204,
                            0
                        ],
                        [
                            -75.726501123838005,
                            40.205599436497337,
                            0
                        ],
                        [
                            -75.725483830338291,
                            40.205278268348351,
                            0
                        ],
                        [
                            -75.724468720605117,
                            40.204950263357397,
                            0
                        ],
                        [
                            -75.723455840585714,
                            40.204615436371064,
                            0
                        ],
                        [
                            -75.72244523612639,
                            40.204273802544733,
                            0
                        ],
                        [
                            -75.721436952970478,
                            40.203925377341882,
                            0
                        ],
                        [
                            -75.72043103675621,
                            40.203570176533397,
                            0
                        ],
                        [
                            -75.719427533014681,
                            40.203208216196842,
                            0
                        ],
                        [
                            -75.718426487167832,
                            40.202839512715755,
                            0
                        ],
                        [
                            -75.717427944526293,
                            40.20246408277886,
                            0
                        ],
                        [
                            -75.716431950287429,
                            40.202081943379383,
                            0
                        ],
                        [
                            -75.715438549533246,
                            40.201693111814208,
                            0
                        ],
                        [
                            -75.714447787228366,
                            40.201297605683145,
                            0
                        ],
                        [
                            -75.713459708217968,
                            40.200895442888118,
                            0
                        ],
                        [
                            -75.712474357225801,
                            40.200486641632352,
                            0
                        ],
                        [
                            -75.711491778852121,
                            40.200071220419538,
                            0
                        ],
                        [
                            -75.710512017571673,
                            40.199649198053038,
                            0
                        ],
                        [
                            -75.709535117731733,
                            40.199220593634962,
                            0
                        ],
                        [
                            -75.708561123549998,
                            40.198785426565394,
                            0
                        ],
                        [
                            -75.707590079112705,
                            40.198343716541416,
                            0
                        ],
                        [
                            -75.706622028372536,
                            40.197895483556309,
                            0
                        ],
                        [
                            -75.705657015146684,
                            40.197440747898582,
                            0
                        ],
                        [
                            -75.704695083114842,
                            40.196979530151076,
                            0
                        ],
                        [
                            -75.703736275817278,
                            40.196511851190031,
                            0
                        ],
                        [
                            -75.702780636652761,
                            40.196037732184166,
                            0
                        ],
                        [
                            -75.701828208876705,
                            40.195557194593675,
                            0
                        ],
                        [
                            -75.700879035599144,
                            40.195070260169274,
                            0
                        ],
                        [
                            -75.69993315978283,
                            40.194576950951252,
                            0
                        ],
                        [
                            -75.698990624241233,
                            40.1940772892684,
                            0
                        ],
                        [
                            -75.698051471636632,
                            40.19357129773708,
                            0
                        ],
                        [
                            -75.697115744478211,
                            40.193058999260145,
                            0
                        ],
                        [
                            -75.696183485120073,
                            40.192540417025924,
                            0
                        ],
                        [
                            -75.695254735759377,
                            40.192015574507167,
                            0
                        ],
                        [
                            -75.694329538434403,
                            40.191484495459996,
                            0
                        ],
                        [
                            -75.693407935022663,
                            40.190947203922811,
                            0
                        ],
                        [
                            -75.69248996723897,
                            40.190403724215201,
                            0
                        ],
                        [
                            -75.69157567663359,
                            40.189854080936868,
                            0
                        ],
                        [
                            -75.69066510459038,
                            40.189298298966499,
                            0
                        ],
                        [
                            -75.689758292324825,
                            40.188736403460624,
                            0
                        ],
                        [
                            -75.688855280882265,
                            40.188168419852502,
                            0
                        ],
                        [
                            -75.687956111136003,
                            40.187594373850949,
                            0
                        ],
                        [
                            -75.687060823785444,
                            40.187014291439205,
                            0
                        ],
                        [
                            -75.686169459354275,
                            40.186428198873713,
                            0
                        ],
                        [
                            -75.685282058188605,
                            40.185836122682979,
                            0
                        ],
                        [
                            -75.68439866045513,
                            40.185238089666335,
                            0
                        ],
                        [
                            -75.683519306139402,
                            40.184634126892732,
                            0
                        ],
                        [
                            -75.682644035043907,
                            40.184024261699548,
                            0
                        ],
                        [
                            -75.681772886786305,
                            40.183408521691284,
                            0
                        ],
                        [
                            -75.680905900797683,
                            40.182786934738395,
                            0
                        ],
                        [
                            -75.680043116320689,
                            40.182159528975966,
                            0
                        ],
                        [
                            -75.679184572407806,
                            40.181526332802463,
                            0
                        ],
                        [
                            -75.678330307919595,
                            40.180887374878445,
                            0
                        ],
                        [
                            -75.677480361522896,
                            40.180242684125268,
                            0
                        ],
                        [
                            -75.676634771689109,
                            40.179592289723786,
                            0
                        ],
                        [
                            -75.675793576692442,
                            40.178936221112991,
                            0
                        ],
                        [
                            -75.674956814608166,
                            40.178274507988746,
                            0
                        ],
                        [
                            -75.674124523310923,
                            40.177607180302374,
                            0
                        ],
                        [
                            -75.673296740472949,
                            40.176934268259345,
                            0
                        ],
                        [
                            -75.672473503562486,
                            40.17625580231789,
                            0
                        ],
                        [
                            -75.671654849841929,
                            40.175571813187624,
                            0
                        ],
                        [
                            -75.670840816366294,
                            40.174882331828179,
                            0
                        ],
                        [
                            -75.670031439981429,
                            40.174187389447759,
                            0
                        ],
                        [
                            -75.669226757322392,
                            40.17348701750177,
                            0
                        ],
                        [
                            -75.668426804811801,
                            40.172781247691368,
                            0
                        ],
                        [
                            -75.667631618658149,
                            40.172070111962043,
                            0
                        ],
                        [
                            -75.666841234854203,
                            40.171353642502147,
                            0
                        ],
                        [
                            -75.66605568917538,
                            40.170631871741485,
                            0
                        ],
                        [
                            -75.665275017178061,
                            40.169904832349786,
                            0
                        ],
                        [
                            -75.664499254198063,
                            40.169172557235264,
                            0
                        ],
                        [
                            -75.663728435348986,
                            40.16843507954313,
                            0
                        ],
                        [
                            -75.662962595520654,
                            40.167692432654071,
                            0
                        ],
                        [
                            -75.662201769377532,
                            40.166944650182742,
                            0
                        ],
                        [
                            -75.661445991357127,
                            40.166191765976279,
                            0
                        ],
                        [
                            -75.660695295668461,
                            40.165433814112703,
                            0
                        ],
                        [
                            -75.659949716290512,
                            40.164670828899432,
                            0
                        ],
                        [
                            -75.659209286970679,
                            40.163902844871721,
                            0
                        ],
                        [
                            -75.658474041223258,
                            40.163129896791077,
                            0
                        ],
                        [
                            -75.657744012327896,
                            40.162352019643684,
                            0
                        ],
                        [
                            -75.657019233328143,
                            40.161569248638855,
                            0
                        ],
                        [
                            -75.656299737029897,
                            40.160781619207405,
                            0
                        ],
                        [
                            -75.655585555999949,
                            40.159989167000049,
                            0
                        ],
                        [
                            -75.432905396999956,
                            40.264927477000072,
                            0
                        ]
                    ]
                ]
            },
            "properties": {
                "OBJECTID": 58,
                "Position": "P1N",
                "Low": 7000,
                "High": 8000,
                "Notes": null,
                "Fill": "#9EAAD7",
                "Stroke": "#9EAAD7",
                "Sector": "North Arrival",
                "Shape_Length": 1.0837408444778087,
                "Shape_Area": 0.047207448720366127
            }
        },
        {
            "type": "Feature",
            "id": 62,
            "geometry": {
                "type": "Polygon",
                "coordinates": [
                    [
                        [
                            -75.360802777999936,
                            40.207182500000044,
                            0
                        ],
                        [
                            -75.432905395999967,
                            40.264927478000061,
                            0
                        ],
                        [
                            -75.655585555999949,
                            40.159989167000049,
                            0
                        ],
                        [
                            -75.655007419639134,
                            40.159337101358204,
                            0
                        ],
                        [
                            -75.654434549230871,
                            40.158680404511621,
                            0
                        ],
                        [
                            -75.653866981872412,
                            40.158019118985855,
                            0
                        ],
                        [
                            -75.653304754317574,
                            40.157353287603627,
                            0
                        ],
                        [
                            -75.652747902974411,
                            40.156682953482026,
                            0
                        ],
                        [
                            -75.652196463902797,
                            40.156008160029714,
                            0
                        ],
                        [
                            -75.651650472812165,
                            40.155328950944146,
                            0
                        ],
                        [
                            -75.651109965059121,
                            40.154645370208698,
                            0
                        ],
                        [
                            -75.650574975645199,
                            40.153957462089856,
                            0
                        ],
                        [
                            -75.650045539214602,
                            40.153265271134323,
                            0
                        ],
                        [
                            -75.649521690051898,
                            40.152568842166147,
                            0
                        ],
                        [
                            -75.649003462079875,
                            40.151868220283824,
                            0
                        ],
                        [
                            -75.64849088885731,
                            40.151163450857361,
                            0
                        ],
                        [
                            -75.647984003576781,
                            40.150454579525345,
                            0
                        ],
                        [
                            -75.647482839062548,
                            40.149741652191992,
                            0
                        ],
                        [
                            -75.64698742776838,
                            40.149024715024176,
                            0
                        ],
                        [
                            -75.646497801775553,
                            40.148303814448425,
                            0
                        ],
                        [
                            -75.646013992790628,
                            40.147578997147939,
                            0
                        ],
                        [
                            -75.645536032143525,
                            40.146850310059541,
                            0
                        ],
                        [
                            -75.645063950785442,
                            40.146117800370654,
                            0
                        ],
                        [
                            -75.644597779286826,
                            40.145381515516235,
                            0
                        ],
                        [
                            -75.644137547835427,
                            40.144641503175706,
                            0
                        ],
                        [
                            -75.643683286234378,
                            40.143897811269888,
                            0
                        ],
                        [
                            -75.643235023900175,
                            40.143150487957854,
                            0
                        ],
                        [
                            -75.642792789860835,
                            40.142399581633853,
                            0
                        ],
                        [
                            -75.642356612754014,
                            40.141645140924155,
                            0
                        ],
                        [
                            -75.641926520825123,
                            40.140887214683886,
                            0
                        ],
                        [
                            -75.641502541925533,
                            40.140125851993922,
                            0
                        ],
                        [
                            -75.641084703510742,
                            40.139361102157636,
                            0
                        ],
                        [
                            -75.640673032638617,
                            40.138593014697761,
                            0
                        ],
                        [
                            -75.640267555967625,
                            40.137821639353156,
                            0
                        ],
                        [
                            -75.63986829975515,
                            40.137047026075599,
                            0
                        ],
                        [
                            -75.63947528985571,
                            40.136269225026538,
                            0
                        ],
                        [
                            -75.639088551719368,
                            40.135488286573867,
                            0
                        ],
                        [
                            -75.638708110390027,
                            40.134704261288618,
                            0
                        ],
                        [
                            -75.638333990503838,
                            40.133917199941749,
                            0
                        ],
                        [
                            -75.637966216287609,
                            40.133127153500809,
                            0
                        ],
                        [
                            -75.637604811557196,
                            40.132334173126644,
                            0
                        ],
                        [
                            -75.637249799716002,
                            40.1315383101701,
                            0
                        ],
                        [
                            -75.636901203753467,
                            40.130739616168704,
                            0
                        ],
                        [
                            -75.636559046243519,
                            40.12993814284328,
                            0
                        ],
                        [
                            -75.636223349343169,
                            40.129133942094668,
                            0
                        ],
                        [
                            -75.635894134791073,
                            40.128327066000303,
                            0
                        ],
                        [
                            -75.6355714239061,
                            40.127517566810866,
                            0
                        ],
                        [
                            -75.635255237585966,
                            40.126705496946919,
                            0
                        ],
                        [
                            -75.634945596305883,
                            40.125890908995473,
                            0
                        ],
                        [
                            -75.634642520117197,
                            40.125073855706617,
                            0
                        ],
                        [
                            -75.634346028646164,
                            40.124254389990085,
                            0
                        ],
                        [
                            -75.6340561410926,
                            40.123432564911816,
                            0
                        ],
                        [
                            -75.63377287622869,
                            40.122608433690566,
                            0
                        ],
                        [
                            -75.633496252397748,
                            40.121782049694389,
                            0
                        ],
                        [
                            -75.633226287513054,
                            40.120953466437257,
                            0
                        ],
                        [
                            -75.632962999056645,
                            40.120122737575535,
                            0
                        ],
                        [
                            -75.632706404078235,
                            40.119289916904542,
                            0
                        ],
                        [
                            -75.632456519194093,
                            40.118455058355053,
                            0
                        ],
                        [
                            -75.632213360585951,
                            40.117618215989815,
                            0
                        ],
                        [
                            -75.631976943999973,
                            40.116779444000031,
                            0
                        ],
                        [
                            -75.637469443999976,
                            40.074481389000027,
                            0
                        ],
                        [
                            -75.840004410999939,
                            40.023000683000078,
                            0
                        ],
                        [
                            -75.733054443999947,
                            40.014511111000047,
                            0
                        ],
                        [
                            -75.620676137999965,
                            40.019765238000048,
                            0
                        ],
                        [
                            -75.445451401999946,
                            40.027956876000076,
                            0
                        ],
                        [
                            -75.343895832999976,
                            40.032584722000024,
                            0
                        ],
                        [
                            -75.30460414199996,
                            40.034230562000062,
                            0
                        ],
                        [
                            -75.274249300999941,
                            40.03544461000007,
                            0
                        ],
                        [
                            -75.284415708999973,
                            40.05561662000008,
                            0
                        ],
                        [
                            -75.291597816999968,
                            40.069867230000057,
                            0
                        ],
                        [
                            -75.360802777999936,
                            40.207182500000044,
                            0
                        ]
                    ]
                ]
            },
            "properties": {
                "OBJECTID": 62,
                "Position": "P1N",
                "Low": 6000,
                "High": 8000,
                "Notes": null,
                "Fill": "#9EAAD7",
                "Stroke": "#9EAAD7",
                "Sector": "North Arrival",
                "Shape_Length": 1.3987304642574911,
                "Shape_Area": 0.068309922215727098
            }
        },
        {
            "type": "Feature",
            "id": 63,
            "geometry": {
                "type": "Polygon",
                "coordinates": [
                    [
                        [
                            -75.432905395999967,
                            40.264927478000061,
                            0
                        ],
                        [
                            -75.360802777999936,
                            40.207182500000044,
                            0
                        ],
                        [
                            -75.151435832999937,
                            40.216222778000031,
                            0
                        ],
                        [
                            -75.119679166999958,
                            40.217559444000074,
                            0
                        ],
                        [
                            -75.096388332999936,
                            40.222836111000049,
                            0
                        ],
                        [
                            -75.06889777799995,
                            40.233957222000072,
                            0
                        ],
                        [
                            -75.057537777999983,
                            40.239428056000065,
                            0
                        ],
                        [
                            -75.044802874999959,
                            40.248970360000044,
                            0
                        ],
                        [
                            -75.27727277799994,
                            40.338173056000073,
                            0
                        ],
                        [
                            -75.432905395999967,
                            40.264927478000061,
                            0
                        ]
                    ]
                ]
            },
            "properties": {
                "OBJECTID": 63,
                "Position": "P1N",
                "Low": 6000,
                "High": 10000,
                "Notes": null,
                "Fill": "#9EAAD7",
                "Stroke": "#9EAAD7",
                "Sector": "North Arrival",
                "Shape_Length": 0.83678425394224454,
                "Shape_Area": 0.029740165338241645
            }
        },
        {
            "type": "Feature",
            "id": 64,
            "geometry": {
                "type": "Polygon",
                "coordinates": [
                    [
                        [
                            -75.345646023999961,
                            40.409815970000068,
                            0
                        ],
                        [
                            -75.376588032999962,
                            40.374451125000064,
                            0
                        ],
                        [
                            -75.376645560999975,
                            40.374416049000047,
                            0
                        ],
                        [
                            -75.377655450546754,
                            40.373838163594094,
                            0
                        ],
                        [
                            -75.378668865802481,
                            40.373266483649921,
                            0
                        ],
                        [
                            -75.379685768636975,
                            40.372701030677241,
                            0
                        ],
                        [
                            -75.380706120788815,
                            40.372141825951466,
                            0
                        ],
                        [
                            -75.381729883866839,
                            40.371588890512911,
                            0
                        ],
                        [
                            -75.382757019351473,
                            40.371042245166009,
                            0
                        ],
                        [
                            -75.383787488596354,
                            40.370501910478531,
                            0
                        ],
                        [
                            -75.384821252829582,
                            40.369967906780801,
                            0
                        ],
                        [
                            -75.385858273155364,
                            40.369440254164942,
                            0
                        ],
                        [
                            -75.386898510555355,
                            40.36891897248411,
                            0
                        ],
                        [
                            -75.387941925890175,
                            40.368404081351748,
                            0
                        ],
                        [
                            -75.38898847990086,
                            40.367895600140869,
                            0
                        ],
                        [
                            -75.390038133210382,
                            40.367393547983291,
                            0
                        ],
                        [
                            -75.391090846325056,
                            40.366897943768933,
                            0
                        ],
                        [
                            -75.392146579636133,
                            40.366408806145138,
                            0
                        ],
                        [
                            -75.393205293421161,
                            40.365926153515908,
                            0
                        ],
                        [
                            -75.39426694784558,
                            40.365450004041257,
                            0
                        ],
                        [
                            -75.395331502964197,
                            40.364980375636513,
                            0
                        ],
                        [
                            -75.396398918722653,
                            40.364517285971651,
                            0
                        ],
                        [
                            -75.397469154958983,
                            40.364060752470621,
                            0
                        ],
                        [
                            -75.398542171405069,
                            40.363610792310695,
                            0
                        ],
                        [
                            -75.399617927688226,
                            40.36316742242181,
                            0
                        ],
                        [
                            -75.400696383332644,
                            40.362730659485955,
                            0
                        ],
                        [
                            -75.401777497760961,
                            40.362300519936525,
                            0
                        ],
                        [
                            -75.402861230295798,
                            40.361877019957703,
                            0
                        ],
                        [
                            -75.403947540161226,
                            40.361460175483863,
                            0
                        ],
                        [
                            -75.405036386484383,
                            40.361050002198951,
                            0
                        ],
                        [
                            -75.406127728296951,
                            40.360646515535919,
                            0
                        ],
                        [
                            -75.407221524536737,
                            40.360249730676131,
                            0
                        ],
                        [
                            -75.408317734049163,
                            40.359859662548779,
                            0
                        ],
                        [
                            -75.409416315588885,
                            40.35947632583035,
                            0
                        ],
                        [
                            -75.410517227821288,
                            40.359099734944053,
                            0
                        ],
                        [
                            -75.411620429324088,
                            40.358729904059281,
                            0
                        ],
                        [
                            -75.412725878588844,
                            40.358366847091084,
                            0
                        ],
                        [
                            -75.413833534022558,
                            40.358010577699638,
                            0
                        ],
                        [
                            -75.414943353949212,
                            40.357661109289729,
                            0
                        ],
                        [
                            -75.416055296611333,
                            40.357318455010258,
                            0
                        ],
                        [
                            -75.417169320171638,
                            40.356982627753744,
                            0
                        ],
                        [
                            -75.418285382714473,
                            40.35665364015582,
                            0
                        ],
                        [
                            -75.419403442247514,
                            40.356331504594806,
                            0
                        ],
                        [
                            -75.420523456703293,
                            40.35601623319117,
                            0
                        ],
                        [
                            -75.421645383940785,
                            40.355707837807152,
                            0
                        ],
                        [
                            -75.422769181747,
                            40.355406330046257,
                            0
                        ],
                        [
                            -75.423894807838536,
                            40.35511172125284,
                            0
                        ],
                        [
                            -75.425022219863237,
                            40.354824022511686,
                            0
                        ],
                        [
                            -75.426151375401744,
                            40.354543244647587,
                            0
                        ],
                        [
                            -75.427282231969087,
                            40.354269398224929,
                            0
                        ],
                        [
                            -75.428414747016305,
                            40.354002493547299,
                            0
                        ],
                        [
                            -75.429548877932021,
                            40.353742540657109,
                            0
                        ],
                        [
                            -75.43068458204408,
                            40.353489549335187,
                            0
                        ],
                        [
                            -75.431821816621124,
                            40.353243529100453,
                            0
                        ],
                        [
                            -75.432960538874198,
                            40.353004489209518,
                            0
                        ],
                        [
                            -75.4341007059584,
                            40.352772438656366,
                            0
                        ],
                        [
                            -75.435242274974442,
                            40.352547386171992,
                            0
                        ],
                        [
                            -75.4363852029703,
                            40.352329340224095,
                            0
                        ],
                        [
                            -75.437529446942804,
                            40.352118309016753,
                            0
                        ],
                        [
                            -75.438674963839304,
                            40.351914300490101,
                            0
                        ],
                        [
                            -75.439821710559229,
                            40.351717322320049,
                            0
                        ],
                        [
                            -75.440969643955711,
                            40.35152738191799,
                            0
                        ],
                        [
                            -75.442118720837286,
                            40.351344486430506,
                            0
                        ],
                        [
                            -75.443268897969432,
                            40.351168642739118,
                            0
                        ],
                        [
                            -75.444420132076232,
                            40.350999857460032,
                            0
                        ],
                        [
                            -75.445572379842019,
                            40.350838136943857,
                            0
                        ],
                        [
                            -75.446725597912973,
                            40.350683487275404,
                            0
                        ],
                        [
                            -75.447879742898749,
                            40.350535914273429,
                            0
                        ],
                        [
                            -75.449034771374158,
                            40.350395423490433,
                            0
                        ],
                        [
                            -75.450190639880745,
                            40.350262020212433,
                            0
                        ],
                        [
                            -75.451347304928476,
                            40.350135709458797,
                            0
                        ],
                        [
                            -75.452504722997304,
                            40.350016495982018,
                            0
                        ],
                        [
                            -75.45366285053889,
                            40.349904384267553,
                            0
                        ],
                        [
                            -75.454821643978192,
                            40.34979937853366,
                            0
                        ],
                        [
                            -75.455981059715086,
                            40.349701482731213,
                            0
                        ],
                        [
                            -75.457141054126083,
                            40.349610700543593,
                            0
                        ],
                        [
                            -75.458301583565856,
                            40.349527035386508,
                            0
                        ],
                        [
                            -75.459462604369023,
                            40.349450490407911,
                            0
                        ],
                        [
                            -75.460624072851644,
                            40.349381068487837,
                            0
                        ],
                        [
                            -75.461785945312968,
                            40.349318772238306,
                            0
                        ],
                        [
                            -75.462948178037067,
                            40.349263604003241,
                            0
                        ],
                        [
                            -75.464110727294411,
                            40.349215565858387,
                            0
                        ],
                        [
                            -75.465273549343578,
                            40.34917465961118,
                            0
                        ],
                        [
                            -75.466436600432914,
                            40.349140886800754,
                            0
                        ],
                        [
                            -75.467599836802094,
                            40.349114248697809,
                            0
                        ],
                        [
                            -75.468763214683847,
                            40.349094746304623,
                            0
                        ],
                        [
                            -75.469926690305599,
                            40.349082380354986,
                            0
                        ],
                        [
                            -75.471090219891053,
                            40.349077151314162,
                            0
                        ],
                        [
                            -75.472253759661925,
                            40.349079059378901,
                            0
                        ],
                        [
                            -75.473417265839529,
                            40.349088104477417,
                            0
                        ],
                        [
                            -75.47458069464642,
                            40.349104286269373,
                            0
                        ],
                        [
                            -75.475744002308105,
                            40.349127604145927,
                            0
                        ],
                        [
                            -75.476907145054639,
                            40.349158057229744,
                            0
                        ],
                        [
                            -75.478070079122247,
                            40.349195644374994,
                            0
                        ],
                        [
                            -75.479232760755053,
                            40.349240364167464,
                            0
                        ],
                        [
                            -75.480395146206661,
                            40.349292214924539,
                            0
                        ],
                        [
                            -75.481557191741814,
                            40.349351194695309,
                            0
                        ],
                        [
                            -75.482718853638033,
                            40.349417301260651,
                            0
                        ],
                        [
                            -75.483880088187291,
                            40.349490532133267,
                            0
                        ],
                        [
                            -75.485040851697647,
                            40.349570884557814,
                            0
                        ],
                        [
                            -75.486201100494881,
                            40.349658355510989,
                            0
                        ],
                        [
                            -75.4873607909241,
                            40.349752941701681,
                            0
                        ],
                        [
                            -75.488519879351486,
                            40.349854639571021,
                            0
                        ],
                        [
                            -75.489678322165801,
                            40.349963445292602,
                            0
                        ],
                        [
                            -75.490836075780166,
                            40.350079354772546,
                            0
                        ],
                        [
                            -75.491993096633593,
                            40.350202363649721,
                            0
                        ],
                        [
                            -75.493149341192648,
                            40.350332467295857,
                            0
                        ],
                        [
                            -75.49430476595316,
                            40.350469660815747,
                            0
                        ],
                        [
                            -75.495459327441779,
                            40.350613939047435,
                            0
                        ],
                        [
                            -75.496612982217599,
                            40.350765296562379,
                            0
                        ],
                        [
                            -75.497765686873876,
                            40.350923727665695,
                            0
                        ],
                        [
                            -75.498917398039609,
                            40.35108922639634,
                            0
                        ],
                        [
                            -75.500068072381154,
                            40.351261786527353,
                            0
                        ],
                        [
                            -75.501217666603893,
                            40.351441401566092,
                            0
                        ],
                        [
                            -75.502366137453862,
                            40.351628064754451,
                            0
                        ],
                        [
                            -75.503513441719335,
                            40.351821769069161,
                            0
                        ],
                        [
                            -75.504659536232495,
                            40.352022507222003,
                            0
                        ],
                        [
                            -75.505804377871058,
                            40.352230271660119,
                            0
                        ],
                        [
                            -75.506947923559835,
                            40.352445054566282,
                            0
                        ],
                        [
                            -75.508090130272436,
                            40.352666847859197,
                            0
                        ],
                        [
                            -75.509230955032862,
                            40.352895643193797,
                            0
                        ],
                        [
                            -75.510370354917058,
                            40.35313143196155,
                            0
                        ],
                        [
                            -75.511508287054625,
                            40.353374205290805,
                            0
                        ],
                        [
                            -75.512644708630376,
                            40.353623954047116,
                            0
                        ],
                        [
                            -75.513779576885952,
                            40.353880668833575,
                            0
                        ],
                        [
                            -75.514912849121458,
                            40.354144339991173,
                            0
                        ],
                        [
                            -75.516044482697026,
                            40.354414957599175,
                            0
                        ],
                        [
                            -75.517174435034448,
                            40.35469251147547,
                            0
                        ],
                        [
                            -75.518302663618798,
                            40.354976991176983,
                            0
                        ],
                        [
                            -75.519429125999977,
                            40.355268386000034,
                            0
                        ],
                        [
                            -75.519498888999976,
                            40.355286389000071,
                            0
                        ],
                        [
                            -75.573613386999966,
                            40.377474729000028,
                            0
                        ],
                        [
                            -75.432905396999956,
                            40.264927477000072,
                            0
                        ],
                        [
                            -75.27727277799994,
                            40.338173056000073,
                            0
                        ],
                        [
                            -75.282997078999983,
                            40.363854452000055,
                            0
                        ],
                        [
                            -75.305803214999969,
                            40.466074364000065,
                            0
                        ],
                        [
                            -75.393362776999936,
                            40.459769444000074,
                            0
                        ],
                        [
                            -75.345646023999961,
                            40.409815970000068,
                            0
                        ]
                    ]
                ]
            },
            "properties": {
                "OBJECTID": 64,
                "Position": "P1N",
                "Low": 7000,
                "High": 10000,
                "Notes": null,
                "Fill": "#9EAAD7",
                "Stroke": "#9EAAD7",
                "Sector": "North Arrival",
                "Shape_Length": 0.8934880516478072,
                "Shape_Area": 0.021857317715460428
            }
        },
        {
            "type": "Feature",
            "id": 65,
            "geometry": {
                "type": "Polygon",
                "coordinates": [
                    [
                        [
                            -75.519429125999977,
                            40.355268386000034,
                            0
                        ],
                        [
                            -75.518302698662623,
                            40.354976704824274,
                            0
                        ],
                        [
                            -75.517174502253965,
                            40.354691942962177,
                            0
                        ],
                        [
                            -75.516044579276894,
                            40.354414111141665,
                            0
                        ],
                        [
                            -75.514912972299328,
                            40.354143219829588,
                            0
                        ],
                        [
                            -75.51377972395268,
                            40.353879279231307,
                            0
                        ],
                        [
                            -75.512644876930139,
                            40.35362229929035,
                            0
                        ],
                        [
                            -75.51150847398516,
                            40.353372289688004,
                            0
                        ],
                        [
                            -75.510370557929804,
                            40.353129259842945,
                            0
                        ],
                        [
                            -75.509231171633147,
                            40.352893218910914,
                            0
                        ],
                        [
                            -75.508090358019615,
                            40.352664175784362,
                            0
                        ],
                        [
                            -75.506948160067466,
                            40.352442139092105,
                            0
                        ],
                        [
                            -75.505804620807055,
                            40.352227117198986,
                            0
                        ],
                        [
                            -75.504659783319298,
                            40.352019118205604,
                            0
                        ],
                        [
                            -75.50351369073401,
                            40.351818149947967,
                            0
                        ],
                        [
                            -75.502366386228303,
                            40.351624219997206,
                            0
                        ],
                        [
                            -75.501217913024931,
                            40.351437335659313,
                            0
                        ],
                        [
                            -75.500068314390674,
                            40.351257503974843,
                            0
                        ],
                        [
                            -75.498917633634733,
                            40.351084731718636,
                            0
                        ],
                        [
                            -75.497765914107049,
                            40.350919025399612,
                            0
                        ],
                        [
                            -75.496613199196716,
                            40.350760391260465,
                            0
                        ],
                        [
                            -75.495459532330301,
                            40.350608835277477,
                            0
                        ],
                        [
                            -75.494304956970282,
                            40.350464363160256,
                            0
                        ],
                        [
                            -75.493149516613329,
                            40.350326980351547,
                            0
                        ],
                        [
                            -75.491993254788696,
                            40.350196692027012,
                            0
                        ],
                        [
                            -75.490836215056589,
                            40.350073503095054,
                            0
                        ],
                        [
                            -75.489678441006546,
                            40.349957418196595,
                            0
                        ],
                        [
                            -75.488519976255716,
                            40.349848441704943,
                            0
                        ],
                        [
                            -75.487360864447339,
                            40.349746577725611,
                            0
                        ],
                        [
                            -75.48620114924897,
                            40.349651830096143,
                            0
                        ],
                        [
                            -75.485040874350929,
                            40.349564202385992,
                            0
                        ],
                        [
                            -75.483880083464598,
                            40.349483697896396,
                            0
                        ],
                        [
                            -75.482718820320841,
                            40.349410319660215,
                            0
                        ],
                        [
                            -75.481557128668243,
                            40.349344070441859,
                            0
                        ],
                        [
                            -75.480395052271618,
                            40.34928495273715,
                            0
                        ],
                        [
                            -75.479232634910204,
                            40.349232968773244,
                            0
                        ],
                        [
                            -75.478069920376115,
                            40.349188120508558,
                            0
                        ],
                        [
                            -75.47690695247266,
                            40.349150409632671,
                            0
                        ],
                        [
                            -75.475743775012702,
                            40.349119837566271,
                            0
                        ],
                        [
                            -75.47458043181696,
                            40.349096405461118,
                            0
                        ],
                        [
                            -75.473416966712449,
                            40.349080114199971,
                            0
                        ],
                        [
                            -75.472253423530731,
                            40.349070964396574,
                            0
                        ],
                        [
                            -75.471089846106338,
                            40.349068956395641,
                            0
                        ],
                        [
                            -75.469926278275082,
                            40.349074090272808,
                            0
                        ],
                        [
                            -75.468762763872434,
                            40.349086365834665,
                            0
                        ],
                        [
                            -75.467599346731802,
                            40.349105782618764,
                            0
                        ],
                        [
                            -75.466436070682974,
                            40.3491323398936,
                            0
                        ],
                        [
                            -75.465272979550406,
                            40.349166036658673,
                            0
                        ],
                        [
                            -75.464110117151606,
                            40.349206871644519,
                            0
                        ],
                        [
                            -75.462947527295441,
                            40.349254843312742,
                            0
                        ],
                        [
                            -75.461785253780519,
                            40.349309949856092,
                            0
                        ],
                        [
                            -75.460623340393525,
                            40.349372189198533,
                            0
                        ],
                        [
                            -75.459461830907586,
                            40.349441558995288,
                            0
                        ],
                        [
                            -75.458300769080608,
                            40.349518056632981,
                            0
                        ],
                        [
                            -75.457140198653647,
                            40.349601679229679,
                            0
                        ],
                        [
                            -75.455980163349224,
                            40.349692423635055,
                            0
                        ],
                        [
                            -75.454820706869711,
                            40.349790286430455,
                            0
                        ],
                        [
                            -75.453661872895665,
                            40.349895263929078,
                            0
                        ],
                        [
                            -75.452503705084197,
                            40.350007352176057,
                            0
                        ],
                        [
                            -75.451346247067335,
                            40.350126546948673,
                            0
                        ],
                        [
                            -75.450189542450346,
                            40.350252843756451,
                            0
                        ],
                        [
                            -75.449033634810135,
                            40.350386237841377,
                            0
                        ],
                        [
                            -75.447878567693536,
                            40.35052672417806,
                            0
                        ],
                        [
                            -75.446724384615791,
                            40.350674297473901,
                            0
                        ],
                        [
                            -75.445571129058763,
                            40.350828952169344,
                            0
                        ],
                        [
                            -75.444418844469439,
                            40.350990682438017,
                            0
                        ],
                        [
                            -75.443267574258158,
                            40.351159482187022,
                            0
                        ],
                        [
                            -75.442117361797116,
                            40.351335345057095,
                            0
                        ],
                        [
                            -75.440968250418607,
                            40.351518264422914,
                            0
                        ],
                        [
                            -75.439820283413454,
                            40.351708233393296,
                            0
                        ],
                        [
                            -75.438673504029381,
                            40.351905244811476,
                            0
                        ],
                        [
                            -75.437527955469378,
                            40.352109291255395,
                            0
                        ],
                        [
                            -75.436383680890032,
                            40.352320365037933,
                            0
                        ],
                        [
                            -75.435240723399957,
                            40.352538458207256,
                            0
                        ],
                        [
                            -75.434099126058143,
                            40.352763562547061,
                            0
                        ],
                        [
                            -75.432958931872363,
                            40.35299566957692,
                            0
                        ],
                        [
                            -75.431820183797484,
                            40.353234770552611,
                            0
                        ],
                        [
                            -75.430682924733915,
                            40.35348085646639,
                            0
                        ],
                        [
                            -75.429547197525977,
                            40.353733918047389,
                            0
                        ],
                        [
                            -75.42841304496028,
                            40.35399394576195,
                            0
                        ],
                        [
                            -75.427280509764103,
                            40.354260929813961,
                            0
                        ],
                        [
                            -75.426149634603789,
                            40.35453486014525,
                            0
                        ],
                        [
                            -75.425020462083154,
                            40.354815726435959,
                            0
                        ],
                        [
                            -75.423893034741852,
                            40.355103518104919,
                            0
                        ],
                        [
                            -75.422767395053825,
                            40.355398224310065,
                            0
                        ],
                        [
                            -75.421643585425642,
                            40.35569983394884,
                            0
                        ],
                        [
                            -75.420521648194907,
                            40.356008335658615,
                            0
                        ],
                        [
                            -75.419401625628737,
                            40.356323717817105,
                            0
                        ],
                        [
                            -75.418283559922088,
                            40.356645968542821,
                            0
                        ],
                        [
                            -75.417167493196189,
                            40.356975075695509,
                            0
                        ],
                        [
                            -75.416053467496965,
                            40.357311026876616,
                            0
                        ],
                        [
                            -75.414941524793448,
                            40.357653809429749,
                            0
                        ],
                        [
                            -75.413831706976225,
                            40.35800341044115,
                            0
                        ],
                        [
                            -75.412724055855776,
                            40.358359816740197,
                            0
                        ],
                        [
                            -75.411618613161011,
                            40.35872301489988,
                            0
                        ],
                        [
                            -75.410515420537592,
                            40.359092991237333,
                            0
                        ],
                        [
                            -75.409414519546459,
                            40.359469731814308,
                            0
                        ],
                        [
                            -75.408315951662189,
                            40.359853222437749,
                            0
                        ],
                        [
                            -75.407219758271467,
                            40.360243448660292,
                            0
                        ],
                        [
                            -75.406125980671533,
                            40.36064039578082,
                            0
                        ],
                        [
                            -75.405034660068608,
                            40.361044048845031,
                            0
                        ],
                        [
                            -75.403945837576345,
                            40.361454392645967,
                            0
                        ],
                        [
                            -75.402859554214302,
                            40.361871411724621,
                            0
                        ],
                        [
                            -75.401775850906361,
                            40.362295090370509,
                            0
                        ],
                        [
                            -75.400694768479227,
                            40.362725412622254,
                            0
                        ],
                        [
                            -75.399616347660839,
                            40.363162362268184,
                            0
                        ],
                        [
                            -75.39854062907888,
                            40.363605922846965,
                            0
                        ],
                        [
                            -75.397467653259227,
                            40.364056077648208,
                            0
                        ],
                        [
                            -75.396397460624456,
                            40.364512809713077,
                            0
                        ],
                        [
                            -75.395330091492241,
                            40.364976101834969,
                            0
                        ],
                        [
                            -75.394265586073914,
                            40.365445936560143,
                            0
                        ],
                        [
                            -75.393203984472919,
                            40.365922296188359,
                            0
                        ],
                        [
                            -75.39214532668332,
                            40.366405162773582,
                            0
                        ],
                        [
                            -75.391089652588235,
                            40.366894518124624,
                            0
                        ],
                        [
                            -75.390037001958419,
                            40.367390343805852,
                            0
                        ],
                        [
                            -75.388987414450696,
                            40.367892621137869,
                            0
                        ],
                        [
                            -75.387940929606515,
                            40.368401331198221,
                            0
                        ],
                        [
                            -75.386897586850409,
                            40.368916454822127,
                            0
                        ],
                        [
                            -75.385857425488553,
                            40.369437972603158,
                            0
                        ],
                        [
                            -75.384820484707291,
                            40.369965864894034,
                            0
                        ],
                        [
                            -75.383786803571596,
                            40.370500111807289,
                            0
                        ],
                        [
                            -75.382756421023657,
                            40.371040693216081,
                            0
                        ],
                        [
                            -75.381729375881406,
                            40.371587588754913,
                            0
                        ],
                        [
                            -75.380705706837034,
                            40.37214077782042,
                            0
                        ],
                        [
                            -75.379685452455519,
                            40.372700239572147,
                            0
                        ],
                        [
                            -75.378668651173257,
                            40.373265952933309,
                            0
                        ],
                        [
                            -75.377655341296489,
                            40.37383789659161,
                            0
                        ],
                        [
                            -75.376645560999975,
                            40.374416049000047,
                            0
                        ],
                        [
                            -75.376588032999962,
                            40.374451125000064,
                            0
                        ],
                        [
                            -75.345646023999961,
                            40.409815970000068,
                            0
                        ],
                        [
                            -75.393362776999936,
                            40.459769444000074,
                            0
                        ],
                        [
                            -75.573613386999966,
                            40.377474729000028,
                            0
                        ],
                        [
                            -75.519498888999976,
                            40.355286389000071,
                            0
                        ],
                        [
                            -75.519429125999977,
                            40.355268386000034,
                            0
                        ]
                    ]
                ]
            },
            "properties": {
                "OBJECTID": 65,
                "Position": "P1N",
                "Low": 7000,
                "High": 9000,
                "Notes": null,
                "Fill": "#9EAAD7",
                "Stroke": "#9EAAD7",
                "Sector": "North Arrival",
                "Shape_Length": 0.52062075768180827,
                "Shape_Area": 0.013480142595151746
            }
        },
        {
            "type": "Feature",
            "id": 66,
            "geometry": {
                "type": "Polygon",
                "coordinates": [
                    [
                        [
                            -75.389866161999976,
                            40.030489912000064,
                            0
                        ],
                        [
                            -75.445451401999946,
                            40.027956876000076,
                            0
                        ],
                        [
                            -75.620676137999965,
                            40.019765238000048,
                            0
                        ],
                        [
                            -75.590523332999965,
                            39.921147222000059,
                            0
                        ],
                        [
                            -75.670010832999935,
                            39.835052222000058,
                            0
                        ],
                        [
                            -75.389866161999976,
                            40.030489912000064,
                            0
                        ]
                    ]
                ]
            },
            "properties": {
                "OBJECTID": 66,
                "Position": "P1H",
                "Low": 13000,
                "High": 13000,
                "Notes": null,
                "Fill": "#AA83E8",
                "Stroke": "#AA83E8",
                "Sector": "North High",
                "Shape_Length": 0.7929414767695494,
                "Shape_Area": 0.015840543287827431
            }
        },
        {
            "type": "Feature",
            "id": 67,
            "geometry": {
                "type": "Polygon",
                "coordinates": [
                    [
                        [
                            -75.153620832999934,
                            40.194170556000074,
                            0
                        ],
                        [
                            -75.302415810999946,
                            40.091332106000038,
                            0
                        ],
                        [
                            -75.389866161999976,
                            40.030489912000064,
                            0
                        ],
                        [
                            -75.343895832999976,
                            40.032584722000024,
                            0
                        ],
                        [
                            -75.30460414199996,
                            40.034230562000062,
                            0
                        ],
                        [
                            -75.284415708999973,
                            40.05561662000008,
                            0
                        ],
                        [
                            -75.153620832999934,
                            40.194170556000074,
                            0
                        ]
                    ]
                ]
            },
            "properties": {
                "OBJECTID": 67,
                "Position": "P1H",
                "Low": 9000,
                "High": 12000,
                "Notes": null,
                "Fill": "#AA83E8",
                "Stroke": "#AA83E8",
                "Sector": "North High",
                "Shape_Length": 0.59269941951761362,
                "Shape_Area": 0.0065625684249783541
            }
        },
        {
            "type": "Feature",
            "id": 68,
            "geometry": {
                "type": "Polygon",
                "coordinates": [
                    [
                        [
                            -76.013283891999947,
                            39.557767222000052,
                            0
                        ],
                        [
                            -75.972443245999955,
                            39.562930176000066,
                            0
                        ],
                        [
                            -75.894444681999971,
                            39.689069342000039,
                            0
                        ],
                        [
                            -75.971655088999967,
                            39.721134092000057,
                            0
                        ],
                        [
                            -76.090210962999947,
                            39.659957625000061,
                            0
                        ],
                        [
                            -76.040289721999955,
                            39.593649722000066,
                            0
                        ],
                        [
                            -76.013283891999947,
                            39.557767222000052,
                            0
                        ]
                    ]
                ]
            },
            "properties": {
                "OBJECTID": 68,
                "Position": "P1S",
                "Low": 9000,
                "High": 9000,
                "Notes": null,
                "Fill": "#CC41B0",
                "Stroke": "#CC41B0",
                "Sector": "South Arrival",
                "Shape_Length": 0.53439427325556899,
                "Shape_Area": 0.017759070849878107
            }
        },
        {
            "type": "Feature",
            "id": 69,
            "geometry": {
                "type": "Polygon",
                "coordinates": [
                    [
                        [
                            -75.562863403999984,
                            39.758070376000035,
                            0
                        ],
                        [
                            -75.566175130999966,
                            39.770501756000044,
                            0
                        ],
                        [
                            -75.573209039999938,
                            39.797180144000038,
                            0
                        ],
                        [
                            -75.574527827999987,
                            39.802180925000073,
                            0
                        ],
                        [
                            -75.664014707999968,
                            39.783993085000077,
                            0
                        ],
                        [
                            -75.787649558999988,
                            39.758856899000079,
                            0
                        ],
                        [
                            -75.971655089999956,
                            39.721134092000057,
                            0
                        ],
                        [
                            -75.969208487999936,
                            39.720118270000057,
                            0
                        ],
                        [
                            -75.897497813999962,
                            39.690337563000071,
                            0
                        ],
                        [
                            -75.894698862999974,
                            39.689174926000078,
                            0
                        ],
                        [
                            -75.894444681999971,
                            39.689069343000028,
                            0
                        ],
                        [
                            -75.92663466099998,
                            39.637039621000042,
                            0
                        ],
                        [
                            -75.972442858999955,
                            39.562930803000029,
                            0
                        ],
                        [
                            -75.972443245999955,
                            39.562930177000055,
                            0
                        ],
                        [
                            -75.898009509999952,
                            39.572338882000054,
                            0
                        ],
                        [
                            -75.611402777999956,
                            39.608555132000049,
                            0
                        ],
                        [
                            -75.488887499999976,
                            39.624038056000074,
                            0
                        ],
                        [
                            -75.495286110999984,
                            39.662098611000033,
                            0
                        ],
                        [
                            -75.495177242249341,
                            39.662759552000267,
                            0
                        ],
                        [
                            -75.495074940375417,
                            39.663421541227713,
                            0
                        ],
                        [
                            -75.494979215460944,
                            39.664084513437842,
                            0
                        ],
                        [
                            -75.494890076940393,
                            39.664748403289252,
                            0
                        ],
                        [
                            -75.494807533599086,
                            39.665413145350108,
                            0
                        ],
                        [
                            -75.494731593572382,
                            39.666078674104554,
                            0
                        ],
                        [
                            -75.494662264344782,
                            39.666744923959236,
                            0
                        ],
                        [
                            -75.49459955274925,
                            39.667411829249694,
                            0
                        ],
                        [
                            -75.494543464966554,
                            39.668079324246897,
                            0
                        ],
                        [
                            -75.49449400652459,
                            39.668747343163673,
                            0
                        ],
                        [
                            -75.494451182297908,
                            39.669415820161234,
                            0
                        ],
                        [
                            -75.494414996507189,
                            39.670084689355626,
                            0
                        ],
                        [
                            -75.494385452718845,
                            39.670753884824251,
                            0
                        ],
                        [
                            -75.494362553844653,
                            39.67142334061235,
                            0
                        ],
                        [
                            -75.494346302141494,
                            39.672092990739507,
                            0
                        ],
                        [
                            -75.494336699211104,
                            39.672762769206159,
                            0
                        ],
                        [
                            -75.494333745999938,
                            39.673432610000077,
                            0
                        ],
                        [
                            -75.494400880901793,
                            39.674229380856758,
                            0
                        ],
                        [
                            -75.494475139757199,
                            39.675025519359465,
                            0
                        ],
                        [
                            -75.494556516625138,
                            39.675820961813997,
                            0
                        ],
                        [
                            -75.494645004995135,
                            39.676615644581815,
                            0
                        ],
                        [
                            -75.494740597787796,
                            39.67740950408519,
                            0
                        ],
                        [
                            -75.494843287355309,
                            39.678202476812231,
                            0
                        ],
                        [
                            -75.494953065482107,
                            39.678994499321995,
                            0
                        ],
                        [
                            -75.4950699233855,
                            39.67978550824958,
                            0
                        ],
                        [
                            -75.495193851716408,
                            39.680575440311152,
                            0
                        ],
                        [
                            -75.495324840560059,
                            39.681364232309043,
                            0
                        ],
                        [
                            -75.495462879436857,
                            39.682151821136792,
                            0
                        ],
                        [
                            -75.495607957303136,
                            39.682938143784199,
                            0
                        ],
                        [
                            -75.495760062552094,
                            39.683723137342348,
                            0
                        ],
                        [
                            -75.495919183014706,
                            39.684506739008683,
                            0
                        ],
                        [
                            -75.496085305960733,
                            39.685288886091975,
                            0
                        ],
                        [
                            -75.496258418099657,
                            39.68606951601739,
                            0
                        ],
                        [
                            -75.49643850558185,
                            39.68684856633147,
                            0
                        ],
                        [
                            -75.496625553999593,
                            39.68762597470711,
                            0
                        ],
                        [
                            -75.496819548388274,
                            39.688401678948601,
                            0
                        ],
                        [
                            -75.497020473227593,
                            39.689175616996536,
                            0
                        ],
                        [
                            -75.497228312442758,
                            39.689947726932843,
                            0
                        ],
                        [
                            -75.497443049405817,
                            39.690717946985686,
                            0
                        ],
                        [
                            -75.497664666936984,
                            39.691486215534425,
                            0
                        ],
                        [
                            -75.497893147305959,
                            39.692252471114557,
                            0
                        ],
                        [
                            -75.498128472233446,
                            39.693016652422635,
                            0
                        ],
                        [
                            -75.498370622892494,
                            39.693778698321132,
                            0
                        ],
                        [
                            -75.498619579910113,
                            39.694538547843393,
                            0
                        ],
                        [
                            -75.498875323368765,
                            39.695296140198465,
                            0
                        ],
                        [
                            -75.499137832807975,
                            39.696051414775972,
                            0
                        ],
                        [
                            -75.499407087225933,
                            39.696804311150991,
                            0
                        ],
                        [
                            -75.499683065081229,
                            39.697554769088839,
                            0
                        ],
                        [
                            -75.49996574429457,
                            39.69830272854994,
                            0
                        ],
                        [
                            -75.500255102250492,
                            39.699048129694589,
                            0
                        ],
                        [
                            -75.50055111579924,
                            39.699790912887764,
                            0
                        ],
                        [
                            -75.500853761258526,
                            39.700531018703892,
                            0
                        ],
                        [
                            -75.501163014415567,
                            39.701268387931599,
                            0
                        ],
                        [
                            -75.501478850528869,
                            39.702002961578444,
                            0
                        ],
                        [
                            -75.501801244330309,
                            39.702734680875643,
                            0
                        ],
                        [
                            -75.502130170027115,
                            39.703463487282782,
                            0
                        ],
                        [
                            -75.502465601303925,
                            39.704189322492475,
                            0
                        ],
                        [
                            -75.502807511324946,
                            39.704912128435055,
                            0
                        ],
                        [
                            -75.503155872736002,
                            39.705631847283207,
                            0
                        ],
                        [
                            -75.503510657666837,
                            39.706348421456589,
                            0
                        ],
                        [
                            -75.503871837733229,
                            39.707061793626458,
                            0
                        ],
                        [
                            -75.504239384039394,
                            39.707771906720218,
                            0
                        ],
                        [
                            -75.504613267180133,
                            39.708478703926048,
                            0
                        ],
                        [
                            -75.504993457243373,
                            39.709182128697378,
                            0
                        ],
                        [
                            -75.505379923812384,
                            39.709882124757463,
                            0
                        ],
                        [
                            -75.505772635968327,
                            39.710578636103875,
                            0
                        ],
                        [
                            -75.506171562292693,
                            39.711271607012954,
                            0
                        ],
                        [
                            -75.506576670869791,
                            39.71196098204431,
                            0
                        ],
                        [
                            -75.506987929289352,
                            39.712646706045234,
                            0
                        ],
                        [
                            -75.507405304649097,
                            39.713328724155097,
                            0
                        ],
                        [
                            -75.507828763557328,
                            39.714006981809781,
                            0
                        ],
                        [
                            -75.508258272135691,
                            39.714681424745997,
                            0
                        ],
                        [
                            -75.508693796021817,
                            39.715351999005662,
                            0
                        ],
                        [
                            -75.509135300372051,
                            39.7160186509402,
                            0
                        ],
                        [
                            -75.509582749864336,
                            39.716681327214829,
                            0
                        ],
                        [
                            -75.51003610870093,
                            39.717339974812852,
                            0
                        ],
                        [
                            -75.510495340611371,
                            39.717994541039857,
                            0
                        ],
                        [
                            -75.510960408855283,
                            39.718644973527979,
                            0
                        ],
                        [
                            -75.51143127622538,
                            39.719291220240066,
                            0
                        ],
                        [
                            -75.511907905050421,
                            39.719933229473838,
                            0
                        ],
                        [
                            -75.51239025719822,
                            39.720570949866023,
                            0
                        ],
                        [
                            -75.512878294078718,
                            39.721204330396489,
                            0
                        ],
                        [
                            -75.513371976647051,
                            39.7218333203923,
                            0
                        ],
                        [
                            -75.513871265406664,
                            39.72245786953178,
                            0
                        ],
                        [
                            -75.514376120412479,
                            39.723077927848557,
                            0
                        ],
                        [
                            -75.514886501274134,
                            39.723693445735513,
                            0
                        ],
                        [
                            -75.51540236715914,
                            39.724304373948797,
                            0
                        ],
                        [
                            -75.515923676796191,
                            39.724910663611752,
                            0
                        ],
                        [
                            -75.516450388478489,
                            39.725512266218828,
                            0
                        ],
                        [
                            -75.516982460067013,
                            39.72610913363944,
                            0
                        ],
                        [
                            -75.517519848993942,
                            39.726701218121853,
                            0
                        ],
                        [
                            -75.518062512266056,
                            39.727288472296983,
                            0
                        ],
                        [
                            -75.518610406468142,
                            39.727870849182182,
                            0
                        ],
                        [
                            -75.519163487766534,
                            39.728448302185001,
                            0
                        ],
                        [
                            -75.519721711912553,
                            39.729020785106947,
                            0
                        ],
                        [
                            -75.520285034246044,
                            39.729588252147124,
                            0
                        ],
                        [
                            -75.520853409699029,
                            39.730150657905938,
                            0
                        ],
                        [
                            -75.521426792799218,
                            39.730707957388717,
                            0
                        ],
                        [
                            -75.52200513767373,
                            39.731260106009316,
                            0
                        ],
                        [
                            -75.522588398052704,
                            39.73180705959367,
                            0
                        ],
                        [
                            -75.52317652727298,
                            39.73234877438334,
                            0
                        ],
                        [
                            -75.523769478281949,
                            39.732885207039011,
                            0
                        ],
                        [
                            -75.524367203641177,
                            39.733416314643968,
                            0
                        ],
                        [
                            -75.524969655530285,
                            39.733942054707505,
                            0
                        ],
                        [
                            -75.525576785750744,
                            39.734462385168364,
                            0
                        ],
                        [
                            -75.526188545729781,
                            39.734977264398047,
                            0
                        ],
                        [
                            -75.526804886524161,
                            39.735486651204198,
                            0
                        ],
                        [
                            -75.527425758824208,
                            39.735990504833872,
                            0
                        ],
                        [
                            -75.528051112957698,
                            39.736488784976785,
                            0
                        ],
                        [
                            -75.528680898893839,
                            39.736981451768585,
                            0
                        ],
                        [
                            -75.529315066247293,
                            39.737468465793974,
                            0
                        ],
                        [
                            -75.529953564282152,
                            39.737949788089928,
                            0
                        ],
                        [
                            -75.53059634191608,
                            39.738425380148762,
                            0
                        ],
                        [
                            -75.531243347724327,
                            39.738895203921238,
                            0
                        ],
                        [
                            -75.531894529943898,
                            39.739359221819619,
                            0
                        ],
                        [
                            -75.532549836477656,
                            39.739817396720646,
                            0
                        ],
                        [
                            -75.533209214898477,
                            39.740269691968514,
                            0
                        ],
                        [
                            -75.533872612453521,
                            39.740716071377832,
                            0
                        ],
                        [
                            -75.534539976068359,
                            39.741156499236496,
                            0
                        ],
                        [
                            -75.535211252351289,
                            39.741590940308541,
                            0
                        ],
                        [
                            -75.535886387597571,
                            39.742019359836966,
                            0
                        ],
                        [
                            -75.53656532779371,
                            39.742441723546541,
                            0
                        ],
                        [
                            -75.537248018621838,
                            39.742857997646496,
                            0
                        ],
                        [
                            -75.537934405464,
                            39.743268148833266,
                            0
                        ],
                        [
                            -75.538624433406554,
                            39.743672144293143,
                            0
                        ],
                        [
                            -75.539318047244535,
                            39.744069951704908,
                            0
                        ],
                        [
                            -75.540015191486134,
                            39.744461539242401,
                            0
                        ],
                        [
                            -75.540715810357042,
                            39.744846875577075,
                            0
                        ],
                        [
                            -75.541419847805017,
                            39.745225929880519,
                            0
                        ],
                        [
                            -75.542127247504283,
                            39.745598671826883,
                            0
                        ],
                        [
                            -75.542837952860083,
                            39.745965071595357,
                            0
                        ],
                        [
                            -75.543551907013196,
                            39.746325099872507,
                            0
                        ],
                        [
                            -75.544269052844484,
                            39.746678727854672,
                            0
                        ],
                        [
                            -75.544989332979455,
                            39.747025927250206,
                            0
                        ],
                        [
                            -75.545712689792879,
                            39.747366670281806,
                            0
                        ],
                        [
                            -75.546439065413352,
                            39.747700929688683,
                            0
                        ],
                        [
                            -75.547168401727973,
                            39.748028678728765,
                            0
                        ],
                        [
                            -75.54790064038697,
                            39.748349891180851,
                            0
                        ],
                        [
                            -75.54863572280837,
                            39.748664541346677,
                            0
                        ],
                        [
                            -75.549373590182682,
                            39.748972604052987,
                            0
                        ],
                        [
                            -75.550114183477632,
                            39.749274054653554,
                            0
                        ],
                        [
                            -75.550857443442823,
                            39.749568869031158,
                            0
                        ],
                        [
                            -75.551603310614553,
                            39.749857023599475,
                            0
                        ],
                        [
                            -75.552351725320506,
                            39.750138495305009,
                            0
                        ],
                        [
                            -75.553102627684552,
                            39.750413261628921,
                            0
                        ],
                        [
                            -75.553855957631583,
                            39.750681300588823,
                            0
                        ],
                        [
                            -75.554611654892199,
                            39.750942590740543,
                            0
                        ],
                        [
                            -75.555369659007681,
                            39.751197111179842,
                            0
                        ],
                        [
                            -75.5561299093347,
                            39.751444841544078,
                            0
                        ],
                        [
                            -75.556892345050244,
                            39.751685762013864,
                            0
                        ],
                        [
                            -75.557656905156463,
                            39.751919853314597,
                            0
                        ],
                        [
                            -75.558423528485548,
                            39.752147096718062,
                            0
                        ],
                        [
                            -75.559192153704601,
                            39.752367474043893,
                            0
                        ],
                        [
                            -75.559962719320581,
                            39.752580967661032,
                            0
                        ],
                        [
                            -75.560735163685223,
                            39.752787560489153,
                            0
                        ],
                        [
                            -75.56150942499994,
                            39.752987236000024,
                            0
                        ],
                        [
                            -75.561726952999948,
                            39.753803908000066,
                            0
                        ],
                        [
                            -75.561736032999988,
                            39.753837999000041,
                            0
                        ],
                        [
                            -75.561753055999986,
                            39.753834722000079,
                            0
                        ],
                        [
                            -75.562863403999984,
                            39.758070376000035,
                            0
                        ]
                    ]
                ]
            },
            "properties": {
                "OBJECTID": 69,
                "Position": "P1S",
                "Low": 7000,
                "High": 9000,
                "Notes": null,
                "Fill": "#CC41B0",
                "Stroke": "#CC41B0",
                "Sector": "South Arrival",
                "Shape_Length": 1.3366546229671745,
                "Shape_Area": 0.072610712905857633
            }
        },
        {
            "type": "Feature",
            "id": 73,
            "geometry": {
                "type": "Polygon",
                "coordinates": [
                    [
                        [
                            -75.473893507999946,
                            39.534644343000025,
                            0
                        ],
                        [
                            -75.473893528999952,
                            39.534644469000057,
                            0
                        ],
                        [
                            -75.488887499999976,
                            39.624038056000074,
                            0
                        ],
                        [
                            -75.898009509999952,
                            39.572338882000054,
                            0
                        ],
                        [
                            -75.804180832999975,
                            39.413320556000031,
                            0
                        ],
                        [
                            -75.870043056999975,
                            39.335015555000041,
                            0
                        ],
                        [
                            -75.835991110999942,
                            39.266568889000041,
                            0
                        ],
                        [
                            -75.772951142999943,
                            39.273020999000039,
                            0
                        ],
                        [
                            -75.775197039999966,
                            39.280374161000054,
                            0
                        ],
                        [
                            -75.779398055999934,
                            39.294126389000041,
                            0
                        ],
                        [
                            -75.781557499999963,
                            39.304072222000059,
                            0
                        ],
                        [
                            -75.782997777999981,
                            39.322306667000078,
                            0
                        ],
                        [
                            -75.757798610999942,
                            39.384745000000066,
                            0
                        ],
                        [
                            -75.749159443999986,
                            39.399111667000057,
                            0
                        ],
                        [
                            -75.734039443999961,
                            39.414306944000032,
                            0
                        ],
                        [
                            -75.68508194399999,
                            39.452434167000035,
                            0
                        ],
                        [
                            -75.665283332999934,
                            39.465971667000076,
                            0
                        ],
                        [
                            -75.648724166999955,
                            39.470115556000053,
                            0
                        ],
                        [
                            -75.582077221999953,
                            39.47910138900005,
                            0
                        ],
                        [
                            -75.571099925999988,
                            39.478905959000031,
                            0
                        ],
                        [
                            -75.554473055999949,
                            39.476540556000032,
                            0
                        ],
                        [
                            -75.512596666999968,
                            39.458018056000071,
                            0
                        ],
                        [
                            -75.499601388999963,
                            39.449113056000044,
                            0
                        ],
                        [
                            -75.494780202999948,
                            39.425761484000077,
                            0
                        ],
                        [
                            -75.483852172999946,
                            39.37280222000004,
                            0
                        ],
                        [
                            -75.482514805999983,
                            39.366318331000059,
                            0
                        ],
                        [
                            -75.476814999999988,
                            39.338677500000074,
                            0
                        ],
                        [
                            -75.443704763999961,
                            39.352250727000069,
                            0
                        ],
                        [
                            -75.447206552999944,
                            39.373432235000053,
                            0
                        ],
                        [
                            -75.449821537999981,
                            39.38924548600005,
                            0
                        ],
                        [
                            -75.45803794699998,
                            39.438908156000025,
                            0
                        ],
                        [
                            -75.473893507999946,
                            39.534644343000025,
                            0
                        ]
                    ]
                ]
            },
            "properties": {
                "OBJECTID": 73,
                "Position": "P1S",
                "Low": 7000,
                "High": 10000,
                "Notes": null,
                "Fill": "#CC41B0",
                "Stroke": "#CC41B0",
                "Sector": "South Arrival",
                "Shape_Length": 1.6789572883568351,
                "Shape_Area": 0.073672135388183416
            }
        },
        {
            "type": "Feature",
            "id": 74,
            "geometry": {
                "type": "Polygon",
                "coordinates": [
                    [
                        [
                            -75.772951142999943,
                            39.273020999000039,
                            0
                        ],
                        [
                            -75.550088593999988,
                            39.295854754000061,
                            0
                        ],
                        [
                            -75.499601388999963,
                            39.449113056000044,
                            0
                        ],
                        [
                            -75.512596666999968,
                            39.458018056000071,
                            0
                        ],
                        [
                            -75.554473055999949,
                            39.476540556000032,
                            0
                        ],
                        [
                            -75.571099925999988,
                            39.478905959000031,
                            0
                        ],
                        [
                            -75.582077221999953,
                            39.47910138900005,
                            0
                        ],
                        [
                            -75.648724166999955,
                            39.470115556000053,
                            0
                        ],
                        [
                            -75.665283332999934,
                            39.465971667000076,
                            0
                        ],
                        [
                            -75.68508194399999,
                            39.452434167000035,
                            0
                        ],
                        [
                            -75.734039443999961,
                            39.414306944000032,
                            0
                        ],
                        [
                            -75.749159443999986,
                            39.399111667000057,
                            0
                        ],
                        [
                            -75.757798610999942,
                            39.384745000000066,
                            0
                        ],
                        [
                            -75.782997777999981,
                            39.322306667000078,
                            0
                        ],
                        [
                            -75.781557499999963,
                            39.304072222000059,
                            0
                        ],
                        [
                            -75.779398055999934,
                            39.294126389000041,
                            0
                        ],
                        [
                            -75.772951142999943,
                            39.273020999000039,
                            0
                        ]
                    ]
                ]
            },
            "properties": {
                "OBJECTID": 74,
                "Position": "P1S",
                "Low": 7000,
                "High": 9000,
                "Notes": "Control on handoffs from ZDC to 10000",
                "Fill": "#CC41B0",
                "Stroke": "#CC41B0",
                "Sector": "South Arrival",
                "Shape_Length": 0.80113162309242103,
                "Shape_Area": 0.04167589468999984
            }
        },
        {
            "type": "Feature",
            "id": 75,
            "geometry": {
                "type": "Polygon",
                "coordinates": [
                    [
                        [
                            -75.51541416699996,
                            39.299373611000078,
                            0
                        ],
                        [
                            -75.469941666999944,
                            39.307749444000081,
                            0
                        ],
                        [
                            -75.476814999999988,
                            39.338677500000074,
                            0
                        ],
                        [
                            -75.482514805999983,
                            39.366318331000059,
                            0
                        ],
                        [
                            -75.499601388999963,
                            39.449113056000044,
                            0
                        ],
                        [
                            -75.550088593999988,
                            39.295854754000061,
                            0
                        ],
                        [
                            -75.51541416699996,
                            39.299373611000078,
                            0
                        ]
                    ]
                ]
            },
            "properties": {
                "OBJECTID": 75,
                "Position": "P1S",
                "Low": 7000,
                "High": 9000,
                "Notes": null,
                "Fill": "#CC41B0",
                "Stroke": "#CC41B0",
                "Sector": "South Arrival",
                "Shape_Length": 0.38689446955248041,
                "Shape_Area": 0.0058795600607165436
            }
        },
        {
            "type": "Feature",
            "id": 76,
            "geometry": {
                "type": "Polygon",
                "coordinates": [
                    [
                        [
                            -75.438111666999987,
                            39.31438055600006,
                            0
                        ],
                        [
                            -75.443704763999961,
                            39.352250727000069,
                            0
                        ],
                        [
                            -75.476814999999988,
                            39.338677500000074,
                            0
                        ],
                        [
                            -75.469941666999944,
                            39.307749444000081,
                            0
                        ],
                        [
                            -75.438111666999987,
                            39.31438055600006,
                            0
                        ]
                    ]
                ]
            },
            "properties": {
                "OBJECTID": 76,
                "Position": "P1S",
                "Low": 7000,
                "High": 8000,
                "Notes": null,
                "Fill": "#CC41B0",
                "Stroke": "#CC41B0",
                "Sector": "South Arrival",
                "Shape_Length": 0.13826131976326245,
                "Shape_Area": 0.0011799122689001031
            }
        },
        {
            "type": "Feature",
            "id": 77,
            "geometry": {
                "type": "Polygon",
                "coordinates": [
                    [
                        [
                            -75.21154194199994,
                            39.360988887000076,
                            0
                        ],
                        [
                            -75.253661943999987,
                            39.394198333000077,
                            0
                        ],
                        [
                            -75.287703230999966,
                            39.416041497000037,
                            0
                        ],
                        [
                            -75.327475698999933,
                            39.44155350300008,
                            0
                        ],
                        [
                            -75.210893738999971,
                            39.494635520000031,
                            0
                        ],
                        [
                            -75.095368610999969,
                            39.547196389000078,
                            0
                        ],
                        [
                            -74.974418887999946,
                            39.654998890000059,
                            0
                        ],
                        [
                            -74.911147199999959,
                            39.70973390000006,
                            0
                        ],
                        [
                            -74.822469699999942,
                            39.716382200000055,
                            0
                        ],
                        [
                            -74.775799999999947,
                            39.720470300000045,
                            0
                        ],
                        [
                            -74.691118299999971,
                            39.764216700000077,
                            0
                        ],
                        [
                            -75.059788888999947,
                            39.732710833000056,
                            0
                        ],
                        [
                            -75.077011317999961,
                            39.71773178400008,
                            0
                        ],
                        [
                            -75.11191133799997,
                            39.690315092000048,
                            0
                        ],
                        [
                            -75.156985421999934,
                            39.653967022000074,
                            0
                        ],
                        [
                            -75.228888052999935,
                            39.595325666000065,
                            0
                        ],
                        [
                            -75.301381110999955,
                            39.536202778000074,
                            0
                        ],
                        [
                            -75.470510383999965,
                            39.514228036000077,
                            0
                        ],
                        [
                            -75.470512891999988,
                            39.514224837000029,
                            0
                        ],
                        [
                            -75.449821537999981,
                            39.38924548600005,
                            0
                        ],
                        [
                            -75.447206552999944,
                            39.373432235000053,
                            0
                        ],
                        [
                            -75.445108963999985,
                            39.360745175000034,
                            0
                        ],
                        [
                            -75.443704763999961,
                            39.352250727000069,
                            0
                        ],
                        [
                            -75.438111666999987,
                            39.31438055600006,
                            0
                        ],
                        [
                            -75.21154194199994,
                            39.360988887000076,
                            0
                        ]
                    ]
                ]
            },
            "properties": {
                "OBJECTID": 77,
                "Position": "P1S",
                "Low": 6000,
                "High": 8000,
                "Notes": null,
                "Fill": "#CC41B0",
                "Stroke": "#CC41B0",
                "Sector": "South Arrival",
                "Shape_Length": 2.1589037445672816,
                "Shape_Area": 0.084561508865348245
            }
        },
        {
            "type": "Feature",
            "id": 79,
            "geometry": {
                "type": "Polygon",
                "coordinates": [
                    [
                        [
                            -75.211541943999976,
                            39.360988889000055,
                            0
                        ],
                        [
                            -74.927916943999946,
                            39.43861916700007,
                            0
                        ],
                        [
                            -74.871076666999954,
                            39.502833333000069,
                            0
                        ],
                        [
                            -74.858799166999972,
                            39.530402778000052,
                            0
                        ],
                        [
                            -74.856525832999978,
                            39.56076500000006,
                            0
                        ],
                        [
                            -74.863653055999976,
                            39.584467500000073,
                            0
                        ],
                        [
                            -74.875580555999989,
                            39.608670000000075,
                            0
                        ],
                        [
                            -74.888275277999981,
                            39.623905278000052,
                            0
                        ],
                        [
                            -74.913014166999972,
                            39.646132500000078,
                            0
                        ],
                        [
                            -74.939740555999947,
                            39.652251389000071,
                            0
                        ],
                        [
                            -74.974418888999935,
                            39.654998889000069,
                            0
                        ],
                        [
                            -75.211541943999976,
                            39.360988889000055,
                            0
                        ]
                    ]
                ]
            },
            "properties": {
                "OBJECTID": 79,
                "Position": "P1S",
                "Low": 6000,
                "High": 7000,
                "Notes": "Control on handoff from ZDC to 8000. NEWFIELD Area 6000-7000 can be released to ACY.",
                "Fill": "#CC41B0",
                "Stroke": "#CC41B0",
                "Sector": "South Arrival",
                "Shape_Length": 0.98518313971799454,
                "Shape_Area": 0.047470548618820975
            }
        },
        {
            "type": "Feature",
            "id": 80,
            "geometry": {
                "type": "Polygon",
                "coordinates": [
                    [
                        [
                            -74.974418888999935,
                            39.654998889000069,
                            0
                        ],
                        [
                            -74.939740555999947,
                            39.652251389000071,
                            0
                        ],
                        [
                            -74.913014166999972,
                            39.646132500000078,
                            0
                        ],
                        [
                            -74.888275277999981,
                            39.623905278000052,
                            0
                        ],
                        [
                            -74.875580555999989,
                            39.608670000000075,
                            0
                        ],
                        [
                            -74.863653055999976,
                            39.584467500000073,
                            0
                        ],
                        [
                            -74.836660728999959,
                            39.671532096000078,
                            0
                        ],
                        [
                            -74.974418888999935,
                            39.654998889000069,
                            0
                        ]
                    ]
                ]
            },
            "properties": {
                "OBJECTID": 80,
                "Position": "P1S",
                "Low": 6000,
                "High": 8000,
                "Notes": "NEWFIELD Area 6000-7000 can be released to ACY.",
                "Fill": "#CC41B0",
                "Stroke": "#CC41B0",
                "Sector": "South Arrival",
                "Shape_Length": 0.37217491301665451,
                "Shape_Area": 0.003753035440317199
            }
        },
        {
            "type": "Feature",
            "id": 81,
            "geometry": {
                "type": "Polygon",
                "coordinates": [
                    [
                        [
                            -75.21154194199994,
                            39.360988887000076,
                            0
                        ],
                        [
                            -74.974418886999956,
                            39.654998891000048,
                            0
                        ],
                        [
                            -75.095368610999969,
                            39.547196389000078,
                            0
                        ],
                        [
                            -75.327475698999933,
                            39.44155350300008,
                            0
                        ],
                        [
                            -75.253661943999987,
                            39.394198333000077,
                            0
                        ],
                        [
                            -75.21154194199994,
                            39.360988887000076,
                            0
                        ]
                    ]
                ]
            },
            "properties": {
                "OBJECTID": 81,
                "Position": "P1S",
                "Low": 6000,
                "High": 8000,
                "Notes": "NEWFIELD Area 6000-7000 can be released to ACY.",
                "Fill": "#CC41B0",
                "Stroke": "#CC41B0",
                "Sector": "South Arrival",
                "Shape_Length": 0.93608842774110546,
                "Shape_Area": 0.020244225630223666
            }
        },
        {
            "type": "Feature",
            "id": 91,
            "geometry": {
                "type": "Polygon",
                "coordinates": [
                    [
                        [
                            -75.343895832999976,
                            40.032584722000024,
                            0
                        ],
                        [
                            -75.30460414199996,
                            40.034230562000062,
                            0
                        ],
                        [
                            -75.274249300999941,
                            40.03544461000007,
                            0
                        ],
                        [
                            -75.17067499999996,
                            40.128894444000025,
                            0
                        ],
                        [
                            -75.171524893483152,
                            40.129057324899222,
                            0
                        ],
                        [
                            -75.172373457979006,
                            40.129226993448,
                            0
                        ],
                        [
                            -75.17322063927908,
                            40.129403438807522,
                            0
                        ],
                        [
                            -75.174066383263252,
                            40.129586649705985,
                            0
                        ],
                        [
                            -75.174910635903245,
                            40.129776614439429,
                            0
                        ],
                        [
                            -75.175753343266038,
                            40.129973320872402,
                            0
                        ],
                        [
                            -75.176594451517346,
                            40.130176756438814,
                            0
                        ],
                        [
                            -75.177433906925003,
                            40.130386908142668,
                            0
                        ],
                        [
                            -75.178271655862474,
                            40.130603762558941,
                            0
                        ],
                        [
                            -75.179107644812206,
                            40.130827305834423,
                            0
                        ],
                        [
                            -75.179941820369081,
                            40.13105752368859,
                            0
                        ],
                        [
                            -75.180774129243858,
                            40.131294401414536,
                            0
                        ],
                        [
                            -75.181604518266511,
                            40.131537923879925,
                            0
                        ],
                        [
                            -75.182432934389666,
                            40.131788075527901,
                            0
                        ],
                        [
                            -75.183259324691988,
                            40.132044840378143,
                            0
                        ],
                        [
                            -75.184083636381544,
                            40.132308202027865,
                            0
                        ],
                        [
                            -75.184905816799201,
                            40.132578143652836,
                            0
                        ],
                        [
                            -75.185725813421982,
                            40.132854648008511,
                            0
                        ],
                        [
                            -75.186543573866416,
                            40.133137697431081,
                            0
                        ],
                        [
                            -75.187359045891853,
                            40.13342727383862,
                            0
                        ],
                        [
                            -75.188172177403885,
                            40.133723358732254,
                            0
                        ],
                        [
                            -75.188982916457562,
                            40.134025933197329,
                            0
                        ],
                        [
                            -75.18979121126084,
                            40.134334977904601,
                            0
                        ],
                        [
                            -75.190597010177754,
                            40.134650473111513,
                            0
                        ],
                        [
                            -75.191400261731815,
                            40.134972398663422,
                            0
                        ],
                        [
                            -75.192200914609273,
                            40.13530073399491,
                            0
                        ],
                        [
                            -75.192998917662379,
                            40.13563545813107,
                            0
                        ],
                        [
                            -75.193794219912647,
                            40.13597654968887,
                            0
                        ],
                        [
                            -75.194586770554139,
                            40.136323986878509,
                            0
                        ],
                        [
                            -75.195376518956706,
                            40.13667774750482,
                            0
                        ],
                        [
                            -75.196163414669201,
                            40.137037808968664,
                            0
                        ],
                        [
                            -75.196947407422712,
                            40.137404148268388,
                            0
                        ],
                        [
                            -75.197728447133784,
                            40.137776742001321,
                            0
                        ],
                        [
                            -75.198506483907593,
                            40.138155566365207,
                            0
                        ],
                        [
                            -75.199281468041178,
                            40.138540597159782,
                            0
                        ],
                        [
                            -75.200053350026579,
                            40.138931809788303,
                            0
                        ],
                        [
                            -75.200822080553976,
                            40.1393291792591,
                            0
                        ],
                        [
                            -75.201587610514935,
                            40.139732680187194,
                            0
                        ],
                        [
                            -75.202349891005412,
                            40.140142286795928,
                            0
                        ],
                        [
                            -75.203108873329001,
                            40.140557972918572,
                            0
                        ],
                        [
                            -75.20386450899997,
                            40.140979712000046,
                            0
                        ],
                        [
                            -75.203899201999945,
                            40.140999552000039,
                            0
                        ],
                        [
                            -75.204533123899665,
                            40.141340898478028,
                            0
                        ],
                        [
                            -75.205163696929702,
                            40.141688392430154,
                            0
                        ],
                        [
                            -75.205790861476586,
                            40.142042001004846,
                            0
                        ],
                        [
                            -75.206414558249108,
                            40.142401690772459,
                            0
                        ],
                        [
                            -75.207034728283872,
                            40.142767427728437,
                            0
                        ],
                        [
                            -75.207651312950873,
                            40.14313917729654,
                            0
                        ],
                        [
                            -75.208264253959115,
                            40.143516904332103,
                            0
                        ],
                        [
                            -75.208873493362034,
                            40.14390057312535,
                            0
                        ],
                        [
                            -75.209478973563009,
                            40.144290147404796,
                            0
                        ],
                        [
                            -75.210080637320814,
                            40.144685590340643,
                            0
                        ],
                        [
                            -75.210678427755042,
                            40.145086864548297,
                            0
                        ],
                        [
                            -75.211272288351438,
                            40.145493932091867,
                            0
                        ],
                        [
                            -75.211862162967279,
                            40.145906754487775,
                            0
                        ],
                        [
                            -75.212447995836669,
                            40.14632529270839,
                            0
                        ],
                        [
                            -75.213029731575816,
                            40.14674950718571,
                            0
                        ],
                        [
                            -75.21360731518827,
                            40.147179357815119,
                            0
                        ],
                        [
                            -75.214180692070101,
                            40.147614803959151,
                            0
                        ],
                        [
                            -75.2147498080151,
                            40.14805580445136,
                            0
                        ],
                        [
                            -75.21531460921986,
                            40.148502317600197,
                            0
                        ],
                        [
                            -75.215875042288886,
                            40.148954301192951,
                            0
                        ],
                        [
                            -75.216431054239635,
                            40.149411712499749,
                            0
                        ],
                        [
                            -75.216982592507577,
                            40.149874508277591,
                            0
                        ],
                        [
                            -75.217529604951039,
                            40.150342644774419,
                            0
                        ],
                        [
                            -75.218072039856281,
                            40.150816077733296,
                            0
                        ],
                        [
                            -75.218609845942282,
                            40.151294762396546,
                            0
                        ],
                        [
                            -75.219142972365646,
                            40.151778653510021,
                            0
                        ],
                        [
                            -75.219671368725344,
                            40.152267705327354,
                            0
                        ],
                        [
                            -75.22019498506755,
                            40.152761871614281,
                            0
                        ],
                        [
                            -75.22071377189036,
                            40.153261105653044,
                            0
                        ],
                        [
                            -75.221227680148388,
                            40.15376536024678,
                            0
                        ],
                        [
                            -75.221736661257509,
                            40.154274587723982,
                            0
                        ],
                        [
                            -75.222240667099371,
                            40.154788739943022,
                            0
                        ],
                        [
                            -75.222739650026,
                            40.155307768296694,
                            0
                        ],
                        [
                            -75.223233562864252,
                            40.155831623716807,
                            0
                        ],
                        [
                            -75.223722358920341,
                            40.156360256678816,
                            0
                        ],
                        [
                            -75.224205991984192,
                            40.156893617206542,
                            0
                        ],
                        [
                            -75.22468441633383,
                            40.157431654876831,
                            0
                        ],
                        [
                            -75.225157586739698,
                            40.157974318824401,
                            0
                        ],
                        [
                            -75.225625458468954,
                            40.158521557746568,
                            0
                        ],
                        [
                            -75.226087987289688,
                            40.15907331990816,
                            0
                        ],
                        [
                            -75.226545129475085,
                            40.159629553146381,
                            0
                        ],
                        [
                            -75.22699684180759,
                            40.160190204875747,
                            0
                        ],
                        [
                            -75.227443081582976,
                            40.160755222093044,
                            0
                        ],
                        [
                            -75.227883806614372,
                            40.161324551382364,
                            0
                        ],
                        [
                            -75.228318975236263,
                            40.161898138920151,
                            0
                        ],
                        [
                            -75.228748546308438,
                            40.162475930480248,
                            0
                        ],
                        [
                            -75.229172479219883,
                            40.163057871439086,
                            0
                        ],
                        [
                            -75.229590733892564,
                            40.163643906780806,
                            0
                        ],
                        [
                            -75.230003270785332,
                            40.16423398110247,
                            0
                        ],
                        [
                            -75.230410050897504,
                            40.164828038619312,
                            0
                        ],
                        [
                            -75.230811035772703,
                            40.165426023169985,
                            0
                        ],
                        [
                            -75.23120618750238,
                            40.166027878221897,
                            0
                        ],
                        [
                            -75.231595468729466,
                            40.166633546876533,
                            0
                        ],
                        [
                            -75.231978842651884,
                            40.167242971874863,
                            0
                        ],
                        [
                            -75.232356273026014,
                            40.167856095602723,
                            0
                        ],
                        [
                            -75.232727724170118,
                            40.16847286009628,
                            0
                        ],
                        [
                            -75.233093160967769,
                            40.16909320704751,
                            0
                        ],
                        [
                            -75.233452548871071,
                            40.169717077809715,
                            0
                        ],
                        [
                            -75.23380585390403,
                            40.170344413403043,
                            0
                        ],
                        [
                            -75.234153042665696,
                            40.170975154520107,
                            0
                        ],
                        [
                            -75.234494082333342,
                            40.171609241531542,
                            0
                        ],
                        [
                            -75.234828940665565,
                            40.172246614491677,
                            0
                        ],
                        [
                            -75.235157586005357,
                            40.1728872131442,
                            0
                        ],
                        [
                            -75.235479987283043,
                            40.173530976927836,
                            0
                        ],
                        [
                            -75.235796114019294,
                            40.174177844982083,
                            0
                        ],
                        [
                            -75.236105936327917,
                            40.174827756152972,
                            0
                        ],
                        [
                            -75.23640942491879,
                            40.17548064899885,
                            0
                        ],
                        [
                            -75.236706551100511,
                            40.176136461796155,
                            0
                        ],
                        [
                            -75.236997286783208,
                            40.176795132545294,
                            0
                        ],
                        [
                            -75.237281604481169,
                            40.177456598976498,
                            0
                        ],
                        [
                            -75.237559477315386,
                            40.178120798555675,
                            0
                        ],
                        [
                            -75.237830879016173,
                            40.178787668490358,
                            0
                        ],
                        [
                            -75.238095783925601,
                            40.179457145735633,
                            0
                        ],
                        [
                            -75.238354166999954,
                            40.180129167000075,
                            0
                        ],
                        [
                            -75.246227080999972,
                            40.212129926000046,
                            0
                        ],
                        [
                            -75.27727277799994,
                            40.338173056000073,
                            0
                        ],
                        [
                            -75.432905396999956,
                            40.264927477000072,
                            0
                        ],
                        [
                            -75.655585555999949,
                            40.159989167000049,
                            0
                        ],
                        [
                            -75.656299737031361,
                            40.160781619205792,
                            0
                        ],
                        [
                            -75.657019233331027,
                            40.161569248635665,
                            0
                        ],
                        [
                            -75.657744012332145,
                            40.162352019638931,
                            0
                        ],
                        [
                            -75.658474041228828,
                            40.163129896784788,
                            0
                        ],
                        [
                            -75.659209286977529,
                            40.163902844863927,
                            0
                        ],
                        [
                            -75.659949716298584,
                            40.164670828890152,
                            0
                        ],
                        [
                            -75.660695295677712,
                            40.165433814101959,
                            0
                        ],
                        [
                            -75.661445991367515,
                            40.166191765964108,
                            0
                        ],
                        [
                            -75.662201769389014,
                            40.166944650169178,
                            0
                        ],
                        [
                            -75.662962595533187,
                            40.167692432639129,
                            0
                        ],
                        [
                            -75.663728435362515,
                            40.168435079526844,
                            0
                        ],
                        [
                            -75.664499254212558,
                            40.169172557217671,
                            0
                        ],
                        [
                            -75.665275017193466,
                            40.169904832330907,
                            0
                        ],
                        [
                            -75.666055689191666,
                            40.170631871721355,
                            0
                        ],
                        [
                            -75.666841234871328,
                            40.171353642480796,
                            0
                        ],
                        [
                            -75.66763161867604,
                            40.172070111939497,
                            0
                        ],
                        [
                            -75.668426804830446,
                            40.172781247667672,
                            0
                        ],
                        [
                            -75.669226757341747,
                            40.173487017476944,
                            0
                        ],
                        [
                            -75.670031440001452,
                            40.174187389421846,
                            0
                        ],
                        [
                            -75.670840816386942,
                            40.174882331801207,
                            0
                        ],
                        [
                            -75.67165484986316,
                            40.175571813159628,
                            0
                        ],
                        [
                            -75.672473503584257,
                            40.176255802288907,
                            0
                        ],
                        [
                            -75.673296740495232,
                            40.176934268229409,
                            0
                        ],
                        [
                            -75.67412452333366,
                            40.177607180271522,
                            0
                        ],
                        [
                            -75.674956814631344,
                            40.178274507957013,
                            0
                        ],
                        [
                            -75.675793576716018,
                            40.17893622108042,
                            0
                        ],
                        [
                            -75.67663477171304,
                            40.179592289690397,
                            0
                        ],
                        [
                            -75.677480361547154,
                            40.180242684091112,
                            0
                        ],
                        [
                            -75.678330307944123,
                            40.180887374843557,
                            0
                        ],
                        [
                            -75.67918457243259,
                            40.181526332766879,
                            0
                        ],
                        [
                            -75.680043116345686,
                            40.182159528939735,
                            0
                        ],
                        [
                            -75.680905900822864,
                            40.182786934701546,
                            0
                        ],
                        [
                            -75.681772886811643,
                            40.18340852165386,
                            0
                        ],
                        [
                            -75.682644035069359,
                            40.184024261661584,
                            0
                        ],
                        [
                            -75.683519306164939,
                            40.184634126854277,
                            0
                        ],
                        [
                            -75.684398660480724,
                            40.185238089627425,
                            0
                        ],
                        [
                            -75.685282058214199,
                            40.185836122643657,
                            0
                        ],
                        [
                            -75.686169459379869,
                            40.186428198834022,
                            0
                        ],
                        [
                            -75.687060823810995,
                            40.18701429139918,
                            0
                        ],
                        [
                            -75.687956111161483,
                            40.18759437381064,
                            0
                        ],
                        [
                            -75.688855280907646,
                            40.188168419811952,
                            0
                        ],
                        [
                            -75.689758292350064,
                            40.188736403419874,
                            0
                        ],
                        [
                            -75.690665104615462,
                            40.189298298925593,
                            0
                        ],
                        [
                            -75.691575676658502,
                            40.189854080895856,
                            0
                        ],
                        [
                            -75.692489967263668,
                            40.190403724174118,
                            0
                        ],
                        [
                            -75.693407935047119,
                            40.190947203881699,
                            0
                        ],
                        [
                            -75.694329538458618,
                            40.191484495418912,
                            0
                        ],
                        [
                            -75.695254735783294,
                            40.192015574466154,
                            0
                        ],
                        [
                            -75.696183485143678,
                            40.192540416985018,
                            0
                        ],
                        [
                            -75.697115744501488,
                            40.193058999219403,
                            0
                        ],
                        [
                            -75.698051471659554,
                            40.193571297696543,
                            0
                        ],
                        [
                            -75.698990624263757,
                            40.194077289228119,
                            0
                        ],
                        [
                            -75.699933159804957,
                            40.194576950911262,
                            0
                        ],
                        [
                            -75.700879035620844,
                            40.19507026012964,
                            0
                        ],
                        [
                            -75.701828208897965,
                            40.195557194554432,
                            0
                        ],
                        [
                            -75.702780636673552,
                            40.196037732145363,
                            0
                        ],
                        [
                            -75.703736275837585,
                            40.196511851151726,
                            0
                        ],
                        [
                            -75.704695083134652,
                            40.196979530113303,
                            0
                        ],
                        [
                            -75.705657015165968,
                            40.1974407478614,
                            0
                        ],
                        [
                            -75.706622028391294,
                            40.197895483519765,
                            0
                        ],
                        [
                            -75.70759007913091,
                            40.198343716505562,
                            0
                        ],
                        [
                            -75.708561123567634,
                            40.198785426530272,
                            0
                        ],
                        [
                            -75.709535117748771,
                            40.199220593600629,
                            0
                        ],
                        [
                            -75.710512017588115,
                            40.199649198019536,
                            0
                        ],
                        [
                            -75.711491778867938,
                            40.200071220386924,
                            0
                        ],
                        [
                            -75.712474357240993,
                            40.200486641600669,
                            0
                        ],
                        [
                            -75.71345970823252,
                            40.20089544285743,
                            0
                        ],
                        [
                            -75.714447787242264,
                            40.201297605653494,
                            0
                        ],
                        [
                            -75.715438549546477,
                            40.201693111785644,
                            0
                        ],
                        [
                            -75.716431950299977,
                            40.202081943351963,
                            0
                        ],
                        [
                            -75.717427944538159,
                            40.202464082752634,
                            0
                        ],
                        [
                            -75.718426487179002,
                            40.202839512690772,
                            0
                        ],
                        [
                            -75.719427533025154,
                            40.203208216173159,
                            0
                        ],
                        [
                            -75.720431036765959,
                            40.203570176511057,
                            0
                        ],
                        [
                            -75.721436952979502,
                            40.203925377320942,
                            0
                        ],
                        [
                            -75.722445236134689,
                            40.204273802525243,
                            0
                        ],
                        [
                            -75.723455840593275,
                            40.20461543635308,
                            0
                        ],
                        [
                            -75.724468720611924,
                            40.204950263340976,
                            0
                        ],
                        [
                            -75.725483830344359,
                            40.205278268333544,
                            0
                        ],
                        [
                            -75.72650112384332,
                            40.205599436484192,
                            0
                        ],
                        [
                            -75.727520555062739,
                            40.205913753255778,
                            0
                        ],
                        [
                            -75.728542077859771,
                            40.20622120442129,
                            0
                        ],
                        [
                            -75.7295656459969,
                            40.206521776064463,
                            0
                        ],
                        [
                            -75.730591213144038,
                            40.206815454580422,
                            0
                        ],
                        [
                            -75.731618732880605,
                            40.207102226676312,
                            0
                        ],
                        [
                            -75.732648158697657,
                            40.207382079371875,
                            0
                        ],
                        [
                            -75.733679443999961,
                            40.207655000000045,
                            0
                        ],
                        [
                            -75.767892493999966,
                            40.213157693000028,
                            0
                        ],
                        [
                            -75.739037789999941,
                            40.048669422000046,
                            0
                        ],
                        [
                            -75.733054443999947,
                            40.014511111000047,
                            0
                        ],
                        [
                            -75.620676137999965,
                            40.019765238000048,
                            0
                        ],
                        [
                            -75.445451401999946,
                            40.027956876000076,
                            0
                        ],
                        [
                            -75.343895832999976,
                            40.032584722000024,
                            0
                        ]
                    ]
                ]
            },
            "properties": {
                "OBJECTID": 91,
                "Position": "P1P",
                "Low": 0,
                "High": 5000,
                "Notes": null,
                "Fill": "#E8BEFF",
                "Stroke": "#E8BEFF",
                "Sector": "Pottstown",
                "Shape_Length": 1.5976647460061393,
                "Shape_Area": 0.11208186730177415
            }
        },
        {
            "type": "Feature",
            "id": 92,
            "geometry": {
                "type": "Polygon",
                "coordinates": [
                    [
                        [
                            -75.908114516999944,
                            40.22475582800007,
                            0
                        ],
                        [
                            -75.906742059950943,
                            40.224924259453914,
                            0
                        ],
                        [
                            -75.905368771988449,
                            40.225085776258162,
                            0
                        ],
                        [
                            -75.903994687949307,
                            40.22524037431554,
                            0
                        ],
                        [
                            -75.902619842690541,
                            40.225388049704272,
                            0
                        ],
                        [
                            -75.901244271088515,
                            40.225528798678226,
                            0
                        ],
                        [
                            -75.899868008037984,
                            40.225662617666941,
                            0
                        ],
                        [
                            -75.89849108845128,
                            40.225789503275784,
                            0
                        ],
                        [
                            -75.897113547257376,
                            40.225909452285968,
                            0
                        ],
                        [
                            -75.895735419400978,
                            40.226022461654708,
                            0
                        ],
                        [
                            -75.89435673984174,
                            40.226128528515233,
                            0
                        ],
                        [
                            -75.892977543553243,
                            40.226227650176888,
                            0
                        ],
                        [
                            -75.891597865522243,
                            40.226319824125227,
                            0
                        ],
                        [
                            -75.890217740747673,
                            40.226405048022009,
                            0
                        ],
                        [
                            -75.888837204239792,
                            40.226483319705331,
                            0
                        ],
                        [
                            -75.887456291019348,
                            40.226554637189636,
                            0
                        ],
                        [
                            -75.886075036116594,
                            40.226618998665778,
                            0
                        ],
                        [
                            -75.884693474570497,
                            40.22667640250107,
                            0
                        ],
                        [
                            -75.883311641427753,
                            40.226726847239327,
                            0
                        ],
                        [
                            -75.881929571742006,
                            40.226770331600889,
                            0
                        ],
                        [
                            -75.880547300572843,
                            40.22680685448266,
                            0
                        ],
                        [
                            -75.879164862985007,
                            40.226836414958157,
                            0
                        ],
                        [
                            -75.877782294047435,
                            40.226859012277508,
                            0
                        ],
                        [
                            -75.876399628832402,
                            40.226874645867468,
                            0
                        ],
                        [
                            -75.875016902414643,
                            40.226883315331456,
                            0
                        ],
                        [
                            -75.873634149870412,
                            40.226885020449544,
                            0
                        ],
                        [
                            -75.872251406276675,
                            40.226879761178488,
                            0
                        ],
                        [
                            -75.870868706710112,
                            40.226867537651692,
                            0
                        ],
                        [
                            -75.869486086246326,
                            40.226848350179246,
                            0
                        ],
                        [
                            -75.868103579958898,
                            40.226822199247877,
                            0
                        ],
                        [
                            -75.866721222918514,
                            40.226789085520977,
                            0
                        ],
                        [
                            -75.865339050192105,
                            40.226749009838549,
                            0
                        ],
                        [
                            -75.863957096841858,
                            40.226701973217224,
                            0
                        ],
                        [
                            -75.862575397924473,
                            40.226647976850188,
                            0
                        ],
                        [
                            -75.861193988490129,
                            40.226587022107203,
                            0
                        ],
                        [
                            -75.859812903581698,
                            40.226519110534532,
                            0
                        ],
                        [
                            -75.858432178233826,
                            40.226444243854921,
                            0
                        ],
                        [
                            -75.857051847472007,
                            40.226362423967551,
                            0
                        ],
                        [
                            -75.855671946311759,
                            40.226273652947981,
                            0
                        ],
                        [
                            -75.85429250975767,
                            40.226177933048106,
                            0
                        ],
                        [
                            -75.852913572802564,
                            40.226075266696107,
                            0
                        ],
                        [
                            -75.851535170426587,
                            40.225965656496356,
                            0
                        ],
                        [
                            -75.850157337596329,
                            40.2258491052294,
                            0
                        ],
                        [
                            -75.848780109263913,
                            40.225725615851843,
                            0
                        ],
                        [
                            -75.847403520366143,
                            40.225595191496296,
                            0
                        ],
                        [
                            -75.846027605823593,
                            40.225457835471303,
                            0
                        ],
                        [
                            -75.844652400539758,
                            40.225313551261237,
                            0
                        ],
                        [
                            -75.843277939400096,
                            40.225162342526218,
                            0
                        ],
                        [
                            -75.841904257271224,
                            40.225004213102032,
                            0
                        ],
                        [
                            -75.840531388999977,
                            40.224839167000027,
                            0
                        ],
                        [
                            -75.767892493999966,
                            40.213157693000028,
                            0
                        ],
                        [
                            -75.780191803999969,
                            40.283159864000027,
                            0
                        ],
                        [
                            -75.908114516999944,
                            40.22475582800007,
                            0
                        ]
                    ]
                ]
            },
            "properties": {
                "OBJECTID": 92,
                "Position": "P1P",
                "Low": 6000,
                "High": 6000,
                "Notes": null,
                "Fill": "#E8BEFF",
                "Stroke": "#E8BEFF",
                "Sector": "Pottstown",
                "Shape_Length": 0.35302613288815776,
                "Shape_Area": 0.0043447094590463352
            }
        },
        {
            "type": "Feature",
            "id": 93,
            "geometry": {
                "type": "Polygon",
                "coordinates": [
                    [
                        [
                            -75.733679443999961,
                            40.207655000000045,
                            0
                        ],
                        [
                            -75.732648158697543,
                            40.207382079372202,
                            0
                        ],
                        [
                            -75.731618732880364,
                            40.207102226676959,
                            0
                        ],
                        [
                            -75.730591213143668,
                            40.206815454581381,
                            0
                        ],
                        [
                            -75.729565645996416,
                            40.206521776065721,
                            0
                        ],
                        [
                            -75.72854207785916,
                            40.206221204422839,
                            0
                        ],
                        [
                            -75.727520555062014,
                            40.205913753257612,
                            0
                        ],
                        [
                            -75.726501123842468,
                            40.205599436486303,
                            0
                        ],
                        [
                            -75.725483830343379,
                            40.205278268335924,
                            0
                        ],
                        [
                            -75.72446872061083,
                            40.204950263343612,
                            0
                        ],
                        [
                            -75.723455840592052,
                            40.204615436355972,
                            0
                        ],
                        [
                            -75.722445236133353,
                            40.204273802528377,
                            0
                        ],
                        [
                            -75.721436952978053,
                            40.20392537732431,
                            0
                        ],
                        [
                            -75.720431036764381,
                            40.203570176514646,
                            0
                        ],
                        [
                            -75.719427533023463,
                            40.203208216176961,
                            0
                        ],
                        [
                            -75.718426487177197,
                            40.20283951269478,
                            0
                        ],
                        [
                            -75.717427944536254,
                            40.202464082756848,
                            0
                        ],
                        [
                            -75.716431950297959,
                            40.202081943356369,
                            0
                        ],
                        [
                            -75.715438549544345,
                            40.201693111790235,
                            0
                        ],
                        [
                            -75.714447787240033,
                            40.201297605658262,
                            0
                        ],
                        [
                            -75.713459708230189,
                            40.200895442862361,
                            0
                        ],
                        [
                            -75.712474357238563,
                            40.200486641605764,
                            0
                        ],
                        [
                            -75.711491778865408,
                            40.200071220392168,
                            0
                        ],
                        [
                            -75.710512017585472,
                            40.199649198024915,
                            0
                        ],
                        [
                            -75.709535117746029,
                            40.199220593606142,
                            0
                        ],
                        [
                            -75.708561123564792,
                            40.198785426535913,
                            0
                        ],
                        [
                            -75.707590079127982,
                            40.198343716511324,
                            0
                        ],
                        [
                            -75.706622028388267,
                            40.197895483525642,
                            0
                        ],
                        [
                            -75.70565701516287,
                            40.197440747867375,
                            0
                        ],
                        [
                            -75.704695083131483,
                            40.196979530119371,
                            0
                        ],
                        [
                            -75.703736275834316,
                            40.196511851157879,
                            0
                        ],
                        [
                            -75.702780636670212,
                            40.196037732151602,
                            0
                        ],
                        [
                            -75.70182820889454,
                            40.195557194560735,
                            0
                        ],
                        [
                            -75.700879035617362,
                            40.195070260136006,
                            0
                        ],
                        [
                            -75.699933159801404,
                            40.194576950917686,
                            0
                        ],
                        [
                            -75.698990624260148,
                            40.194077289234592,
                            0
                        ],
                        [
                            -75.698051471655873,
                            40.193571297703059,
                            0
                        ],
                        [
                            -75.697115744497737,
                            40.193058999225947,
                            0
                        ],
                        [
                            -75.696183485139883,
                            40.192540416991591,
                            0
                        ],
                        [
                            -75.695254735779457,
                            40.192015574472741,
                            0
                        ],
                        [
                            -75.694329538454724,
                            40.191484495425513,
                            0
                        ],
                        [
                            -75.693407935043197,
                            40.190947203888307,
                            0
                        ],
                        [
                            -75.692489967259689,
                            40.190403724180719,
                            0
                        ],
                        [
                            -75.691575676654494,
                            40.189854080902442,
                            0
                        ],
                        [
                            -75.69066510461144,
                            40.189298298932165,
                            0
                        ],
                        [
                            -75.689758292346013,
                            40.188736403426425,
                            0
                        ],
                        [
                            -75.688855280903567,
                            40.188168419818467,
                            0
                        ],
                        [
                            -75.687956111157391,
                            40.18759437381712,
                            0
                        ],
                        [
                            -75.687060823806888,
                            40.18701429140561,
                            0
                        ],
                        [
                            -75.686169459375748,
                            40.186428198840396,
                            0
                        ],
                        [
                            -75.685282058210092,
                            40.185836122649974,
                            0
                        ],
                        [
                            -75.684398660476603,
                            40.185238089633678,
                            0
                        ],
                        [
                            -75.683519306160832,
                            40.184634126860459,
                            0
                        ],
                        [
                            -75.682644035065266,
                            40.184024261667687,
                            0
                        ],
                        [
                            -75.681772886807579,
                            40.183408521659878,
                            0
                        ],
                        [
                            -75.680905900818814,
                            40.182786934707472,
                            0
                        ],
                        [
                            -75.680043116341665,
                            40.182159528945554,
                            0
                        ],
                        [
                            -75.679184572428611,
                            40.181526332772599,
                            0
                        ],
                        [
                            -75.678330307940186,
                            40.180887374849164,
                            0
                        ],
                        [
                            -75.677480361543246,
                            40.180242684096605,
                            0
                        ],
                        [
                            -75.676634771709203,
                            40.179592289695762,
                            0
                        ],
                        [
                            -75.675793576712223,
                            40.17893622108565,
                            0
                        ],
                        [
                            -75.67495681462762,
                            40.178274507962115,
                            0
                        ],
                        [
                            -75.674124523330008,
                            40.177607180276482,
                            0
                        ],
                        [
                            -75.673296740491651,
                            40.17693426823422,
                            0
                        ],
                        [
                            -75.672473503580747,
                            40.176255802293561,
                            0
                        ],
                        [
                            -75.671654849859749,
                            40.175571813164126,
                            0
                        ],
                        [
                            -75.670840816383617,
                            40.174882331805541,
                            0
                        ],
                        [
                            -75.670031439998226,
                            40.17418738942601,
                            0
                        ],
                        [
                            -75.669226757338635,
                            40.173487017480937,
                            0
                        ],
                        [
                            -75.668426804827448,
                            40.17278124767148,
                            0
                        ],
                        [
                            -75.66763161867317,
                            40.172070111943121,
                            0
                        ],
                        [
                            -75.666841234868571,
                            40.171353642484227,
                            0
                        ],
                        [
                            -75.666055689189037,
                            40.170631871724588,
                            0
                        ],
                        [
                            -75.665275017190993,
                            40.169904832333941,
                            0
                        ],
                        [
                            -75.664499254210227,
                            40.169172557220499,
                            0
                        ],
                        [
                            -75.663728435360341,
                            40.168435079529466,
                            0
                        ],
                        [
                            -75.662962595531184,
                            40.16769243264153,
                            0
                        ],
                        [
                            -75.662201769387167,
                            40.166944650171359,
                            0
                        ],
                        [
                            -75.661445991365852,
                            40.166191765966062,
                            0
                        ],
                        [
                            -75.66069529567622,
                            40.165433814103686,
                            0
                        ],
                        [
                            -75.659949716297291,
                            40.164670828891644,
                            0
                        ],
                        [
                            -75.65920928697642,
                            40.163902844865177,
                            0
                        ],
                        [
                            -75.658474041227933,
                            40.163129896785797,
                            0
                        ],
                        [
                            -75.657744012331463,
                            40.162352019639698,
                            0
                        ],
                        [
                            -75.657019233330558,
                            40.161569248636177,
                            0
                        ],
                        [
                            -75.656299737031134,
                            40.160781619206055,
                            0
                        ],
                        [
                            -75.655585555999949,
                            40.159989167000049,
                            0
                        ],
                        [
                            -75.432905396999956,
                            40.264927477000072,
                            0
                        ],
                        [
                            -75.27727277799994,
                            40.338173056000073,
                            0
                        ],
                        [
                            -75.393362776999936,
                            40.459769444000074,
                            0
                        ],
                        [
                            -75.573613386999966,
                            40.377474729000028,
                            0
                        ],
                        [
                            -75.68693607199998,
                            40.325736440000071,
                            0
                        ],
                        [
                            -75.780191803999969,
                            40.283159864000027,
                            0
                        ],
                        [
                            -75.767892493999966,
                            40.213157693000028,
                            0
                        ],
                        [
                            -75.733679443999961,
                            40.207655000000045,
                            0
                        ]
                    ]
                ]
            },
            "properties": {
                "OBJECTID": 93,
                "Position": "P1P",
                "Low": 0,
                "High": 6000,
                "Notes": null,
                "Fill": "#E8BEFF",
                "Stroke": "#E8BEFF",
                "Sector": "Pottstown",
                "Shape_Length": 1.2100656220961972,
                "Shape_Area": 0.070749351630060756
            }
        },
        {
            "type": "Feature",
            "id": 94,
            "geometry": {
                "type": "Polygon",
                "coordinates": [
                    [
                        [
                            -75.27727277799994,
                            40.338173056000073,
                            0
                        ],
                        [
                            -75.305803214999969,
                            40.466074364000065,
                            0
                        ],
                        [
                            -75.393362776999936,
                            40.459769444000074,
                            0
                        ],
                        [
                            -75.27727277799994,
                            40.338173056000073,
                            0
                        ]
                    ]
                ]
            },
            "properties": {
                "OBJECTID": 94,
                "Position": "P1P",
                "Low": 0,
                "High": 4000,
                "Notes": null,
                "Fill": "#E8BEFF",
                "Stroke": "#E8BEFF",
                "Sector": "Pottstown",
                "Shape_Length": 0.38694578414515379,
                "Shape_Area": 0.0056894323152760513
            }
        },
        {
            "type": "Feature",
            "id": 95,
            "geometry": {
                "type": "Polygon",
                "coordinates": [
                    [
                        [
                            -75.27727277799994,
                            40.338173056000073,
                            0
                        ],
                        [
                            -75.305803214999969,
                            40.466074364000065,
                            0
                        ],
                        [
                            -75.393362776999936,
                            40.459769444000074,
                            0
                        ],
                        [
                            -75.27727277799994,
                            40.338173056000073,
                            0
                        ]
                    ]
                ]
            },
            "properties": {
                "OBJECTID": 95,
                "Position": "P1Y",
                "Low": 5000,
                "High": 6000,
                "Notes": null,
                "Fill": "#73004C",
                "Stroke": "#73004C",
                "Sector": "Yardley",
                "Shape_Length": 0.38694578414515379,
                "Shape_Area": 0.0056894323152760513
            }
        },
        {
            "type": "Feature",
            "id": 96,
            "geometry": {
                "type": "Polygon",
                "coordinates": [
                    [
                        [
                            -74.957027219999986,
                            40.341636946000051,
                            0
                        ],
                        [
                            -75.066617500999939,
                            40.48329444400008,
                            0
                        ],
                        [
                            -75.305803214999969,
                            40.466074364000065,
                            0
                        ],
                        [
                            -75.282997078999983,
                            40.363854452000055,
                            0
                        ],
                        [
                            -75.27727277799994,
                            40.338173056000073,
                            0
                        ],
                        [
                            -75.044802874999959,
                            40.248970360000044,
                            0
                        ],
                        [
                            -75.036706943999945,
                            40.25503666700007,
                            0
                        ],
                        [
                            -75.016630832999965,
                            40.290319167000064,
                            0
                        ],
                        [
                            -74.957027219999986,
                            40.341636946000051,
                            0
                        ]
                    ]
                ]
            },
            "properties": {
                "OBJECTID": 96,
                "Position": "P1Y",
                "Low": 0,
                "High": 6000,
                "Notes": null,
                "Fill": "#73004C",
                "Stroke": "#73004C",
                "Sector": "Yardley",
                "Shape_Length": 0.92830920391297722,
                "Shape_Area": 0.05267238094185811
            }
        },
        {
            "type": "Feature",
            "id": 97,
            "geometry": {
                "type": "Polygon",
                "coordinates": [
                    [
                        [
                            -75.049212777999969,
                            40.078621392000059,
                            0
                        ],
                        [
                            -75.052541110999982,
                            40.081099167000048,
                            0
                        ],
                        [
                            -75.067029999999988,
                            40.096774167000035,
                            0
                        ],
                        [
                            -75.077699443999961,
                            40.116742500000043,
                            0
                        ],
                        [
                            -75.091916943999934,
                            40.150624722000032,
                            0
                        ],
                        [
                            -75.099947221999969,
                            40.183307222000053,
                            0
                        ],
                        [
                            -75.096388332999936,
                            40.222836111000049,
                            0
                        ],
                        [
                            -75.06889777799995,
                            40.233957222000072,
                            0
                        ],
                        [
                            -75.057537777999983,
                            40.239428056000065,
                            0
                        ],
                        [
                            -75.044802874999959,
                            40.248970360000044,
                            0
                        ],
                        [
                            -75.27727277799994,
                            40.338173056000073,
                            0
                        ],
                        [
                            -75.246227080999972,
                            40.212129926000046,
                            0
                        ],
                        [
                            -75.238354166999954,
                            40.180129167000075,
                            0
                        ],
                        [
                            -75.23811339404071,
                            40.179472682365102,
                            0
                        ],
                        [
                            -75.23786594772676,
                            40.178818683882248,
                            0
                        ],
                        [
                            -75.237611853723934,
                            40.17816723938607,
                            0
                        ],
                        [
                            -75.237351138387595,
                            40.177518416446233,
                            0
                        ],
                        [
                            -75.237083828759864,
                            40.17687228236047,
                            0
                        ],
                        [
                            -75.23680995256683,
                            40.176228904147635,
                            0
                        ],
                        [
                            -75.23652953821572,
                            40.175588348540714,
                            0
                        ],
                        [
                            -75.236242614791891,
                            40.174950681979951,
                            0
                        ],
                        [
                            -75.235949212055843,
                            40.174315970605896,
                            0
                        ],
                        [
                            -75.235649360440149,
                            40.173684280252616,
                            0
                        ],
                        [
                            -75.235343091046261,
                            40.173055676440804,
                            0
                        ],
                        [
                            -75.235030435641278,
                            40.172430224371013,
                            0
                        ],
                        [
                            -75.234711426654727,
                            40.171807988916896,
                            0
                        ],
                        [
                            -75.234386097175104,
                            40.171189034618465,
                            0
                        ],
                        [
                            -75.234054480946483,
                            40.170573425675393,
                            0
                        ],
                        [
                            -75.233716612365072,
                            40.169961225940384,
                            0
                        ],
                        [
                            -75.233372526475506,
                            40.169352498912502,
                            0
                        ],
                        [
                            -75.233022258967367,
                            40.168747307730634,
                            0
                        ],
                        [
                            -75.232665846171386,
                            40.168145715166915,
                            0
                        ],
                        [
                            -75.232303325055696,
                            40.167547783620215,
                            0
                        ],
                        [
                            -75.231934733222005,
                            40.166953575109673,
                            0
                        ],
                        [
                            -75.231560108901689,
                            40.166363151268271,
                            0
                        ],
                        [
                            -75.23117949095186,
                            40.16577657333643,
                            0
                        ],
                        [
                            -75.23079291885125,
                            40.165193902155664,
                            0
                        ],
                        [
                            -75.230400432696229,
                            40.164615198162259,
                            0
                        ],
                        [
                            -75.230002073196559,
                            40.164040521381033,
                            0
                        ],
                        [
                            -75.229597881671197,
                            40.163469931419073,
                            0
                        ],
                        [
                            -75.229187900044039,
                            40.162903487459573,
                            0
                        ],
                        [
                            -75.22877217083952,
                            40.162341248255693,
                            0
                        ],
                        [
                            -75.22835073717826,
                            40.161783272124467,
                            0
                        ],
                        [
                            -75.227923642772524,
                            40.161229616940751,
                            0
                        ],
                        [
                            -75.227490931921764,
                            40.160680340131215,
                            0
                        ],
                        [
                            -75.227052649507954,
                            40.160135498668396,
                            0
                        ],
                        [
                            -75.226608840990977,
                            40.159595149064778,
                            0
                        ],
                        [
                            -75.226159552403914,
                            40.159059347366956,
                            0
                        ],
                        [
                            -75.225704830348221,
                            40.158528149149774,
                            0
                        ],
                        [
                            -75.225244721988972,
                            40.158001609510606,
                            0
                        ],
                        [
                            -75.224779275049883,
                            40.157479783063636,
                            0
                        ],
                        [
                            -75.224308537808426,
                            40.156962723934164,
                            0
                        ],
                        [
                            -75.223832559090795,
                            40.15645048575302,
                            0
                        ],
                        [
                            -75.223351388266835,
                            40.155943121650985,
                            0
                        ],
                        [
                            -75.22286507524494,
                            40.155440684253293,
                            0
                        ],
                        [
                            -75.222373670466865,
                            40.154943225674167,
                            0
                        ],
                        [
                            -75.221877224902499,
                            40.154450797511402,
                            0
                        ],
                        [
                            -75.221375790044561,
                            40.15396345084104,
                            0
                        ],
                        [
                            -75.220869417903302,
                            40.153481236212045,
                            0
                        ],
                        [
                            -75.220358161001059,
                            40.153004203641075,
                            0
                        ],
                        [
                            -75.219842072366816,
                            40.152532402607292,
                            0
                        ],
                        [
                            -75.219321205530775,
                            40.152065882047225,
                            0
                        ],
                        [
                            -75.218795614518669,
                            40.151604690349693,
                            0
                        ],
                        [
                            -75.218265353846306,
                            40.151148875350806,
                            0
                        ],
                        [
                            -75.217730478513815,
                            40.150698484328977,
                            0
                        ],
                        [
                            -75.217191043999946,
                            40.150253564000025,
                            0
                        ],
                        [
                            -75.216597609257278,
                            40.149759329672804,
                            0
                        ],
                        [
                            -75.215999933263035,
                            40.149270232780651,
                            0
                        ],
                        [
                            -75.215398060491211,
                            40.148786309718027,
                            0
                        ],
                        [
                            -75.214792035728081,
                            40.148307596494384,
                            0
                        ],
                        [
                            -75.214181904068909,
                            40.147834128731517,
                            0
                        ],
                        [
                            -75.213567710914504,
                            40.147365941660901,
                            0
                        ],
                        [
                            -75.212949501967941,
                            40.146903070121049,
                            0
                        ],
                        [
                            -75.212327323231108,
                            40.146445548554958,
                            0
                        ],
                        [
                            -75.211701221001277,
                            40.14599341100751,
                            0
                        ],
                        [
                            -75.2110712418677,
                            40.145546691122952,
                            0
                        ],
                        [
                            -75.210437432708076,
                            40.145105422142414,
                            0
                        ],
                        [
                            -75.209799840685136,
                            40.144669636901398,
                            0
                        ],
                        [
                            -75.209158513243082,
                            40.144239367827346,
                            0
                        ],
                        [
                            -75.208513498104082,
                            40.143814646937258,
                            0
                        ],
                        [
                            -75.20786484326473,
                            40.143395505835272,
                            0
                        ],
                        [
                            -75.207212596992392,
                            40.14298197571032,
                            0
                        ],
                        [
                            -75.206556807821755,
                            40.14257408733382,
                            0
                        ],
                        [
                            -75.205897524551105,
                            40.142171871057371,
                            0
                        ],
                        [
                            -75.205234796238713,
                            40.14177535681052,
                            0
                        ],
                        [
                            -75.204568672199215,
                            40.141384574098495,
                            0
                        ],
                        [
                            -75.203899201999945,
                            40.140999552000039,
                            0
                        ],
                        [
                            -75.20386450899997,
                            40.140979712000046,
                            0
                        ],
                        [
                            -75.203108873329583,
                            40.140557972917378,
                            0
                        ],
                        [
                            -75.202349891006534,
                            40.140142286793584,
                            0
                        ],
                        [
                            -75.201587610516555,
                            40.139732680183769,
                            0
                        ],
                        [
                            -75.200822080556065,
                            40.139329179254631,
                            0
                        ],
                        [
                            -75.20005335002908,
                            40.138931809782854,
                            0
                        ],
                        [
                            -75.199281468044077,
                            40.138540597153415,
                            0
                        ],
                        [
                            -75.198506483910833,
                            40.138155566357973,
                            0
                        ],
                        [
                            -75.197728447137337,
                            40.137776741993271,
                            0
                        ],
                        [
                            -75.196947407426535,
                            40.137404148259591,
                            0
                        ],
                        [
                            -75.196163414673265,
                            40.137037808959171,
                            0
                        ],
                        [
                            -75.195376518960984,
                            40.136677747494694,
                            0
                        ],
                        [
                            -75.194586770558601,
                            40.136323986867808,
                            0
                        ],
                        [
                            -75.193794219917237,
                            40.13597654967765,
                            0
                        ],
                        [
                            -75.192998917667097,
                            40.135635458119388,
                            0
                        ],
                        [
                            -75.192200914614077,
                            40.135300733982838,
                            0
                        ],
                        [
                            -75.191400261736675,
                            40.134972398651016,
                            0
                        ],
                        [
                            -75.190597010182643,
                            40.13465047309883,
                            0
                        ],
                        [
                            -75.189791211265728,
                            40.134334977891704,
                            0
                        ],
                        [
                            -75.188982916462436,
                            40.134025933184276,
                            0
                        ],
                        [
                            -75.188172177408703,
                            40.133723358719116,
                            0
                        ],
                        [
                            -75.187359045896613,
                            40.133427273825461,
                            0
                        ],
                        [
                            -75.186543573871077,
                            40.133137697417958,
                            0
                        ],
                        [
                            -75.185725813426529,
                            40.132854647995487,
                            0
                        ],
                        [
                            -75.184905816803621,
                            40.132578143639982,
                            0
                        ],
                        [
                            -75.184083636385793,
                            40.132308202015231,
                            0
                        ],
                        [
                            -75.183259324696067,
                            40.132044840365808,
                            0
                        ],
                        [
                            -75.18243293439356,
                            40.131788075515921,
                            0
                        ],
                        [
                            -75.181604518270206,
                            40.131537923868372,
                            0
                        ],
                        [
                            -75.180774129247339,
                            40.131294401403473,
                            0
                        ],
                        [
                            -75.179941820372321,
                            40.131057523678081,
                            0
                        ],
                        [
                            -75.17910764481519,
                            40.130827305824532,
                            0
                        ],
                        [
                            -75.178271655865188,
                            40.13060376254974,
                            0
                        ],
                        [
                            -75.177433906927448,
                            40.13038690813422,
                            0
                        ],
                        [
                            -75.176594451519506,
                            40.13017675643119,
                            0
                        ],
                        [
                            -75.175753343267914,
                            40.129973320865666,
                            0
                        ],
                        [
                            -75.174910635904823,
                            40.129776614433645,
                            0
                        ],
                        [
                            -75.174066383264531,
                            40.129586649701224,
                            0
                        ],
                        [
                            -75.173220639280046,
                            40.129403438803848,
                            0
                        ],
                        [
                            -75.172373457979646,
                            40.129226993445485,
                            0
                        ],
                        [
                            -75.171524893483465,
                            40.129057324897929,
                            0
                        ],
                        [
                            -75.17067499999996,
                            40.128894444000025,
                            0
                        ],
                        [
                            -75.141253332999952,
                            40.040778333000048,
                            0
                        ],
                        [
                            -75.132729721999965,
                            40.015510556000038,
                            0
                        ],
                        [
                            -75.047001895999983,
                            40.031864004000056,
                            0
                        ],
                        [
                            -75.047002198999962,
                            40.031870426000069,
                            0
                        ],
                        [
                            -75.049212777999969,
                            40.078621392000059,
                            0
                        ]
                    ]
                ]
            },
            "properties": {
                "OBJECTID": 97,
                "Position": "P1Y",
                "Low": 0,
                "High": 5000,
                "Notes": null,
                "Fill": "#73004C",
                "Stroke": "#73004C",
                "Sector": "Yardley",
                "Shape_Length": 0.97060786401473031,
                "Shape_Area": 0.036834541711038726
            }
        },
        {
            "type": "Feature",
            "id": 99,
            "geometry": {
                "type": "Polygon",
                "coordinates": [
                    [
                        [
                            -74.758353055999976,
                            40.138930000000073,
                            0
                        ],
                        [
                            -74.763834199999962,
                            40.085881100000051,
                            0
                        ],
                        [
                            -74.724673055999972,
                            40.121145278000029,
                            0
                        ],
                        [
                            -74.758353055999976,
                            40.138930000000073,
                            0
                        ]
                    ]
                ]
            },
            "properties": {
                "OBJECTID": 99,
                "Position": "P1Y",
                "Low": 3000,
                "High": 9000,
                "Notes": null,
                "Fill": "#73004C",
                "Stroke": "#73004C",
                "Sector": "Yardley",
                "Shape_Length": 0.14411730499698039,
                "Shape_Area": 0.00094208378714145523
            }
        },
        {
            "type": "Feature",
            "id": 100,
            "geometry": {
                "type": "Polygon",
                "coordinates": [
                    [
                        [
                            -74.619369920999986,
                            40.264178549000064,
                            0
                        ],
                        [
                            -74.619540288999985,
                            40.264333918000034,
                            0
                        ],
                        [
                            -74.641798191999953,
                            40.284665799000038,
                            0
                        ],
                        [
                            -74.704124146999959,
                            40.341604395000047,
                            0
                        ],
                        [
                            -74.76885540699999,
                            40.352979910000045,
                            0
                        ],
                        [
                            -74.768902733999937,
                            40.352988226000036,
                            0
                        ],
                        [
                            -74.791565832999936,
                            40.356969722000031,
                            0
                        ],
                        [
                            -74.876445832999934,
                            40.401346667000041,
                            0
                        ],
                        [
                            -75.066617500999939,
                            40.48329444400008,
                            0
                        ],
                        [
                            -74.957027221999965,
                            40.341636944000072,
                            0
                        ],
                        [
                            -74.692984577999937,
                            40.263316477000046,
                            0
                        ],
                        [
                            -74.709915186999979,
                            40.24578490600004,
                            0
                        ],
                        [
                            -74.724295603999963,
                            40.230844554000043,
                            0
                        ],
                        [
                            -74.747232777999955,
                            40.206976389000033,
                            0
                        ],
                        [
                            -74.758353057999955,
                            40.138929998000037,
                            0
                        ],
                        [
                            -74.689967777999982,
                            40.206996944000025,
                            0
                        ],
                        [
                            -74.63316722199994,
                            40.256403056000067,
                            0
                        ],
                        [
                            -74.619369920999986,
                            40.264178549000064,
                            0
                        ]
                    ]
                ]
            },
            "properties": {
                "OBJECTID": 100,
                "Position": "P1Y",
                "Low": 0,
                "High": 4000,
                "Notes": null,
                "Fill": "#73004C",
                "Stroke": "#73004C",
                "Sector": "Yardley",
                "Shape_Length": 1.2957140138084722,
                "Shape_Area": 0.033545432596696761
            }
        },
        {
            "type": "Feature",
            "id": 101,
            "geometry": {
                "type": "Polygon",
                "coordinates": [
                    [
                        [
                            -74.758353057999955,
                            40.138929998000037,
                            0
                        ],
                        [
                            -74.724673055999972,
                            40.121145278000029,
                            0
                        ],
                        [
                            -74.703168850999987,
                            40.140409780000027,
                            0
                        ],
                        [
                            -74.617052210999987,
                            40.217557154000076,
                            0
                        ],
                        [
                            -74.592440815999964,
                            40.239620246000072,
                            0
                        ],
                        [
                            -74.619369920999986,
                            40.264178549000064,
                            0
                        ],
                        [
                            -74.63316722199994,
                            40.256403056000067,
                            0
                        ],
                        [
                            -74.689967777999982,
                            40.206996944000025,
                            0
                        ],
                        [
                            -74.758353057999955,
                            40.138929998000037,
                            0
                        ]
                    ]
                ]
            },
            "properties": {
                "OBJECTID": 101,
                "Position": "P1Y",
                "Low": 3000,
                "High": 4000,
                "Notes": null,
                "Fill": "#73004C",
                "Stroke": "#73004C",
                "Sector": "Yardley",
                "Shape_Length": 0.43968162185485082,
                "Shape_Area": 0.0071323038108901601
            }
        },
        {
            "type": "Feature",
            "id": 102,
            "geometry": {
                "type": "Polygon",
                "coordinates": [
                    [
                        [
                            -76.090210962999947,
                            39.659957625000061,
                            0
                        ],
                        [
                            -76.040289721999955,
                            39.593649722000066,
                            0
                        ],
                        [
                            -76.013283891999947,
                            39.557767222000052,
                            0
                        ],
                        [
                            -75.972442858999955,
                            39.562930802000039,
                            0
                        ],
                        [
                            -75.926634661999969,
                            39.637039621000042,
                            0
                        ],
                        [
                            -75.894444681999971,
                            39.689069343000028,
                            0
                        ],
                        [
                            -75.894698863999963,
                            39.689174926000078,
                            0
                        ],
                        [
                            -75.897497814999952,
                            39.690337562000025,
                            0
                        ],
                        [
                            -75.969208487999936,
                            39.720118271000047,
                            0
                        ],
                        [
                            -75.971655090999946,
                            39.721134092000057,
                            0
                        ],
                        [
                            -76.090210962999947,
                            39.659957625000061,
                            0
                        ]
                    ]
                ]
            },
            "properties": {
                "OBJECTID": 102,
                "Position": "P1D",
                "Low": 5000,
                "High": 8000,
                "Notes": null,
                "Fill": "#894465",
                "Stroke": "#894465",
                "Sector": "Dupont",
                "Shape_Length": 0.53439400329444187,
                "Shape_Area": 0.017757991330436155
            }
        },
        {
            "type": "Feature",
            "id": 108,
            "geometry": {
                "type": "Polygon",
                "coordinates": [
                    [
                        [
                            -75.870043056999975,
                            39.335015555000041,
                            0
                        ],
                        [
                            -75.804180832999975,
                            39.413320556000031,
                            0
                        ],
                        [
                            -75.898009509999952,
                            39.572338882000054,
                            0
                        ],
                        [
                            -75.972443245999955,
                            39.562930177000055,
                            0
                        ],
                        [
                            -76.013283891999947,
                            39.557767222000052,
                            0
                        ],
                        [
                            -75.870043056999975,
                            39.335015555000041,
                            0
                        ]
                    ]
                ]
            },
            "properties": {
                "OBJECTID": 108,
                "Position": "P1D",
                "Low": 0,
                "High": 4000,
                "Notes": null,
                "Fill": "#894465",
                "Stroke": "#894465",
                "Sector": "Dupont",
                "Shape_Length": 0.66798133555880312,
                "Shape_Area": 0.022792706595643607
            }
        },
        {
            "type": "Feature",
            "id": 109,
            "geometry": {
                "type": "Polygon",
                "coordinates": [
                    [
                        [
                            -75.574527827999987,
                            39.802180925000073,
                            0
                        ],
                        [
                            -75.664014707999968,
                            39.783993085000077,
                            0
                        ],
                        [
                            -75.787649558999988,
                            39.758856899000079,
                            0
                        ],
                        [
                            -75.971655090999946,
                            39.721134092000057,
                            0
                        ],
                        [
                            -75.894444681999971,
                            39.689069343000028,
                            0
                        ],
                        [
                            -75.926634661999969,
                            39.637039621000042,
                            0
                        ],
                        [
                            -75.972442858999955,
                            39.562930802000039,
                            0
                        ],
                        [
                            -75.972443245999955,
                            39.562930177000055,
                            0
                        ],
                        [
                            -75.898009509999952,
                            39.572338882000054,
                            0
                        ],
                        [
                            -75.804180832999975,
                            39.413320556000031,
                            0
                        ],
                        [
                            -75.870043056999975,
                            39.335015555000041,
                            0
                        ],
                        [
                            -75.835991110999942,
                            39.266568889000041,
                            0
                        ],
                        [
                            -75.676688055999989,
                            39.302738056000067,
                            0
                        ],
                        [
                            -75.615932221999969,
                            39.355106389000071,
                            0
                        ],
                        [
                            -75.494780203999937,
                            39.425761484000077,
                            0
                        ],
                        [
                            -75.45803794699998,
                            39.438908156000025,
                            0
                        ],
                        [
                            -75.473893528999952,
                            39.534644469000057,
                            0
                        ],
                        [
                            -75.488887499999976,
                            39.624038056000074,
                            0
                        ],
                        [
                            -75.495286110999984,
                            39.662098611000033,
                            0
                        ],
                        [
                            -75.49517724219011,
                            39.662759551995521,
                            0
                        ],
                        [
                            -75.495074940256984,
                            39.663421541218824,
                            0
                        ],
                        [
                            -75.494979215283323,
                            39.664084513425408,
                            0
                        ],
                        [
                            -75.494890076703612,
                            39.664748403273869,
                            0
                        ],
                        [
                            -75.494807533303202,
                            39.665413145332366,
                            0
                        ],
                        [
                            -75.494731593217438,
                            39.666078674085057,
                            0
                        ],
                        [
                            -75.49466226393082,
                            39.666744923938566,
                            0
                        ],
                        [
                            -75.494599552276341,
                            39.667411829228449,
                            0
                        ],
                        [
                            -75.494543464434742,
                            39.668079324225666,
                            0
                        ],
                        [
                            -75.494494005933959,
                            39.668747343143053,
                            0
                        ],
                        [
                            -75.494451181648529,
                            39.669415820141808,
                            0
                        ],
                        [
                            -75.494414995799133,
                            39.670084689337983,
                            0
                        ],
                        [
                            -75.494385451952212,
                            39.670753884808967,
                            0
                        ],
                        [
                            -75.494362553019528,
                            39.671423340600015,
                            0
                        ],
                        [
                            -75.494346301257977,
                            39.672092990730704,
                            0
                        ],
                        [
                            -75.494336698269294,
                            39.672762769201462,
                            0
                        ],
                        [
                            -75.494333744999949,
                            39.673432610000077,
                            0
                        ],
                        [
                            -75.494400879903978,
                            39.674229380873705,
                            0
                        ],
                        [
                            -75.494475138761786,
                            39.675025519393337,
                            0
                        ],
                        [
                            -75.494556515632382,
                            39.675820961864751,
                            0
                        ],
                        [
                            -75.494645004005264,
                            39.676615644649431,
                            0
                        ],
                        [
                            -75.494740596801051,
                            39.677409504169624,
                            0
                        ],
                        [
                            -75.494843286371918,
                            39.678202476913441,
                            0
                        ],
                        [
                            -75.494953064502312,
                            39.678994499439938,
                            0
                        ],
                        [
                            -75.495069922409542,
                            39.679785508384214,
                            0
                        ],
                        [
                            -75.495193850744513,
                            39.680575440462427,
                            0
                        ],
                        [
                            -75.495324839592485,
                            39.681364232476909,
                            0
                        ],
                        [
                            -75.495462878473816,
                            39.682151821321192,
                            0
                        ],
                        [
                            -75.49560795634487,
                            39.682938143985076,
                            0
                        ],
                        [
                            -75.49576006159883,
                            39.683723137559646,
                            0
                        ],
                        [
                            -75.495919182066686,
                            39.684506739242337,
                            0
                        ],
                        [
                            -75.49608530501817,
                            39.685288886341922,
                            0
                        ],
                        [
                            -75.496258417162807,
                            39.68606951628356,
                            0
                        ],
                        [
                            -75.496438504650925,
                            39.686848566613783,
                            0
                        ],
                        [
                            -75.496625553074821,
                            39.687625975005503,
                            0
                        ],
                        [
                            -75.496819547469897,
                            39.688401679262988,
                            0
                        ],
                        [
                            -75.497020472315825,
                            39.689175617326846,
                            0
                        ],
                        [
                            -75.497228311537839,
                            39.689947727278991,
                            0
                        ],
                        [
                            -75.497443048507975,
                            39.690717947347579,
                            0
                        ],
                        [
                            -75.497664666046418,
                            39.691486215911986,
                            0
                        ],
                        [
                            -75.497893146422925,
                            39.692252471507693,
                            0
                        ],
                        [
                            -75.498128471358143,
                            39.693016652831247,
                            0
                        ],
                        [
                            -75.498370622025149,
                            39.693778698745128,
                            0
                        ],
                        [
                            -75.498619579050953,
                            39.694538548282672,
                            0
                        ],
                        [
                            -75.498875322518018,
                            39.695296140652921,
                            0
                        ],
                        [
                            -75.499137831965825,
                            39.696051415245513,
                            0
                        ],
                        [
                            -75.499407086392623,
                            39.696804311635496,
                            0
                        ],
                        [
                            -75.499683064256985,
                            39.697554769588209,
                            0
                        ],
                        [
                            -75.499965743479592,
                            39.698302729064054,
                            0
                        ],
                        [
                            -75.500255101444992,
                            39.699048130223332,
                            0
                        ],
                        [
                            -75.500551115003418,
                            39.699790913431023,
                            0
                        ],
                        [
                            -75.500853760472623,
                            39.700531019261547,
                            0
                        ],
                        [
                            -75.501163013639768,
                            39.701268388503522,
                            0
                        ],
                        [
                            -75.501478849763387,
                            39.702002962164514,
                            0
                        ],
                        [
                            -75.501801243575343,
                            39.702734681475732,
                            0
                        ],
                        [
                            -75.502130169282879,
                            39.703463487896755,
                            0
                        ],
                        [
                            -75.50246560057063,
                            39.704189323120204,
                            0
                        ],
                        [
                            -75.502807510602779,
                            39.704912129076405,
                            0
                        ],
                        [
                            -75.503155872025175,
                            39.705631847938037,
                            0
                        ],
                        [
                            -75.503510656967535,
                            39.706348422124755,
                            0
                        ],
                        [
                            -75.503871837045665,
                            39.707061794307819,
                            0
                        ],
                        [
                            -75.504239383363739,
                            39.707771907414632,
                            0
                        ],
                        [
                            -75.504613266516614,
                            39.708478704633357,
                            0
                        ],
                        [
                            -75.50499345659216,
                            39.709182129417442,
                            0
                        ],
                        [
                            -75.505379923173663,
                            39.709882125490125,
                            0
                        ],
                        [
                            -75.505772635342296,
                            39.710578636848979,
                            0
                        ],
                        [
                            -75.506171561679537,
                            39.711271607770342,
                            0
                        ],
                        [
                            -75.506576670269695,
                            39.711960982813828,
                            0
                        ],
                        [
                            -75.506987928702515,
                            39.71264670682671,
                            0
                        ],
                        [
                            -75.507405304075675,
                            39.713328724948376,
                            0
                        ],
                        [
                            -75.507828762997519,
                            39.714006982614691,
                            0
                        ],
                        [
                            -75.508258271589668,
                            39.714681425562368,
                            0
                        ],
                        [
                            -75.508693795489734,
                            39.715351999833324,
                            0
                        ],
                        [
                            -75.509135299854108,
                            39.716018651778981,
                            0
                        ],
                        [
                            -75.509582749360689,
                            39.716681328064553,
                            0
                        ],
                        [
                            -75.510036108211764,
                            39.717339975673333,
                            0
                        ],
                        [
                            -75.510495340136828,
                            39.717994541910926,
                            0
                        ],
                        [
                            -75.510960408395547,
                            39.71864497440945,
                            0
                        ],
                        [
                            -75.511431275780609,
                            39.719291221131755,
                            0
                        ],
                        [
                            -75.511907904620784,
                            39.719933230375553,
                            0
                        ],
                        [
                            -75.512390256783874,
                            39.720570950777578,
                            0
                        ],
                        [
                            -75.512878293679819,
                            39.721204331317693,
                            0
                        ],
                        [
                            -75.513371976263741,
                            39.721833321322961,
                            0
                        ],
                        [
                            -75.5138712650391,
                            39.722457870471715,
                            0
                        ],
                        [
                            -75.514376120060817,
                            39.723077928797551,
                            0
                        ],
                        [
                            -75.514886500938516,
                            39.723693446693375,
                            0
                        ],
                        [
                            -75.515402366839723,
                            39.724304374915334,
                            0
                        ],
                        [
                            -75.515923676493117,
                            39.724910664586758,
                            0
                        ],
                        [
                            -75.516450388191885,
                            39.725512267202092,
                            0
                        ],
                        [
                            -75.516982459797021,
                            39.726109134630761,
                            0
                        ],
                        [
                            -75.517519848740704,
                            39.726701219121026,
                            0
                        ],
                        [
                            -75.518062512029701,
                            39.727288473303787,
                            0
                        ],
                        [
                            -75.518610406248825,
                            39.72787085019641,
                            0
                        ],
                        [
                            -75.519163487564356,
                            39.728448303206456,
                            0
                        ],
                        [
                            -75.519721711727641,
                            39.729020786135393,
                            0
                        ],
                        [
                            -75.520285034078526,
                            39.729588253182357,
                            0
                        ],
                        [
                            -75.520853409549034,
                            39.730150658947736,
                            0
                        ],
                        [
                            -75.521426792666873,
                            39.730707958436859,
                            0
                        ],
                        [
                            -75.522005137559134,
                            39.731260107063584,
                            0
                        ],
                        [
                            -75.522588397955971,
                            39.731807060653836,
                            0
                        ],
                        [
                            -75.523176527194238,
                            39.732348775449182,
                            0
                        ],
                        [
                            -75.523769478221283,
                            39.732885208110311,
                            0
                        ],
                        [
                            -75.5243672035987,
                            39.73341631572049,
                            0
                        ],
                        [
                            -75.524969655506112,
                            39.733942055789022,
                            0
                        ],
                        [
                            -75.525576785744988,
                            39.734462386254641,
                            0
                        ],
                        [
                            -75.526188545742514,
                            39.734977265488858,
                            0
                        ],
                        [
                            -75.526804886555482,
                            39.735486652299308,
                            0
                        ],
                        [
                            -75.527425758874216,
                            39.735990505933046,
                            0
                        ],
                        [
                            -75.528051113026493,
                            39.736488786079789,
                            0
                        ],
                        [
                            -75.528680898981492,
                            39.736981452875177,
                            0
                        ],
                        [
                            -75.529315066353888,
                            39.737468466903927,
                            0
                        ],
                        [
                            -75.529953564407776,
                            39.737949789202993,
                            0
                        ],
                        [
                            -75.530596342060818,
                            39.738425381264697,
                            0
                        ],
                        [
                            -75.53124334788825,
                            39.73889520503981,
                            0
                        ],
                        [
                            -75.53189453012709,
                            39.739359222940578,
                            0
                        ],
                        [
                            -75.532549836680161,
                            39.739817397843744,
                            0
                        ],
                        [
                            -75.533209215120394,
                            39.740269693093516,
                            0
                        ],
                        [
                            -75.533872612694907,
                            39.74071607250449,
                            0
                        ],
                        [
                            -75.53453997632927,
                            39.741156500364561,
                            0
                        ],
                        [
                            -75.535211252631782,
                            39.741590941437757,
                            0
                        ],
                        [
                            -75.535886387897705,
                            39.742019360967099,
                            0
                        ],
                        [
                            -75.536565328113539,
                            39.742441724677327,
                            0
                        ],
                        [
                            -75.537248018961407,
                            39.742857998777687,
                            0
                        ],
                        [
                            -75.537934405823364,
                            39.743268149964614,
                            0
                        ],
                        [
                            -75.538624433785756,
                            39.743672145424398,
                            0
                        ],
                        [
                            -75.539318047643619,
                            39.744069952835815,
                            0
                        ],
                        [
                            -75.540015191905127,
                            39.744461540372697,
                            0
                        ],
                        [
                            -75.540715810796002,
                            39.744846876706518,
                            0
                        ],
                        [
                            -75.541419848263956,
                            39.745225931008839,
                            0
                        ],
                        [
                            -75.542127247983245,
                            39.74559867295384,
                            0
                        ],
                        [
                            -75.542837953359083,
                            39.745965072720679,
                            0
                        ],
                        [
                            -75.543551907532276,
                            39.746325100995954,
                            0
                        ],
                        [
                            -75.544269053383644,
                            39.746678728975972,
                            0
                        ],
                        [
                            -75.544989333538737,
                            39.747025928369105,
                            0
                        ],
                        [
                            -75.54571269037227,
                            39.747366671398048,
                            0
                        ],
                        [
                            -75.54643906601288,
                            39.747700930802004,
                            0
                        ],
                        [
                            -75.547168402347651,
                            39.74802867983891,
                            0
                        ],
                        [
                            -75.5479006410268,
                            39.74834989228755,
                            0
                        ],
                        [
                            -75.548635723468351,
                            39.748664542449674,
                            0
                        ],
                        [
                            -75.549373590862814,
                            39.748972605152026,
                            0
                        ],
                        [
                            -75.550114184177914,
                            39.749274055748373,
                            0
                        ],
                        [
                            -75.550857444163242,
                            39.749568870121493,
                            0
                        ],
                        [
                            -75.551603311355109,
                            39.749857024685063,
                            0
                        ],
                        [
                            -75.552351726081184,
                            39.750138496385588,
                            0
                        ],
                        [
                            -75.553102628465339,
                            39.750413262704228,
                            0
                        ],
                        [
                            -75.55385595843245,
                            39.750681301658602,
                            0
                        ],
                        [
                            -75.554611655713146,
                            39.750942591804524,
                            0
                        ],
                        [
                            -75.555369659848665,
                            39.751197112237769,
                            0
                        ],
                        [
                            -75.556129910195693,
                            39.751444842595696,
                            0
                        ],
                        [
                            -75.556892345931232,
                            39.751685763058894,
                            0
                        ],
                        [
                            -75.557656906057389,
                            39.751919854352785,
                            0
                        ],
                        [
                            -75.558423529406383,
                            39.752147097749145,
                            0
                        ],
                        [
                            -75.559192154645302,
                            39.752367475067608,
                            0
                        ],
                        [
                            -75.559962720281121,
                            39.752580968677123,
                            0
                        ],
                        [
                            -75.560735164665545,
                            39.752787561497357,
                            0
                        ],
                        [
                            -75.561509425999986,
                            39.75298723700007,
                            0
                        ],
                        [
                            -75.561726952999948,
                            39.753803908000066,
                            0
                        ],
                        [
                            -75.561736032999988,
                            39.753837999000041,
                            0
                        ],
                        [
                            -75.561753055999986,
                            39.753834722000079,
                            0
                        ],
                        [
                            -75.562863403999984,
                            39.758070376000035,
                            0
                        ],
                        [
                            -75.566175130999966,
                            39.770501756000044,
                            0
                        ],
                        [
                            -75.573209039999938,
                            39.797180144000038,
                            0
                        ],
                        [
                            -75.574527827999987,
                            39.802180925000073,
                            0
                        ]
                    ]
                ]
            },
            "properties": {
                "OBJECTID": 109,
                "Position": "P1D",
                "Low": 0,
                "High": 6000,
                "Notes": null,
                "Fill": "#894465",
                "Stroke": "#894465",
                "Sector": "Dupont",
                "Shape_Length": 1.8982091015643396,
                "Shape_Area": 0.17338980677578789
            }
        },
        {
            "type": "Feature",
            "id": 110,
            "geometry": {
                "type": "Polygon",
                "coordinates": [
                    [
                        [
                            -75.676688055999989,
                            39.302738056000067,
                            0
                        ],
                        [
                            -75.608323014999939,
                            39.318192171000078,
                            0
                        ],
                        [
                            -75.608315167999933,
                            39.339856788000077,
                            0
                        ],
                        [
                            -75.482514805999983,
                            39.366318331000059,
                            0
                        ],
                        [
                            -75.494780203999937,
                            39.425761484000077,
                            0
                        ],
                        [
                            -75.615932221999969,
                            39.355106389000071,
                            0
                        ],
                        [
                            -75.676688055999989,
                            39.302738056000067,
                            0
                        ]
                    ]
                ]
            },
            "properties": {
                "OBJECTID": 110,
                "Position": "P1D",
                "Low": 4000,
                "High": 6000,
                "Notes": null,
                "Fill": "#894465",
                "Stroke": "#894465",
                "Sector": "Dupont",
                "Shape_Length": 0.50146331615022965,
                "Shape_Area": 0.0064973054697677344
            }
        },
        {
            "type": "Feature",
            "id": 111,
            "geometry": {
                "type": "Polygon",
                "coordinates": [
                    [
                        [
                            -75.494780203999937,
                            39.425761484000077,
                            0
                        ],
                        [
                            -75.482514805999983,
                            39.366318331000059,
                            0
                        ],
                        [
                            -75.447206552999944,
                            39.373432235000053,
                            0
                        ],
                        [
                            -75.449821537999981,
                            39.38924548600005,
                            0
                        ],
                        [
                            -75.45803794699998,
                            39.438908156000025,
                            0
                        ],
                        [
                            -75.494780203999937,
                            39.425761484000077,
                            0
                        ]
                    ]
                ]
            },
            "properties": {
                "OBJECTID": 111,
                "Position": "P1D",
                "Low": 5000,
                "High": 6000,
                "Notes": null,
                "Fill": "#894465",
                "Stroke": "#894465",
                "Sector": "Dupont",
                "Shape_Length": 0.2021023560991807,
                "Shape_Area": 0.0023671398253862835
            }
        },
        {
            "type": "Feature",
            "id": 112,
            "geometry": {
                "type": "Polygon",
                "coordinates": [
                    [
                        [
                            -75.835991110999942,
                            39.266568889000041,
                            0
                        ],
                        [
                            -75.772951142999943,
                            39.273020999000039,
                            0
                        ],
                        [
                            -75.550088593999988,
                            39.295854754000061,
                            0
                        ],
                        [
                            -75.51541416699996,
                            39.299373611000078,
                            0
                        ],
                        [
                            -75.469941666999944,
                            39.307749444000081,
                            0
                        ],
                        [
                            -75.438111666999987,
                            39.31438055600006,
                            0
                        ],
                        [
                            -75.443704763999961,
                            39.352250727000069,
                            0
                        ],
                        [
                            -75.445108963999985,
                            39.360745175000034,
                            0
                        ],
                        [
                            -75.447206552999944,
                            39.373432235000053,
                            0
                        ],
                        [
                            -75.482514805999983,
                            39.366318331000059,
                            0
                        ],
                        [
                            -75.530192683999985,
                            39.356290682000065,
                            0
                        ],
                        [
                            -75.608315167999933,
                            39.339856788000077,
                            0
                        ],
                        [
                            -75.608323014999939,
                            39.318192171000078,
                            0
                        ],
                        [
                            -75.676688055999989,
                            39.302738056000067,
                            0
                        ],
                        [
                            -75.835991110999942,
                            39.266568889000041,
                            0
                        ]
                    ]
                ]
            },
            "properties": {
                "OBJECTID": 112,
                "Position": "P1D",
                "Low": 6000,
                "High": 6000,
                "Notes": null,
                "Fill": "#894465",
                "Stroke": "#894465",
                "Sector": "Dupont",
                "Shape_Length": 0.88043505654978349,
                "Shape_Area": 0.012763922687113198
            }
        },
        {
            "type": "Feature",
            "id": 113,
            "geometry": {
                "type": "Polygon",
                "coordinates": [
                    [
                        [
                            -75.45803794699998,
                            39.438908156000025,
                            0
                        ],
                        [
                            -75.449821537999981,
                            39.38924548600005,
                            0
                        ],
                        [
                            -75.447206552999944,
                            39.373432235000053,
                            0
                        ],
                        [
                            -75.396032499999933,
                            39.383393056000045,
                            0
                        ],
                        [
                            -75.31464452299997,
                            39.433323980000068,
                            0
                        ],
                        [
                            -75.327475698999933,
                            39.44155350300008,
                            0
                        ],
                        [
                            -75.356779721999942,
                            39.458252778000031,
                            0
                        ],
                        [
                            -75.378084721999983,
                            39.454266389000054,
                            0
                        ],
                        [
                            -75.45803794699998,
                            39.438908156000025,
                            0
                        ]
                    ]
                ]
            },
            "properties": {
                "OBJECTID": 113,
                "Position": "P1W",
                "Low": 4000,
                "High": 5000,
                "Notes": null,
                "Fill": "#6677CD",
                "Stroke": "#6677CD",
                "Sector": "Woodstown",
                "Shape_Length": 0.36604511441871862,
                "Shape_Area": 0.007223726198881379
            }
        },
        {
            "type": "Feature",
            "id": 114,
            "geometry": {
                "type": "Polygon",
                "coordinates": [
                    [
                        [
                            -75.193854166999984,
                            39.729935556000044,
                            0
                        ],
                        [
                            -75.248970321999934,
                            39.711013828000034,
                            0
                        ],
                        [
                            -75.255851666999945,
                            39.689414444000079,
                            0
                        ],
                        [
                            -75.486250145999975,
                            39.608322588000078,
                            0
                        ],
                        [
                            -75.486251202999938,
                            39.608320536000065,
                            0
                        ],
                        [
                            -75.473893528999952,
                            39.534644469000057,
                            0
                        ],
                        [
                            -75.473893507999946,
                            39.534644343000025,
                            0
                        ],
                        [
                            -75.45803794699998,
                            39.438908156000025,
                            0
                        ],
                        [
                            -75.378084721999983,
                            39.454266389000054,
                            0
                        ],
                        [
                            -75.37771602786907,
                            39.455436476556649,
                            0
                        ],
                        [
                            -75.377340493686901,
                            39.456604386797331,
                            0
                        ],
                        [
                            -75.376958132310378,
                            39.457770079737173,
                            0
                        ],
                        [
                            -75.376568956830127,
                            39.458933515467173,
                            0
                        ],
                        [
                            -75.37617298057009,
                            39.460094654155597,
                            0
                        ],
                        [
                            -75.375770217087023,
                            39.461253456049349,
                            0
                        ],
                        [
                            -75.375360680170061,
                            39.462409881475352,
                            0
                        ],
                        [
                            -75.374944383840216,
                            39.463563890841876,
                            0
                        ],
                        [
                            -75.374521342349951,
                            39.464715444639907,
                            0
                        ],
                        [
                            -75.374091570182628,
                            39.465864503444521,
                            0
                        ],
                        [
                            -75.373655082052053,
                            39.467011027916193,
                            0
                        ],
                        [
                            -75.373211892901978,
                            39.468154978802161,
                            0
                        ],
                        [
                            -75.372762017905544,
                            39.469296316937793,
                            0
                        ],
                        [
                            -75.372305472464816,
                            39.4704350032479,
                            0
                        ],
                        [
                            -75.371842272210216,
                            39.471570998748064,
                            0
                        ],
                        [
                            -75.371372432999991,
                            39.472704264546017,
                            0
                        ],
                        [
                            -75.370895970919733,
                            39.47383476184293,
                            0
                        ],
                        [
                            -75.3704129022817,
                            39.474962451934758,
                            0
                        ],
                        [
                            -75.369923243624385,
                            39.476087296213578,
                            0
                        ],
                        [
                            -75.369427011711906,
                            39.477209256168877,
                            0
                        ],
                        [
                            -75.368924223533384,
                            39.478328293388905,
                            0
                        ],
                        [
                            -75.36841489630244,
                            39.479444369561968,
                            0
                        ],
                        [
                            -75.367899047456547,
                            39.480557446477746,
                            0
                        ],
                        [
                            -75.367376694656443,
                            39.48166748602862,
                            0
                        ],
                        [
                            -75.366847855785579,
                            39.482774450210933,
                            0
                        ],
                        [
                            -75.366312548949438,
                            39.483878301126339,
                            0
                        ],
                        [
                            -75.365770792474933,
                            39.48497900098306,
                            0
                        ],
                        [
                            -75.365222604909789,
                            39.486076512097213,
                            0
                        ],
                        [
                            -75.36466800502194,
                            39.487170796894084,
                            0
                        ],
                        [
                            -75.364107011798836,
                            39.488261817909411,
                            0
                        ],
                        [
                            -75.363539644446789,
                            39.48934953779068,
                            0
                        ],
                        [
                            -75.362965922390359,
                            39.490433919298376,
                            0
                        ],
                        [
                            -75.362385865271676,
                            39.4915149253073,
                            0
                        ],
                        [
                            -75.361799492949743,
                            39.492592518807804,
                            0
                        ],
                        [
                            -75.361206825499778,
                            39.493666662907081,
                            0
                        ],
                        [
                            -75.360607883212523,
                            39.49473732083041,
                            0
                        ],
                        [
                            -75.360002686593532,
                            39.495804455922439,
                            0
                        ],
                        [
                            -75.3593912563625,
                            39.496868031648397,
                            0
                        ],
                        [
                            -75.358773613452556,
                            39.497928011595398,
                            0
                        ],
                        [
                            -75.35814977900948,
                            39.498984359473653,
                            0
                        ],
                        [
                            -75.357519774391051,
                            39.500037039117721,
                            0
                        ],
                        [
                            -75.356883621166318,
                            39.501086014487754,
                            0
                        ],
                        [
                            -75.35624134111481,
                            39.502131249670704,
                            0
                        ],
                        [
                            -75.355592956225792,
                            39.503172708881607,
                            0
                        ],
                        [
                            -75.354938488697584,
                            39.504210356464739,
                            0
                        ],
                        [
                            -75.354277960936727,
                            39.505244156894904,
                            0
                        ],
                        [
                            -75.353611395557252,
                            39.506274074778588,
                            0
                        ],
                        [
                            -75.352938815379872,
                            39.507300074855223,
                            0
                        ],
                        [
                            -75.35226024343126,
                            39.508322121998368,
                            0
                        ],
                        [
                            -75.351575702943194,
                            39.509340181216913,
                            0
                        ],
                        [
                            -75.350885217351802,
                            39.510354217656278,
                            0
                        ],
                        [
                            -75.350188810296771,
                            39.511364196599608,
                            0
                        ],
                        [
                            -75.349486505620504,
                            39.512370083468959,
                            0
                        ],
                        [
                            -75.348778327367285,
                            39.513371843826498,
                            0
                        ],
                        [
                            -75.348064299782536,
                            39.514369443375656,
                            0
                        ],
                        [
                            -75.347344447311912,
                            39.515362847962322,
                            0
                        ],
                        [
                            -75.346618794600502,
                            39.51635202357599,
                            0
                        ],
                        [
                            -75.345887366491951,
                            39.517336936350958,
                            0
                        ],
                        [
                            -75.345150188027674,
                            39.51831755256746,
                            0
                        ],
                        [
                            -75.344407284445921,
                            39.519293838652821,
                            0
                        ],
                        [
                            -75.343658681180955,
                            39.520265761182628,
                            0
                        ],
                        [
                            -75.342904403862178,
                            39.521233286881845,
                            0
                        ],
                        [
                            -75.342144478313259,
                            39.522196382625985,
                            0
                        ],
                        [
                            -75.341378930551244,
                            39.5231550154422,
                            0
                        ],
                        [
                            -75.34060778678564,
                            39.524109152510462,
                            0
                        ],
                        [
                            -75.339831073417557,
                            39.525058761164651,
                            0
                        ],
                        [
                            -75.339048817038787,
                            39.526003808893677,
                            0
                        ],
                        [
                            -75.338261044430894,
                            39.526944263342614,
                            0
                        ],
                        [
                            -75.337467782564303,
                            39.527880092313772,
                            0
                        ],
                        [
                            -75.336669058597337,
                            39.528811263767842,
                            0
                        ],
                        [
                            -75.335864899875375,
                            39.529737745824953,
                            0
                        ],
                        [
                            -75.335055333929816,
                            39.530659506765794,
                            0
                        ],
                        [
                            -75.334240388477212,
                            39.531576515032683,
                            0
                        ],
                        [
                            -75.333420091418276,
                            39.532488739230651,
                            0
                        ],
                        [
                            -75.332594470836938,
                            39.533396148128524,
                            0
                        ],
                        [
                            -75.331763554999398,
                            39.534298710659968,
                            0
                        ],
                        [
                            -75.330927372353116,
                            39.535196395924601,
                            0
                        ],
                        [
                            -75.330085951525916,
                            39.536089173188991,
                            0
                        ],
                        [
                            -75.32923932132492,
                            39.536977011887757,
                            0
                        ],
                        [
                            -75.32838751073561,
                            39.537859881624584,
                            0
                        ],
                        [
                            -75.327530548920834,
                            39.538737752173283,
                            0
                        ],
                        [
                            -75.326668465219782,
                            39.53961059347882,
                            0
                        ],
                        [
                            -75.325801289147023,
                            39.540478375658331,
                            0
                        ],
                        [
                            -75.324929050391432,
                            39.541341069002179,
                            0
                        ],
                        [
                            -75.324051778815246,
                            39.542198643974928,
                            0
                        ],
                        [
                            -75.323169504453006,
                            39.543051071216397,
                            0
                        ],
                        [
                            -75.322282257510508,
                            39.543898321542621,
                            0
                        ],
                        [
                            -75.321390068363812,
                            39.544740365946893,
                            0
                        ],
                        [
                            -75.320492967558152,
                            39.545577175600727,
                            0
                        ],
                        [
                            -75.319590985806954,
                            39.546408721854867,
                            0
                        ],
                        [
                            -75.318684153990731,
                            39.54723497624024,
                            0
                        ],
                        [
                            -75.317772503156036,
                            39.548055910468953,
                            0
                        ],
                        [
                            -75.31685606451444,
                            39.548871496435261,
                            0
                        ],
                        [
                            -75.315934869441392,
                            39.549681706216525,
                            0
                        ],
                        [
                            -75.3150089494752,
                            39.550486512074158,
                            0
                        ],
                        [
                            -75.314078336315944,
                            39.551285886454586,
                            0
                        ],
                        [
                            -75.313143061824377,
                            39.552079801990189,
                            0
                        ],
                        [
                            -75.312203158020807,
                            39.552868231500241,
                            0
                        ],
                        [
                            -75.311258657084096,
                            39.553651147991836,
                            0
                        ],
                        [
                            -75.310309591350446,
                            39.554428524660807,
                            0
                        ],
                        [
                            -75.309355993312337,
                            39.55520033489266,
                            0
                        ],
                        [
                            -75.30839789561746,
                            39.55596655226347,
                            0
                        ],
                        [
                            -75.307435331067524,
                            39.556727150540787,
                            0
                        ],
                        [
                            -75.306468332617158,
                            39.557482103684549,
                            0
                        ],
                        [
                            -75.305496933372837,
                            39.558231385847947,
                            0
                        ],
                        [
                            -75.304521166591655,
                            39.558974971378341,
                            0
                        ],
                        [
                            -75.303541065680264,
                            39.559712834818107,
                            0
                        ],
                        [
                            -75.302556664193688,
                            39.560444950905548,
                            0
                        ],
                        [
                            -75.301567995834191,
                            39.561171294575708,
                            0
                        ],
                        [
                            -75.300575094450096,
                            39.561891840961266,
                            0
                        ],
                        [
                            -75.299577994034706,
                            39.562606565393395,
                            0
                        ],
                        [
                            -75.298576728725024,
                            39.563315443402566,
                            0
                        ],
                        [
                            -75.297571332800672,
                            39.564018450719423,
                            0
                        ],
                        [
                            -75.296561840682685,
                            39.564715563275598,
                            0
                        ],
                        [
                            -75.29554828693233,
                            39.565406757204542,
                            0
                        ],
                        [
                            -75.29453070624993,
                            39.566092008842332,
                            0
                        ],
                        [
                            -75.293509133473705,
                            39.566771294728483,
                            0
                        ],
                        [
                            -75.292483603578503,
                            39.567444591606773,
                            0
                        ],
                        [
                            -75.291454151674671,
                            39.568111876426002,
                            0
                        ],
                        [
                            -75.290420813006847,
                            39.568773126340808,
                            0
                        ],
                        [
                            -75.289383622952698,
                            39.56942831871244,
                            0
                        ],
                        [
                            -75.288342617021797,
                            39.570077431109546,
                            0
                        ],
                        [
                            -75.287297830854314,
                            39.570720441308914,
                            0
                        ],
                        [
                            -75.286249300219851,
                            39.571357327296262,
                            0
                        ],
                        [
                            -75.285197061016248,
                            39.571988067266965,
                            0
                        ],
                        [
                            -75.284141149268237,
                            39.572612639626826,
                            0
                        ],
                        [
                            -75.283081601126369,
                            39.573231022992793,
                            0
                        ],
                        [
                            -75.282018452865614,
                            39.573843196193714,
                            0
                        ],
                        [
                            -75.280951740884262,
                            39.574449138271049,
                            0
                        ],
                        [
                            -75.279881501702548,
                            39.575048828479581,
                            0
                        ],
                        [
                            -75.278807771961525,
                            39.57564224628814,
                            0
                        ],
                        [
                            -75.277730588421718,
                            39.576229371380286,
                            0
                        ],
                        [
                            -75.276649987961918,
                            39.576810183655049,
                            0
                        ],
                        [
                            -75.275566007577851,
                            39.577384663227555,
                            0
                        ],
                        [
                            -75.274478684381009,
                            39.577952790429748,
                            0
                        ],
                        [
                            -75.273388055597309,
                            39.578514545811061,
                            0
                        ],
                        [
                            -75.272294158565842,
                            39.579069910139076,
                            0
                        ],
                        [
                            -75.271197030737611,
                            39.57961886440016,
                            0
                        ],
                        [
                            -75.270096709674178,
                            39.580161389800161,
                            0
                        ],
                        [
                            -75.268993233046487,
                            39.58069746776502,
                            0
                        ],
                        [
                            -75.267886638633499,
                            39.581227079941407,
                            0
                        ],
                        [
                            -75.266776964320869,
                            39.581750208197363,
                            0
                        ],
                        [
                            -75.265664248099782,
                            39.582266834622914,
                            0
                        ],
                        [
                            -75.26454852806549,
                            39.582776941530689,
                            0
                        ],
                        [
                            -75.263429842416144,
                            39.583280511456501,
                            0
                        ],
                        [
                            -75.262308229451364,
                            39.583777527160002,
                            0
                        ],
                        [
                            -75.261183727571066,
                            39.584267971625195,
                            0
                        ],
                        [
                            -75.26005637527399,
                            39.584751828061087,
                            0
                        ],
                        [
                            -75.258926211156535,
                            39.585229079902227,
                            0
                        ],
                        [
                            -75.257793273911318,
                            39.58569971080928,
                            0
                        ],
                        [
                            -75.256657602325916,
                            39.586163704669573,
                            0
                        ],
                        [
                            -75.25551923528154,
                            39.586621045597688,
                            0
                        ],
                        [
                            -75.254378211751643,
                            39.587071717935956,
                            0
                        ],
                        [
                            -75.253234570800643,
                            39.587515706255033,
                            0
                        ],
                        [
                            -75.2520883515826,
                            39.587952995354392,
                            0
                        ],
                        [
                            -75.25093959333978,
                            39.588383570262891,
                            0
                        ],
                        [
                            -75.249788335401433,
                            39.58880741623922,
                            0
                        ],
                        [
                            -75.248634617182361,
                            39.589224518772475,
                            0
                        ],
                        [
                            -75.247478478181606,
                            39.589634863582603,
                            0
                        ],
                        [
                            -75.246319957981086,
                            39.590038436620915,
                            0
                        ],
                        [
                            -75.245159096244251,
                            39.590435224070575,
                            0
                        ],
                        [
                            -75.243995932714697,
                            39.590825212347035,
                            0
                        ],
                        [
                            -75.242830507214833,
                            39.591208388098558,
                            0
                        ],
                        [
                            -75.241662859644535,
                            39.591584738206606,
                            0
                        ],
                        [
                            -75.240493029979717,
                            39.591954249786362,
                            0
                        ],
                        [
                            -75.239321058271017,
                            39.592316910187108,
                            0
                        ],
                        [
                            -75.238146984642412,
                            39.592672706992694,
                            0
                        ],
                        [
                            -75.236970849289818,
                            39.593021628021958,
                            0
                        ],
                        [
                            -75.235792692479777,
                            39.593363661329143,
                            0
                        ],
                        [
                            -75.234612554548008,
                            39.593698795204276,
                            0
                        ],
                        [
                            -75.233430475898075,
                            39.594027018173634,
                            0
                        ],
                        [
                            -75.232246496999949,
                            39.594348319000062,
                            0
                        ],
                        [
                            -75.212227221999967,
                            39.600174167000034,
                            0
                        ],
                        [
                            -75.156436584999938,
                            39.613040132000037,
                            0
                        ],
                        [
                            -75.085276442999941,
                            39.556197956000062,
                            0
                        ],
                        [
                            -74.974418888999935,
                            39.654998889000069,
                            0
                        ],
                        [
                            -74.911147199999959,
                            39.70973390000006,
                            0
                        ],
                        [
                            -75.053253610999946,
                            39.776253333000057,
                            0
                        ],
                        [
                            -75.078310555999963,
                            39.851708611000049,
                            0
                        ],
                        [
                            -75.155410879999977,
                            39.836299135000047,
                            0
                        ],
                        [
                            -75.172958928999947,
                            39.832791452000038,
                            0
                        ],
                        [
                            -75.132650555999987,
                            39.751753889000042,
                            0
                        ],
                        [
                            -75.193854166999984,
                            39.729935556000044,
                            0
                        ]
                    ]
                ]
            },
            "properties": {
                "OBJECTID": 114,
                "Position": "P1W",
                "Low": 0,
                "High": 5000,
                "Notes": null,
                "Fill": "#6677CD",
                "Stroke": "#6677CD",
                "Sector": "Woodstown",
                "Shape_Length": 1.6791231107237623,
                "Shape_Area": 0.084920974073395522
            }
        },
        {
            "type": "Feature",
            "id": 119,
            "geometry": {
                "type": "Polygon",
                "coordinates": [
                    [
                        [
                            -75.971655089999956,
                            39.721134092000057,
                            0
                        ],
                        [
                            -76.211337227999934,
                            39.820317780000039,
                            0
                        ],
                        [
                            -76.090210962999947,
                            39.659957625000061,
                            0
                        ],
                        [
                            -75.971655089999956,
                            39.721134092000057,
                            0
                        ]
                    ]
                ]
            },
            "properties": {
                "OBJECTID": 119,
                "Position": "P1E",
                "Low": 5000,
                "High": 10000,
                "Notes": null,
                "Fill": "#FFBEE8",
                "Stroke": "#FFBEE8",
                "Sector": "North Departure",
                "Shape_Length": 0.59376779281594216,
                "Shape_Area": 0.013210857562020353
            }
        },
        {
            "type": "Feature",
            "id": 120,
            "geometry": {
                "type": "Polygon",
                "coordinates": [
                    [
                        [
                            -75.330844596999953,
                            40.006336273000045,
                            0
                        ],
                        [
                            -75.304604139999981,
                            40.03423056400004,
                            0
                        ],
                        [
                            -75.343895832999976,
                            40.032584722000024,
                            0
                        ],
                        [
                            -75.330844596999953,
                            40.006336273000045,
                            0
                        ]
                    ]
                ]
            },
            "properties": {
                "OBJECTID": 120,
                "Position": "P1E",
                "Low": 0,
                "High": 12000,
                "Notes": null,
                "Fill": "#FFBEE8",
                "Stroke": "#FFBEE8",
                "Sector": "North Departure",
                "Shape_Length": 0.10693714419335251,
                "Shape_Area": 0.00052641313609709463
            }
        },
        {
            "type": "Feature",
            "id": 121,
            "geometry": {
                "type": "Polygon",
                "coordinates": [
                    [
                        [
                            -75.261057671999936,
                            39.865854484000067,
                            0
                        ],
                        [
                            -75.359230061999938,
                            39.845919601000048,
                            0
                        ],
                        [
                            -75.382805682999958,
                            39.841131469000061,
                            0
                        ],
                        [
                            -75.574527827999987,
                            39.802180925000073,
                            0
                        ],
                        [
                            -75.573209039999938,
                            39.797180144000038,
                            0
                        ],
                        [
                            -75.566175130999966,
                            39.770501756000044,
                            0
                        ],
                        [
                            -75.562863404999973,
                            39.758070377000024,
                            0
                        ],
                        [
                            -75.561753055999986,
                            39.753834722000079,
                            0
                        ],
                        [
                            -75.561736033999978,
                            39.753837999000041,
                            0
                        ],
                        [
                            -75.561726952999948,
                            39.753803908000066,
                            0
                        ],
                        [
                            -75.561509425999986,
                            39.75298723700007,
                            0
                        ],
                        [
                            -75.261057671999936,
                            39.865854484000067,
                            0
                        ]
                    ]
                ]
            },
            "properties": {
                "OBJECTID": 121,
                "Position": "P1E",
                "Low": 0,
                "High": 10000,
                "Notes": null,
                "Fill": "#FFBEE8",
                "Stroke": "#FFBEE8",
                "Sector": "North Departure",
                "Shape_Length": 0.69172706498371084,
                "Shape_Area": 0.0081267727991427979
            }
        },
        {
            "type": "Feature",
            "id": 122,
            "geometry": {
                "type": "Polygon",
                "coordinates": [
                    [
                        [
                            -75.261057671999936,
                            39.865854484000067,
                            0
                        ],
                        [
                            -75.359230061999938,
                            39.845919601000048,
                            0
                        ],
                        [
                            -75.382805682999958,
                            39.841131469000061,
                            0
                        ],
                        [
                            -75.574527827999987,
                            39.802180925000073,
                            0
                        ],
                        [
                            -75.573209039999938,
                            39.797180144000038,
                            0
                        ],
                        [
                            -75.566175130999966,
                            39.770501756000044,
                            0
                        ],
                        [
                            -75.562863404999973,
                            39.758070377000024,
                            0
                        ],
                        [
                            -75.561753055999986,
                            39.753834722000079,
                            0
                        ],
                        [
                            -75.561736033999978,
                            39.753837999000041,
                            0
                        ],
                        [
                            -75.561726952999948,
                            39.753803908000066,
                            0
                        ],
                        [
                            -75.561509425999986,
                            39.75298723700007,
                            0
                        ],
                        [
                            -75.261057671999936,
                            39.865854484000067,
                            0
                        ]
                    ]
                ]
            },
            "properties": {
                "OBJECTID": 122,
                "Position": "P1J",
                "Low": 0,
                "High": 10000,
                "Notes": null,
                "Fill": "#664E8B",
                "Stroke": "#664E8B",
                "Sector": "South High",
                "Shape_Length": 0.69172706498371084,
                "Shape_Area": 0.0081267727991427979
            }
        },
        {
            "type": "Feature",
            "id": 124,
            "geometry": {
                "type": "Polygon",
                "coordinates": [
                    [
                        [
                            -75.486183012999959,
                            39.608345066000027,
                            0
                        ],
                        [
                            -75.280592150999951,
                            39.680711130000077,
                            0
                        ],
                        [
                            -75.255851666999945,
                            39.689414444000079,
                            0
                        ],
                        [
                            -75.248970316999987,
                            39.711013840000078,
                            0
                        ],
                        [
                            -75.223706210999978,
                            39.790313611000045,
                            0
                        ],
                        [
                            -75.236663868999983,
                            39.816521280000075,
                            0
                        ],
                        [
                            -75.261057668999968,
                            39.865854485000057,
                            0
                        ],
                        [
                            -75.561509428999955,
                            39.752987235000035,
                            0
                        ],
                        [
                            -75.560735167645475,
                            39.752787559535385,
                            0
                        ],
                        [
                            -75.559962723240702,
                            39.752580966752916,
                            0
                        ],
                        [
                            -75.559192157584235,
                            39.752367473180861,
                            0
                        ],
                        [
                            -75.558423532324355,
                            39.752147095899552,
                            0
                        ],
                        [
                            -75.557656908954115,
                            39.751919852540041,
                            0
                        ],
                        [
                            -75.556892348806414,
                            39.751685761282694,
                            0
                        ],
                        [
                            -75.556129913049048,
                            39.751444840855719,
                            0
                        ],
                        [
                            -75.555369662679894,
                            39.75119711053371,
                            0
                        ],
                        [
                            -75.554611658521978,
                            39.75094259013607,
                            0
                        ],
                        [
                            -75.553855961218616,
                            39.750681300025427,
                            0
                        ],
                        [
                            -75.553102631228569,
                            39.750413261106019,
                            0
                        ],
                        [
                            -75.552351728821179,
                            39.750138494822018,
                            0
                        ],
                        [
                            -75.551603314071627,
                            39.749857023155805,
                            0
                        ],
                        [
                            -75.550857446856014,
                            39.749568868626227,
                            0
                        ],
                        [
                            -75.550114186846685,
                            39.749274054286772,
                            0
                        ],
                        [
                            -75.549373593507326,
                            39.74897260372375,
                            0
                        ],
                        [
                            -75.548635726088349,
                            39.748664541054403,
                            0
                        ],
                        [
                            -75.547900643622043,
                            39.748349890924949,
                            0
                        ],
                        [
                            -75.547168404917912,
                            39.748028678508632,
                            0
                        ],
                        [
                            -75.546439068557916,
                            39.747700929503722,
                            0
                        ],
                        [
                            -75.54571269289184,
                            39.74736667013142,
                            0
                        ],
                        [
                            -75.5449893360326,
                            39.747025927133798,
                            0
                        ],
                        [
                            -75.544269055851601,
                            39.746678727771638,
                            0
                        ],
                        [
                            -75.54355190997407,
                            39.746325099822251,
                            0
                        ],
                        [
                            -75.54283795577453,
                            39.745965071577267,
                            0
                        ],
                        [
                            -75.542127250372104,
                            39.745598671840362,
                            0
                        ],
                        [
                            -75.541419850626042,
                            39.745225929924956,
                            0
                        ],
                        [
                            -75.540715813131101,
                            39.744846875651874,
                            0
                        ],
                        [
                            -75.540015194213041,
                            39.74446153934695,
                            0
                        ],
                        [
                            -75.539318049924148,
                            39.744069951838604,
                            0
                        ],
                        [
                            -75.538624436038702,
                            39.743672144455374,
                            0
                        ],
                        [
                            -75.537934408048542,
                            39.743268149023429,
                            0
                        ],
                        [
                            -75.537248021158632,
                            39.742857997863979,
                            0
                        ],
                        [
                            -75.536565330282627,
                            39.742441723790741,
                            0
                        ],
                        [
                            -75.53588639003847,
                            39.742019360107278,
                            0
                        ],
                        [
                            -75.535211254744084,
                            39.741590940604347,
                            0
                        ],
                        [
                            -75.534539978412909,
                            39.741156499557192,
                            0
                        ],
                        [
                            -75.533872614749725,
                            39.740716071722815,
                            0
                        ],
                        [
                            -75.533209217146251,
                            39.740269692337172,
                            0
                        ],
                        [
                            -75.532549838676886,
                            39.739817397112368,
                            0
                        ],
                        [
                            -75.531894532094526,
                            39.739359222233801,
                            0
                        ],
                        [
                            -75.531243349826269,
                            39.738895204357277,
                            0
                        ],
                        [
                            -75.53059634396925,
                            39.738425380606039,
                            0
                        ],
                        [
                            -75.529953566286508,
                            39.737949788567846,
                            0
                        ],
                        [
                            -75.529315068202763,
                            39.737468466291929,
                            0
                        ],
                        [
                            -75.528680900800396,
                            39.736981452285967,
                            0
                        ],
                        [
                            -75.528051114815284,
                            39.736488785512996,
                            0
                        ],
                        [
                            -75.527425760632781,
                            39.735990505388301,
                            0
                        ],
                        [
                            -75.526804888283706,
                            39.735486651776249,
                            0
                        ],
                        [
                            -75.526188547440256,
                            39.734977264987116,
                            0
                        ],
                        [
                            -75.525576787412163,
                            39.734462385773845,
                            0
                        ],
                        [
                            -75.52496965714262,
                            39.733942055328811,
                            0
                        ],
                        [
                            -75.524367205204427,
                            39.733416315280486,
                            0
                        ],
                        [
                            -75.52376947979613,
                            39.732885207690153,
                            0
                        ],
                        [
                            -75.523176528738105,
                            39.732348775048507,
                            0
                        ],
                        [
                            -75.522588399468788,
                            39.731807060272274,
                            0
                        ],
                        [
                            -75.5220051390408,
                            39.731260106700759,
                            0
                        ],
                        [
                            -75.521426794117303,
                            39.73070795809241,
                            0
                        ],
                        [
                            -75.520853410968158,
                            39.730150658621291,
                            0
                        ],
                        [
                            -75.520285035466287,
                            39.729588252873548,
                            0
                        ],
                        [
                            -75.519721713083939,
                            39.729020785843858,
                            0
                        ],
                        [
                            -75.519163488889149,
                            39.728448302931817,
                            0
                        ],
                        [
                            -75.518610407542027,
                            39.727870849938306,
                            0
                        ],
                        [
                            -75.518062513291284,
                            39.727288473061847,
                            0
                        ],
                        [
                            -75.517519849970611,
                            39.726701218894881,
                            0
                        ],
                        [
                            -75.516982460995195,
                            39.726109134420057,
                            0
                        ],
                        [
                            -75.516450389358269,
                            39.725512267006451,
                            0
                        ],
                        [
                            -75.515923677627683,
                            39.724910664405812,
                            0
                        ],
                        [
                            -75.515402367942428,
                            39.724304374748726,
                            0
                        ],
                        [
                            -75.514886502009333,
                            39.723693446540743,
                            0
                        ],
                        [
                            -75.514376121099716,
                            39.723077928658519,
                            0
                        ],
                        [
                            -75.513871266046053,
                            39.722457870345927,
                            0
                        ],
                        [
                            -75.513371977238734,
                            39.721833321210056,
                            0
                        ],
                        [
                            -75.512878294622823,
                            39.721204331217301,
                            0
                        ],
                        [
                            -75.512390257694875,
                            39.720570950689336,
                            0
                        ],
                        [
                            -75.511907905499783,
                            39.719933230299105,
                            0
                        ],
                        [
                            -75.511431276627604,
                            39.71929122106674,
                            0
                        ],
                        [
                            -75.510960409210526,
                            39.71864497435552,
                            0
                        ],
                        [
                            -75.510495340919803,
                            39.717994541867711,
                            0
                        ],
                        [
                            -75.510036108962723,
                            39.717339975640478,
                            0
                        ],
                        [
                            -75.509582750079659,
                            39.716681328041695,
                            0
                        ],
                        [
                            -75.509135300541089,
                            39.716018651765772,
                            0
                        ],
                        [
                            -75.508693796144769,
                            39.715351999829409,
                            0
                        ],
                        [
                            -75.508258272212757,
                            39.714681425567399,
                            0
                        ],
                        [
                            -75.507828763588691,
                            39.714006982628305,
                            0
                        ],
                        [
                            -75.507405304634958,
                            39.713328724970232,
                            0
                        ],
                        [
                            -75.506987929229936,
                            39.712646706856454,
                            0
                        ],
                        [
                            -75.506576670765313,
                            39.71196098285111,
                            0
                        ],
                        [
                            -75.506171562143365,
                            39.711271607814815,
                            0
                        ],
                        [
                            -75.505772635774392,
                            39.710578636900294,
                            0
                        ],
                        [
                            -75.505379923574068,
                            39.709882125547942,
                            0
                        ],
                        [
                            -75.504993456960932,
                            39.70918212948142,
                            0
                        ],
                        [
                            -75.504613266853795,
                            39.708478704703154,
                            0
                        ],
                        [
                            -75.5042393836694,
                            39.707771907489899,
                            0
                        ],
                        [
                            -75.503871837319863,
                            39.707061794388224,
                            0
                        ],
                        [
                            -75.503510657210327,
                            39.706348422209963,
                            0
                        ],
                        [
                            -75.503155872236647,
                            39.705631848027707,
                            0
                        ],
                        [
                            -75.502807510782986,
                            39.704912129170211,
                            0
                        ],
                        [
                            -75.50246560071966,
                            39.704189323217804,
                            0
                        ],
                        [
                            -75.5021301694008,
                            39.70346348799783,
                            0
                        ],
                        [
                            -75.501801243662243,
                            39.70273468157994,
                            0
                        ],
                        [
                            -75.50147884981935,
                            39.702002962271536,
                            0
                        ],
                        [
                            -75.501163013664879,
                            39.70126838861303,
                            0
                        ],
                        [
                            -75.500853760466981,
                            39.700531019373223,
                            0
                        ],
                        [
                            -75.500551114967124,
                            39.69979091354454,
                            0
                        ],
                        [
                            -75.50025510137813,
                            39.699048130338369,
                            0
                        ],
                        [
                            -75.499965743382262,
                            39.698302729180291,
                            0
                        ],
                        [
                            -75.499683064129314,
                            39.697554769705334,
                            0
                        ],
                        [
                            -75.499407086234712,
                            39.696804311753198,
                            0
                        ],
                        [
                            -75.499137831777787,
                            39.69605141536347,
                            0
                        ],
                        [
                            -75.498875322299952,
                            39.695296140770836,
                            0
                        ],
                        [
                            -75.498619578802987,
                            39.694538548400232,
                            0
                        ],
                        [
                            -75.498370621747412,
                            39.693778698862026,
                            0
                        ],
                        [
                            -75.498128471050748,
                            39.693016652947179,
                            0
                        ],
                        [
                            -75.497893146086,
                            39.692252471622361,
                            0
                        ],
                        [
                            -75.497664665680105,
                            39.691486216025083,
                            0
                        ],
                        [
                            -75.497443048112387,
                            39.690717947458815,
                            0
                        ],
                        [
                            -75.497228311113133,
                            39.689947727388066,
                            0
                        ],
                        [
                            -75.497020471862129,
                            39.689175617433477,
                            0
                        ],
                        [
                            -75.496819546987354,
                            39.688401679366876,
                            0
                        ],
                        [
                            -75.496625552563586,
                            39.687625975106364,
                            0
                        ],
                        [
                            -75.496438504111126,
                            39.686848566711333,
                            0
                        ],
                        [
                            -75.496258416594614,
                            39.686069516377508,
                            0
                        ],
                        [
                            -75.496085304421726,
                            39.685288886431998,
                            0
                        ],
                        [
                            -75.495919181442147,
                            39.684506739328256,
                            0
                        ],
                        [
                            -75.495760060946353,
                            39.683723137641138,
                            0
                        ],
                        [
                            -75.495607955664624,
                            39.682938144061865,
                            0
                        ],
                        [
                            -75.495462877765959,
                            39.682151821393006,
                            0
                        ],
                        [
                            -75.495324838857186,
                            39.68136423254348,
                            0
                        ],
                        [
                            -75.495193849981959,
                            39.680575440523491,
                            0
                        ],
                        [
                            -75.495069921619873,
                            39.679785508439508,
                            0
                        ],
                        [
                            -75.494953063685728,
                            39.678994499489207,
                            0
                        ],
                        [
                            -75.494843285528574,
                            39.678202476956415,
                            0
                        ],
                        [
                            -75.494740595931134,
                            39.677409504206061,
                            0
                        ],
                        [
                            -75.494645003108971,
                            39.676615644679075,
                            0
                        ],
                        [
                            -75.49455651470987,
                            39.675820961887354,
                            0
                        ],
                        [
                            -75.494475137813268,
                            39.675025519408642,
                            0
                        ],
                        [
                            -75.494400878929625,
                            39.674229380881478,
                            0
                        ],
                        [
                            -75.49433374399996,
                            39.673432610000077,
                            0
                        ],
                        [
                            -75.494336697329146,
                            39.672762769196829,
                            0
                        ],
                        [
                            -75.494346300377572,
                            39.672092990722028,
                            0
                        ],
                        [
                            -75.494362552198751,
                            39.671423340587893,
                            0
                        ],
                        [
                            -75.494385451190965,
                            39.670753884793982,
                            0
                        ],
                        [
                            -75.494414995097301,
                            39.67008468932071,
                            0
                        ],
                        [
                            -75.494451181005985,
                            39.669415820122843,
                            0
                        ],
                        [
                            -75.494494005350575,
                            39.668747343122966,
                            0
                        ],
                        [
                            -75.494543463910389,
                            39.668079324205046,
                            0
                        ],
                        [
                            -75.494599551810865,
                            39.667411829207857,
                            0
                        ],
                        [
                            -75.494662263524091,
                            39.666744923918579,
                            0
                        ],
                        [
                            -75.494731592869314,
                            39.666078674066242,
                            0
                        ],
                        [
                            -75.494807533013528,
                            39.665413145315291,
                            0
                        ],
                        [
                            -75.494890076472217,
                            39.664748403259097,
                            0
                        ],
                        [
                            -75.494979215110035,
                            39.664084513413499,
                            0
                        ],
                        [
                            -75.495074940141635,
                            39.663421541210333,
                            0
                        ],
                        [
                            -75.495177242132527,
                            39.662759551991002,
                            0
                        ],
                        [
                            -75.495286110999984,
                            39.662098611000033,
                            0
                        ],
                        [
                            -75.488887499999976,
                            39.624038056000074,
                            0
                        ],
                        [
                            -75.48623134099995,
                            39.608210523000025,
                            0
                        ],
                        [
                            -75.486183012999959,
                            39.608345066000027,
                            0
                        ]
                    ]
                ]
            },
            "properties": {
                "OBJECTID": 124,
                "Position": "P1V",
                "Low": 0,
                "High": 10000,
                "Notes": null,
                "Fill": "#AA83E8",
                "Stroke": "#AA83E8",
                "Sector": "South Departure",
                "Shape_Length": 0.93261865933235844,
                "Shape_Area": 0.046639562037179498
            }
        },
        {
            "type": "Feature",
            "id": 125,
            "geometry": {
                "type": "Polygon",
                "coordinates": [
                    [
                        [
                            -75.486183012999959,
                            39.608345066000027,
                            0
                        ],
                        [
                            -75.280592150999951,
                            39.680711130000077,
                            0
                        ],
                        [
                            -75.255851666999945,
                            39.689414444000079,
                            0
                        ],
                        [
                            -75.248970316999987,
                            39.711013840000078,
                            0
                        ],
                        [
                            -75.223706210999978,
                            39.790313611000045,
                            0
                        ],
                        [
                            -75.236663868999983,
                            39.816521280000075,
                            0
                        ],
                        [
                            -75.261057668999968,
                            39.865854485000057,
                            0
                        ],
                        [
                            -75.561509428999955,
                            39.752987235000035,
                            0
                        ],
                        [
                            -75.560735167645475,
                            39.752787559535371,
                            0
                        ],
                        [
                            -75.559962723240716,
                            39.752580966752888,
                            0
                        ],
                        [
                            -75.559192157584249,
                            39.752367473180819,
                            0
                        ],
                        [
                            -75.558423532324383,
                            39.752147095899502,
                            0
                        ],
                        [
                            -75.557656908954158,
                            39.751919852539977,
                            0
                        ],
                        [
                            -75.556892348806443,
                            39.751685761282616,
                            0
                        ],
                        [
                            -75.556129913049091,
                            39.751444840855633,
                            0
                        ],
                        [
                            -75.555369662679951,
                            39.751197110533617,
                            0
                        ],
                        [
                            -75.554611658522049,
                            39.750942590135963,
                            0
                        ],
                        [
                            -75.553855961218687,
                            39.750681300025306,
                            0
                        ],
                        [
                            -75.55310263122864,
                            39.750413261105891,
                            0
                        ],
                        [
                            -75.552351728821264,
                            39.750138494821876,
                            0
                        ],
                        [
                            -75.551603314071713,
                            39.749857023155656,
                            0
                        ],
                        [
                            -75.550857446856114,
                            39.749568868626064,
                            0
                        ],
                        [
                            -75.550114186846784,
                            39.749274054286602,
                            0
                        ],
                        [
                            -75.54937359350744,
                            39.748972603723573,
                            0
                        ],
                        [
                            -75.548635726088463,
                            39.748664541054218,
                            0
                        ],
                        [
                            -75.547900643622171,
                            39.74834989092475,
                            0
                        ],
                        [
                            -75.54716840491804,
                            39.748028678508426,
                            0
                        ],
                        [
                            -75.546439068558044,
                            39.747700929503509,
                            0
                        ],
                        [
                            -75.545712692891982,
                            39.7473666701312,
                            0
                        ],
                        [
                            -75.544989336032756,
                            39.747025927133571,
                            0
                        ],
                        [
                            -75.544269055851757,
                            39.746678727771403,
                            0
                        ],
                        [
                            -75.543551909974241,
                            39.746325099822009,
                            0
                        ],
                        [
                            -75.542837955774701,
                            39.745965071577011,
                            0
                        ],
                        [
                            -75.542127250372289,
                            39.745598671840099,
                            0
                        ],
                        [
                            -75.541419850626227,
                            39.745225929924693,
                            0
                        ],
                        [
                            -75.540715813131285,
                            39.744846875651604,
                            0
                        ],
                        [
                            -75.54001519421324,
                            39.744461539346673,
                            0
                        ],
                        [
                            -75.539318049924347,
                            39.74406995183832,
                            0
                        ],
                        [
                            -75.538624436038916,
                            39.74367214445509,
                            0
                        ],
                        [
                            -75.537934408048756,
                            39.74326814902313,
                            0
                        ],
                        [
                            -75.53724802115886,
                            39.74285799786368,
                            0
                        ],
                        [
                            -75.536565330282855,
                            39.742441723790435,
                            0
                        ],
                        [
                            -75.535886390038712,
                            39.742019360106973,
                            0
                        ],
                        [
                            -75.535211254744326,
                            39.741590940604034,
                            0
                        ],
                        [
                            -75.534539978413164,
                            39.74115649955688,
                            0
                        ],
                        [
                            -75.533872614749995,
                            39.740716071722495,
                            0
                        ],
                        [
                            -75.533209217146521,
                            39.740269692336845,
                            0
                        ],
                        [
                            -75.532549838677156,
                            39.739817397112041,
                            0
                        ],
                        [
                            -75.53189453209481,
                            39.739359222233475,
                            0
                        ],
                        [
                            -75.531243349826553,
                            39.738895204356943,
                            0
                        ],
                        [
                            -75.530596343969549,
                            39.738425380605705,
                            0
                        ],
                        [
                            -75.529953566286792,
                            39.737949788567512,
                            0
                        ],
                        [
                            -75.529315068203061,
                            39.737468466291588,
                            0
                        ],
                        [
                            -75.528680900800694,
                            39.736981452285626,
                            0
                        ],
                        [
                            -75.528051114815597,
                            39.736488785512655,
                            0
                        ],
                        [
                            -75.527425760633093,
                            39.735990505387953,
                            0
                        ],
                        [
                            -75.526804888284019,
                            39.735486651775901,
                            0
                        ],
                        [
                            -75.526188547440583,
                            39.734977264986767,
                            0
                        ],
                        [
                            -75.52557678741249,
                            39.734462385773497,
                            0
                        ],
                        [
                            -75.524969657142947,
                            39.733942055328463,
                            0
                        ],
                        [
                            -75.524367205204769,
                            39.733416315280138,
                            0
                        ],
                        [
                            -75.523769479796471,
                            39.732885207689804,
                            0
                        ],
                        [
                            -75.52317652873846,
                            39.732348775048159,
                            0
                        ],
                        [
                            -75.522588399469129,
                            39.731807060271919,
                            0
                        ],
                        [
                            -75.522005139041156,
                            39.731260106700411,
                            0
                        ],
                        [
                            -75.521426794117673,
                            39.730707958092061,
                            0
                        ],
                        [
                            -75.520853410968527,
                            39.730150658620943,
                            0
                        ],
                        [
                            -75.520285035466657,
                            39.729588252873199,
                            0
                        ],
                        [
                            -75.519721713084309,
                            39.72902078584351,
                            0
                        ],
                        [
                            -75.519163488889518,
                            39.728448302931469,
                            0
                        ],
                        [
                            -75.518610407542411,
                            39.727870849937958,
                            0
                        ],
                        [
                            -75.518062513291667,
                            39.727288473061506,
                            0
                        ],
                        [
                            -75.517519849970995,
                            39.72670121889454,
                            0
                        ],
                        [
                            -75.516982460995578,
                            39.726109134419708,
                            0
                        ],
                        [
                            -75.516450389358667,
                            39.72551226700611,
                            0
                        ],
                        [
                            -75.515923677628066,
                            39.724910664405478,
                            0
                        ],
                        [
                            -75.515402367942826,
                            39.724304374748385,
                            0
                        ],
                        [
                            -75.51488650200973,
                            39.723693446540409,
                            0
                        ],
                        [
                            -75.514376121100113,
                            39.723077928658192,
                            0
                        ],
                        [
                            -75.513871266046451,
                            39.722457870345593,
                            0
                        ],
                        [
                            -75.513371977239132,
                            39.721833321209729,
                            0
                        ],
                        [
                            -75.512878294623221,
                            39.721204331216974,
                            0
                        ],
                        [
                            -75.512390257695287,
                            39.720570950689016,
                            0
                        ],
                        [
                            -75.511907905500195,
                            39.719933230298793,
                            0
                        ],
                        [
                            -75.511431276628002,
                            39.719291221066428,
                            0
                        ],
                        [
                            -75.510960409210938,
                            39.718644974355207,
                            0
                        ],
                        [
                            -75.510495340920215,
                            39.717994541867405,
                            0
                        ],
                        [
                            -75.510036108963135,
                            39.717339975640172,
                            0
                        ],
                        [
                            -75.509582750080071,
                            39.716681328041396,
                            0
                        ],
                        [
                            -75.509135300541502,
                            39.716018651765481,
                            0
                        ],
                        [
                            -75.508693796145167,
                            39.715351999829124,
                            0
                        ],
                        [
                            -75.508258272213155,
                            39.714681425567107,
                            0
                        ],
                        [
                            -75.507828763589089,
                            39.714006982628021,
                            0
                        ],
                        [
                            -75.507405304635355,
                            39.713328724969948,
                            0
                        ],
                        [
                            -75.506987929230348,
                            39.712646706856177,
                            0
                        ],
                        [
                            -75.50657667076571,
                            39.71196098285084,
                            0
                        ],
                        [
                            -75.506171562143763,
                            39.711271607814552,
                            0
                        ],
                        [
                            -75.50577263577479,
                            39.710578636900038,
                            0
                        ],
                        [
                            -75.505379923574466,
                            39.709882125547693,
                            0
                        ],
                        [
                            -75.504993456961316,
                            39.709182129481171,
                            0
                        ],
                        [
                            -75.504613266854193,
                            39.708478704702905,
                            0
                        ],
                        [
                            -75.504239383669784,
                            39.707771907489665,
                            0
                        ],
                        [
                            -75.503871837320247,
                            39.70706179438799,
                            0
                        ],
                        [
                            -75.503510657210711,
                            39.706348422209736,
                            0
                        ],
                        [
                            -75.503155872237016,
                            39.705631848027487,
                            0
                        ],
                        [
                            -75.502807510783356,
                            39.70491212916999,
                            0
                        ],
                        [
                            -75.502465600720029,
                            39.704189323217591,
                            0
                        ],
                        [
                            -75.502130169401156,
                            39.703463487997617,
                            0
                        ],
                        [
                            -75.501801243662598,
                            39.702734681579742,
                            0
                        ],
                        [
                            -75.501478849819705,
                            39.702002962271337,
                            0
                        ],
                        [
                            -75.50116301366522,
                            39.701268388612846,
                            0
                        ],
                        [
                            -75.500853760467322,
                            39.700531019373038,
                            0
                        ],
                        [
                            -75.50055111496745,
                            39.699790913544362,
                            0
                        ],
                        [
                            -75.500255101378457,
                            39.699048130338191,
                            0
                        ],
                        [
                            -75.499965743382589,
                            39.698302729180121,
                            0
                        ],
                        [
                            -75.499683064129627,
                            39.697554769705171,
                            0
                        ],
                        [
                            -75.499407086235024,
                            39.696804311753041,
                            0
                        ],
                        [
                            -75.499137831778086,
                            39.696051415363321,
                            0
                        ],
                        [
                            -75.498875322300236,
                            39.695296140770694,
                            0
                        ],
                        [
                            -75.498619578803286,
                            39.694538548400089,
                            0
                        ],
                        [
                            -75.498370621747696,
                            39.693778698861891,
                            0
                        ],
                        [
                            -75.498128471051018,
                            39.693016652947051,
                            0
                        ],
                        [
                            -75.49789314608627,
                            39.692252471622233,
                            0
                        ],
                        [
                            -75.497664665680361,
                            39.691486216024963,
                            0
                        ],
                        [
                            -75.497443048112643,
                            39.690717947458701,
                            0
                        ],
                        [
                            -75.497228311113375,
                            39.68994772738796,
                            0
                        ],
                        [
                            -75.497020471862371,
                            39.689175617433378,
                            0
                        ],
                        [
                            -75.496819546987581,
                            39.688401679366784,
                            0
                        ],
                        [
                            -75.496625552563799,
                            39.687625975106279,
                            0
                        ],
                        [
                            -75.496438504111339,
                            39.686848566711248,
                            0
                        ],
                        [
                            -75.496258416594799,
                            39.68606951637743,
                            0
                        ],
                        [
                            -75.496085304421911,
                            39.68528888643192,
                            0
                        ],
                        [
                            -75.495919181442318,
                            39.684506739328185,
                            0
                        ],
                        [
                            -75.495760060946523,
                            39.683723137641074,
                            0
                        ],
                        [
                            -75.495607955664767,
                            39.682938144061808,
                            0
                        ],
                        [
                            -75.495462877766101,
                            39.682151821392956,
                            0
                        ],
                        [
                            -75.495324838857314,
                            39.681364232543437,
                            0
                        ],
                        [
                            -75.495193849982073,
                            39.680575440523455,
                            0
                        ],
                        [
                            -75.495069921619987,
                            39.679785508439473,
                            0
                        ],
                        [
                            -75.494953063685813,
                            39.678994499489178,
                            0
                        ],
                        [
                            -75.49484328552866,
                            39.678202476956386,
                            0
                        ],
                        [
                            -75.494740595931205,
                            39.677409504206032,
                            0
                        ],
                        [
                            -75.494645003109028,
                            39.676615644679053,
                            0
                        ],
                        [
                            -75.494556514709913,
                            39.675820961887339,
                            0
                        ],
                        [
                            -75.494475137813296,
                            39.675025519408635,
                            0
                        ],
                        [
                            -75.494400878929639,
                            39.674229380881478,
                            0
                        ],
                        [
                            -75.49433374399996,
                            39.673432610000077,
                            0
                        ],
                        [
                            -75.494336697329146,
                            39.672762769196829,
                            0
                        ],
                        [
                            -75.494346300377572,
                            39.672092990722028,
                            0
                        ],
                        [
                            -75.494362552198751,
                            39.671423340587893,
                            0
                        ],
                        [
                            -75.494385451190965,
                            39.670753884793982,
                            0
                        ],
                        [
                            -75.494414995097301,
                            39.67008468932071,
                            0
                        ],
                        [
                            -75.494451181005985,
                            39.669415820122843,
                            0
                        ],
                        [
                            -75.494494005350575,
                            39.668747343122966,
                            0
                        ],
                        [
                            -75.494543463910389,
                            39.668079324205046,
                            0
                        ],
                        [
                            -75.494599551810865,
                            39.667411829207857,
                            0
                        ],
                        [
                            -75.494662263524091,
                            39.666744923918579,
                            0
                        ],
                        [
                            -75.494731592869314,
                            39.666078674066242,
                            0
                        ],
                        [
                            -75.494807533013528,
                            39.665413145315291,
                            0
                        ],
                        [
                            -75.494890076472217,
                            39.664748403259097,
                            0
                        ],
                        [
                            -75.494979215110035,
                            39.664084513413499,
                            0
                        ],
                        [
                            -75.495074940141635,
                            39.663421541210333,
                            0
                        ],
                        [
                            -75.495177242132527,
                            39.662759551991002,
                            0
                        ],
                        [
                            -75.495286110999984,
                            39.662098611000033,
                            0
                        ],
                        [
                            -75.488887499999976,
                            39.624038056000074,
                            0
                        ],
                        [
                            -75.48623134099995,
                            39.608210523000025,
                            0
                        ],
                        [
                            -75.486183012999959,
                            39.608345066000027,
                            0
                        ]
                    ]
                ]
            },
            "properties": {
                "OBJECTID": 125,
                "Position": "P1J",
                "Low": 11000,
                "High": 12000,
                "Notes": null,
                "Fill": "#664E8B",
                "Stroke": "#664E8B",
                "Sector": "South High",
                "Shape_Length": 0.93261865933193122,
                "Shape_Area": 0.046639562037217683
            }
        },
        {
            "type": "Feature",
            "id": 126,
            "geometry": {
                "type": "Polygon",
                "coordinates": [
                    [
                        [
                            -75.193846943999972,
                            39.729921389000026,
                            0
                        ],
                        [
                            -75.223706210999978,
                            39.790313611000045,
                            0
                        ],
                        [
                            -75.248970316999987,
                            39.711013840000078,
                            0
                        ],
                        [
                            -75.193846943999972,
                            39.729921389000026,
                            0
                        ]
                    ]
                ]
            },
            "properties": {
                "OBJECTID": 126,
                "Position": "P1V",
                "Low": 3000,
                "High": 10000,
                "Notes": null,
                "Fill": "#AA83E8",
                "Stroke": "#AA83E8",
                "Sector": "South Departure",
                "Shape_Length": 0.20887347026908043,
                "Shape_Area": 0.0019467942667559419
            }
        },
        {
            "type": "Feature",
            "id": 127,
            "geometry": {
                "type": "Polygon",
                "coordinates": [
                    [
                        [
                            -75.132650555999987,
                            39.751753889000042,
                            0
                        ],
                        [
                            -75.116158055999961,
                            39.756950000000074,
                            0
                        ],
                        [
                            -75.178481799999986,
                            39.882894013000055,
                            0
                        ],
                        [
                            -75.195962362999978,
                            39.87899567900007,
                            0
                        ],
                        [
                            -75.132650555999987,
                            39.751753889000042,
                            0
                        ]
                    ]
                ]
            },
            "properties": {
                "OBJECTID": 127,
                "Position": "P1V",
                "Low": 6000,
                "High": 10000,
                "Notes": null,
                "Fill": "#AA83E8",
                "Stroke": "#AA83E8",
                "Sector": "South Departure",
                "Shape_Length": 0.31784530795597704,
                "Shape_Area": 0.0024360207111615243
            }
        },
        {
            "type": "Feature",
            "id": 128,
            "geometry": {
                "type": "Polygon",
                "coordinates": [
                    [
                        [
                            -75.132650555999987,
                            39.751753889000042,
                            0
                        ],
                        [
                            -75.116158055999961,
                            39.756950000000074,
                            0
                        ],
                        [
                            -75.178481799999986,
                            39.882894013000055,
                            0
                        ],
                        [
                            -75.195962362999978,
                            39.87899567900007,
                            0
                        ],
                        [
                            -75.196043401999987,
                            39.878979321000031,
                            0
                        ],
                        [
                            -75.261057671999936,
                            39.865854484000067,
                            0
                        ],
                        [
                            -75.236663868999983,
                            39.816521280000075,
                            0
                        ],
                        [
                            -75.223706210999978,
                            39.790313611000045,
                            0
                        ],
                        [
                            -75.248970316999987,
                            39.711013840000078,
                            0
                        ],
                        [
                            -75.193846943999972,
                            39.729921389000026,
                            0
                        ],
                        [
                            -75.132650555999987,
                            39.751753889000042,
                            0
                        ]
                    ]
                ]
            },
            "properties": {
                "OBJECTID": 128,
                "Position": "P1J",
                "Low": 11000,
                "High": 12000,
                "Notes": null,
                "Fill": "#664E8B",
                "Stroke": "#664E8B",
                "Sector": "South High",
                "Shape_Length": 0.53287900960894519,
                "Shape_Area": 0.013833127300264253
            }
        },
        {
            "type": "Feature",
            "id": 130,
            "geometry": {
                "type": "Polygon",
                "coordinates": [
                    [
                        [
                            -75.478449093999984,
                            39.561816799000042,
                            0
                        ],
                        [
                            -75.283901388999936,
                            39.588831389000063,
                            0
                        ],
                        [
                            -75.171332294999957,
                            39.701652324000065,
                            0
                        ],
                        [
                            -75.125627448999978,
                            39.747459422000077,
                            0
                        ],
                        [
                            -75.123142293999933,
                            39.749950137000042,
                            0
                        ],
                        [
                            -75.116158055999961,
                            39.756950000000074,
                            0
                        ],
                        [
                            -75.132650555999987,
                            39.751753889000042,
                            0
                        ],
                        [
                            -75.193846943999972,
                            39.729921389000026,
                            0
                        ],
                        [
                            -75.248970316999987,
                            39.711013840000078,
                            0
                        ],
                        [
                            -75.255851666999945,
                            39.689414444000079,
                            0
                        ],
                        [
                            -75.280592150999951,
                            39.680711130000077,
                            0
                        ],
                        [
                            -75.486183012999959,
                            39.608345066000027,
                            0
                        ],
                        [
                            -75.48623134099995,
                            39.608210523000025,
                            0
                        ],
                        [
                            -75.478450239999972,
                            39.561814543000025,
                            0
                        ],
                        [
                            -75.478449093999984,
                            39.561816799000042,
                            0
                        ]
                    ]
                ]
            },
            "properties": {
                "OBJECTID": 130,
                "Position": "P1V",
                "Low": 6000,
                "High": 12000,
                "Notes": null,
                "Fill": "#AA83E8",
                "Stroke": "#AA83E8",
                "Sector": "South Departure",
                "Shape_Length": 0.88848696729716181,
                "Shape_Area": 0.022444434319566806
            }
        },
        {
            "type": "Feature",
            "id": 137,
            "geometry": {
                "type": "Polygon",
                "coordinates": [
                    [
                        [
                            -75.470508013999961,
                            39.514213728000072,
                            0
                        ],
                        [
                            -75.301381110999955,
                            39.536202778000074,
                            0
                        ],
                        [
                            -75.114521036999975,
                            39.688192396000034,
                            0
                        ],
                        [
                            -75.11191133799997,
                            39.690315092000048,
                            0
                        ],
                        [
                            -75.115144696999948,
                            39.741049462000035,
                            0
                        ],
                        [
                            -75.115621014999988,
                            39.748523323000029,
                            0
                        ],
                        [
                            -75.116158055999961,
                            39.756950000000074,
                            0
                        ],
                        [
                            -75.123142293999933,
                            39.749950137000042,
                            0
                        ],
                        [
                            -75.125627448999978,
                            39.747459422000077,
                            0
                        ],
                        [
                            -75.171332294999957,
                            39.701652324000065,
                            0
                        ],
                        [
                            -75.283901388999936,
                            39.588831389000063,
                            0
                        ],
                        [
                            -75.478449093999984,
                            39.561816799000042,
                            0
                        ],
                        [
                            -75.478450239999972,
                            39.561814543000025,
                            0
                        ],
                        [
                            -75.473893528999952,
                            39.534644469000057,
                            0
                        ],
                        [
                            -75.473893507999946,
                            39.534644343000025,
                            0
                        ],
                        [
                            -75.470509584999945,
                            39.51421214800007,
                            0
                        ],
                        [
                            -75.470508013999961,
                            39.514213728000072,
                            0
                        ]
                    ]
                ]
            },
            "properties": {
                "OBJECTID": 137,
                "Position": "P1V",
                "Low": 8000,
                "High": 12000,
                "Notes": null,
                "Fill": "#AA83E8",
                "Stroke": "#AA83E8",
                "Sector": "South Departure",
                "Shape_Length": 0.96372241925189273,
                "Shape_Area": 0.018580173368026406
            }
        },
        {
            "type": "Feature",
            "id": 144,
            "geometry": {
                "type": "Polygon",
                "coordinates": [
                    [
                        [
                            -74.804227198999968,
                            39.89993621800005,
                            0
                        ],
                        [
                            -74.820988112999942,
                            39.904779013000052,
                            0
                        ],
                        [
                            -74.914029045999939,
                            39.931661685000051,
                            0
                        ],
                        [
                            -74.923902049999981,
                            39.93451433000007,
                            0
                        ],
                        [
                            -74.997774999999933,
                            39.920006111000077,
                            0
                        ],
                        [
                            -75.108005832999936,
                            39.898610833000077,
                            0
                        ],
                        [
                            -75.107548215999941,
                            39.887095128000055,
                            0
                        ],
                        [
                            -75.001911567999969,
                            39.897157371000048,
                            0
                        ],
                        [
                            -74.927768649999962,
                            39.88371627500004,
                            0
                        ],
                        [
                            -74.836221098999943,
                            39.867093041000032,
                            0
                        ],
                        [
                            -74.821157998999979,
                            39.883176497000079,
                            0
                        ],
                        [
                            -74.804227198999968,
                            39.89993621800005,
                            0
                        ]
                    ]
                ]
            },
            "properties": {
                "OBJECTID": 144,
                "Position": "P1J",
                "Low": 8000,
                "High": 10000,
                "Notes": null,
                "Fill": "#DDBEE8",
                "Stroke": "#DDBEE8",
                "Sector": "South High",
                "Shape_Length": 0.64403665797643839,
                "Shape_Area": 0.0094145230854779244
            }
        },
        {
            "type": "Feature",
            "id": 146,
            "geometry": {
                "type": "Polygon",
                "coordinates": [
                    [
                        [
                            -74.821441951999986,
                            39.847069416000068,
                            0
                        ],
                        [
                            -74.724037333999945,
                            39.87676665400005,
                            0
                        ],
                        [
                            -74.804227198999968,
                            39.89993621800005,
                            0
                        ],
                        [
                            -74.821157998999979,
                            39.883176497000079,
                            0
                        ],
                        [
                            -74.865024166999945,
                            39.836338889000046,
                            0
                        ],
                        [
                            -74.86817992899995,
                            39.832819693000033,
                            0
                        ],
                        [
                            -74.821441951999986,
                            39.847069416000068,
                            0
                        ]
                    ]
                ]
            },
            "properties": {
                "OBJECTID": 146,
                "Position": "P1J",
                "Low": 8000,
                "High": 12000,
                "Notes": null,
                "Fill": "#DDBEE8",
                "Stroke": "#DDBEE8",
                "Sector": "South High",
                "Shape_Length": 0.32688481966832883,
                "Shape_Area": 0.0034674468999304005
            }
        },
        {
            "type": "Feature",
            "id": 147,
            "geometry": {
                "type": "Polygon",
                "coordinates": [
                    [
                        [
                            -75.089749721999965,
                            39.605537222000066,
                            0
                        ],
                        [
                            -75.082160555999963,
                            39.611749167000028,
                            0
                        ],
                        [
                            -75.047298652999984,
                            39.638197069000057,
                            0
                        ],
                        [
                            -74.974418888999935,
                            39.654998889000069,
                            0
                        ],
                        [
                            -74.836660728999959,
                            39.671532096000078,
                            0
                        ],
                        [
                            -74.830267499999934,
                            39.691640556000038,
                            0
                        ],
                        [
                            -74.775799999999947,
                            39.720470300000045,
                            0
                        ],
                        [
                            -74.691118299999971,
                            39.764216700000077,
                            0
                        ],
                        [
                            -75.040814829999988,
                            39.734332319000032,
                            0
                        ],
                        [
                            -75.059788888999947,
                            39.732710833000056,
                            0
                        ],
                        [
                            -75.077011317999961,
                            39.71773178400008,
                            0
                        ],
                        [
                            -75.11191133799997,
                            39.690315092000048,
                            0
                        ],
                        [
                            -75.10563910999997,
                            39.591898067000045,
                            0
                        ],
                        [
                            -75.105638495999983,
                            39.591897603000064,
                            0
                        ],
                        [
                            -75.089749721999965,
                            39.605537222000066,
                            0
                        ]
                    ]
                ]
            },
            "properties": {
                "OBJECTID": 147,
                "Position": "P1J",
                "Low": 9000,
                "High": 12000,
                "Notes": null,
                "Fill": "#AA83E8",
                "Stroke": "#AA83E8",
                "Sector": "South High",
                "Shape_Length": 1.0019237072327556,
                "Shape_Area": 0.028884157030952012
            }
        },
        {
            "type": "Feature",
            "id": 148,
            "geometry": {
                "type": "Polygon",
                "coordinates": [
                    [
                        [
                            -75.049212777999969,
                            40.078621389000034,
                            0
                        ],
                        [
                            -75.052541110999982,
                            40.081099167000048,
                            0
                        ],
                        [
                            -75.067029999999988,
                            40.096774167000035,
                            0
                        ],
                        [
                            -75.077699443999961,
                            40.116742500000043,
                            0
                        ],
                        [
                            -75.091916943999934,
                            40.150624722000032,
                            0
                        ],
                        [
                            -75.099947221999969,
                            40.183307222000053,
                            0
                        ],
                        [
                            -75.096388332999936,
                            40.222836111000049,
                            0
                        ],
                        [
                            -75.119679166999958,
                            40.217559444000074,
                            0
                        ],
                        [
                            -75.151435832999937,
                            40.216222778000031,
                            0
                        ],
                        [
                            -75.360802777999936,
                            40.207182500000044,
                            0
                        ],
                        [
                            -75.291597816999968,
                            40.069867230000057,
                            0
                        ],
                        [
                            -75.284415708999973,
                            40.05561662000008,
                            0
                        ],
                        [
                            -75.274249300999941,
                            40.03544461000007,
                            0
                        ],
                        [
                            -75.252684013999954,
                            39.99241753900003,
                            0
                        ],
                        [
                            -75.132729721999965,
                            40.015510556000038,
                            0
                        ],
                        [
                            -75.047001895999983,
                            40.031864004000056,
                            0
                        ],
                        [
                            -75.049212777999969,
                            40.078621389000034,
                            0
                        ]
                    ]
                ]
            },
            "properties": {
                "OBJECTID": 148,
                "Position": "P1N",
                "Low": 6000,
                "High": 10000,
                "Notes": null,
                "Fill": "#9EAAD7",
                "Stroke": "#9EAAD7",
                "Sector": "North Arrival",
                "Shape_Length": 0.9201355643316752,
                "Shape_Area": 0.048367464739845094
            }
        },
        {
            "type": "Feature",
            "id": 150,
            "geometry": {
                "type": "Polygon",
                "coordinates": [
                    [
                        [
                            -74.763834196999937,
                            40.085881100000051,
                            0
                        ],
                        [
                            -74.758353056999965,
                            40.138929999000027,
                            0
                        ],
                        [
                            -74.818091110999944,
                            40.148604722000073,
                            0
                        ],
                        [
                            -74.847246943999949,
                            40.12318444400006,
                            0
                        ],
                        [
                            -74.885808610999959,
                            40.091653611000027,
                            0
                        ],
                        [
                            -74.89717277799997,
                            40.083361944000046,
                            0
                        ],
                        [
                            -74.982732540999962,
                            40.06680224400003,
                            0
                        ],
                        [
                            -75.049212777999969,
                            40.078621389000034,
                            0
                        ],
                        [
                            -75.047001895999983,
                            40.031864004000056,
                            0
                        ],
                        [
                            -75.041313216999981,
                            39.911555551000049,
                            0
                        ],
                        [
                            -74.997774999999933,
                            39.920006111000077,
                            0
                        ],
                        [
                            -74.912574026999948,
                            39.936739088000024,
                            0
                        ],
                        [
                            -74.820594219999975,
                            39.954865928000061,
                            0
                        ],
                        [
                            -74.747150171999976,
                            39.969340015000057,
                            0
                        ],
                        [
                            -74.763834196999937,
                            40.085881100000051,
                            0
                        ]
                    ]
                ]
            },
            "properties": {
                "OBJECTID": 150,
                "Position": "P1N",
                "Low": 6000,
                "High": 6000,
                "Notes": null,
                "Fill": "#9EAAD7",
                "Stroke": "#9EAAD7",
                "Sector": "North Arrival",
                "Shape_Length": 0.95584528653918543,
                "Shape_Area": 0.046366323134695332
            }
        },
        {
            "type": "Feature",
            "id": 151,
            "geometry": {
                "type": "Polygon",
                "coordinates": [
                    [
                        [
                            -75.041313216999981,
                            39.911555551000049,
                            0
                        ],
                        [
                            -75.047001895999983,
                            40.031864004000056,
                            0
                        ],
                        [
                            -75.132729721999965,
                            40.015510556000038,
                            0
                        ],
                        [
                            -75.252684013999954,
                            39.99241753900003,
                            0
                        ],
                        [
                            -75.232583144999978,
                            39.952312274000064,
                            0
                        ],
                        [
                            -75.195962362999978,
                            39.87899567900007,
                            0
                        ],
                        [
                            -75.108005832999936,
                            39.898610833000077,
                            0
                        ],
                        [
                            -75.041313216999981,
                            39.911555551000049,
                            0
                        ]
                    ]
                ]
            },
            "properties": {
                "OBJECTID": 151,
                "Position": "P1N",
                "Low": 6000,
                "High": 7000,
                "Notes": null,
                "Fill": "#9EAAD7",
                "Stroke": "#9EAAD7",
                "Sector": "North Arrival",
                "Shape_Length": 0.61474224657734577,
                "Shape_Area": 0.0221002662457572
            }
        },
        {
            "type": "Feature",
            "id": 156,
            "geometry": {
                "type": "Polygon",
                "coordinates": [
                    [
                        [
                            -75.228888052999935,
                            39.595325666000065,
                            0
                        ],
                        [
                            -75.156985421999934,
                            39.653967022000074,
                            0
                        ],
                        [
                            -75.11191133799997,
                            39.690315092000048,
                            0
                        ],
                        [
                            -75.077011317999961,
                            39.71773178400008,
                            0
                        ],
                        [
                            -75.059788888999947,
                            39.732710833000056,
                            0
                        ],
                        [
                            -74.691118299999971,
                            39.764216700000077,
                            0
                        ],
                        [
                            -74.724037333999945,
                            39.87676665400005,
                            0
                        ],
                        [
                            -74.923902534999968,
                            39.934514471000057,
                            0
                        ],
                        [
                            -74.997774999999933,
                            39.920006111000077,
                            0
                        ],
                        [
                            -75.108005832999936,
                            39.898610833000077,
                            0
                        ],
                        [
                            -75.178481799999986,
                            39.882894013000055,
                            0
                        ],
                        [
                            -75.116158055999961,
                            39.756950000000074,
                            0
                        ],
                        [
                            -75.218917279999971,
                            39.653616983000063,
                            0
                        ],
                        [
                            -75.248764378999965,
                            39.62386106200006,
                            0
                        ],
                        [
                            -75.283901388999936,
                            39.588831389000063,
                            0
                        ],
                        [
                            -75.478448281999988,
                            39.561811956000042,
                            0
                        ],
                        [
                            -75.478450049999935,
                            39.561810306000041,
                            0
                        ],
                        [
                            -75.473893528999952,
                            39.534644469000057,
                            0
                        ],
                        [
                            -75.473893507999946,
                            39.534644343000025,
                            0
                        ],
                        [
                            -75.470512891999988,
                            39.514224837000029,
                            0
                        ],
                        [
                            -75.470510383999965,
                            39.514228036000077,
                            0
                        ],
                        [
                            -75.301381110999955,
                            39.536202778000074,
                            0
                        ],
                        [
                            -75.228888052999935,
                            39.595325666000065,
                            0
                        ]
                    ]
                ]
            },
            "properties": {
                "OBJECTID": 156,
                "Position": "P1S",
                "Low": 6000,
                "High": 7000,
                "Notes": null,
                "Fill": "#CC41B0",
                "Stroke": "#CC41B0",
                "Sector": "South Arrival",
                "Shape_Length": 2.059764746121115,
                "Shape_Area": 0.090874369743239897
            }
        },
        {
            "type": "Feature",
            "id": 157,
            "geometry": {
                "type": "Polygon",
                "coordinates": [
                    [
                        [
                            -74.923902534999968,
                            39.934514471000057,
                            0
                        ],
                        [
                            -74.724037333999945,
                            39.87676665400005,
                            0
                        ],
                        [
                            -74.735526899999968,
                            39.916049400000077,
                            0
                        ],
                        [
                            -74.743356699999936,
                            39.942841900000076,
                            0
                        ],
                        [
                            -74.747150171999976,
                            39.969340015000057,
                            0
                        ],
                        [
                            -74.820594219999975,
                            39.954865928000061,
                            0
                        ],
                        [
                            -74.912574026999948,
                            39.936739088000024,
                            0
                        ],
                        [
                            -74.923902534999968,
                            39.934514471000057,
                            0
                        ]
                    ]
                ]
            },
            "properties": {
                "OBJECTID": 157,
                "Position": "P1S",
                "Low": 6000,
                "High": 6000,
                "Notes": null,
                "Fill": "#CC41B0",
                "Stroke": "#CC41B0",
                "Sector": "South Arrival",
                "Shape_Length": 0.48380113175828393,
                "Shape_Area": 0.0084523083807547979
            }
        },
        {
            "type": "Feature",
            "id": 158,
            "geometry": {
                "type": "Polygon",
                "coordinates": [
                    [
                        [
                            -74.836660728999959,
                            39.671532096000078,
                            0
                        ],
                        [
                            -74.911147199999959,
                            39.70973390000006,
                            0
                        ],
                        [
                            -74.974418888999935,
                            39.654998889000069,
                            0
                        ],
                        [
                            -74.836660728999959,
                            39.671532096000078,
                            0
                        ]
                    ]
                ]
            },
            "properties": {
                "OBJECTID": 158,
                "Position": "P1S",
                "Low": 6000,
                "High": 8000,
                "Notes": "NEWFIELD Area 6000-7000 can be released to ACY.",
                "Fill": "#CC41B0",
                "Stroke": "#CC41B0",
                "Sector": "South Arrival",
                "Shape_Length": 0.30611961011485667,
                "Shape_Area": 0.0032470552357302088
            }
        },
        {
            "type": "Feature",
            "id": 159,
            "geometry": {
                "type": "Polygon",
                "coordinates": [
                    [
                        [
                            -74.911147199999959,
                            39.70973390000006,
                            0
                        ],
                        [
                            -74.836660728999959,
                            39.671532096000078,
                            0
                        ],
                        [
                            -74.830267499999934,
                            39.691640556000038,
                            0
                        ],
                        [
                            -74.822469699999942,
                            39.716382200000055,
                            0
                        ],
                        [
                            -74.911147199999959,
                            39.70973390000006,
                            0
                        ]
                    ]
                ]
            },
            "properties": {
                "OBJECTID": 159,
                "Position": "P1S",
                "Low": 6000,
                "High": 8000,
                "Notes": "NEWFIELD Area 6000-7000 can be released to ACY.",
                "Fill": "#CC41B0",
                "Stroke": "#CC41B0",
                "Sector": "South Arrival",
                "Shape_Length": 0.21967953968660683,
                "Shape_Area": 0.0019421130629498312
            }
        },
        {
            "type": "Feature",
            "id": 160,
            "geometry": {
                "type": "Polygon",
                "coordinates": [
                    [
                        [
                            -74.775799999999947,
                            39.720470300000045,
                            0
                        ],
                        [
                            -74.822469699999942,
                            39.716382200000055,
                            0
                        ],
                        [
                            -74.830267499999934,
                            39.691640556000038,
                            0
                        ],
                        [
                            -74.775799999999947,
                            39.720470300000045,
                            0
                        ]
                    ]
                ]
            },
            "properties": {
                "OBJECTID": 160,
                "Position": "P1S",
                "Low": 6000,
                "High": 8000,
                "Notes": null,
                "Fill": "#CC41B0",
                "Stroke": "#CC41B0",
                "Sector": "South Arrival",
                "Shape_Length": 0.13441658025924713,
                "Shape_Area": 0.00056140345840378523
            }
        },
        {
            "type": "Feature",
            "id": 161,
            "geometry": {
                "type": "Polygon",
                "coordinates": [
                    [
                        [
                            -75.172958928999947,
                            39.832791452000038,
                            0
                        ],
                        [
                            -75.078310555999963,
                            39.851708611000049,
                            0
                        ],
                        [
                            -75.084744441999987,
                            39.871120008000048,
                            0
                        ],
                        [
                            -75.110741666999957,
                            39.949499167000056,
                            0
                        ],
                        [
                            -75.22026305299994,
                            39.927655608000066,
                            0
                        ],
                        [
                            -75.202034555999944,
                            39.891157934000034,
                            0
                        ],
                        [
                            -75.196734162999974,
                            39.880541669000024,
                            0
                        ],
                        [
                            -75.195962362999978,
                            39.87899567900007,
                            0
                        ],
                        [
                            -75.172958928999947,
                            39.832791452000038,
                            0
                        ]
                    ]
                ]
            },
            "properties": {
                "OBJECTID": 161,
                "Position": "P1F",
                "Low": 3000,
                "High": 3000,
                "Notes": null,
                "Fill": "#BF60ED",
                "Stroke": "#BF60ED",
                "Sector": "Final Vector 1",
                "Shape_Length": 0.41723098651182605,
                "Shape_Area": 0.010644498547099384
            }
        },
        {
            "type": "Feature",
            "id": 162,
            "geometry": {
                "type": "Polygon",
                "coordinates": [
                    [
                        [
                            -74.921213507999937,
                            39.905405992000055,
                            0
                        ],
                        [
                            -74.896034628999985,
                            39.992361279000079,
                            0
                        ],
                        [
                            -74.763834196999937,
                            40.08588110200003,
                            0
                        ],
                        [
                            -75.047001895999983,
                            40.031864004000056,
                            0
                        ],
                        [
                            -75.116365291999955,
                            40.018632539000066,
                            0
                        ],
                        [
                            -75.132729721999965,
                            40.015510556000038,
                            0
                        ],
                        [
                            -75.110741666999957,
                            39.949499167000056,
                            0
                        ],
                        [
                            -75.084744441999987,
                            39.871120008000048,
                            0
                        ],
                        [
                            -74.921213507999937,
                            39.905405992000055,
                            0
                        ]
                    ]
                ]
            },
            "properties": {
                "OBJECTID": 162,
                "Position": "P1F",
                "Low": 0,
                "High": 5000,
                "Notes": null,
                "Fill": "#BF60ED",
                "Stroke": "#BF60ED",
                "Sector": "Final Vector 1",
                "Shape_Length": 0.94725148922847846,
                "Shape_Area": 0.035805533711934436
            }
        },
        {
            "type": "Feature",
            "id": 163,
            "geometry": {
                "type": "Polygon",
                "coordinates": [
                    [
                        [
                            -74.82110942099996,
                            39.926393868000048,
                            0
                        ],
                        [
                            -74.820811666999987,
                            39.972265556000025,
                            0
                        ],
                        [
                            -74.763834195999948,
                            40.085881105000055,
                            0
                        ],
                        [
                            -74.896034628999985,
                            39.992361279000079,
                            0
                        ],
                        [
                            -74.921213507999937,
                            39.905405992000055,
                            0
                        ],
                        [
                            -74.82110942099996,
                            39.926393868000048,
                            0
                        ]
                    ]
                ]
            },
            "properties": {
                "OBJECTID": 163,
                "Position": "P1F",
                "Low": 3000,
                "High": 5000,
                "Notes": null,
                "Fill": "#BF60ED",
                "Stroke": "#BF60ED",
                "Sector": "Final Vector 1",
                "Shape_Length": 0.52771750520132044,
                "Shape_Area": 0.010662108924695378
            }
        },
        {
            "type": "Feature",
            "id": 164,
            "geometry": {
                "type": "Polygon",
                "coordinates": [
                    [
                        [
                            -74.82110942099996,
                            39.926393868000048,
                            0
                        ],
                        [
                            -74.74331639899998,
                            39.942703995000045,
                            0
                        ],
                        [
                            -74.747150171999976,
                            39.969340015000057,
                            0
                        ],
                        [
                            -74.763834195999948,
                            40.085881105000055,
                            0
                        ],
                        [
                            -74.820811666999987,
                            39.972265556000025,
                            0
                        ],
                        [
                            -74.82110942099996,
                            39.926393868000048,
                            0
                        ]
                    ]
                ]
            },
            "properties": {
                "OBJECTID": 164,
                "Position": "P1F",
                "Low": 4000,
                "High": 5000,
                "Notes": null,
                "Fill": "#BF60ED",
                "Stroke": "#BF60ED",
                "Sector": "Final Vector 1",
                "Shape_Length": 0.3970988927135134,
                "Shape_Area": 0.0070251275721166986
            }
        },
        {
            "type": "Feature",
            "id": 165,
            "geometry": {
                "type": "Polygon",
                "coordinates": [
                    [
                        [
                            -75.084744441999987,
                            39.871120008000048,
                            0
                        ],
                        [
                            -75.078310555999963,
                            39.851708611000049,
                            0
                        ],
                        [
                            -75.053253610999946,
                            39.776253333000057,
                            0
                        ],
                        [
                            -74.911147199999959,
                            39.70973390000006,
                            0
                        ],
                        [
                            -74.93997944399996,
                            39.751643611000077,
                            0
                        ],
                        [
                            -74.954143888999965,
                            39.791677778000064,
                            0
                        ],
                        [
                            -74.921213507999937,
                            39.905405992000055,
                            0
                        ],
                        [
                            -74.979737493999949,
                            39.893137791000072,
                            0
                        ],
                        [
                            -75.084744441999987,
                            39.871120008000048,
                            0
                        ]
                    ]
                ]
            },
            "properties": {
                "OBJECTID": 165,
                "Position": "P1L",
                "Low": 0,
                "High": 50000,
                "Notes": null,
                "Fill": "#E842CF",
                "Stroke": "#E842CF",
                "Sector": "Final Vector 2",
                "Shape_Length": 0.63568345145193228,
                "Shape_Area": 0.017791099303198148
            }
        },
        {
            "type": "Feature",
            "id": 166,
            "geometry": {
                "type": "Polygon",
                "coordinates": [
                    [
                        [
                            -74.822469699999942,
                            39.716382200000055,
                            0
                        ],
                        [
                            -74.82110942099996,
                            39.926393868000048,
                            0
                        ],
                        [
                            -74.864382148999937,
                            39.917322074000026,
                            0
                        ],
                        [
                            -74.864389656999947,
                            39.917320500000073,
                            0
                        ],
                        [
                            -74.921213507999937,
                            39.905405992000055,
                            0
                        ],
                        [
                            -74.927511570999968,
                            39.883669600000076,
                            0
                        ],
                        [
                            -74.947395968999956,
                            39.814997709000068,
                            0
                        ],
                        [
                            -74.954143888999965,
                            39.791677778000064,
                            0
                        ],
                        [
                            -74.93997944399996,
                            39.751643611000077,
                            0
                        ],
                        [
                            -74.934330110999952,
                            39.743433912000057,
                            0
                        ],
                        [
                            -74.934329951999985,
                            39.743433681000056,
                            0
                        ],
                        [
                            -74.911147199999959,
                            39.70973390000006,
                            0
                        ],
                        [
                            -74.822469699999942,
                            39.716382200000055,
                            0
                        ]
                    ]
                ]
            },
            "properties": {
                "OBJECTID": 166,
                "Position": "P1L",
                "Low": 3000,
                "High": 5000,
                "Notes": null,
                "Fill": "#E842CF",
                "Stroke": "#E842CF",
                "Sector": "Final Vector 2",
                "Shape_Length": 0.61295856537608984,
                "Shape_Area": 0.023281475410840167
            }
        },
        {
            "type": "Feature",
            "id": 167,
            "geometry": {
                "type": "Polygon",
                "coordinates": [
                    [
                        [
                            -74.724037333999945,
                            39.87676665400005,
                            0
                        ],
                        [
                            -74.735526899999968,
                            39.916049400000077,
                            0
                        ],
                        [
                            -74.743316394999965,
                            39.942703996000034,
                            0
                        ],
                        [
                            -74.82110942099996,
                            39.926393868000048,
                            0
                        ],
                        [
                            -74.821249087999945,
                            39.904860498000062,
                            0
                        ],
                        [
                            -74.821249087999945,
                            39.904860439000061,
                            0
                        ],
                        [
                            -74.821249126999987,
                            39.904854443000033,
                            0
                        ],
                        [
                            -74.821391300999949,
                            39.882927475000031,
                            0
                        ],
                        [
                            -74.82162406599997,
                            39.847013898000057,
                            0
                        ],
                        [
                            -74.821441951999986,
                            39.847069416000068,
                            0
                        ],
                        [
                            -74.822232731999975,
                            39.753013568000028,
                            0
                        ],
                        [
                            -74.822232732999964,
                            39.75301343600006,
                            0
                        ],
                        [
                            -74.822469699999942,
                            39.716382200000055,
                            0
                        ],
                        [
                            -74.775799999999947,
                            39.720470300000045,
                            0
                        ],
                        [
                            -74.691118299999971,
                            39.764216700000077,
                            0
                        ],
                        [
                            -74.724037333999945,
                            39.87676665400005,
                            0
                        ]
                    ]
                ]
            },
            "properties": {
                "OBJECTID": 167,
                "Position": "P1L",
                "Low": null,
                "High": null,
                "Notes": null,
                "Fill": "#E842CF",
                "Stroke": "#E842CF",
                "Sector": "Final Vector 2",
                "Shape_Length": 0.61787338676016768,
                "Shape_Area": 0.021967089688816763
            }
        },
        {
            "type": "Feature",
            "id": 169,
            "geometry": {
                "type": "Polygon",
                "coordinates": [
                    [
                        [
                            -75.274249300999941,
                            40.03544461000007,
                            0
                        ],
                        [
                            -75.22026305299994,
                            39.927655608000066,
                            0
                        ],
                        [
                            -75.110741666999957,
                            39.949499167000056,
                            0
                        ],
                        [
                            -75.132729721999965,
                            40.015510556000038,
                            0
                        ],
                        [
                            -75.141253332999952,
                            40.040778333000048,
                            0
                        ],
                        [
                            -75.17067499999996,
                            40.128894444000025,
                            0
                        ],
                        [
                            -75.274249300999941,
                            40.03544461000007,
                            0
                        ]
                    ]
                ]
            },
            "properties": {
                "OBJECTID": 169,
                "Position": "P1P",
                "Low": 0,
                "High": 4000,
                "Notes": null,
                "Fill": "#E8BEFF",
                "Stroke": "#E8BEFF",
                "Sector": "Pottstown",
                "Shape_Length": 0.56087426622190428,
                "Shape_Area": 0.018585017567448247
            }
        },
        {
            "type": "Feature",
            "id": 170,
            "geometry": {
                "type": "Polygon",
                "coordinates": [
                    [
                        [
                            -75.22026305299994,
                            39.927655608000066,
                            0
                        ],
                        [
                            -75.202034555999944,
                            39.891157934000034,
                            0
                        ],
                        [
                            -75.196734162999974,
                            39.880541669000024,
                            0
                        ],
                        [
                            -75.195962362999978,
                            39.87899567900007,
                            0
                        ],
                        [
                            -75.172958928999947,
                            39.832791452000038,
                            0
                        ],
                        [
                            -75.155410879999977,
                            39.836299135000047,
                            0
                        ],
                        [
                            -75.078310555999963,
                            39.851708611000049,
                            0
                        ],
                        [
                            -75.084744441999987,
                            39.871120008000048,
                            0
                        ],
                        [
                            -75.090576798999962,
                            39.888711812000054,
                            0
                        ],
                        [
                            -75.094714944999964,
                            39.901190726000038,
                            0
                        ],
                        [
                            -75.094714993999958,
                            39.901190876000044,
                            0
                        ],
                        [
                            -75.110741666999957,
                            39.949499167000056,
                            0
                        ],
                        [
                            -75.22026305299994,
                            39.927655608000066,
                            0
                        ]
                    ]
                ]
            },
            "properties": {
                "OBJECTID": 170,
                "Position": "P1P",
                "Low": 4000,
                "High": 4000,
                "Notes": null,
                "Fill": "#E8BEFF",
                "Stroke": "#E8BEFF",
                "Sector": "Pottstown",
                "Shape_Length": 0.4172309868203028,
                "Shape_Area": 0.010644625714481196
            }
        },
        {
            "type": "Feature",
            "id": 171,
            "geometry": {
                "type": "Polygon",
                "coordinates": [
                    [
                        [
                            -75.780191803999969,
                            40.283159864000027,
                            0
                        ],
                        [
                            -75.68693607199998,
                            40.325736440000071,
                            0
                        ],
                        [
                            -75.746848776999968,
                            40.336132848000034,
                            0
                        ],
                        [
                            -75.780191803999969,
                            40.283159864000027,
                            0
                        ]
                    ]
                ]
            },
            "properties": {
                "OBJECTID": 171,
                "Position": "P1P",
                "Low": 6000,
                "High": 6000,
                "Notes": null,
                "Fill": "#E8BEFF",
                "Stroke": "#E8BEFF",
                "Sector": "Pottstown",
                "Shape_Length": 0.22591647184889888,
                "Shape_Area": 0.0017602012380036492
            }
        },
        {
            "type": "Feature",
            "id": 174,
            "geometry": {
                "type": "Polygon",
                "coordinates": [
                    [
                        [
                            -74.747232777999955,
                            40.206976389000033,
                            0
                        ],
                        [
                            -74.724295603999963,
                            40.230844554000043,
                            0
                        ],
                        [
                            -74.709915186999979,
                            40.24578490600004,
                            0
                        ],
                        [
                            -74.692984577999937,
                            40.263316477000046,
                            0
                        ],
                        [
                            -74.957027219999986,
                            40.341636946000051,
                            0
                        ],
                        [
                            -75.016630832999965,
                            40.290319167000064,
                            0
                        ],
                        [
                            -75.036706943999945,
                            40.25503666700007,
                            0
                        ],
                        [
                            -75.044802874999959,
                            40.248970360000044,
                            0
                        ],
                        [
                            -75.057537777999983,
                            40.239428056000065,
                            0
                        ],
                        [
                            -75.06889777799995,
                            40.233957222000072,
                            0
                        ],
                        [
                            -75.096388332999936,
                            40.222836111000049,
                            0
                        ],
                        [
                            -75.099947221999969,
                            40.183307222000053,
                            0
                        ],
                        [
                            -75.091916943999934,
                            40.150624722000032,
                            0
                        ],
                        [
                            -75.077699443999961,
                            40.116742500000043,
                            0
                        ],
                        [
                            -75.067029999999988,
                            40.096774167000035,
                            0
                        ],
                        [
                            -75.052541110999982,
                            40.081099167000048,
                            0
                        ],
                        [
                            -75.049212777999969,
                            40.078621389000034,
                            0
                        ],
                        [
                            -74.982732540999962,
                            40.06680224400003,
                            0
                        ],
                        [
                            -74.89717277799997,
                            40.083361944000046,
                            0
                        ],
                        [
                            -74.885808610999959,
                            40.091653611000027,
                            0
                        ],
                        [
                            -74.847246943999949,
                            40.12318444400006,
                            0
                        ],
                        [
                            -74.818091110999944,
                            40.148604722000073,
                            0
                        ],
                        [
                            -74.75835305399994,
                            40.138929999000027,
                            0
                        ],
                        [
                            -74.747232777999955,
                            40.206976389000033,
                            0
                        ]
                    ]
                ]
            },
            "properties": {
                "OBJECTID": 174,
                "Position": "P1Y",
                "Low": 0,
                "High": 7000,
                "Notes": null,
                "Fill": "#73004C",
                "Stroke": "#73004C",
                "Sector": "Yardley",
                "Shape_Length": 1.0860837852882157,
                "Shape_Area": 0.069453608689685628
            }
        },
        {
            "type": "Feature",
            "id": 176,
            "geometry": {
                "type": "Polygon",
                "coordinates": [
                    [
                        [
                            -74.911735341999986,
                            40.057667464000076,
                            0
                        ],
                        [
                            -74.763834199999962,
                            40.085881100000051,
                            0
                        ],
                        [
                            -74.75835305399994,
                            40.138929999000027,
                            0
                        ],
                        [
                            -74.818091110999944,
                            40.148604722000073,
                            0
                        ],
                        [
                            -74.847246943999949,
                            40.12318444400006,
                            0
                        ],
                        [
                            -74.885808610999959,
                            40.091653611000027,
                            0
                        ],
                        [
                            -74.89717277799997,
                            40.083361944000046,
                            0
                        ],
                        [
                            -74.982732543999987,
                            40.06680224400003,
                            0
                        ],
                        [
                            -74.911735341999986,
                            40.057667464000076,
                            0
                        ]
                    ]
                ]
            },
            "properties": {
                "OBJECTID": 176,
                "Position": "P1Y",
                "Low": 0,
                "High": 10000,
                "Notes": null,
                "Fill": "#73004C",
                "Stroke": "#73004C",
                "Sector": "Yardley",
                "Shape_Length": 0.5257064263448743,
                "Shape_Area": 0.0084611086995677112
            }
        },
        {
            "type": "Feature",
            "id": 177,
            "geometry": {
                "type": "Polygon",
                "coordinates": [
                    [
                        [
                            -74.982732543999987,
                            40.06680224400003,
                            0
                        ],
                        [
                            -75.049212777999969,
                            40.078621392000059,
                            0
                        ],
                        [
                            -75.047002198999962,
                            40.031870426000069,
                            0
                        ],
                        [
                            -75.047001895999983,
                            40.031864004000056,
                            0
                        ],
                        [
                            -74.911735341999986,
                            40.057667464000076,
                            0
                        ],
                        [
                            -74.982732543999987,
                            40.06680224400003,
                            0
                        ]
                    ]
                ]
            },
            "properties": {
                "OBJECTID": 177,
                "Position": "P1Y",
                "Low": 0,
                "High": 5000,
                "Notes": null,
                "Fill": "#73004C",
                "Stroke": "#73004C",
                "Sector": "Yardley",
                "Shape_Length": 0.32362046536731659,
                "Shape_Area": 0.0030749574985826644
            }
        },
        {
            "type": "Feature",
            "id": 178,
            "geometry": {
                "type": "Polygon",
                "coordinates": [
                    [
                        [
                            -74.982732543999987,
                            40.06680224400003,
                            0
                        ],
                        [
                            -75.049212777999969,
                            40.078621392000059,
                            0
                        ],
                        [
                            -75.047002198999962,
                            40.031870426000069,
                            0
                        ],
                        [
                            -75.047001895999983,
                            40.031864004000056,
                            0
                        ],
                        [
                            -74.911735341999986,
                            40.057667464000076,
                            0
                        ],
                        [
                            -74.982732543999987,
                            40.06680224400003,
                            0
                        ]
                    ]
                ]
            },
            "properties": {
                "OBJECTID": 178,
                "Position": "P1Y",
                "Low": 7000,
                "High": 10000,
                "Notes": null,
                "Fill": "#73004C",
                "Stroke": "#73004C",
                "Sector": "Yardley",
                "Shape_Length": 0.32362046536731659,
                "Shape_Area": 0.0030749574985826644
            }
        },
        {
            "type": "Feature",
            "id": 179,
            "geometry": {
                "type": "Polygon",
                "coordinates": [
                    [
                        [
                            -75.132729721999965,
                            40.015510556000038,
                            0
                        ],
                        [
                            -75.141253332999952,
                            40.040778333000048,
                            0
                        ],
                        [
                            -75.17067499999996,
                            40.128894444000025,
                            0
                        ],
                        [
                            -75.274249300999941,
                            40.03544461000007,
                            0
                        ],
                        [
                            -75.252088164999975,
                            39.991218237000055,
                            0
                        ],
                        [
                            -75.132729721999965,
                            40.015510556000038,
                            0
                        ]
                    ]
                ]
            },
            "properties": {
                "OBJECTID": 179,
                "Position": "P1Y",
                "Low": 5000,
                "High": 5000,
                "Notes": null,
                "Fill": "#73004C",
                "Stroke": "#73004C",
                "Sector": "Yardley",
                "Shape_Length": 0.43033930489498273,
                "Shape_Area": 0.010549562974051194
            }
        },
        {
            "type": "Feature",
            "id": 180,
            "geometry": {
                "type": "Polygon",
                "coordinates": [
                    [
                        [
                            -75.047002198999962,
                            40.031870426000069,
                            0
                        ],
                        [
                            -75.040838517999987,
                            39.880327032000025,
                            0
                        ],
                        [
                            -74.896034628999985,
                            39.992361279000079,
                            0
                        ],
                        [
                            -74.763834197999984,
                            40.085881100000051,
                            0
                        ],
                        [
                            -74.911735341999986,
                            40.057667464000076,
                            0
                        ],
                        [
                            -74.911752068999988,
                            40.057669616000055,
                            0
                        ],
                        [
                            -75.047001895999983,
                            40.031864004000056,
                            0
                        ],
                        [
                            -75.047002198999962,
                            40.031870426000069,
                            0
                        ]
                    ]
                ]
            },
            "properties": {
                "OBJECTID": 180,
                "Position": "P1Y",
                "Low": 7000,
                "High": 10000,
                "Notes": null,
                "Fill": "#73004C",
                "Stroke": "#73004C",
                "Sector": "Yardley",
                "Shape_Length": 0.78496890625128501,
                "Shape_Area": 0.020987545160839262
            }
        },
        {
            "type": "Feature",
            "id": 181,
            "geometry": {
                "type": "Polygon",
                "coordinates": [
                    [
                        [
                            -75.040838517999987,
                            39.880327032000025,
                            0
                        ],
                        [
                            -75.047001895999983,
                            40.031864004000056,
                            0
                        ],
                        [
                            -75.047001937999937,
                            40.031863996000027,
                            0
                        ],
                        [
                            -75.116365291999955,
                            40.018632539000066,
                            0
                        ],
                        [
                            -75.132729721999965,
                            40.015510556000038,
                            0
                        ],
                        [
                            -75.252077677999978,
                            39.991220372000043,
                            0
                        ],
                        [
                            -75.252083251999977,
                            39.991219237000053,
                            0
                        ],
                        [
                            -75.252088164999975,
                            39.991218237000055,
                            0
                        ],
                        [
                            -75.232610794999971,
                            39.952324121000061,
                            0
                        ],
                        [
                            -75.22026305299994,
                            39.927655608000066,
                            0
                        ],
                        [
                            -75.202034555999944,
                            39.891157934000034,
                            0
                        ],
                        [
                            -75.196734162999974,
                            39.880541669000024,
                            0
                        ],
                        [
                            -75.195962362999978,
                            39.87899567900007,
                            0
                        ],
                        [
                            -75.181753220999951,
                            39.850459160000071,
                            0
                        ],
                        [
                            -75.084744441999987,
                            39.871120008000048,
                            0
                        ],
                        [
                            -75.040838517999987,
                            39.880327032000025,
                            0
                        ]
                    ]
                ]
            },
            "properties": {
                "OBJECTID": 181,
                "Position": "P1Y",
                "Low": 8000,
                "High": 10000,
                "Notes": null,
                "Fill": "#73004C",
                "Stroke": "#73004C",
                "Sector": "Yardley",
                "Shape_Length": 0.66214032264533318,
                "Shape_Area": 0.026684881433094637
            }
        },
        {
            "type": "Feature",
            "id": 182,
            "geometry": {
                "type": "Polygon",
                "coordinates": [
                    [
                        [
                            -75.040838517999987,
                            39.880327032000025,
                            0
                        ],
                        [
                            -75.047001895999983,
                            40.031864004000056,
                            0
                        ],
                        [
                            -75.047001937999937,
                            40.031863996000027,
                            0
                        ],
                        [
                            -75.116365291999955,
                            40.018632539000066,
                            0
                        ],
                        [
                            -75.132729721999965,
                            40.015510556000038,
                            0
                        ],
                        [
                            -75.252077677999978,
                            39.991220372000043,
                            0
                        ],
                        [
                            -75.252083251999977,
                            39.991219237000053,
                            0
                        ],
                        [
                            -75.252088164999975,
                            39.991218237000055,
                            0
                        ],
                        [
                            -75.232610794999971,
                            39.952324121000061,
                            0
                        ],
                        [
                            -75.22026305299994,
                            39.927655608000066,
                            0
                        ],
                        [
                            -75.202034555999944,
                            39.891157934000034,
                            0
                        ],
                        [
                            -75.196734162999974,
                            39.880541669000024,
                            0
                        ],
                        [
                            -75.195962362999978,
                            39.87899567900007,
                            0
                        ],
                        [
                            -75.181753220999951,
                            39.850459160000071,
                            0
                        ],
                        [
                            -75.084744441999987,
                            39.871120008000048,
                            0
                        ],
                        [
                            -75.040838517999987,
                            39.880327032000025,
                            0
                        ]
                    ]
                ]
            },
            "properties": {
                "OBJECTID": 182,
                "Position": "P1Y",
                "Low": 5000,
                "High": 5000,
                "Notes": null,
                "Fill": "#73004C",
                "Stroke": "#73004C",
                "Sector": "Yardley",
                "Shape_Length": 0.66214032264533318,
                "Shape_Area": 0.026684881433094637
            }
        },
        {
            "type": "Feature",
            "id": 183,
            "geometry": {
                "type": "Polygon",
                "coordinates": [
                    [
                        [
                            -75.494780203999937,
                            39.425761484000077,
                            0
                        ],
                        [
                            -75.482514805999983,
                            39.366318331000059,
                            0
                        ],
                        [
                            -75.447206552999944,
                            39.373432235000053,
                            0
                        ],
                        [
                            -75.449821537999981,
                            39.38924548600005,
                            0
                        ],
                        [
                            -75.45803794699998,
                            39.438908156000025,
                            0
                        ],
                        [
                            -75.494780203999937,
                            39.425761484000077,
                            0
                        ]
                    ]
                ]
            },
            "properties": {
                "OBJECTID": 183,
                "Position": "P1W",
                "Low": 4000,
                "High": 4000,
                "Notes": null,
                "Fill": "#894465",
                "Stroke": "#894465",
                "Sector": "Woodstown",
                "Shape_Length": 0.2021023560991807,
                "Shape_Area": 0.0023671398253862835
            }
        },
        {
            "type": "Feature",
            "id": 187,
            "geometry": {
                "type": "Polygon",
                "coordinates": [
                    [
                        [
                            -75.248970321999934,
                            39.711013828000034,
                            0
                        ],
                        [
                            -75.193854166999984,
                            39.729935556000044,
                            0
                        ],
                        [
                            -75.223706237999977,
                            39.790313533000074,
                            0
                        ],
                        [
                            -75.248970321999934,
                            39.711013828000034,
                            0
                        ]
                    ]
                ]
            },
            "properties": {
                "OBJECTID": 187,
                "Position": "P1W",
                "Low": 0,
                "High": 2000,
                "Notes": null,
                "Fill": "#6677CD",
                "Stroke": "#6677CD",
                "Sector": "Woodstown",
                "Shape_Length": 0.20885521685378805,
                "Shape_Area": 0.0019463273533079774
            }
        },
        {
            "type": "Feature",
            "id": 188,
            "geometry": {
                "type": "Polygon",
                "coordinates": [
                    [
                        [
                            -75.132650555999987,
                            39.751753889000042,
                            0
                        ],
                        [
                            -75.172958928999947,
                            39.832791452000038,
                            0
                        ],
                        [
                            -75.195962362999978,
                            39.87899567900007,
                            0
                        ],
                        [
                            -75.196043401999987,
                            39.878979321000031,
                            0
                        ],
                        [
                            -75.261057671999936,
                            39.865854484000067,
                            0
                        ],
                        [
                            -75.236663868999983,
                            39.816521280000075,
                            0
                        ],
                        [
                            -75.223706237999977,
                            39.790313533000074,
                            0
                        ],
                        [
                            -75.193854166999984,
                            39.729935556000044,
                            0
                        ],
                        [
                            -75.132650555999987,
                            39.751753889000042,
                            0
                        ]
                    ]
                ]
            },
            "properties": {
                "OBJECTID": 188,
                "Position": "P1W",
                "Low": 0,
                "High": 4000,
                "Notes": null,
                "Fill": "#6677CD",
                "Stroke": "#6677CD",
                "Sector": "Woodstown",
                "Shape_Length": 0.42513292903328465,
                "Shape_Area": 0.0094506719344858367
            }
        },
        {
            "type": "Feature",
            "id": 189,
            "geometry": {
                "type": "Polygon",
                "coordinates": [
                    [
                        [
                            -75.195962362999978,
                            39.87899567900007,
                            0
                        ],
                        [
                            -75.181753220999951,
                            39.850459160000071,
                            0
                        ],
                        [
                            -75.172958928999947,
                            39.832791452000038,
                            0
                        ],
                        [
                            -75.155410879999977,
                            39.836299135000047,
                            0
                        ],
                        [
                            -75.078310555999963,
                            39.851708611000049,
                            0
                        ],
                        [
                            -75.084744441999987,
                            39.871120008000048,
                            0
                        ],
                        [
                            -75.090576798999962,
                            39.888711812000054,
                            0
                        ],
                        [
                            -75.094714944999964,
                            39.901190726000038,
                            0
                        ],
                        [
                            -75.195962362999978,
                            39.87899567900007,
                            0
                        ]
                    ]
                ]
            },
            "properties": {
                "OBJECTID": 189,
                "Position": "P1W",
                "Low": 5000,
                "High": 5000,
                "Notes": null,
                "Fill": "#6677CD",
                "Stroke": "#6677CD",
                "Sector": "Woodstown",
                "Shape_Length": 0.30391624314084009,
                "Shape_Area": 0.0050911555705401715
            }
        }
    ]
}