{
    "name": "PHL - Video Map East",
    "type": "FeatureCollection",
    "features": [
        {
            "type": "Feature",
            "properties": {
                "style": "solid",
                "thickness": 3
            },
            "geometry": {
                "type": "LineString",
                "coordinates": [
                    [
                        -75.04148666666667,
                        39.907377499999996
                    ],
                    [
                        -75.0414611111111,
                        39.90730333333333
                    ]
                ]
            }
        },
        {
            "type": "Feature",
            "properties": {
                "style": "solid",
                "thickness": 3
            },
            "geometry": {
                "type": "LineString",
                "coordinates": [
                    [
                        -75.04146972222222,
                        39.90732805555555
                    ],
                    [
                        -75.04149361111111,
                        39.90729694444444
                    ],
                    [
                        -75.04150944444444,
                        39.90729361111111
                    ],
                    [
                        -75.04153,
                        39.90730277777778
                    ],
                    [
                        -75.04153833333334,
                        39.9073275
                    ],
                    [
                        -75.04152638888888,
                        39.90734305555556
                    ],
                    [
                        -75.04151027777777,
                        39.90734638888889
                    ],
                    [
                        -75.04146972222222,
                        39.90732805555555
                    ],
                    [
                        -75.04146972222222,
                        39.90732805555555
                    ]
                ]
            }
        },
        {
            "type": "Feature",
            "properties": {
                "style": "solid",
                "thickness": 3
            },
            "geometry": {
                "type": "LineString",
                "coordinates": [
                    [
                        -75.04163083333333,
                        39.90729555555556
                    ],
                    [
                        -75.0415825,
                        39.90730527777777
                    ],
                    [
                        -75.04157055555555,
                        39.90732111111111
                    ],
                    [
                        -75.04159083333333,
                        39.907330277777774
                    ],
                    [
                        -75.04162305555555,
                        39.90732361111111
                    ],
                    [
                        -75.041635,
                        39.90730805555555
                    ],
                    [
                        -75.04162666666666,
                        39.90728333333333
                    ],
                    [
                        -75.04160611111111,
                        39.90727416666667
                    ],
                    [
                        -75.04157388888889,
                        39.90728055555555
                    ]
                ]
            }
        },
        {
            "type": "Feature",
            "properties": {
                "style": "solid",
                "thickness": 3
            },
            "geometry": {
                "type": "LineString",
                "coordinates": [
                    [
                        -75.04171222222222,
                        39.90733222222222
                    ],
                    [
                        -75.0416911111111,
                        39.907270277777776
                    ],
                    [
                        -75.04167055555556,
                        39.90726111111111
                    ],
                    [
                        -75.04165888888889,
                        39.90727694444444
                    ]
                ]
            }
        },
        {
            "type": "Feature",
            "properties": {
                "style": "solid",
                "thickness": 3
            },
            "geometry": {
                "type": "LineString",
                "coordinates": [
                    [
                        -75.04173583333333,
                        39.90730083333333
                    ],
                    [
                        -75.04167138888889,
                        39.907313888888886
                    ]
                ]
            }
        },
        {
            "type": "Feature",
            "properties": {
                "style": "solid",
                "thickness": 3
            },
            "geometry": {
                "type": "LineString",
                "coordinates": [
                    [
                        -75.0417725,
                        39.90730666666666
                    ],
                    [
                        -75.04177666666666,
                        39.90731916666667
                    ]
                ]
            }
        },
        {
            "type": "Feature",
            "properties": {
                "style": "solid",
                "thickness": 3
            },
            "geometry": {
                "type": "LineString",
                "coordinates": [
                    [
                        -75.04175138888888,
                        39.907244999999996
                    ],
                    [
                        -75.04176833333334,
                        39.907294444444446
                    ]
                ]
            }
        },
        {
            "type": "Feature",
            "properties": {
                "style": "solid",
                "thickness": 3
            },
            "geometry": {
                "type": "LineString",
                "coordinates": [
                    [
                        -75.04190138888889,
                        39.90728083333333
                    ],
                    [
                        -75.04190555555556,
                        39.907293333333335
                    ]
                ]
            }
        },
        {
            "type": "Feature",
            "properties": {
                "style": "solid",
                "thickness": 3
            },
            "geometry": {
                "type": "LineString",
                "coordinates": [
                    [
                        -75.04198555555556,
                        39.907224444444445
                    ],
                    [
                        -75.0419613888889,
                        39.90725555555555
                    ],
                    [
                        -75.04194555555556,
                        39.90725888888889
                    ],
                    [
                        -75.04192499999999,
                        39.90724972222222
                    ],
                    [
                        -75.0419125,
                        39.9072125
                    ]
                ]
            }
        },
        {
            "type": "Feature",
            "properties": {
                "style": "solid",
                "thickness": 3
            },
            "geometry": {
                "type": "LineString",
                "coordinates": [
                    [
                        -75.04197694444444,
                        39.907199722222224
                    ],
                    [
                        -75.04200222222222,
                        39.90727388888889
                    ]
                ]
            }
        },
        {
            "type": "Feature",
            "properties": {
                "style": "solid",
                "thickness": 3
            },
            "geometry": {
                "type": "LineString",
                "coordinates": [
                    [
                        -75.04202527777778,
                        39.90719
                    ],
                    [
                        -75.0420575,
                        39.90718333333333
                    ],
                    [
                        -75.04207777777778,
                        39.9071925
                    ],
                    [
                        -75.0420861111111,
                        39.90721722222222
                    ],
                    [
                        -75.04207444444444,
                        39.90723305555555
                    ],
                    [
                        -75.04204222222222,
                        39.90723944444444
                    ],
                    [
                        -75.04202194444444,
                        39.90723027777778
                    ],
                    [
                        -75.04201333333333,
                        39.90720555555556
                    ],
                    [
                        -75.04202527777778,
                        39.90719
                    ],
                    [
                        -75.04202527777778,
                        39.90719
                    ]
                ]
            }
        },
        {
            "type": "Feature",
            "properties": {
                "style": "solid",
                "thickness": 3
            },
            "geometry": {
                "type": "LineString",
                "coordinates": [
                    [
                        -75.04217861111111,
                        39.90718555555556
                    ],
                    [
                        -75.042155,
                        39.90721666666666
                    ],
                    [
                        -75.04213888888889,
                        39.907219999999995
                    ],
                    [
                        -75.0421186111111,
                        39.90721083333333
                    ]
                ]
            }
        },
        {
            "type": "Feature",
            "properties": {
                "style": "solid",
                "thickness": 3
            },
            "geometry": {
                "type": "LineString",
                "coordinates": [
                    [
                        -75.04217027777777,
                        39.90716083333333
                    ],
                    [
                        -75.04218722222222,
                        39.90721027777778
                    ]
                ]
            }
        },
        {
            "type": "Feature",
            "properties": {
                "style": "solid",
                "thickness": 3
            },
            "geometry": {
                "type": "LineString",
                "coordinates": [
                    [
                        -75.04226694444445,
                        39.90714138888889
                    ],
                    [
                        -75.04229222222222,
                        39.90721555555555
                    ],
                    [
                        -75.04224388888889,
                        39.907225277777776
                    ],
                    [
                        -75.04222361111111,
                        39.90721611111111
                    ],
                    [
                        -75.04221944444444,
                        39.90720361111111
                    ],
                    [
                        -75.0422313888889,
                        39.90718805555555
                    ],
                    [
                        -75.04227972222222,
                        39.907178333333334
                    ]
                ]
            }
        },
        {
            "type": "Feature",
            "properties": {
                "style": "solid",
                "thickness": 3
            },
            "geometry": {
                "type": "LineString",
                "coordinates": [
                    [
                        -75.0425136111111,
                        39.907157777777776
                    ],
                    [
                        -75.04251805555555,
                        39.90717
                    ]
                ]
            }
        },
        {
            "type": "Feature",
            "properties": {
                "style": "solid",
                "thickness": 3
            },
            "geometry": {
                "type": "LineString",
                "coordinates": [
                    [
                        -75.0424925,
                        39.90709583333333
                    ],
                    [
                        -75.04250944444445,
                        39.90714527777778
                    ]
                ]
            }
        },
        {
            "type": "Feature",
            "properties": {
                "style": "solid",
                "thickness": 3
            },
            "geometry": {
                "type": "LineString",
                "coordinates": [
                    [
                        -75.04269444444444,
                        39.90708166666666
                    ],
                    [
                        -75.04264611111111,
                        39.907091666666666
                    ],
                    [
                        -75.04263416666666,
                        39.90710722222222
                    ],
                    [
                        -75.04265444444444,
                        39.90711638888889
                    ],
                    [
                        -75.04268666666667,
                        39.90710972222222
                    ],
                    [
                        -75.0426986111111,
                        39.90709416666667
                    ],
                    [
                        -75.04269027777778,
                        39.907069444444446
                    ],
                    [
                        -75.04267,
                        39.907060277777774
                    ],
                    [
                        -75.04263777777777,
                        39.907066944444445
                    ]
                ]
            }
        },
        {
            "type": "Feature",
            "properties": {
                "style": "solid",
                "thickness": 3
            },
            "geometry": {
                "type": "LineString",
                "coordinates": [
                    [
                        -75.04278277777777,
                        39.9070375
                    ],
                    [
                        -75.04273416666666,
                        39.9070475
                    ],
                    [
                        -75.0427225,
                        39.907063055555554
                    ],
                    [
                        -75.04274277777778,
                        39.90707222222222
                    ],
                    [
                        -75.04277499999999,
                        39.907065555555555
                    ],
                    [
                        -75.04279527777777,
                        39.90707472222222
                    ],
                    [
                        -75.04278333333333,
                        39.907090277777776
                    ],
                    [
                        -75.042735,
                        39.9071
                    ]
                ]
            }
        },
        {
            "type": "Feature",
            "properties": {
                "style": "solid",
                "thickness": 3
            },
            "geometry": {
                "type": "LineString",
                "coordinates": [
                    [
                        -75.04290472222222,
                        39.9070925
                    ],
                    [
                        -75.04288361111111,
                        39.90703055555555
                    ],
                    [
                        -75.04286305555556,
                        39.907021388888886
                    ],
                    [
                        -75.04283083333333,
                        39.90702777777778
                    ],
                    [
                        -75.04281916666666,
                        39.907043611111106
                    ],
                    [
                        -75.04284027777777,
                        39.907105277777774
                    ]
                ]
            }
        },
        {
            "type": "Feature",
            "properties": {
                "style": "solid",
                "thickness": 3
            },
            "geometry": {
                "type": "LineString",
                "coordinates": [
                    [
                        -75.04303361111111,
                        39.907066666666665
                    ],
                    [
                        -75.04300833333333,
                        39.90699222222222
                    ]
                ]
            }
        },
        {
            "type": "Feature",
            "properties": {
                "style": "solid",
                "thickness": 3
            },
            "geometry": {
                "type": "LineString",
                "coordinates": [
                    [
                        -75.04301666666666,
                        39.90701694444444
                    ],
                    [
                        -75.04304055555555,
                        39.90698583333333
                    ],
                    [
                        -75.04305666666666,
                        39.9069825
                    ],
                    [
                        -75.04307694444444,
                        39.90699166666666
                    ],
                    [
                        -75.04308555555555,
                        39.907016388888884
                    ],
                    [
                        -75.04307361111111,
                        39.90703194444444
                    ],
                    [
                        -75.0430575,
                        39.90703527777777
                    ],
                    [
                        -75.04301666666666,
                        39.90701694444444
                    ],
                    [
                        -75.04301666666666,
                        39.90701694444444
                    ]
                ]
            }
        },
        {
            "type": "Feature",
            "properties": {
                "style": "solid",
                "thickness": 3
            },
            "geometry": {
                "type": "LineString",
                "coordinates": [
                    [
                        -75.04317777777777,
                        39.90698472222222
                    ],
                    [
                        -75.04312972222222,
                        39.90699444444444
                    ],
                    [
                        -75.04311777777778,
                        39.90701
                    ],
                    [
                        -75.04313805555556,
                        39.907019166666664
                    ],
                    [
                        -75.04317027777778,
                        39.9070125
                    ],
                    [
                        -75.04318194444444,
                        39.906996944444444
                    ],
                    [
                        -75.04317361111111,
                        39.90697222222222
                    ],
                    [
                        -75.04315333333334,
                        39.90696305555556
                    ],
                    [
                        -75.0431211111111,
                        39.90696972222222
                    ]
                ]
            }
        },
        {
            "type": "Feature",
            "properties": {
                "style": "solid",
                "thickness": 3
            },
            "geometry": {
                "type": "LineString",
                "coordinates": [
                    [
                        -75.04328305555555,
                        39.90699
                    ],
                    [
                        -75.04321833333333,
                        39.907003055555556
                    ],
                    [
                        -75.04326611111111,
                        39.90694055555556
                    ],
                    [
                        -75.04320166666666,
                        39.906953333333334
                    ]
                ]
            }
        },
        {
            "type": "Feature",
            "properties": {
                "style": "solid",
                "thickness": 3
            },
            "geometry": {
                "type": "LineString",
                "coordinates": [
                    [
                        -75.04331944444445,
                        39.90699583333333
                    ],
                    [
                        -75.0433236111111,
                        39.90700805555555
                    ]
                ]
            }
        },
        {
            "type": "Feature",
            "properties": {
                "style": "solid",
                "thickness": 3
            },
            "geometry": {
                "type": "LineString",
                "coordinates": [
                    [
                        -75.04329833333333,
                        39.90693388888889
                    ],
                    [
                        -75.04331527777778,
                        39.90698361111111
                    ]
                ]
            }
        },
        {
            "type": "Feature",
            "properties": {
                "style": "solid",
                "thickness": 3
            },
            "geometry": {
                "type": "LineString",
                "coordinates": [
                    [
                        -75.04340333333333,
                        39.90693944444444
                    ],
                    [
                        -75.04337972222223,
                        39.90697055555555
                    ],
                    [
                        -75.0433636111111,
                        39.90697361111111
                    ],
                    [
                        -75.04334333333333,
                        39.90696472222222
                    ]
                ]
            }
        },
        {
            "type": "Feature",
            "properties": {
                "style": "solid",
                "thickness": 3
            },
            "geometry": {
                "type": "LineString",
                "coordinates": [
                    [
                        -75.043395,
                        39.90691472222222
                    ],
                    [
                        -75.04341194444444,
                        39.90696388888889
                    ]
                ]
            }
        },
        {
            "type": "Feature",
            "properties": {
                "style": "solid",
                "thickness": 3
            },
            "geometry": {
                "type": "LineString",
                "coordinates": [
                    [
                        -75.04344333333333,
                        39.90690472222222
                    ],
                    [
                        -75.04347555555556,
                        39.90689833333333
                    ],
                    [
                        -75.04349583333334,
                        39.906907499999996
                    ],
                    [
                        -75.04350444444444,
                        39.906932222222224
                    ],
                    [
                        -75.0434925,
                        39.90694777777777
                    ],
                    [
                        -75.04346027777778,
                        39.906954166666665
                    ],
                    [
                        -75.04343972222222,
                        39.906945
                    ],
                    [
                        -75.04343166666666,
                        39.90692027777778
                    ],
                    [
                        -75.04344333333333,
                        39.90690472222222
                    ],
                    [
                        -75.04344333333333,
                        39.90690472222222
                    ]
                ]
            }
        },
        {
            "type": "Feature",
            "properties": {
                "style": "solid",
                "thickness": 3
            },
            "geometry": {
                "type": "LineString",
                "coordinates": [
                    [
                        -75.04359694444445,
                        39.90690027777778
                    ],
                    [
                        -75.04357305555556,
                        39.906931666666665
                    ],
                    [
                        -75.04355694444445,
                        39.90693472222222
                    ],
                    [
                        -75.04353666666667,
                        39.90692583333333
                    ],
                    [
                        -75.04352388888888,
                        39.90688861111111
                    ]
                ]
            }
        },
        {
            "type": "Feature",
            "properties": {
                "style": "solid",
                "thickness": 3
            },
            "geometry": {
                "type": "LineString",
                "coordinates": [
                    [
                        -75.04358833333333,
                        39.90687583333333
                    ],
                    [
                        -75.04361361111111,
                        39.90695
                    ]
                ]
            }
        },
        {
            "type": "Feature",
            "properties": {
                "style": "solid",
                "thickness": 3
            },
            "geometry": {
                "type": "LineString",
                "coordinates": [
                    [
                        -75.04367805555556,
                        39.906936944444446
                    ],
                    [
                        -75.04365694444444,
                        39.906875
                    ],
                    [
                        -75.04363666666667,
                        39.906865833333335
                    ],
                    [
                        -75.04362472222222,
                        39.906881388888884
                    ]
                ]
            }
        },
        {
            "type": "Feature",
            "properties": {
                "style": "solid",
                "thickness": 3
            },
            "geometry": {
                "type": "LineString",
                "coordinates": [
                    [
                        -75.04370194444444,
                        39.906905555555554
                    ],
                    [
                        -75.0436375,
                        39.90691861111111
                    ]
                ]
            }
        },
        {
            "type": "Feature",
            "properties": {
                "style": "solid",
                "thickness": 3
            },
            "geometry": {
                "type": "LineString",
                "coordinates": [
                    [
                        -75.04373416666667,
                        39.90689916666666
                    ],
                    [
                        -75.04371722222223,
                        39.90684972222222
                    ]
                ]
            }
        },
        {
            "type": "Feature",
            "properties": {
                "style": "solid",
                "thickness": 3
            },
            "geometry": {
                "type": "LineString",
                "coordinates": [
                    [
                        -75.04379861111111,
                        39.906886388888886
                    ],
                    [
                        -75.04378583333333,
                        39.90684916666667
                    ],
                    [
                        -75.04376583333332,
                        39.906839999999995
                    ],
                    [
                        -75.04374944444444,
                        39.906843333333335
                    ],
                    [
                        -75.04372583333333,
                        39.90687444444444
                    ]
                ]
            }
        },
        {
            "type": "Feature",
            "properties": {
                "style": "solid",
                "thickness": 3
            },
            "geometry": {
                "type": "LineString",
                "coordinates": [
                    [
                        -75.04383444444444,
                        39.906839444444444
                    ],
                    [
                        -75.04381416666666,
                        39.90683027777778
                    ]
                ]
            }
        },
        {
            "type": "Feature",
            "properties": {
                "style": "solid",
                "thickness": 3
            },
            "geometry": {
                "type": "LineString",
                "coordinates": [
                    [
                        -75.04384611111111,
                        39.90682388888889
                    ],
                    [
                        -75.0438625,
                        39.906820555555555
                    ],
                    [
                        -75.04388277777778,
                        39.90682972222222
                    ],
                    [
                        -75.04389111111111,
                        39.90685444444444
                    ],
                    [
                        -75.04387916666667,
                        39.90687
                    ],
                    [
                        -75.04386305555555,
                        39.90687333333333
                    ],
                    [
                        -75.04384277777777,
                        39.906864166666665
                    ],
                    [
                        -75.04383444444444,
                        39.906839444444444
                    ],
                    [
                        -75.04384611111111,
                        39.90682388888889
                    ],
                    [
                        -75.04384611111111,
                        39.90682388888889
                    ]
                ]
            }
        },
        {
            "type": "Feature",
            "properties": {
                "style": "solid",
                "thickness": 3
            },
            "geometry": {
                "type": "LineString",
                "coordinates": [
                    [
                        -75.04398361111112,
                        39.906822777777776
                    ],
                    [
                        -75.04396,
                        39.90685388888889
                    ],
                    [
                        -75.04394388888889,
                        39.90685722222222
                    ],
                    [
                        -75.04392333333332,
                        39.90684805555556
                    ],
                    [
                        -75.04391055555556,
                        39.90681083333333
                    ]
                ]
            }
        },
        {
            "type": "Feature",
            "properties": {
                "style": "solid",
                "thickness": 3
            },
            "geometry": {
                "type": "LineString",
                "coordinates": [
                    [
                        -75.04397527777778,
                        39.906798055555555
                    ],
                    [
                        -75.04399194444444,
                        39.9068475
                    ]
                ]
            }
        },
        {
            "type": "Feature",
            "properties": {
                "style": "solid",
                "thickness": 3
            },
            "geometry": {
                "type": "LineString",
                "coordinates": [
                    [
                        -75.04409722222222,
                        39.90685277777778
                    ],
                    [
                        -75.04407611111111,
                        39.90679083333333
                    ],
                    [
                        -75.04405583333333,
                        39.90678166666667
                    ],
                    [
                        -75.04402361111111,
                        39.90678833333333
                    ],
                    [
                        -75.04401166666666,
                        39.90680388888889
                    ],
                    [
                        -75.04403277777777,
                        39.906865555555555
                    ]
                ]
            }
        },
        {
            "type": "Feature",
            "properties": {
                "style": "solid",
                "thickness": 3
            },
            "geometry": {
                "type": "LineString",
                "coordinates": [
                    [
                        -75.04428222222222,
                        39.90678916666666
                    ],
                    [
                        -75.04423305555555,
                        39.90674611111111
                    ]
                ]
            }
        },
        {
            "type": "Feature",
            "properties": {
                "style": "solid",
                "thickness": 3
            },
            "geometry": {
                "type": "LineString",
                "coordinates": [
                    [
                        -75.04437027777777,
                        39.906745
                    ],
                    [
                        -75.04434666666667,
                        39.90677611111111
                    ],
                    [
                        -75.04433055555555,
                        39.906779444444446
                    ],
                    [
                        -75.04431027777778,
                        39.906770277777774
                    ],
                    [
                        -75.0442975,
                        39.906733055555556
                    ]
                ]
            }
        },
        {
            "type": "Feature",
            "properties": {
                "style": "solid",
                "thickness": 3
            },
            "geometry": {
                "type": "LineString",
                "coordinates": [
                    [
                        -75.04436194444445,
                        39.90672027777778
                    ],
                    [
                        -75.04437888888889,
                        39.90676972222222
                    ]
                ]
            }
        },
        {
            "type": "Feature",
            "properties": {
                "style": "solid",
                "thickness": 3
            },
            "geometry": {
                "type": "LineString",
                "coordinates": [
                    [
                        -75.04446722222222,
                        39.90672555555555
                    ],
                    [
                        -75.0444025,
                        39.90673833333333
                    ]
                ]
            }
        },
        {
            "type": "Feature",
            "properties": {
                "style": "solid",
                "thickness": 3
            },
            "geometry": {
                "type": "LineString",
                "coordinates": [
                    [
                        -75.04445861111111,
                        39.90670083333333
                    ],
                    [
                        -75.04446722222222,
                        39.90672555555555
                    ],
                    [
                        -75.04445166666666,
                        39.90678138888889
                    ],
                    [
                        -75.0444025,
                        39.90673833333333
                    ],
                    [
                        -75.04439416666666,
                        39.90671361111111
                    ]
                ]
            }
        },
        {
            "type": "Feature",
            "properties": {
                "style": "solid",
                "thickness": 3
            },
            "geometry": {
                "type": "LineString",
                "coordinates": [
                    [
                        -75.04123861111111,
                        39.907559444444445
                    ],
                    [
                        -75.04117416666666,
                        39.9075725
                    ],
                    [
                        -75.04119722222222,
                        39.90748861111111
                    ]
                ]
            }
        },
        {
            "type": "Feature",
            "properties": {
                "style": "solid",
                "thickness": 3
            },
            "geometry": {
                "type": "LineString",
                "coordinates": [
                    [
                        -75.04127777777778,
                        39.90747222222222
                    ],
                    [
                        -75.04124555555555,
                        39.90747888888889
                    ]
                ]
            }
        },
        {
            "type": "Feature",
            "properties": {
                "style": "solid",
                "thickness": 3
            },
            "geometry": {
                "type": "LineString",
                "coordinates": [
                    [
                        -75.04129888888889,
                        39.907534166666665
                    ],
                    [
                        -75.04128694444444,
                        39.90754972222222
                    ],
                    [
                        -75.04126166666667,
                        39.90747555555556
                    ]
                ]
            }
        },
        {
            "type": "Feature",
            "properties": {
                "style": "solid",
                "thickness": 3
            },
            "geometry": {
                "type": "LineString",
                "coordinates": [
                    [
                        -75.04134222222223,
                        39.90745944444444
                    ],
                    [
                        -75.04136249999999,
                        39.907468611111106
                    ],
                    [
                        -75.04137944444444,
                        39.907518055555556
                    ],
                    [
                        -75.04136749999999,
                        39.90753361111111
                    ],
                    [
                        -75.04135138888888,
                        39.907536666666665
                    ],
                    [
                        -75.0413311111111,
                        39.90752777777777
                    ],
                    [
                        -75.04131416666667,
                        39.90747805555555
                    ],
                    [
                        -75.0413261111111,
                        39.9074625
                    ],
                    [
                        -75.04134222222223,
                        39.90745944444444
                    ],
                    [
                        -75.04134222222223,
                        39.90745944444444
                    ]
                ]
            }
        },
        {
            "type": "Feature",
            "properties": {
                "style": "solid",
                "thickness": 3
            },
            "geometry": {
                "type": "LineString",
                "coordinates": [
                    [
                        -75.04147638888888,
                        39.90749861111111
                    ],
                    [
                        -75.04146444444444,
                        39.907514166666665
                    ],
                    [
                        -75.04143194444444,
                        39.90752055555556
                    ],
                    [
                        -75.04141166666666,
                        39.907511388888885
                    ],
                    [
                        -75.04140749999999,
                        39.90749916666667
                    ],
                    [
                        -75.04141944444444,
                        39.90748361111111
                    ],
                    [
                        -75.04145166666666,
                        39.90747694444444
                    ],
                    [
                        -75.04146361111111,
                        39.90746138888889
                    ],
                    [
                        -75.041455,
                        39.90743666666666
                    ],
                    [
                        -75.04139083333334,
                        39.90744972222222
                    ]
                ]
            }
        },
        {
            "type": "Feature",
            "properties": {
                "style": "solid",
                "thickness": 3
            },
            "geometry": {
                "type": "LineString",
                "coordinates": [
                    [
                        -75.04158805555555,
                        39.907423055555554
                    ],
                    [
                        -75.04160027777777,
                        39.9074075
                    ],
                    [
                        -75.04163249999999,
                        39.907401111111106
                    ],
                    [
                        -75.04165277777777,
                        39.90741027777778
                    ],
                    [
                        -75.04166944444444,
                        39.90745972222222
                    ],
                    [
                        -75.04165777777777,
                        39.90747527777778
                    ],
                    [
                        -75.04162555555556,
                        39.90748166666666
                    ],
                    [
                        -75.04160527777778,
                        39.9074725
                    ]
                ]
            }
        },
        {
            "type": "Feature",
            "properties": {
                "style": "solid",
                "thickness": 3
            },
            "geometry": {
                "type": "LineString",
                "coordinates": [
                    [
                        -75.041685,
                        39.90740361111111
                    ],
                    [
                        -75.04169666666667,
                        39.90738805555556
                    ],
                    [
                        -75.04172916666667,
                        39.907381666666666
                    ],
                    [
                        -75.04174944444445,
                        39.90739083333333
                    ],
                    [
                        -75.04176611111112,
                        39.90744027777777
                    ],
                    [
                        -75.04175444444444,
                        39.90745583333333
                    ],
                    [
                        -75.04172222222222,
                        39.90746222222222
                    ],
                    [
                        -75.04170166666667,
                        39.90745305555556
                    ]
                ]
            }
        },
        {
            "type": "Feature",
            "properties": {
                "style": "solid",
                "thickness": 3
            },
            "geometry": {
                "type": "LineString",
                "coordinates": [
                    [
                        -75.04183499999999,
                        39.90743972222222
                    ],
                    [
                        -75.04180972222223,
                        39.90736555555556
                    ]
                ]
            }
        },
        {
            "type": "Feature",
            "properties": {
                "style": "solid",
                "thickness": 3
            },
            "geometry": {
                "type": "LineString",
                "coordinates": [
                    [
                        -75.04186722222222,
                        39.90743305555556
                    ],
                    [
                        -75.04180277777778,
                        39.907446111111106
                    ]
                ]
            }
        },
        {
            "type": "Feature",
            "properties": {
                "style": "solid",
                "thickness": 3
            },
            "geometry": {
                "type": "LineString",
                "coordinates": [
                    [
                        -75.041935,
                        39.907379999999996
                    ],
                    [
                        -75.04187416666666,
                        39.9073525
                    ]
                ]
            }
        },
        {
            "type": "Feature",
            "properties": {
                "style": "solid",
                "thickness": 3
            },
            "geometry": {
                "type": "LineString",
                "coordinates": [
                    [
                        -75.0419386111111,
                        39.907339444444446
                    ],
                    [
                        -75.04196388888889,
                        39.90741388888889
                    ],
                    [
                        -75.04191555555555,
                        39.907423333333334
                    ],
                    [
                        -75.04189527777777,
                        39.90741416666666
                    ],
                    [
                        -75.04189083333333,
                        39.907401944444445
                    ],
                    [
                        -75.04190277777778,
                        39.90738638888889
                    ],
                    [
                        -75.0419511111111,
                        39.907376666666664
                    ]
                ]
            }
        },
        {
            "type": "Feature",
            "properties": {
                "style": "solid",
                "thickness": 3
            },
            "geometry": {
                "type": "LineString",
                "coordinates": [
                    [
                        -75.04204361111111,
                        39.90734472222222
                    ],
                    [
                        -75.04197916666666,
                        39.907357777777776
                    ]
                ]
            }
        },
        {
            "type": "Feature",
            "properties": {
                "style": "solid",
                "thickness": 3
            },
            "geometry": {
                "type": "LineString",
                "coordinates": [
                    [
                        -75.04203527777777,
                        39.90732
                    ],
                    [
                        -75.04204361111111,
                        39.90734472222222
                    ],
                    [
                        -75.04202833333333,
                        39.907400833333334
                    ],
                    [
                        -75.04197916666666,
                        39.907357777777776
                    ],
                    [
                        -75.04197083333334,
                        39.907333055555554
                    ]
                ]
            }
        },
        {
            "type": "Feature",
            "properties": {
                "style": "solid",
                "thickness": 3
            },
            "geometry": {
                "type": "LineString",
                "coordinates": [
                    [
                        -75.04220472222222,
                        39.907312499999996
                    ],
                    [
                        -75.04216416666667,
                        39.90729416666667
                    ]
                ]
            }
        },
        {
            "type": "Feature",
            "properties": {
                "style": "solid",
                "thickness": 3
            },
            "geometry": {
                "type": "LineString",
                "coordinates": [
                    [
                        -75.04223694444444,
                        39.90730583333333
                    ],
                    [
                        -75.04220472222222,
                        39.907312499999996
                    ],
                    [
                        -75.0421811111111,
                        39.90734361111111
                    ]
                ]
            }
        },
        {
            "type": "Feature",
            "properties": {
                "style": "solid",
                "thickness": 3
            },
            "geometry": {
                "type": "LineString",
                "coordinates": [
                    [
                        -75.04222861111111,
                        39.90728111111111
                    ],
                    [
                        -75.0422538888889,
                        39.907355277777775
                    ]
                ]
            }
        },
        {
            "type": "Feature",
            "properties": {
                "style": "solid",
                "thickness": 3
            },
            "geometry": {
                "type": "LineString",
                "coordinates": [
                    [
                        -75.04233388888889,
                        39.907286388888885
                    ],
                    [
                        -75.04231,
                        39.90731777777778
                    ],
                    [
                        -75.04229388888889,
                        39.90732083333333
                    ],
                    [
                        -75.04227361111111,
                        39.907311666666665
                    ]
                ]
            }
        },
        {
            "type": "Feature",
            "properties": {
                "style": "solid",
                "thickness": 3
            },
            "geometry": {
                "type": "LineString",
                "coordinates": [
                    [
                        -75.04232527777778,
                        39.90726166666666
                    ],
                    [
                        -75.04234222222222,
                        39.90731111111111
                    ]
                ]
            }
        },
        {
            "type": "Feature",
            "properties": {
                "style": "solid",
                "thickness": 3
            },
            "geometry": {
                "type": "LineString",
                "coordinates": [
                    [
                        -75.0423736111111,
                        39.90725194444444
                    ],
                    [
                        -75.04240583333333,
                        39.907245555555555
                    ],
                    [
                        -75.04242611111111,
                        39.90725472222222
                    ],
                    [
                        -75.04243472222223,
                        39.90727944444444
                    ],
                    [
                        -75.04242277777777,
                        39.907295
                    ],
                    [
                        -75.04239055555556,
                        39.90730138888889
                    ],
                    [
                        -75.04237027777778,
                        39.90729222222222
                    ],
                    [
                        -75.04236166666666,
                        39.907267499999996
                    ],
                    [
                        -75.0423736111111,
                        39.90725194444444
                    ],
                    [
                        -75.0423736111111,
                        39.90725194444444
                    ]
                ]
            }
        },
        {
            "type": "Feature",
            "properties": {
                "style": "solid",
                "thickness": 3
            },
            "geometry": {
                "type": "LineString",
                "coordinates": [
                    [
                        -75.04249916666666,
                        39.907266388888885
                    ],
                    [
                        -75.04247944444444,
                        39.907309999999995
                    ]
                ]
            }
        },
        {
            "type": "Feature",
            "properties": {
                "style": "solid",
                "thickness": 3
            },
            "geometry": {
                "type": "LineString",
                "coordinates": [
                    [
                        -75.04254416666666,
                        39.90729722222222
                    ],
                    [
                        -75.04249916666666,
                        39.907266388888885
                    ],
                    [
                        -75.04248638888889,
                        39.90722944444444
                    ]
                ]
            }
        },
        {
            "type": "Feature",
            "properties": {
                "style": "solid",
                "thickness": 3
            },
            "geometry": {
                "type": "LineString",
                "coordinates": [
                    [
                        -75.04272888888889,
                        39.90723361111111
                    ],
                    [
                        -75.04269583333333,
                        39.90718722222222
                    ],
                    [
                        -75.04269666666667,
                        39.90724
                    ],
                    [
                        -75.04266361111111,
                        39.90719361111111
                    ],
                    [
                        -75.04266444444444,
                        39.907246388888886
                    ]
                ]
            }
        },
        {
            "type": "Feature",
            "properties": {
                "style": "solid",
                "thickness": 3
            },
            "geometry": {
                "type": "LineString",
                "coordinates": [
                    [
                        -75.04281722222223,
                        39.90718944444444
                    ],
                    [
                        -75.04276888888889,
                        39.907199166666665
                    ],
                    [
                        -75.04275694444445,
                        39.90721472222222
                    ],
                    [
                        -75.04277722222223,
                        39.907223888888886
                    ],
                    [
                        -75.04280944444444,
                        39.90721722222222
                    ],
                    [
                        -75.04282138888888,
                        39.907201666666666
                    ],
                    [
                        -75.04281305555556,
                        39.907176944444444
                    ],
                    [
                        -75.0427925,
                        39.90716777777778
                    ],
                    [
                        -75.04276027777777,
                        39.907174166666664
                    ]
                ]
            }
        },
        {
            "type": "Feature",
            "properties": {
                "style": "solid",
                "thickness": 3
            },
            "geometry": {
                "type": "LineString",
                "coordinates": [
                    [
                        -75.04290555555555,
                        39.90714527777778
                    ],
                    [
                        -75.04293083333333,
                        39.90721944444444
                    ],
                    [
                        -75.04284083333333,
                        39.907158055555556
                    ],
                    [
                        -75.04286638888888,
                        39.90723222222222
                    ]
                ]
            }
        },
        {
            "type": "Feature",
            "properties": {
                "style": "solid",
                "thickness": 3
            },
            "geometry": {
                "type": "LineString",
                "coordinates": [
                    [
                        -75.04307583333333,
                        39.90719
                    ],
                    [
                        -75.04305472222222,
                        39.90712833333333
                    ],
                    [
                        -75.04303444444444,
                        39.90711916666667
                    ]
                ]
            }
        },
        {
            "type": "Feature",
            "properties": {
                "style": "solid",
                "thickness": 3
            },
            "geometry": {
                "type": "LineString",
                "coordinates": [
                    [
                        -75.04310305555555,
                        39.90711861111111
                    ],
                    [
                        -75.04308277777777,
                        39.907109444444444
                    ]
                ]
            }
        },
        {
            "type": "Feature",
            "properties": {
                "style": "solid",
                "thickness": 3
            },
            "geometry": {
                "type": "LineString",
                "coordinates": [
                    [
                        -75.043115,
                        39.90710305555555
                    ],
                    [
                        -75.04313111111111,
                        39.90709972222222
                    ],
                    [
                        -75.04315138888889,
                        39.907108888888885
                    ],
                    [
                        -75.04316,
                        39.90713361111111
                    ],
                    [
                        -75.04314777777778,
                        39.90714916666666
                    ],
                    [
                        -75.04313194444444,
                        39.907152499999995
                    ],
                    [
                        -75.04311138888889,
                        39.90714333333333
                    ],
                    [
                        -75.04310305555555,
                        39.90711861111111
                    ],
                    [
                        -75.043115,
                        39.90710305555555
                    ],
                    [
                        -75.043115,
                        39.90710305555555
                    ]
                ]
            }
        },
        {
            "type": "Feature",
            "properties": {
                "style": "solid",
                "thickness": 3
            },
            "geometry": {
                "type": "LineString",
                "coordinates": [
                    [
                        -75.04319638888889,
                        39.90713944444445
                    ],
                    [
                        -75.04317944444445,
                        39.90709
                    ]
                ]
            }
        },
        {
            "type": "Feature",
            "properties": {
                "style": "solid",
                "thickness": 3
            },
            "geometry": {
                "type": "LineString",
                "coordinates": [
                    [
                        -75.04326083333333,
                        39.90712666666666
                    ],
                    [
                        -75.04324805555555,
                        39.907089444444445
                    ],
                    [
                        -75.04322777777777,
                        39.90708027777777
                    ],
                    [
                        -75.04321166666666,
                        39.90708361111111
                    ],
                    [
                        -75.04318777777777,
                        39.90711472222222
                    ]
                ]
            }
        },
        {
            "type": "Feature",
            "properties": {
                "style": "solid",
                "thickness": 3
            },
            "geometry": {
                "type": "LineString",
                "coordinates": [
                    [
                        -75.04333361111111,
                        39.90713833333333
                    ],
                    [
                        -75.0433125,
                        39.90707638888889
                    ],
                    [
                        -75.04329222222222,
                        39.907067222222224
                    ],
                    [
                        -75.04328027777778,
                        39.90708305555555
                    ]
                ]
            }
        },
        {
            "type": "Feature",
            "properties": {
                "style": "solid",
                "thickness": 3
            },
            "geometry": {
                "type": "LineString",
                "coordinates": [
                    [
                        -75.04335722222223,
                        39.90710722222222
                    ],
                    [
                        -75.04329305555555,
                        39.90712
                    ]
                ]
            }
        },
        {
            "type": "Feature",
            "properties": {
                "style": "solid",
                "thickness": 3
            },
            "geometry": {
                "type": "LineString",
                "coordinates": [
                    [
                        -75.04344555555555,
                        39.907063055555554
                    ],
                    [
                        -75.04342194444445,
                        39.90709416666667
                    ],
                    [
                        -75.04340583333334,
                        39.9070975
                    ],
                    [
                        -75.04338555555556,
                        39.907088333333334
                    ]
                ]
            }
        },
        {
            "type": "Feature",
            "properties": {
                "style": "solid",
                "thickness": 3
            },
            "geometry": {
                "type": "LineString",
                "coordinates": [
                    [
                        -75.04343722222222,
                        39.90703833333333
                    ],
                    [
                        -75.04345416666666,
                        39.907087777777775
                    ]
                ]
            }
        },
        {
            "type": "Feature",
            "properties": {
                "style": "solid",
                "thickness": 3
            },
            "geometry": {
                "type": "LineString",
                "coordinates": [
                    [
                        -75.04349055555555,
                        39.90709361111111
                    ],
                    [
                        -75.04349472222222,
                        39.90710583333333
                    ]
                ]
            }
        },
        {
            "type": "Feature",
            "properties": {
                "style": "solid",
                "thickness": 3
            },
            "geometry": {
                "type": "LineString",
                "coordinates": [
                    [
                        -75.04346944444444,
                        39.90703166666667
                    ],
                    [
                        -75.04348638888888,
                        39.90708111111111
                    ]
                ]
            }
        },
        {
            "type": "Feature",
            "properties": {
                "style": "solid",
                "thickness": 3
            },
            "geometry": {
                "type": "LineString",
                "coordinates": [
                    [
                        -75.04362388888889,
                        39.90708
                    ],
                    [
                        -75.04355,
                        39.90701555555555
                    ],
                    [
                        -75.04352722222222,
                        39.90709944444444
                    ]
                ]
            }
        },
        {
            "type": "Feature",
            "properties": {
                "style": "solid",
                "thickness": 3
            },
            "geometry": {
                "type": "LineString",
                "coordinates": [
                    [
                        -75.043785,
                        39.90704777777778
                    ],
                    [
                        -75.0437636111111,
                        39.90698583333333
                    ],
                    [
                        -75.04374333333332,
                        39.906976666666665
                    ],
                    [
                        -75.04373166666666,
                        39.90699222222222
                    ]
                ]
            }
        },
        {
            "type": "Feature",
            "properties": {
                "style": "solid",
                "thickness": 3
            },
            "geometry": {
                "type": "LineString",
                "coordinates": [
                    [
                        -75.0438086111111,
                        39.907016388888884
                    ],
                    [
                        -75.04374416666667,
                        39.90702944444444
                    ]
                ]
            }
        },
        {
            "type": "Feature",
            "properties": {
                "style": "solid",
                "thickness": 3
            },
            "geometry": {
                "type": "LineString",
                "coordinates": [
                    [
                        -75.04389694444444,
                        39.90697222222222
                    ],
                    [
                        -75.04387305555555,
                        39.90700361111111
                    ],
                    [
                        -75.04385694444444,
                        39.90700666666667
                    ],
                    [
                        -75.04383666666666,
                        39.906997499999996
                    ],
                    [
                        -75.04382416666667,
                        39.90696055555556
                    ]
                ]
            }
        },
        {
            "type": "Feature",
            "properties": {
                "style": "solid",
                "thickness": 3
            },
            "geometry": {
                "type": "LineString",
                "coordinates": [
                    [
                        -75.04388833333333,
                        39.9069475
                    ],
                    [
                        -75.04391388888888,
                        39.907021666666665
                    ]
                ]
            }
        },
        {
            "type": "Feature",
            "properties": {
                "style": "solid",
                "thickness": 3
            },
            "geometry": {
                "type": "LineString",
                "coordinates": [
                    [
                        -75.04398083333334,
                        39.90691555555556
                    ],
                    [
                        -75.04396055555556,
                        39.906906666666664
                    ],
                    [
                        -75.04392833333333,
                        39.906913055555556
                    ],
                    [
                        -75.04391666666666,
                        39.90692861111111
                    ],
                    [
                        -75.04393333333333,
                        39.906978055555555
                    ],
                    [
                        -75.0439536111111,
                        39.90698722222222
                    ],
                    [
                        -75.04398583333334,
                        39.90698083333333
                    ],
                    [
                        -75.04399777777778,
                        39.906965
                    ],
                    [
                        -75.04398944444445,
                        39.90694027777778
                    ],
                    [
                        -75.04396888888888,
                        39.906931388888886
                    ],
                    [
                        -75.04392083333333,
                        39.90694111111111
                    ]
                ]
            }
        },
        {
            "type": "Feature",
            "properties": {
                "style": "solid",
                "thickness": 3
            },
            "geometry": {
                "type": "LineString",
                "coordinates": [
                    [
                        -75.04403833333333,
                        39.90698333333333
                    ],
                    [
                        -75.04404277777778,
                        39.90699583333333
                    ]
                ]
            }
        },
        {
            "type": "Feature",
            "properties": {
                "style": "solid",
                "thickness": 3
            },
            "geometry": {
                "type": "LineString",
                "coordinates": [
                    [
                        -75.04401722222222,
                        39.90692166666666
                    ],
                    [
                        -75.04403416666666,
                        39.90697111111111
                    ]
                ]
            }
        },
        {
            "type": "Feature",
            "properties": {
                "style": "solid",
                "thickness": 3
            },
            "geometry": {
                "type": "LineString",
                "coordinates": [
                    [
                        -75.0441225,
                        39.90692694444444
                    ],
                    [
                        -75.04409888888888,
                        39.906958055555556
                    ],
                    [
                        -75.04408277777777,
                        39.90696138888889
                    ],
                    [
                        -75.04406222222222,
                        39.90695222222222
                    ]
                ]
            }
        },
        {
            "type": "Feature",
            "properties": {
                "style": "solid",
                "thickness": 3
            },
            "geometry": {
                "type": "LineString",
                "coordinates": [
                    [
                        -75.04411416666666,
                        39.90690222222222
                    ],
                    [
                        -75.04413083333333,
                        39.906951666666664
                    ]
                ]
            }
        },
        {
            "type": "Feature",
            "properties": {
                "style": "solid",
                "thickness": 3
            },
            "geometry": {
                "type": "LineString",
                "coordinates": [
                    [
                        -75.04416305555556,
                        39.906945
                    ],
                    [
                        -75.0441861111111,
                        39.90686111111111
                    ],
                    [
                        -75.04420222222222,
                        39.90685805555555
                    ]
                ]
            }
        },
        {
            "type": "Feature",
            "properties": {
                "style": "solid",
                "thickness": 3
            },
            "geometry": {
                "type": "LineString",
                "coordinates": [
                    [
                        -75.04422777777778,
                        39.906932222222224
                    ],
                    [
                        -75.0441786111111,
                        39.906889166666666
                    ]
                ]
            }
        },
        {
            "type": "Feature",
            "properties": {
                "style": "solid",
                "thickness": 3
            },
            "geometry": {
                "type": "LineString",
                "coordinates": [
                    [
                        -75.04432027777777,
                        39.90690027777778
                    ],
                    [
                        -75.04430833333333,
                        39.90691611111111
                    ],
                    [
                        -75.04427583333333,
                        39.9069225
                    ],
                    [
                        -75.04425555555555,
                        39.906913333333335
                    ],
                    [
                        -75.04424722222222,
                        39.90688861111111
                    ],
                    [
                        -75.04425916666666,
                        39.90687305555556
                    ],
                    [
                        -75.0443075,
                        39.906863333333334
                    ]
                ]
            }
        },
        {
            "type": "Feature",
            "properties": {
                "style": "solid",
                "thickness": 3
            },
            "geometry": {
                "type": "LineString",
                "coordinates": [
                    [
                        -75.04429888888889,
                        39.90683861111111
                    ],
                    [
                        -75.04432444444444,
                        39.90691277777778
                    ]
                ]
            }
        },
        {
            "type": "Feature",
            "properties": {
                "style": "solid",
                "thickness": 3
            },
            "geometry": {
                "type": "LineString",
                "coordinates": [
                    [
                        -75.04435583333333,
                        39.90685361111111
                    ],
                    [
                        -75.04438805555556,
                        39.906846944444446
                    ],
                    [
                        -75.04440833333334,
                        39.90685611111111
                    ],
                    [
                        -75.04441694444444,
                        39.90688083333333
                    ],
                    [
                        -75.04440472222223,
                        39.90689666666667
                    ],
                    [
                        -75.0443725,
                        39.90690305555555
                    ],
                    [
                        -75.04435222222222,
                        39.90689388888889
                    ],
                    [
                        -75.04434388888889,
                        39.90686916666667
                    ],
                    [
                        -75.04435583333333,
                        39.90685361111111
                    ],
                    [
                        -75.04435583333333,
                        39.90685361111111
                    ]
                ]
            }
        },
        {
            "type": "Feature",
            "properties": {
                "style": "solid",
                "thickness": 3
            },
            "geometry": {
                "type": "LineString",
                "coordinates": [
                    [
                        -75.04444055555555,
                        39.90684972222222
                    ],
                    [
                        -75.04445249999999,
                        39.90683416666666
                    ],
                    [
                        -75.04448472222222,
                        39.90682777777778
                    ],
                    [
                        -75.044505,
                        39.90683666666666
                    ],
                    [
                        -75.04452194444444,
                        39.906886388888886
                    ],
                    [
                        -75.04451,
                        39.90690166666666
                    ],
                    [
                        -75.04447777777777,
                        39.906908333333334
                    ],
                    [
                        -75.0444575,
                        39.90689916666666
                    ]
                ]
            }
        },
        {
            "type": "Feature",
            "properties": {
                "style": "solid",
                "thickness": 3
            },
            "geometry": {
                "type": "LineString",
                "coordinates": [
                    [
                        -75.04185638888889,
                        39.90725027777778
                    ],
                    [
                        -75.0418325,
                        39.90728138888889
                    ],
                    [
                        -75.04181666666666,
                        39.90728472222222
                    ],
                    [
                        -75.04179611111111,
                        39.90727555555556
                    ],
                    [
                        -75.04178777777777,
                        39.90725083333333
                    ],
                    [
                        -75.04179972222222,
                        39.90723527777778
                    ],
                    [
                        -75.04181555555556,
                        39.90723194444444
                    ],
                    [
                        -75.04185638888889,
                        39.90725027777778
                    ],
                    [
                        -75.04185638888889,
                        39.90725027777778
                    ]
                ]
            }
        },
        {
            "type": "Feature",
            "properties": {
                "style": "solid",
                "thickness": 3
            },
            "geometry": {
                "type": "LineString",
                "coordinates": [
                    [
                        -75.04184805555555,
                        39.907225555555556
                    ],
                    [
                        -75.04187333333333,
                        39.90729972222222
                    ]
                ]
            }
        },
        {
            "type": "Feature",
            "properties": {
                "style": "solid",
                "thickness": 3
            },
            "geometry": {
                "type": "LineString",
                "coordinates": [
                    [
                        -75.04188027777778,
                        39.907219166666664
                    ],
                    [
                        -75.04189722222222,
                        39.90726861111111
                    ]
                ]
            }
        },
        {
            "type": "Feature",
            "properties": {
                "style": "solid",
                "thickness": 3
            },
            "geometry": {
                "type": "LineString",
                "coordinates": [
                    [
                        -75.04246027777778,
                        39.9071025
                    ],
                    [
                        -75.04241194444444,
                        39.907112222222224
                    ],
                    [
                        -75.0424,
                        39.907127777777774
                    ],
                    [
                        -75.04242055555555,
                        39.907136944444446
                    ],
                    [
                        -75.04245277777778,
                        39.907130555555554
                    ],
                    [
                        -75.04247305555555,
                        39.90713944444445
                    ],
                    [
                        -75.04246111111111,
                        39.907155277777775
                    ],
                    [
                        -75.04241277777777,
                        39.90716472222222
                    ]
                ]
            }
        },
        {
            "type": "Feature",
            "properties": {
                "style": "solid",
                "thickness": 3
            },
            "geometry": {
                "type": "LineString",
                "coordinates": [
                    [
                        -75.04421777777777,
                        39.906801944444446
                    ],
                    [
                        -75.04424083333333,
                        39.90671805555555
                    ],
                    [
                        -75.04425694444444,
                        39.906715
                    ]
                ]
            }
        },
        {
            "type": "Feature",
            "properties": {
                "style": "solid",
                "thickness": 3
            },
            "geometry": {
                "type": "LineString",
                "coordinates": [
                    [
                        -75.85845666666665,
                        39.592622222222225
                    ],
                    [
                        -75.87529749999999,
                        39.584114722222225
                    ]
                ]
            }
        },
        {
            "type": "Feature",
            "properties": {
                "style": "solid",
                "thickness": 3
            },
            "geometry": {
                "type": "LineString",
                "coordinates": [
                    [
                        -75.16519833333334,
                        40.11245916666667
                    ],
                    [
                        -75.17065833333334,
                        40.12884444444445
                    ]
                ]
            }
        },
        {
            "type": "Feature",
            "properties": {
                "style": "solid",
                "thickness": 3
            },
            "geometry": {
                "type": "LineString",
                "coordinates": [
                    [
                        -75.18975722222223,
                        40.13443361111111
                    ],
                    [
                        -75.18357583333334,
                        40.13223527777778
                    ],
                    [
                        -75.17720333333334,
                        40.130386111111115
                    ],
                    [
                        -75.170675,
                        40.12889444444445
                    ]
                ]
            }
        },
        {
            "type": "Feature",
            "properties": {
                "style": "solid",
                "thickness": 3
            },
            "geometry": {
                "type": "LineString",
                "coordinates": [
                    [
                        -75.15190638888889,
                        39.609274444444445
                    ],
                    [
                        -75.15752305555556,
                        39.60892805555556
                    ],
                    [
                        -75.1631275,
                        39.60848277777778
                    ],
                    [
                        -75.16871805555556,
                        39.60793944444445
                    ],
                    [
                        -75.16871805555556,
                        39.60793944444445
                    ]
                ]
            }
        },
        {
            "type": "Feature",
            "properties": {
                "style": "solid",
                "thickness": 3
            },
            "geometry": {
                "type": "LineString",
                "coordinates": [
                    [
                        -75.21222722222223,
                        39.60017416666667
                    ],
                    [
                        -75.21861277777778,
                        39.59847777777778
                    ],
                    [
                        -75.22493638888889,
                        39.596648333333334
                    ],
                    [
                        -75.2311925,
                        39.59468527777778
                    ],
                    [
                        -75.2311925,
                        39.59468527777778
                    ]
                ]
            }
        },
        {
            "type": "Feature",
            "properties": {
                "style": "solid",
                "thickness": 3
            },
            "geometry": {
                "type": "LineString",
                "coordinates": [
                    [
                        -75.26869805555556,
                        39.579405
                    ],
                    [
                        -75.27445361111111,
                        39.576458611111114
                    ],
                    [
                        -75.2801,
                        39.57339
                    ],
                    [
                        -75.28563416666667,
                        39.57020055555556
                    ],
                    [
                        -75.28563416666667,
                        39.57020055555556
                    ]
                ]
            }
        },
        {
            "type": "Feature",
            "properties": {
                "style": "solid",
                "thickness": 3
            },
            "geometry": {
                "type": "LineString",
                "coordinates": [
                    [
                        -75.31805138888889,
                        39.54714527777777
                    ],
                    [
                        -75.32296527777777,
                        39.54283916666667
                    ],
                    [
                        -75.32771027777777,
                        39.53842083333333
                    ],
                    [
                        -75.3322811111111,
                        39.53389416666666
                    ]
                ]
            }
        },
        {
            "type": "Feature",
            "properties": {
                "style": "solid",
                "thickness": 3
            },
            "geometry": {
                "type": "LineString",
                "coordinates": [
                    [
                        -75.35556194444443,
                        39.50513138888889
                    ],
                    [
                        -75.35873111111111,
                        39.500135
                    ],
                    [
                        -75.36171138888888,
                        39.49506944444445
                    ],
                    [
                        -75.36450083333332,
                        39.489938611111114
                    ]
                ]
            }
        },
        {
            "type": "Feature",
            "properties": {
                "style": "solid",
                "thickness": 3
            },
            "geometry": {
                "type": "LineString",
                "coordinates": [
                    [
                        -75.35695027777777,
                        39.45828916666667
                    ],
                    [
                        -75.37772249999999,
                        39.45433527777778
                    ]
                ]
            }
        },
        {
            "type": "Feature",
            "properties": {
                "style": "solid",
                "thickness": 3
            },
            "geometry": {
                "type": "LineString",
                "coordinates": [
                    [
                        -75.45784083333334,
                        39.43894611111111
                    ],
                    [
                        -75.47942722222223,
                        39.43478944444444
                    ]
                ]
            }
        },
        {
            "type": "Feature",
            "properties": {
                "style": "solid",
                "thickness": 3
            },
            "geometry": {
                "type": "LineString",
                "coordinates": [
                    [
                        -75.59782861111111,
                        39.36577666666667
                    ],
                    [
                        -75.61593222222221,
                        39.35510638888889
                    ]
                ]
            }
        },
        {
            "type": "Feature",
            "properties": {
                "style": "solid",
                "thickness": 3
            },
            "geometry": {
                "type": "LineString",
                "coordinates": [
                    [
                        -75.66168361111112,
                        39.31569472222222
                    ],
                    [
                        -75.67668805555556,
                        39.30273805555555
                    ]
                ]
            }
        },
        {
            "type": "Feature",
            "properties": {
                "style": "solid",
                "thickness": 3
            },
            "geometry": {
                "type": "LineString",
                "coordinates": [
                    [
                        -75.44956527777778,
                        39.389355
                    ],
                    [
                        -75.44681138888889,
                        39.37352611111111
                    ]
                ]
            }
        },
        {
            "type": "Feature",
            "properties": {
                "style": "solid",
                "thickness": 3
            },
            "geometry": {
                "type": "LineString",
                "coordinates": [
                    [
                        -75.4607225,
                        39.45651361111111
                    ],
                    [
                        -75.45520083333334,
                        39.42311722222222
                    ]
                ]
            }
        },
        {
            "type": "Feature",
            "properties": {
                "style": "solid",
                "thickness": 3
            },
            "geometry": {
                "type": "LineString",
                "coordinates": [
                    [
                        -75.498305,
                        39.67957305555555
                    ],
                    [
                        -75.49528611111111,
                        39.66209861111111
                    ]
                ]
            }
        },
        {
            "type": "Feature",
            "properties": {
                "style": "solid",
                "thickness": 3
            },
            "geometry": {
                "type": "LineString",
                "coordinates": [
                    [
                        -75.49202611111112,
                        39.64306861111111
                    ],
                    [
                        -75.48611416666667,
                        39.607935833333336
                    ]
                ]
            }
        },
        {
            "type": "Feature",
            "properties": {
                "style": "solid",
                "thickness": 3
            },
            "geometry": {
                "type": "LineString",
                "coordinates": [
                    [
                        -75.68988722222223,
                        39.86271166666667
                    ],
                    [
                        -75.66889166666667,
                        39.86699611111111
                    ]
                ]
            }
        },
        {
            "type": "Feature",
            "properties": {
                "style": "solid",
                "thickness": 3
            },
            "geometry": {
                "type": "LineString",
                "coordinates": [
                    [
                        -75.59568416666666,
                        39.88187055555556
                    ],
                    [
                        -75.57325277777777,
                        39.88650861111111
                    ]
                ]
            }
        },
        {
            "type": "Feature",
            "properties": {
                "style": "solid",
                "thickness": 3
            },
            "geometry": {
                "type": "LineString",
                "coordinates": [
                    [
                        -75.42933611111111,
                        39.91553694444444
                    ],
                    [
                        -75.40902111111112,
                        39.91959055555555
                    ]
                ]
            }
        },
        {
            "type": "Feature",
            "properties": {
                "style": "solid",
                "thickness": 3
            },
            "geometry": {
                "type": "LineString",
                "coordinates": [
                    [
                        -75.68988722222223,
                        39.86271166666667
                    ],
                    [
                        -75.68479888888889,
                        39.84625666666667
                    ]
                ]
            }
        },
        {
            "type": "Feature",
            "properties": {
                "style": "solid",
                "thickness": 3
            },
            "geometry": {
                "type": "LineString",
                "coordinates": [
                    [
                        -75.66012027777778,
                        39.766354444444445
                    ],
                    [
                        -75.6557713888889,
                        39.752274722222225
                    ]
                ]
            }
        },
        {
            "type": "Feature",
            "properties": {
                "style": "solid",
                "thickness": 3
            },
            "geometry": {
                "type": "LineString",
                "coordinates": [
                    [
                        -75.62887083333332,
                        39.66495916666666
                    ],
                    [
                        -75.6241736111111,
                        39.64969027777778
                    ],
                    [
                        -75.60323694444443,
                        39.653505833333334
                    ]
                ]
            }
        },
        {
            "type": "Feature",
            "properties": {
                "style": "solid",
                "thickness": 3
            },
            "geometry": {
                "type": "LineString",
                "coordinates": [
                    [
                        -75.40902111111112,
                        39.91959055555555
                    ],
                    [
                        -75.40352111111112,
                        39.9030325
                    ]
                ]
            }
        },
        {
            "type": "Feature",
            "properties": {
                "style": "solid",
                "thickness": 3
            },
            "geometry": {
                "type": "LineString",
                "coordinates": [
                    [
                        -75.59568416666666,
                        39.88187055555556
                    ],
                    [
                        -75.59145111111111,
                        39.86595805555556
                    ]
                ]
            }
        },
        {
            "type": "Feature",
            "properties": {
                "style": "solid",
                "thickness": 3
            },
            "geometry": {
                "type": "LineString",
                "coordinates": [
                    [
                        -75.56597305555556,
                        39.769931388888885
                    ],
                    [
                        -75.56175305555556,
                        39.75383472222222
                    ],
                    [
                        -75.53912333333334,
                        39.75819166666667
                    ]
                ]
            }
        },
        {
            "type": "Feature",
            "properties": {
                "style": "solid",
                "thickness": 3
            },
            "geometry": {
                "type": "LineString",
                "coordinates": [
                    [
                        -75.37176749999999,
                        39.80806888888888
                    ],
                    [
                        -75.3661661111111,
                        39.791599999999995
                    ]
                ]
            }
        },
        {
            "type": "Feature",
            "properties": {
                "style": "solid",
                "thickness": 3
            },
            "geometry": {
                "type": "LineString",
                "coordinates": [
                    [
                        -75.39850111111112,
                        39.88821166666666
                    ],
                    [
                        -75.37759916666666,
                        39.8923525
                    ]
                ]
            }
        },
        {
            "type": "Feature",
            "properties": {
                "style": "solid",
                "thickness": 3
            },
            "geometry": {
                "type": "LineString",
                "coordinates": [
                    [
                        -75.30346944444445,
                        39.90695111111111
                    ],
                    [
                        -75.2833875,
                        39.910982499999996
                    ]
                ]
            }
        },
        {
            "type": "Feature",
            "properties": {
                "style": "solid",
                "thickness": 3
            },
            "geometry": {
                "type": "LineString",
                "coordinates": [
                    [
                        -75.34389583333333,
                        40.032493333333335
                    ],
                    [
                        -75.33506861111111,
                        40.01492694444445
                    ]
                ]
            }
        },
        {
            "type": "Feature",
            "properties": {
                "style": "solid",
                "thickness": 3
            },
            "geometry": {
                "type": "LineString",
                "coordinates": [
                    [
                        -75.30218388888889,
                        39.94886694444444
                    ],
                    [
                        -75.29397277777778,
                        39.93230444444444
                    ]
                ]
            }
        },
        {
            "type": "Feature",
            "properties": {
                "style": "solid",
                "thickness": 3
            },
            "geometry": {
                "type": "LineString",
                "coordinates": [
                    [
                        -75.2833875,
                        39.910982499999996
                    ],
                    [
                        -75.27613611111111,
                        39.89624888888889
                    ]
                ]
            }
        },
        {
            "type": "Feature",
            "properties": {
                "style": "solid",
                "thickness": 3
            },
            "geometry": {
                "type": "LineString",
                "coordinates": [
                    [
                        -75.3661661111111,
                        39.791599999999995
                    ],
                    [
                        -75.34481694444445,
                        39.79582666666666
                    ]
                ]
            }
        },
        {
            "type": "Feature",
            "properties": {
                "style": "solid",
                "thickness": 3
            },
            "geometry": {
                "type": "LineString",
                "coordinates": [
                    [
                        -75.25547583333334,
                        39.81287444444444
                    ],
                    [
                        -75.23660555555556,
                        39.816532499999994
                    ]
                ]
            }
        },
        {
            "type": "Feature",
            "properties": {
                "style": "solid",
                "thickness": 3
            },
            "geometry": {
                "type": "LineString",
                "coordinates": [
                    [
                        -75.1848425,
                        39.733132222222224
                    ],
                    [
                        -75.19384694444445,
                        39.72992138888889
                    ]
                ]
            }
        },
        {
            "type": "Feature",
            "properties": {
                "style": "solid",
                "thickness": 3
            },
            "geometry": {
                "type": "LineString",
                "coordinates": [
                    [
                        -75.23998861111112,
                        39.96708111111111
                    ],
                    [
                        -75.23131472222222,
                        39.94978194444444
                    ]
                ]
            }
        },
        {
            "type": "Feature",
            "properties": {
                "style": "solid",
                "thickness": 3
            },
            "geometry": {
                "type": "LineString",
                "coordinates": [
                    [
                        -75.16197194444445,
                        40.03997583333333
                    ],
                    [
                        -75.14125333333334,
                        40.04077833333333
                    ]
                ]
            }
        },
        {
            "type": "Feature",
            "properties": {
                "style": "solid",
                "thickness": 3
            },
            "geometry": {
                "type": "LineString",
                "coordinates": [
                    [
                        -75.28579888888889,
                        40.03498805555555
                    ],
                    [
                        -75.26258277777778,
                        40.03590444444444
                    ]
                ]
            }
        },
        {
            "type": "Feature",
            "properties": {
                "style": "solid",
                "thickness": 3
            },
            "geometry": {
                "type": "LineString",
                "coordinates": [
                    [
                        -74.41574055555556,
                        39.96606305555556
                    ],
                    [
                        -74.42024166666667,
                        39.957950833333335
                    ],
                    [
                        -74.42989416666667,
                        39.95637361111111
                    ]
                ]
            }
        },
        {
            "type": "Feature",
            "properties": {
                "style": "solid",
                "thickness": 3
            },
            "geometry": {
                "type": "LineString",
                "coordinates": [
                    [
                        -74.55744555555555,
                        40.03071527777778
                    ],
                    [
                        -74.54014972222222,
                        40.045067777777774
                    ]
                ]
            }
        },
        {
            "type": "Feature",
            "properties": {
                "style": "solid",
                "thickness": 3
            },
            "geometry": {
                "type": "LineString",
                "coordinates": [
                    [
                        -74.33238555555555,
                        39.76351916666667
                    ],
                    [
                        -74.32228083333332,
                        39.74796888888889
                    ]
                ]
            }
        },
        {
            "type": "Feature",
            "properties": {
                "style": "solid",
                "thickness": 3
            },
            "geometry": {
                "type": "LineString",
                "coordinates": [
                    [
                        -74.44073277777778,
                        39.59950888888889
                    ],
                    [
                        -74.45717861111112,
                        39.59944277777778
                    ],
                    [
                        -74.47969888888889,
                        39.616530833333336
                    ]
                ]
            }
        },
        {
            "type": "Feature",
            "properties": {
                "style": "solid",
                "thickness": 3
            },
            "geometry": {
                "type": "LineString",
                "coordinates": [
                    [
                        -74.4099138888889,
                        39.74700527777778
                    ],
                    [
                        -74.39498666666667,
                        39.755405
                    ]
                ]
            }
        },
        {
            "type": "Feature",
            "properties": {
                "style": "solid",
                "thickness": 3
            },
            "geometry": {
                "type": "LineString",
                "coordinates": [
                    [
                        -74.35290138888888,
                        39.64753805555556
                    ],
                    [
                        -74.36411027777777,
                        39.64140222222222
                    ]
                ]
            }
        },
        {
            "type": "Feature",
            "properties": {
                "style": "solid",
                "thickness": 3
            },
            "geometry": {
                "type": "LineString",
                "coordinates": [
                    [
                        -74.43180027777778,
                        39.6043875
                    ],
                    [
                        -74.44073277777778,
                        39.59950888888889
                    ]
                ]
            }
        },
        {
            "type": "Feature",
            "properties": {
                "style": "solid",
                "thickness": 3
            },
            "geometry": {
                "type": "LineString",
                "coordinates": [
                    [
                        -74.47969888888889,
                        39.616530833333336
                    ],
                    [
                        -74.48281583333333,
                        39.62341638888889
                    ]
                ]
            }
        },
        {
            "type": "Feature",
            "properties": {
                "style": "solid",
                "thickness": 3
            },
            "geometry": {
                "type": "LineString",
                "coordinates": [
                    [
                        -74.48685527777778,
                        39.63250527777778
                    ],
                    [
                        -74.49101277777778,
                        39.641685
                    ],
                    [
                        -74.49542694444445,
                        39.64922027777778
                    ]
                ]
            }
        },
        {
            "type": "Feature",
            "properties": {
                "style": "solid",
                "thickness": 3
            },
            "geometry": {
                "type": "LineString",
                "coordinates": [
                    [
                        -74.50541694444445,
                        39.66658472222222
                    ],
                    [
                        -74.51006611111112,
                        39.67457722222222
                    ],
                    [
                        -74.50489416666667,
                        39.681773888888884
                    ]
                ]
            }
        },
        {
            "type": "Feature",
            "properties": {
                "style": "solid",
                "thickness": 3
            },
            "geometry": {
                "type": "LineString",
                "coordinates": [
                    [
                        -74.4640875,
                        39.73769277777778
                    ],
                    [
                        -74.45721861111112,
                        39.74716388888889
                    ],
                    [
                        -74.44678583333334,
                        39.74709027777778
                    ]
                ]
            }
        },
        {
            "type": "Feature",
            "properties": {
                "style": "solid",
                "thickness": 3
            },
            "geometry": {
                "type": "LineString",
                "coordinates": [
                    [
                        -74.42473416666667,
                        39.74702305555556
                    ],
                    [
                        -74.4099138888889,
                        39.74700527777778
                    ]
                ]
            }
        },
        {
            "type": "Feature",
            "properties": {
                "style": "solid",
                "thickness": 3
            },
            "geometry": {
                "type": "LineString",
                "coordinates": [
                    [
                        -74.39498666666667,
                        39.755405
                    ],
                    [
                        -74.38631611111111,
                        39.756529444444446
                    ]
                ]
            }
        },
        {
            "type": "Feature",
            "properties": {
                "style": "solid",
                "thickness": 3
            },
            "geometry": {
                "type": "LineString",
                "coordinates": [
                    [
                        -74.34462083333332,
                        39.761969722222226
                    ],
                    [
                        -74.33238555555555,
                        39.76351916666667
                    ]
                ]
            }
        },
        {
            "type": "Feature",
            "properties": {
                "style": "solid",
                "thickness": 3
            },
            "geometry": {
                "type": "LineString",
                "coordinates": [
                    [
                        -74.32228083333332,
                        39.74796888888889
                    ],
                    [
                        -74.31384277777778,
                        39.7408525
                    ]
                ]
            }
        },
        {
            "type": "Feature",
            "properties": {
                "style": "solid",
                "thickness": 3
            },
            "geometry": {
                "type": "LineString",
                "coordinates": [
                    [
                        -74.30025444444445,
                        39.7292075
                    ],
                    [
                        -74.29310833333334,
                        39.72319805555556
                    ],
                    [
                        -74.30252055555555,
                        39.711287222222225
                    ]
                ]
            }
        },
        {
            "type": "Feature",
            "properties": {
                "style": "solid",
                "thickness": 3
            },
            "geometry": {
                "type": "LineString",
                "coordinates": [
                    [
                        -74.34784222222221,
                        39.65399611111111
                    ],
                    [
                        -74.35290138888888,
                        39.64753805555556
                    ]
                ]
            }
        },
        {
            "type": "Feature",
            "properties": {
                "style": "solid",
                "thickness": 3
            },
            "geometry": {
                "type": "LineString",
                "coordinates": [
                    [
                        -74.41779972222223,
                        39.9822775
                    ],
                    [
                        -74.41736277777778,
                        39.97916277777778
                    ]
                ]
            }
        },
        {
            "type": "Feature",
            "properties": {
                "style": "solid",
                "thickness": 3
            },
            "geometry": {
                "type": "LineString",
                "coordinates": [
                    [
                        -74.41616527777778,
                        39.97018416666667
                    ],
                    [
                        -74.41574055555556,
                        39.96606305555556
                    ]
                ]
            }
        },
        {
            "type": "Feature",
            "properties": {
                "style": "solid",
                "thickness": 3
            },
            "geometry": {
                "type": "LineString",
                "coordinates": [
                    [
                        -74.43781055555556,
                        39.99999444444445
                    ],
                    [
                        -74.4312175,
                        39.99418138888889
                    ]
                ]
            }
        },
        {
            "type": "Feature",
            "properties": {
                "style": "solid",
                "thickness": 3
            },
            "geometry": {
                "type": "LineString",
                "coordinates": [
                    [
                        -74.42286138888889,
                        39.9867075
                    ],
                    [
                        -74.41779972222223,
                        39.9822775
                    ]
                ]
            }
        },
        {
            "type": "Feature",
            "properties": {
                "style": "solid",
                "thickness": 3
            },
            "geometry": {
                "type": "LineString",
                "coordinates": [
                    [
                        -74.44904611111112,
                        40.045742499999996
                    ],
                    [
                        -74.44677416666667,
                        40.03657444444444
                    ]
                ]
            }
        },
        {
            "type": "Feature",
            "properties": {
                "style": "solid",
                "thickness": 3
            },
            "geometry": {
                "type": "LineString",
                "coordinates": [
                    [
                        -74.43973833333334,
                        40.00787916666667
                    ],
                    [
                        -74.43781055555556,
                        39.99999444444445
                    ]
                ]
            }
        },
        {
            "type": "Feature",
            "properties": {
                "style": "solid",
                "thickness": 3
            },
            "geometry": {
                "type": "LineString",
                "coordinates": [
                    [
                        -74.54014972222222,
                        40.045067777777774
                    ],
                    [
                        -74.5285988888889,
                        40.04508666666666
                    ]
                ]
            }
        },
        {
            "type": "Feature",
            "properties": {
                "style": "solid",
                "thickness": 3
            },
            "geometry": {
                "type": "LineString",
                "coordinates": [
                    [
                        -74.462265,
                        40.045652499999996
                    ],
                    [
                        -74.44904611111112,
                        40.045742499999996
                    ]
                ]
            }
        },
        {
            "type": "Feature",
            "properties": {
                "style": "solid",
                "thickness": 3
            },
            "geometry": {
                "type": "LineString",
                "coordinates": [
                    [
                        -74.55718138888889,
                        39.98724166666667
                    ],
                    [
                        -74.55709138888889,
                        39.995935833333334
                    ]
                ]
            }
        },
        {
            "type": "Feature",
            "properties": {
                "style": "solid",
                "thickness": 3
            },
            "geometry": {
                "type": "LineString",
                "coordinates": [
                    [
                        -74.55729333333333,
                        40.02238555555555
                    ],
                    [
                        -74.55744555555555,
                        40.03071527777778
                    ]
                ]
            }
        },
        {
            "type": "Feature",
            "properties": {
                "style": "solid",
                "thickness": 3
            },
            "geometry": {
                "type": "LineString",
                "coordinates": [
                    [
                        -74.523955,
                        39.97916277777778
                    ],
                    [
                        -74.53498944444445,
                        39.98188694444445
                    ]
                ]
            }
        },
        {
            "type": "Feature",
            "properties": {
                "style": "solid",
                "thickness": 3
            },
            "geometry": {
                "type": "LineString",
                "coordinates": [
                    [
                        -74.54792444444445,
                        39.984988333333334
                    ],
                    [
                        -74.55718138888889,
                        39.98724166666667
                    ]
                ]
            }
        },
        {
            "type": "Feature",
            "properties": {
                "style": "solid",
                "thickness": 3
            },
            "geometry": {
                "type": "LineString",
                "coordinates": [
                    [
                        -74.46566555555556,
                        39.97886555555556
                    ],
                    [
                        -74.47780055555556,
                        39.978857222222224
                    ]
                ]
            }
        },
        {
            "type": "Feature",
            "properties": {
                "style": "solid",
                "thickness": 3
            },
            "geometry": {
                "type": "LineString",
                "coordinates": [
                    [
                        -74.511345,
                        39.979172222222225
                    ],
                    [
                        -74.523955,
                        39.97916277777778
                    ]
                ]
            }
        },
        {
            "type": "Feature",
            "properties": {
                "style": "solid",
                "thickness": 3
            },
            "geometry": {
                "type": "LineString",
                "coordinates": [
                    [
                        -74.42989416666667,
                        39.95637361111111
                    ],
                    [
                        -74.43874611111112,
                        39.96192777777778
                    ]
                ]
            }
        },
        {
            "type": "Feature",
            "properties": {
                "style": "solid",
                "thickness": 3
            },
            "geometry": {
                "type": "LineString",
                "coordinates": [
                    [
                        -74.45787333333334,
                        39.973869722222226
                    ],
                    [
                        -74.46566555555556,
                        39.97886555555556
                    ]
                ]
            }
        },
        {
            "type": "Feature",
            "properties": {
                "style": "solid",
                "thickness": 3
            },
            "geometry": {
                "type": "LineString",
                "coordinates": [
                    [
                        -76.2050388888889,
                        39.45138388888889
                    ],
                    [
                        -76.19623555555556,
                        39.4639025
                    ]
                ]
            }
        },
        {
            "type": "Feature",
            "properties": {
                "style": "solid",
                "thickness": 3
            },
            "geometry": {
                "type": "LineString",
                "coordinates": [
                    [
                        -76.17513694444445,
                        39.493725833333336
                    ],
                    [
                        -76.16562666666667,
                        39.50725527777778
                    ],
                    [
                        -76.15345888888889,
                        39.498196944444445
                    ]
                ]
            }
        },
        {
            "type": "Feature",
            "properties": {
                "style": "solid",
                "thickness": 3
            },
            "geometry": {
                "type": "LineString",
                "coordinates": [
                    [
                        -76.13974361111111,
                        39.48795916666667
                    ],
                    [
                        -76.13258805555554,
                        39.48252138888889
                    ],
                    [
                        -76.11832749999999,
                        39.48500777777778
                    ]
                ]
            }
        },
        {
            "type": "Feature",
            "properties": {
                "style": "solid",
                "thickness": 3
            },
            "geometry": {
                "type": "LineString",
                "coordinates": [
                    [
                        -76.09734583333334,
                        39.4885475
                    ],
                    [
                        -76.08225583333333,
                        39.491035833333335
                    ],
                    [
                        -76.07203055555556,
                        39.48534138888889
                    ]
                ]
            }
        },
        {
            "type": "Feature",
            "properties": {
                "style": "solid",
                "thickness": 3
            },
            "geometry": {
                "type": "LineString",
                "coordinates": [
                    [
                        -76.01962416666666,
                        39.45613361111111
                    ],
                    [
                        -76.00750972222222,
                        39.449439999999996
                    ],
                    [
                        -76.01934916666667,
                        39.44176611111111
                    ]
                ]
            }
        },
        {
            "type": "Feature",
            "properties": {
                "style": "solid",
                "thickness": 3
            },
            "geometry": {
                "type": "LineString",
                "coordinates": [
                    [
                        -76.06023805555556,
                        39.41504083333333
                    ],
                    [
                        -76.07827138888888,
                        39.40329083333333
                    ]
                ]
            }
        },
        {
            "type": "Feature",
            "properties": {
                "style": "solid",
                "thickness": 3
            },
            "geometry": {
                "type": "LineString",
                "coordinates": [
                    [
                        -76.11841249999999,
                        39.377007222222225
                    ],
                    [
                        -76.13291916666665,
                        39.36765444444445
                    ]
                ]
            }
        },
        {
            "type": "Feature",
            "properties": {
                "style": "solid",
                "thickness": 3
            },
            "geometry": {
                "type": "LineString",
                "coordinates": [
                    [
                        -75.62436333333332,
                        39.58075027777778
                    ],
                    [
                        -75.62281722222221,
                        39.58161916666667
                    ],
                    [
                        -75.6211411111111,
                        39.582328333333336
                    ],
                    [
                        -75.61936138888888,
                        39.58286583333334
                    ],
                    [
                        -75.61750805555555,
                        39.58322444444445
                    ],
                    [
                        -75.61561083333332,
                        39.583397222222224
                    ],
                    [
                        -75.61370027777777,
                        39.58338083333334
                    ],
                    [
                        -75.6118086111111,
                        39.583177222222226
                    ],
                    [
                        -75.60996499999999,
                        39.58278888888889
                    ],
                    [
                        -75.6082011111111,
                        39.58222166666667
                    ],
                    [
                        -75.60654472222221,
                        39.58148527777778
                    ],
                    [
                        -75.60502249999999,
                        39.58059138888889
                    ],
                    [
                        -75.60366083333332,
                        39.57955444444445
                    ],
                    [
                        -75.60501083333332,
                        39.578609722222225
                    ],
                    [
                        -75.60651277777777,
                        39.57781388888889
                    ],
                    [
                        -75.60813944444443,
                        39.57718166666667
                    ],
                    [
                        -75.6098611111111,
                        39.576724722222224
                    ],
                    [
                        -75.61164749999999,
                        39.57645111111111
                    ],
                    [
                        -75.61346444444443,
                        39.576365833333334
                    ],
                    [
                        -75.61527972222221,
                        39.57647027777778
                    ],
                    [
                        -75.61706027777777,
                        39.57676361111111
                    ],
                    [
                        -75.61877416666665,
                        39.57723888888889
                    ],
                    [
                        -75.62038916666666,
                        39.57788861111111
                    ],
                    [
                        -75.62187638888888,
                        39.578700833333336
                    ],
                    [
                        -75.62320972222221,
                        39.579660833333335
                    ],
                    [
                        -75.62436333333332,
                        39.58075027777778
                    ]
                ]
            }
        },
        {
            "type": "Feature",
            "properties": {
                "style": "solid",
                "thickness": 3
            },
            "geometry": {
                "type": "LineString",
                "coordinates": [
                    [
                        -75.61421361111111,
                        39.57632
                    ],
                    [
                        -75.61871083333332,
                        39.53063722222222
                    ]
                ]
            }
        },
        {
            "type": "Feature",
            "properties": {
                "style": "solid",
                "thickness": 3
            },
            "geometry": {
                "type": "LineString",
                "coordinates": [
                    [
                        -75.10461888888888,
                        39.571604722222226
                    ],
                    [
                        -75.0865636111111,
                        39.55720972222222
                    ]
                ]
            }
        },
        {
            "type": "Feature",
            "properties": {
                "style": "solid",
                "thickness": 3
            },
            "geometry": {
                "type": "LineString",
                "coordinates": [
                    [
                        -75.1519775,
                        39.609277222222225
                    ],
                    [
                        -75.13803638888889,
                        39.59828
                    ]
                ]
            }
        },
        {
            "type": "Feature",
            "properties": {
                "style": "solid",
                "thickness": 3
            },
            "geometry": {
                "type": "LineString",
                "coordinates": [
                    [
                        -75.36449083333332,
                        40.03174527777778
                    ],
                    [
                        -75.34389583333333,
                        40.03258472222222
                    ]
                ]
            }
        },
        {
            "type": "Feature",
            "properties": {
                "style": "solid",
                "thickness": 3
            },
            "geometry": {
                "type": "LineString",
                "coordinates": [
                    [
                        -75.47863972222223,
                        39.56292083333333
                    ],
                    [
                        -75.47250111111111,
                        39.52650666666666
                    ]
                ]
            }
        },
        {
            "type": "Feature",
            "properties": {
                "style": "solid",
                "thickness": 3
            },
            "geometry": {
                "type": "LineString",
                "coordinates": [
                    [
                        -75.40199555555556,
                        40.455775
                    ],
                    [
                        -75.3865163888889,
                        40.44105916666666
                    ]
                ]
            }
        },
        {
            "type": "Feature",
            "properties": {
                "style": "solid",
                "thickness": 3
            },
            "geometry": {
                "type": "LineString",
                "coordinates": [
                    [
                        -75.29306416666667,
                        40.35308666666667
                    ],
                    [
                        -75.27727277777778,
                        40.33817305555556
                    ]
                ]
            }
        },
        {
            "type": "Feature",
            "properties": {
                "style": "solid",
                "thickness": 3
            },
            "geometry": {
                "type": "LineString",
                "coordinates": [
                    [
                        -75.34766888888889,
                        40.40448972222222
                    ],
                    [
                        -75.33185361111111,
                        40.389583611111114
                    ]
                ]
            }
        },
        {
            "type": "Feature",
            "properties": {
                "style": "solid",
                "thickness": 3
            },
            "geometry": {
                "type": "LineString",
                "coordinates": [
                    [
                        -75.13265055555554,
                        39.75175388888889
                    ],
                    [
                        -75.14392166666667,
                        39.74773916666667
                    ]
                ]
            }
        },
        {
            "type": "Feature",
            "properties": {
                "style": "solid",
                "thickness": 3
            },
            "geometry": {
                "type": "LineString",
                "coordinates": [
                    [
                        -75.85221638888888,
                        39.61004333333334
                    ],
                    [
                        -75.85845666666665,
                        39.592622222222225
                    ]
                ]
            }
        },
        {
            "type": "Feature",
            "properties": {
                "style": "solid",
                "thickness": 3
            },
            "geometry": {
                "type": "LineString",
                "coordinates": [
                    [
                        -75.82687416666667,
                        39.680367499999996
                    ],
                    [
                        -75.83300833333332,
                        39.66285666666666
                    ]
                ]
            }
        },
        {
            "type": "Feature",
            "properties": {
                "style": "solid",
                "thickness": 3
            },
            "geometry": {
                "type": "LineString",
                "coordinates": [
                    [
                        -75.52017805555556,
                        39.66891083333333
                    ],
                    [
                        -75.4972175,
                        39.67316833333333
                    ]
                ]
            }
        },
        {
            "type": "Feature",
            "properties": {
                "style": "solid",
                "thickness": 3
            },
            "geometry": {
                "type": "LineString",
                "coordinates": [
                    [
                        -75.35939666666665,
                        39.698072499999995
                    ],
                    [
                        -75.33641694444444,
                        39.70229805555556
                    ]
                ]
            }
        },
        {
            "type": "Feature",
            "properties": {
                "style": "solid",
                "thickness": 3
            },
            "geometry": {
                "type": "LineString",
                "coordinates": [
                    [
                        -75.34224222222221,
                        39.72004916666667
                    ],
                    [
                        -75.33641694444444,
                        39.70229805555556
                    ]
                ]
            }
        },
        {
            "type": "Feature",
            "properties": {
                "style": "solid",
                "thickness": 3
            },
            "geometry": {
                "type": "LineString",
                "coordinates": [
                    [
                        -75.6185811111111,
                        40.17749527777777
                    ],
                    [
                        -75.65558555555556,
                        40.15998916666666
                    ]
                ]
            }
        },
        {
            "type": "Feature",
            "properties": {
                "style": "solid",
                "thickness": 3
            },
            "geometry": {
                "type": "LineString",
                "coordinates": [
                    [
                        -75.27727277777778,
                        40.33817305555556
                    ],
                    [
                        -75.31457138888888,
                        40.320685555555556
                    ]
                ]
            }
        },
        {
            "type": "Feature",
            "properties": {
                "style": "solid",
                "thickness": 3
            },
            "geometry": {
                "type": "LineString",
                "coordinates": [
                    [
                        -75.46417166666667,
                        40.25033861111111
                    ],
                    [
                        -75.501255,
                        40.23288222222222
                    ]
                ]
            }
        },
        {
            "type": "Feature",
            "properties": {
                "style": "solid",
                "thickness": 3
            },
            "geometry": {
                "type": "LineString",
                "coordinates": [
                    [
                        -75.25850833333334,
                        40.25297666666667
                    ],
                    [
                        -75.25480861111112,
                        40.23632055555556
                    ]
                ]
            }
        },
        {
            "type": "Feature",
            "properties": {
                "style": "solid",
                "thickness": 3
            },
            "geometry": {
                "type": "LineString",
                "coordinates": [
                    [
                        -75.24991722222222,
                        40.21966527777778
                    ],
                    [
                        -75.25480861111112,
                        40.23632055555556
                    ]
                ]
            }
        },
        {
            "type": "Feature",
            "properties": {
                "style": "solid",
                "thickness": 3
            },
            "geometry": {
                "type": "LineString",
                "coordinates": [
                    [
                        -74.88815777777778,
                        40.20485166666667
                    ],
                    [
                        -74.89062861111111,
                        40.20498666666667
                    ],
                    [
                        -74.89306083333334,
                        40.20534527777778
                    ],
                    [
                        -74.89542055555556,
                        40.20592194444445
                    ],
                    [
                        -74.89767444444445,
                        40.20670916666667
                    ],
                    [
                        -74.89979111111111,
                        40.20769527777778
                    ],
                    [
                        -74.90174083333333,
                        40.208867222222224
                    ],
                    [
                        -74.90349527777778,
                        40.21020722222222
                    ],
                    [
                        -74.90503111111111,
                        40.21169694444445
                    ],
                    [
                        -74.90632527777778,
                        40.21331638888889
                    ],
                    [
                        -74.90736111111111,
                        40.21504138888889
                    ],
                    [
                        -74.9081225,
                        40.21684805555556
                    ],
                    [
                        -74.9086,
                        40.21871222222222
                    ],
                    [
                        -74.90878583333334,
                        40.22060555555556
                    ]
                ]
            }
        },
        {
            "type": "Feature",
            "properties": {
                "style": "solid",
                "thickness": 3
            },
            "geometry": {
                "type": "LineString",
                "coordinates": [
                    [
                        -74.88815694444445,
                        40.20484416666667
                    ],
                    [
                        -74.88857277777778,
                        40.206832222222225
                    ],
                    [
                        -74.88928138888889,
                        40.20877222222222
                    ],
                    [
                        -74.89027361111111,
                        40.210637222222225
                    ],
                    [
                        -74.8915363888889,
                        40.212403611111114
                    ],
                    [
                        -74.89305277777778,
                        40.21404805555556
                    ],
                    [
                        -74.89480444444445,
                        40.21554916666667
                    ],
                    [
                        -74.89676722222222,
                        40.21688805555556
                    ],
                    [
                        -74.89891638888889,
                        40.218046944444446
                    ],
                    [
                        -74.90122333333333,
                        40.219010555555556
                    ],
                    [
                        -74.90365861111111,
                        40.21976611111111
                    ],
                    [
                        -74.90619027777778,
                        40.220304722222224
                    ],
                    [
                        -74.90878611111111,
                        40.220618611111114
                    ]
                ]
            }
        },
        {
            "type": "Feature",
            "properties": {
                "style": "solid",
                "thickness": 3
            },
            "geometry": {
                "type": "LineString",
                "coordinates": [
                    [
                        -76.29323472222222,
                        40.127275833333336
                    ],
                    [
                        -76.28943972222223,
                        40.11266555555556
                    ]
                ]
            }
        },
        {
            "type": "Feature",
            "properties": {
                "style": "solid",
                "thickness": 3
            },
            "geometry": {
                "type": "LineString",
                "coordinates": [
                    [
                        -76.30085194444445,
                        40.11851388888889
                    ],
                    [
                        -76.28182194444445,
                        40.1214275
                    ]
                ]
            }
        },
        {
            "type": "Feature",
            "properties": {
                "style": "solid",
                "thickness": 3
            },
            "geometry": {
                "type": "LineString",
                "coordinates": [
                    [
                        -75.29236277777778,
                        40.39664527777778
                    ],
                    [
                        -75.28840833333334,
                        40.381547222222224
                    ]
                ]
            }
        },
        {
            "type": "Feature",
            "properties": {
                "style": "solid",
                "thickness": 3
            },
            "geometry": {
                "type": "LineString",
                "coordinates": [
                    [
                        -75.30049749999999,
                        40.38758388888889
                    ],
                    [
                        -75.2805125,
                        40.39051611111111
                    ]
                ]
            }
        },
        {
            "type": "Feature",
            "properties": {
                "style": "solid",
                "thickness": 3
            },
            "geometry": {
                "type": "LineString",
                "coordinates": [
                    [
                        -75.60837111111111,
                        39.68607166666666
                    ],
                    [
                        -75.60474527777777,
                        39.671439444444445
                    ]
                ]
            }
        },
        {
            "type": "Feature",
            "properties": {
                "style": "solid",
                "thickness": 3
            },
            "geometry": {
                "type": "LineString",
                "coordinates": [
                    [
                        -75.61602611111111,
                        39.67735444444444
                    ],
                    [
                        -75.59708944444444,
                        39.68015555555555
                    ]
                ]
            }
        },
        {
            "type": "Feature",
            "properties": {
                "style": "solid",
                "thickness": 3
            },
            "geometry": {
                "type": "LineString",
                "coordinates": [
                    [
                        -74.57895972222222,
                        39.46487055555556
                    ],
                    [
                        -74.57556388888888,
                        39.450206111111115
                    ]
                ]
            }
        },
        {
            "type": "Feature",
            "properties": {
                "style": "solid",
                "thickness": 3
            },
            "geometry": {
                "type": "LineString",
                "coordinates": [
                    [
                        -74.58671972222221,
                        39.45622138888889
                    ],
                    [
                        -74.56780305555556,
                        39.45885416666667
                    ]
                ]
            }
        },
        {
            "type": "Feature",
            "properties": {
                "style": "solid",
                "thickness": 3
            },
            "geometry": {
                "type": "LineString",
                "coordinates": [
                    [
                        -75.01236138888889,
                        40.08925416666667
                    ],
                    [
                        -75.00884222222223,
                        40.07460416666667
                    ]
                ]
            }
        },
        {
            "type": "Feature",
            "properties": {
                "style": "solid",
                "thickness": 3
            },
            "geometry": {
                "type": "LineString",
                "coordinates": [
                    [
                        -75.0201375,
                        40.080577222222225
                    ],
                    [
                        -75.00106527777778,
                        40.08328
                    ]
                ]
            }
        },
        {
            "type": "Feature",
            "properties": {
                "style": "solid",
                "thickness": 3
            },
            "geometry": {
                "type": "LineString",
                "coordinates": [
                    [
                        -75.44555555555556,
                        40.028262222222224
                    ],
                    [
                        -75.44015861111112,
                        40.012438333333336
                    ]
                ]
            }
        },
        {
            "type": "Feature",
            "properties": {
                "style": "solid",
                "thickness": 3
            },
            "geometry": {
                "type": "LineString",
                "coordinates": [
                    [
                        -75.63658472222222,
                        39.75810305555556
                    ],
                    [
                        -75.64312972222223,
                        39.75647722222222
                    ],
                    [
                        -75.64952916666667,
                        39.754533611111114
                    ],
                    [
                        -75.65575472222223,
                        39.75228138888889
                    ]
                ]
            }
        },
        {
            "type": "Feature",
            "properties": {
                "style": "solid",
                "thickness": 3
            },
            "geometry": {
                "type": "LineString",
                "coordinates": [
                    [
                        -75.55543055555555,
                        39.7514175
                    ],
                    [
                        -75.5632561111111,
                        39.754352222222224
                    ],
                    [
                        -75.57136194444445,
                        39.7567925
                    ],
                    [
                        -75.57969555555555,
                        39.758723055555556
                    ],
                    [
                        -75.58820277777777,
                        39.760131111111114
                    ],
                    [
                        -75.59682972222221,
                        39.761008333333336
                    ],
                    [
                        -75.60551972222221,
                        39.76134916666667
                    ]
                ]
            }
        },
        {
            "type": "Feature",
            "properties": {
                "style": "solid",
                "thickness": 3
            },
            "geometry": {
                "type": "LineString",
                "coordinates": [
                    [
                        -75.50969222222223,
                        39.71505555555556
                    ],
                    [
                        -75.51406,
                        39.721159722222225
                    ],
                    [
                        -75.51907111111112,
                        39.72696305555556
                    ],
                    [
                        -75.52469027777778,
                        39.73242333333334
                    ],
                    [
                        -75.53087972222222,
                        39.737503333333336
                    ],
                    [
                        -75.53759611111111,
                        39.74216777777778
                    ]
                ]
            }
        },
        {
            "type": "Feature",
            "properties": {
                "style": "solid",
                "thickness": 3
            },
            "geometry": {
                "type": "LineString",
                "coordinates": [
                    [
                        -75.49830416666667,
                        39.67954333333333
                    ],
                    [
                        -75.49870333333334,
                        39.68507916666666
                    ],
                    [
                        -75.49957583333334,
                        39.69058222222222
                    ],
                    [
                        -75.50091888888889,
                        39.69602888888888
                    ]
                ]
            }
        },
        {
            "type": "Feature",
            "properties": {
                "style": "solid",
                "thickness": 3
            },
            "geometry": {
                "type": "LineString",
                "coordinates": [
                    [
                        -75.35876277777777,
                        39.84413861111111
                    ],
                    [
                        -75.33787111111111,
                        39.84827166666667
                    ]
                ]
            }
        },
        {
            "type": "Feature",
            "properties": {
                "style": "solid",
                "thickness": 3
            },
            "geometry": {
                "type": "LineString",
                "coordinates": [
                    [
                        -75.31697694444443,
                        39.852492222222224
                    ],
                    [
                        -75.29608055555555,
                        39.85661805555556
                    ]
                ]
            }
        },
        {
            "type": "Feature",
            "properties": {
                "style": "solid",
                "thickness": 3
            },
            "geometry": {
                "type": "LineString",
                "coordinates": [
                    [
                        -75.40053722222223,
                        39.8356775
                    ],
                    [
                        -75.3796511111111,
                        39.83981861111111
                    ]
                ]
            }
        },
        {
            "type": "Feature",
            "properties": {
                "style": "solid",
                "thickness": 3
            },
            "geometry": {
                "type": "LineString",
                "coordinates": [
                    [
                        -75.96917944444445,
                        39.72013333333334
                    ],
                    [
                        -75.46318166666667,
                        39.82314138888889
                    ]
                ]
            }
        },
        {
            "type": "Feature",
            "properties": {
                "style": "solid",
                "thickness": 3
            },
            "geometry": {
                "type": "LineString",
                "coordinates": [
                    [
                        -75.44230305555556,
                        39.82738555555556
                    ],
                    [
                        -75.42142111111112,
                        39.83153361111111
                    ]
                ]
            }
        },
        {
            "type": "Feature",
            "properties": {
                "style": "solid",
                "thickness": 3
            },
            "geometry": {
                "type": "LineString",
                "coordinates": [
                    [
                        -75.67001083333334,
                        39.835052222222224
                    ],
                    [
                        -75.6907025,
                        39.82161611111111
                    ]
                ]
            }
        },
        {
            "type": "Feature",
            "properties": {
                "style": "solid",
                "thickness": 3
            },
            "geometry": {
                "type": "LineString",
                "coordinates": [
                    [
                        -75.65002694444445,
                        39.84912277777778
                    ],
                    [
                        -75.67001083333334,
                        39.835052222222224
                    ]
                ]
            }
        },
        {
            "type": "Feature",
            "properties": {
                "style": "solid",
                "thickness": 3
            },
            "geometry": {
                "type": "LineString",
                "coordinates": [
                    [
                        -75.77911944444445,
                        40.28250527777778
                    ],
                    [
                        -75.89021194444445,
                        40.22641388888889
                    ]
                ]
            }
        },
        {
            "type": "Feature",
            "properties": {
                "style": "solid",
                "thickness": 3
            },
            "geometry": {
                "type": "LineString",
                "coordinates": [
                    [
                        -75.57342555555554,
                        40.37730194444445
                    ],
                    [
                        -75.54377472222222,
                        40.353675
                    ]
                ]
            }
        },
        {
            "type": "Feature",
            "properties": {
                "style": "solid",
                "thickness": 3
            },
            "geometry": {
                "type": "LineString",
                "coordinates": [
                    [
                        -75.47770416666667,
                        40.30082944444444
                    ],
                    [
                        -75.45255,
                        40.28073916666666
                    ]
                ]
            }
        },
        {
            "type": "Feature",
            "properties": {
                "style": "solid",
                "thickness": 3
            },
            "geometry": {
                "type": "LineString",
                "coordinates": [
                    [
                        -75.38040388888888,
                        40.222904722222225
                    ],
                    [
                        -75.36080277777778,
                        40.2071825
                    ],
                    [
                        -75.33454583333332,
                        40.20829916666667
                    ]
                ]
            }
        },
        {
            "type": "Feature",
            "properties": {
                "style": "solid",
                "thickness": 3
            },
            "geometry": {
                "type": "LineString",
                "coordinates": [
                    [
                        -75.15143583333334,
                        40.21622277777778
                    ],
                    [
                        -75.11967916666666,
                        40.21755944444445
                    ]
                ]
            }
        },
        {
            "type": "Feature",
            "properties": {
                "style": "solid",
                "thickness": 3
            },
            "geometry": {
                "type": "LineString",
                "coordinates": [
                    [
                        -75.26651194444445,
                        40.02016416666667
                    ],
                    [
                        -75.2819925,
                        40.05072916666666
                    ]
                ]
            }
        },
        {
            "type": "Feature",
            "properties": {
                "style": "solid",
                "thickness": 3
            },
            "geometry": {
                "type": "LineString",
                "coordinates": [
                    [
                        -75.91984388888889,
                        40.02894055555556
                    ],
                    [
                        -75.89887583333334,
                        40.027226388888884
                    ]
                ]
            }
        },
        {
            "type": "Feature",
            "properties": {
                "style": "solid",
                "thickness": 3
            },
            "geometry": {
                "type": "LineString",
                "coordinates": [
                    [
                        -75.87862333333332,
                        40.02559611111111
                    ],
                    [
                        -75.85646555555554,
                        40.02378916666667
                    ]
                ]
            }
        },
        {
            "type": "Feature",
            "properties": {
                "style": "solid",
                "thickness": 3
            },
            "geometry": {
                "type": "LineString",
                "coordinates": [
                    [
                        -75.83573916666666,
                        40.022153333333335
                    ],
                    [
                        -75.81286944444444,
                        40.020341944444446
                    ]
                ]
            }
        },
        {
            "type": "Feature",
            "properties": {
                "style": "solid",
                "thickness": 3
            },
            "geometry": {
                "type": "LineString",
                "coordinates": [
                    [
                        -75.79178722222223,
                        40.018608888888885
                    ],
                    [
                        -75.76951472222223,
                        40.01678555555556
                    ]
                ]
            }
        },
        {
            "type": "Feature",
            "properties": {
                "style": "solid",
                "thickness": 3
            },
            "geometry": {
                "type": "LineString",
                "coordinates": [
                    [
                        -76.21138083333334,
                        39.82027277777778
                    ],
                    [
                        -76.04028972222223,
                        39.593649722222224
                    ]
                ]
            }
        },
        {
            "type": "Feature",
            "properties": {
                "style": "solid",
                "thickness": 3
            },
            "geometry": {
                "type": "LineString",
                "coordinates": [
                    [
                        -75.85872666666666,
                        39.348528333333334
                    ],
                    [
                        -75.87004305555556,
                        39.33501555555556
                    ]
                ]
            }
        },
        {
            "type": "Feature",
            "properties": {
                "style": "solid",
                "thickness": 3
            },
            "geometry": {
                "type": "LineString",
                "coordinates": [
                    [
                        -75.09749166666666,
                        40.211215
                    ],
                    [
                        -75.09638833333332,
                        40.222836111111114
                    ]
                ]
            }
        },
        {
            "type": "Feature",
            "properties": {
                "style": "solid",
                "thickness": 3
            },
            "geometry": {
                "type": "LineString",
                "coordinates": [
                    [
                        -75.06703,
                        40.09677416666667
                    ],
                    [
                        -75.07769944444443,
                        40.1167425
                    ]
                ]
            }
        },
        {
            "type": "Feature",
            "properties": {
                "style": "solid",
                "thickness": 3
            },
            "geometry": {
                "type": "LineString",
                "coordinates": [
                    [
                        -74.83661444444444,
                        39.671681388888885
                    ],
                    [
                        -74.85439166666666,
                        39.66955027777777
                    ]
                ]
            }
        },
        {
            "type": "Feature",
            "properties": {
                "style": "solid",
                "thickness": 3
            },
            "geometry": {
                "type": "LineString",
                "coordinates": [
                    [
                        -74.953095,
                        39.65759638888889
                    ],
                    [
                        -74.97441888888889,
                        39.65499888888889
                    ]
                ]
            }
        },
        {
            "type": "Feature",
            "properties": {
                "style": "solid",
                "thickness": 3
            },
            "geometry": {
                "type": "LineString",
                "coordinates": [
                    [
                        -74.79693305555556,
                        40.01994416666667
                    ],
                    [
                        -74.78920833333333,
                        40.035287499999995
                    ]
                ]
            }
        },
        {
            "type": "Feature",
            "properties": {
                "style": "solid",
                "thickness": 3
            },
            "geometry": {
                "type": "LineString",
                "coordinates": [
                    [
                        -75.7489125,
                        40.01522611111111
                    ],
                    [
                        -75.7333113888889,
                        40.013917222222226
                    ],
                    [
                        -75.73516972222222,
                        40.02461722222222
                    ]
                ]
            }
        },
        {
            "type": "Feature",
            "properties": {
                "style": "solid",
                "thickness": 3
            },
            "geometry": {
                "type": "LineString",
                "coordinates": [
                    [
                        -75.73703527777778,
                        40.03623222222222
                    ],
                    [
                        -75.74013472222222,
                        40.054065277777774
                    ]
                ]
            }
        },
        {
            "type": "Feature",
            "properties": {
                "style": "solid",
                "thickness": 3
            },
            "geometry": {
                "type": "LineString",
                "coordinates": [
                    [
                        -75.74820972222223,
                        40.101529722222224
                    ],
                    [
                        -75.75107111111112,
                        40.118631111111114
                    ]
                ]
            }
        },
        {
            "type": "Feature",
            "properties": {
                "style": "solid",
                "thickness": 3
            },
            "geometry": {
                "type": "LineString",
                "coordinates": [
                    [
                        -75.75977805555556,
                        40.168928611111106
                    ],
                    [
                        -75.76264361111112,
                        40.18566305555555
                    ]
                ]
            }
        },
        {
            "type": "Feature",
            "properties": {
                "style": "solid",
                "thickness": 3
            },
            "geometry": {
                "type": "LineString",
                "coordinates": [
                    [
                        -75.14125333333334,
                        40.04077833333333
                    ],
                    [
                        -75.13272972222221,
                        40.01551055555556
                    ],
                    [
                        -75.11296333333333,
                        40.019329722222224
                    ]
                ]
            }
        },
        {
            "type": "Feature",
            "properties": {
                "style": "solid",
                "thickness": 3
            },
            "geometry": {
                "type": "LineString",
                "coordinates": [
                    [
                        -75.00111111111111,
                        40.040724999999995
                    ],
                    [
                        -74.97227333333333,
                        40.04623861111111
                    ]
                ]
            }
        },
        {
            "type": "Feature",
            "properties": {
                "style": "solid",
                "thickness": 3
            },
            "geometry": {
                "type": "LineString",
                "coordinates": [
                    [
                        -74.89717722222223,
                        40.06057416666666
                    ],
                    [
                        -74.86808388888888,
                        40.06606027777777
                    ]
                ]
            }
        },
        {
            "type": "Feature",
            "properties": {
                "style": "solid",
                "thickness": 3
            },
            "geometry": {
                "type": "LineString",
                "coordinates": [
                    [
                        -74.79831277777778,
                        40.079344722222224
                    ],
                    [
                        -74.76383416666667,
                        40.085881111111114
                    ],
                    [
                        -74.7605538888889,
                        40.06216388888889
                    ]
                ]
            }
        },
        {
            "type": "Feature",
            "properties": {
                "style": "solid",
                "thickness": 3
            },
            "geometry": {
                "type": "LineString",
                "coordinates": [
                    [
                        -74.75831694444445,
                        40.13893611111111
                    ],
                    [
                        -74.75594555555556,
                        40.15311083333333
                    ]
                ]
            }
        },
        {
            "type": "Feature",
            "properties": {
                "style": "solid",
                "thickness": 3
            },
            "geometry": {
                "type": "LineString",
                "coordinates": [
                    [
                        -74.81811166666667,
                        40.14860916666667
                    ],
                    [
                        -74.84724694444444,
                        40.12318444444445
                    ]
                ]
            }
        },
        {
            "type": "Feature",
            "properties": {
                "style": "solid",
                "thickness": 3
            },
            "geometry": {
                "type": "LineString",
                "coordinates": [
                    [
                        -76.21138083333334,
                        39.82027277777778
                    ],
                    [
                        -76.06247944444443,
                        40.04031305555555
                    ],
                    [
                        -75.9409325,
                        40.030650277777774
                    ]
                ]
            }
        },
        {
            "type": "Feature",
            "properties": {
                "style": "solid",
                "thickness": 3
            },
            "geometry": {
                "type": "LineString",
                "coordinates": [
                    [
                        -74.97998333333334,
                        40.223979722222225
                    ],
                    [
                        -74.96055694444445,
                        40.2165175
                    ]
                ]
            }
        },
        {
            "type": "Feature",
            "properties": {
                "style": "solid",
                "thickness": 3
            },
            "geometry": {
                "type": "LineString",
                "coordinates": [
                    [
                        -75.13853361111111,
                        40.28502694444444
                    ],
                    [
                        -75.09973472222222,
                        40.270152777777774
                    ]
                ]
            }
        },
        {
            "type": "Feature",
            "properties": {
                "style": "solid",
                "thickness": 3
            },
            "geometry": {
                "type": "LineString",
                "coordinates": [
                    [
                        -75.27727277777778,
                        40.33817305555556
                    ],
                    [
                        -75.23829444444445,
                        40.32325361111111
                    ]
                ]
            }
        },
        {
            "type": "Feature",
            "properties": {
                "style": "solid",
                "thickness": 3
            },
            "geometry": {
                "type": "LineString",
                "coordinates": [
                    [
                        -75.62470277777777,
                        39.52366277777778
                    ],
                    [
                        -75.59516944444444,
                        39.52585638888889
                    ]
                ]
            }
        },
        {
            "type": "Feature",
            "properties": {
                "style": "solid",
                "thickness": 3
            },
            "geometry": {
                "type": "LineString",
                "coordinates": [
                    [
                        -75.50360305555556,
                        39.5324875
                    ],
                    [
                        -75.473825,
                        39.53464944444444
                    ]
                ]
            }
        },
        {
            "type": "Feature",
            "properties": {
                "style": "solid",
                "thickness": 3
            },
            "geometry": {
                "type": "LineString",
                "coordinates": [
                    [
                        -75.62470277777777,
                        39.52366277777778
                    ],
                    [
                        -75.64849333333333,
                        39.509034722222225
                    ]
                ]
            }
        },
        {
            "type": "Feature",
            "properties": {
                "style": "solid",
                "thickness": 3
            },
            "geometry": {
                "type": "LineString",
                "coordinates": [
                    [
                        -75.70463333333333,
                        39.474604722222224
                    ],
                    [
                        -75.72321611111111,
                        39.46318388888889
                    ]
                ]
            }
        },
        {
            "type": "Feature",
            "properties": {
                "style": "solid",
                "thickness": 3
            },
            "geometry": {
                "type": "LineString",
                "coordinates": [
                    [
                        -75.78621194444445,
                        39.42438527777777
                    ],
                    [
                        -75.80418083333333,
                        39.41332055555555
                    ]
                ]
            }
        },
        {
            "type": "Feature",
            "properties": {
                "style": "solid",
                "thickness": 3
            },
            "geometry": {
                "type": "LineString",
                "coordinates": [
                    [
                        -76.01328388888889,
                        39.55776722222222
                    ],
                    [
                        -75.97219416666667,
                        39.563334999999995
                    ],
                    [
                        -75.95188361111111,
                        39.566111388888885
                    ]
                ]
            }
        },
        {
            "type": "Feature",
            "properties": {
                "style": "solid",
                "thickness": 3
            },
            "geometry": {
                "type": "LineString",
                "coordinates": [
                    [
                        -75.05500444444444,
                        39.63119666666667
                    ],
                    [
                        -75.05761249999999,
                        39.629736944444446
                    ],
                    [
                        -75.06306666666666,
                        39.62654305555556
                    ],
                    [
                        -75.06781027777778,
                        39.62334861111111
                    ],
                    [
                        -75.07314666666666,
                        39.61951388888889
                    ],
                    [
                        -75.07836499999999,
                        39.61522027777778
                    ],
                    [
                        -75.08216055555555,
                        39.61174916666667
                    ],
                    [
                        -75.08974972222222,
                        39.605537222222225
                    ]
                ]
            }
        },
        {
            "type": "Feature",
            "properties": {
                "style": "solid",
                "thickness": 3
            },
            "geometry": {
                "type": "LineString",
                "coordinates": [
                    [
                        -74.97620166666667,
                        39.65335583333333
                    ],
                    [
                        -74.99124361111112,
                        39.65202027777778
                    ],
                    [
                        -74.99835194444445,
                        39.65093833333333
                    ],
                    [
                        -75.0053413888889,
                        39.64967361111111
                    ],
                    [
                        -75.01280694444445,
                        39.64795138888889
                    ],
                    [
                        -75.01304361111112,
                        39.647860277777774
                    ]
                ]
            }
        },
        {
            "type": "Feature",
            "properties": {
                "style": "solid",
                "thickness": 3
            },
            "geometry": {
                "type": "LineString",
                "coordinates": [
                    [
                        -74.86027777777777,
                        39.57512055555556
                    ],
                    [
                        -74.86155527777777,
                        39.57915194444445
                    ],
                    [
                        -74.86365305555555,
                        39.5844675
                    ]
                ]
            }
        },
        {
            "type": "Feature",
            "properties": {
                "style": "solid",
                "thickness": 3
            },
            "geometry": {
                "type": "LineString",
                "coordinates": [
                    [
                        -74.96724888888889,
                        39.397804444444446
                    ],
                    [
                        -74.95183861111111,
                        39.41432888888889
                    ]
                ]
            }
        },
        {
            "type": "Feature",
            "properties": {
                "style": "solid",
                "thickness": 3
            },
            "geometry": {
                "type": "LineString",
                "coordinates": [
                    [
                        -74.98098583333334,
                        39.384843333333336
                    ],
                    [
                        -74.97530361111112,
                        39.38986277777778
                    ],
                    [
                        -74.96724888888889,
                        39.397804444444446
                    ]
                ]
            }
        },
        {
            "type": "Feature",
            "properties": {
                "style": "solid",
                "thickness": 3
            },
            "geometry": {
                "type": "LineString",
                "coordinates": [
                    [
                        -75.05246194444445,
                        39.34509527777778
                    ],
                    [
                        -75.0450275,
                        39.34773555555556
                    ],
                    [
                        -75.03534888888889,
                        39.35156027777778
                    ],
                    [
                        -75.02554972222222,
                        39.35593277777778
                    ],
                    [
                        -75.01787138888889,
                        39.360126944444445
                    ],
                    [
                        -75.0137375,
                        39.36222277777778
                    ]
                ]
            }
        },
        {
            "type": "Feature",
            "properties": {
                "style": "solid",
                "thickness": 3
            },
            "geometry": {
                "type": "LineString",
                "coordinates": [
                    [
                        -75.13935666666667,
                        39.33186277777778
                    ],
                    [
                        -75.13087138888888,
                        39.331944444444446
                    ],
                    [
                        -75.12191416666666,
                        39.332299722222224
                    ],
                    [
                        -75.11330972222221,
                        39.332837222222224
                    ],
                    [
                        -75.10305472222221,
                        39.33383027777778
                    ],
                    [
                        -75.09492,
                        39.3350075
                    ]
                ]
            }
        },
        {
            "type": "Feature",
            "properties": {
                "style": "solid",
                "thickness": 3
            },
            "geometry": {
                "type": "LineString",
                "coordinates": [
                    [
                        -75.22112472222223,
                        39.35928916666667
                    ],
                    [
                        -75.21853416666667,
                        39.35416277777778
                    ],
                    [
                        -75.21511972222223,
                        39.34876166666667
                    ],
                    [
                        -75.21123416666667,
                        39.34345166666667
                    ],
                    [
                        -75.20475361111112,
                        39.341434722222225
                    ],
                    [
                        -75.1961513888889,
                        39.33914166666667
                    ],
                    [
                        -75.18731416666667,
                        39.33739666666667
                    ]
                ]
            }
        },
        {
            "type": "Feature",
            "properties": {
                "style": "solid",
                "thickness": 3
            },
            "geometry": {
                "type": "LineString",
                "coordinates": [
                    [
                        -75.23512166666667,
                        39.43003944444444
                    ],
                    [
                        -75.2354775,
                        39.42665361111111
                    ],
                    [
                        -75.23583444444445,
                        39.41859972222222
                    ],
                    [
                        -75.2358375,
                        39.41274277777778
                    ],
                    [
                        -75.23513194444445,
                        39.40761666666666
                    ],
                    [
                        -75.23478055555556,
                        39.402766388888885
                    ],
                    [
                        -75.23383972222223,
                        39.39645138888889
                    ],
                    [
                        -75.23372166666667,
                        39.39590194444445
                    ]
                ]
            }
        },
        {
            "type": "Feature",
            "properties": {
                "style": "solid",
                "thickness": 3
            },
            "geometry": {
                "type": "LineString",
                "coordinates": [
                    [
                        -75.2085113888889,
                        39.49793805555556
                    ],
                    [
                        -75.21028472222223,
                        39.495559722222225
                    ],
                    [
                        -75.21335944444445,
                        39.49089361111111
                    ],
                    [
                        -75.21667083333334,
                        39.486044444444445
                    ],
                    [
                        -75.21950916666667,
                        39.480828611111114
                    ],
                    [
                        -75.22211055555556,
                        39.47597916666667
                    ],
                    [
                        -75.22530361111112,
                        39.46856694444445
                    ],
                    [
                        -75.22707694444445,
                        39.46435805555556
                    ]
                ]
            }
        },
        {
            "type": "Feature",
            "properties": {
                "style": "solid",
                "thickness": 3
            },
            "geometry": {
                "type": "LineString",
                "coordinates": [
                    [
                        -75.15882083333334,
                        39.54613444444444
                    ],
                    [
                        -75.18225194444445,
                        39.526018888888885
                    ]
                ]
            }
        },
        {
            "type": "Feature",
            "properties": {
                "style": "solid",
                "thickness": 3
            },
            "geometry": {
                "type": "LineString",
                "coordinates": [
                    [
                        -75.15148083333334,
                        39.55253333333333
                    ],
                    [
                        -75.15882083333334,
                        39.54613444444444
                    ]
                ]
            }
        },
        {
            "type": "Feature",
            "properties": {
                "style": "solid",
                "thickness": 3
            },
            "geometry": {
                "type": "LineString",
                "coordinates": [
                    [
                        -75.89861888888889,
                        39.573372222222226
                    ],
                    [
                        -75.87735527777777,
                        39.57604972222222
                    ]
                ]
            }
        },
        {
            "type": "Feature",
            "properties": {
                "style": "solid",
                "thickness": 3
            },
            "geometry": {
                "type": "LineString",
                "coordinates": [
                    [
                        -75.51018083333334,
                        39.621432222222225
                    ],
                    [
                        -75.4888875,
                        39.62403805555556
                    ]
                ]
            }
        },
        {
            "type": "Feature",
            "properties": {
                "style": "solid",
                "thickness": 3
            },
            "geometry": {
                "type": "LineString",
                "coordinates": [
                    [
                        -75.76569361111112,
                        39.58994972222222
                    ],
                    [
                        -75.74441944444445,
                        39.592602222222226
                    ]
                ]
            }
        },
        {
            "type": "Feature",
            "properties": {
                "style": "solid",
                "thickness": 3
            },
            "geometry": {
                "type": "LineString",
                "coordinates": [
                    [
                        -75.64322777777778,
                        39.60515027777778
                    ],
                    [
                        -75.62194472222221,
                        39.607779722222226
                    ]
                ]
            }
        },
        {
            "type": "Feature",
            "properties": {
                "style": "solid",
                "thickness": 3
            },
            "geometry": {
                "type": "LineString",
                "coordinates": [
                    [
                        -75.76900944444445,
                        39.622974722222224
                    ],
                    [
                        -75.79205444444445,
                        39.61866194444445
                    ]
                ]
            }
        },
        {
            "type": "Feature",
            "properties": {
                "style": "solid",
                "thickness": 3
            },
            "geometry": {
                "type": "LineString",
                "coordinates": [
                    [
                        -75.74349027777778,
                        39.85170388888889
                    ],
                    [
                        -75.76649166666667,
                        39.847030000000004
                    ]
                ]
            }
        },
        {
            "type": "Feature",
            "properties": {
                "style": "solid",
                "thickness": 3
            },
            "geometry": {
                "type": "LineString",
                "coordinates": [
                    [
                        -75.76725722222223,
                        40.212915
                    ],
                    [
                        -75.77911944444445,
                        40.28250527777778
                    ],
                    [
                        -75.39337805555556,
                        40.459719722222225
                    ]
                ]
            }
        },
        {
            "type": "Feature",
            "properties": {
                "style": "solid",
                "thickness": 3
            },
            "geometry": {
                "type": "LineString",
                "coordinates": [
                    [
                        -75.2845763888889,
                        40.37102388888889
                    ],
                    [
                        -75.27727277777778,
                        40.33817305555556
                    ]
                ]
            }
        },
        {
            "type": "Feature",
            "properties": {
                "style": "solid",
                "thickness": 3
            },
            "geometry": {
                "type": "LineString",
                "coordinates": [
                    [
                        -75.81279166666667,
                        39.42792361111111
                    ],
                    [
                        -75.80418083333333,
                        39.41332055555555
                    ],
                    [
                        -75.81540194444445,
                        39.39999611111111
                    ]
                ]
            }
        },
        {
            "type": "Feature",
            "properties": {
                "style": "solid",
                "thickness": 3
            },
            "geometry": {
                "type": "LineString",
                "coordinates": [
                    [
                        -75.91987944444445,
                        39.57050805555556
                    ],
                    [
                        -75.89861888888889,
                        39.573372222222226
                    ],
                    [
                        -75.88829055555556,
                        39.55585611111111
                    ]
                ]
            }
        },
        {
            "type": "Feature",
            "properties": {
                "style": "solid",
                "thickness": 3
            },
            "geometry": {
                "type": "LineString",
                "coordinates": [
                    [
                        -74.97441888888889,
                        39.65499888888889
                    ],
                    [
                        -74.93974055555556,
                        39.652251388888885
                    ]
                ]
            }
        },
        {
            "type": "Feature",
            "properties": {
                "style": "solid",
                "thickness": 3
            },
            "geometry": {
                "type": "LineString",
                "coordinates": [
                    [
                        -74.91301416666667,
                        39.6461325
                    ],
                    [
                        -74.88827527777778,
                        39.62390527777778
                    ]
                ]
            }
        },
        {
            "type": "Feature",
            "properties": {
                "style": "solid",
                "thickness": 3
            },
            "geometry": {
                "type": "LineString",
                "coordinates": [
                    [
                        -74.87558055555554,
                        39.608670000000004
                    ],
                    [
                        -74.86365305555555,
                        39.5844675
                    ]
                ]
            }
        },
        {
            "type": "Feature",
            "properties": {
                "style": "solid",
                "thickness": 3
            },
            "geometry": {
                "type": "LineString",
                "coordinates": [
                    [
                        -75.09884388888888,
                        40.19501944444444
                    ],
                    [
                        -75.09994722222221,
                        40.18330722222222
                    ],
                    [
                        -75.09191694444443,
                        40.15062472222222
                    ]
                ]
            }
        },
        {
            "type": "Feature",
            "properties": {
                "style": "solid",
                "thickness": 3
            },
            "geometry": {
                "type": "LineString",
                "coordinates": [
                    [
                        -75.05254111111111,
                        40.08109916666667
                    ],
                    [
                        -75.04921277777778,
                        40.07862138888889
                    ],
                    [
                        -75.03087805555556,
                        40.07529111111111
                    ]
                ]
            }
        },
        {
            "type": "Feature",
            "properties": {
                "style": "solid",
                "thickness": 3
            },
            "geometry": {
                "type": "LineString",
                "coordinates": [
                    [
                        -74.99385611111111,
                        40.06862111111111
                    ],
                    [
                        -74.98338194444445,
                        40.066674444444445
                    ],
                    [
                        -74.97098333333334,
                        40.069114444444445
                    ]
                ]
            }
        },
        {
            "type": "Feature",
            "properties": {
                "style": "solid",
                "thickness": 3
            },
            "geometry": {
                "type": "LineString",
                "coordinates": [
                    [
                        -74.92949138888889,
                        40.07714611111111
                    ],
                    [
                        -74.89717277777778,
                        40.08336194444445
                    ],
                    [
                        -74.88580861111112,
                        40.09165361111111
                    ]
                ]
            }
        },
        {
            "type": "Feature",
            "properties": {
                "style": "solid",
                "thickness": 3
            },
            "geometry": {
                "type": "LineString",
                "coordinates": [
                    [
                        -74.76383416666667,
                        40.085881111111114
                    ],
                    [
                        -74.77495583333334,
                        40.06359805555555
                    ]
                ]
            }
        },
        {
            "type": "Feature",
            "properties": {
                "style": "solid",
                "thickness": 3
            },
            "geometry": {
                "type": "LineString",
                "coordinates": [
                    [
                        -75.02673194444445,
                        40.2725875
                    ],
                    [
                        -75.03670694444445,
                        40.25503666666667
                    ],
                    [
                        -75.05753777777778,
                        40.23942805555556
                    ]
                ]
            }
        },
        {
            "type": "Feature",
            "properties": {
                "style": "solid",
                "thickness": 3
            },
            "geometry": {
                "type": "LineString",
                "coordinates": [
                    [
                        -75.09638833333332,
                        40.222836111111114
                    ],
                    [
                        -75.11967916666666,
                        40.21755944444445
                    ]
                ]
            }
        },
        {
            "type": "Feature",
            "properties": {
                "style": "solid",
                "thickness": 3
            },
            "geometry": {
                "type": "LineString",
                "coordinates": [
                    [
                        -74.86365305555555,
                        39.5844675
                    ],
                    [
                        -74.83661444444444,
                        39.671681388888885
                    ]
                ]
            }
        },
        {
            "type": "Feature",
            "properties": {
                "style": "solid",
                "thickness": 3
            },
            "geometry": {
                "type": "LineString",
                "coordinates": [
                    [
                        -75.18096694444445,
                        39.703935
                    ],
                    [
                        -75.15964777777778,
                        39.69888361111111
                    ]
                ]
            }
        },
        {
            "type": "Feature",
            "properties": {
                "style": "solid",
                "thickness": 3
            },
            "geometry": {
                "type": "LineString",
                "coordinates": [
                    [
                        -75.18829611111111,
                        39.71876666666667
                    ],
                    [
                        -75.18096694444445,
                        39.703935
                    ]
                ]
            }
        },
        {
            "type": "Feature",
            "properties": {
                "style": "solid",
                "thickness": 3
            },
            "geometry": {
                "type": "LineString",
                "coordinates": [
                    [
                        -75.24467055555556,
                        39.83273305555556
                    ],
                    [
                        -75.23660555555556,
                        39.816532499999994
                    ]
                ]
            }
        },
        {
            "type": "Feature",
            "properties": {
                "style": "solid",
                "thickness": 3
            },
            "geometry": {
                "type": "LineString",
                "coordinates": [
                    [
                        -75.23364111111111,
                        39.810491388888885
                    ],
                    [
                        -75.22522611111111,
                        39.79355694444444
                    ]
                ]
            }
        },
        {
            "type": "Feature",
            "properties": {
                "style": "solid",
                "thickness": 3
            },
            "geometry": {
                "type": "LineString",
                "coordinates": [
                    [
                        -75.20201722222222,
                        39.74650555555556
                    ],
                    [
                        -75.19385416666667,
                        39.72993555555556
                    ]
                ]
            }
        },
        {
            "type": "Feature",
            "properties": {
                "style": "solid",
                "thickness": 3
            },
            "geometry": {
                "type": "LineString",
                "coordinates": [
                    [
                        -75.17119555555556,
                        39.82949277777778
                    ],
                    [
                        -75.16279361111111,
                        39.812553888888885
                    ]
                ]
            }
        },
        {
            "type": "Feature",
            "properties": {
                "style": "solid",
                "thickness": 3
            },
            "geometry": {
                "type": "LineString",
                "coordinates": [
                    [
                        -75.14032861111112,
                        39.76722972222222
                    ],
                    [
                        -75.13265055555554,
                        39.75175388888889
                    ],
                    [
                        -75.11179194444443,
                        39.7477925
                    ]
                ]
            }
        },
        {
            "type": "Feature",
            "properties": {
                "style": "solid",
                "thickness": 3
            },
            "geometry": {
                "type": "LineString",
                "coordinates": [
                    [
                        -74.93198305555556,
                        39.71373166666667
                    ],
                    [
                        -74.91114722222223,
                        39.70973388888889
                    ]
                ]
            }
        },
        {
            "type": "Feature",
            "properties": {
                "style": "solid",
                "thickness": 3
            },
            "geometry": {
                "type": "LineString",
                "coordinates": [
                    [
                        -74.97441888888889,
                        39.65499888888889
                    ],
                    [
                        -74.96003666666667,
                        39.66749972222222
                    ]
                ]
            }
        },
        {
            "type": "Feature",
            "properties": {
                "style": "solid",
                "thickness": 3
            },
            "geometry": {
                "type": "LineString",
                "coordinates": [
                    [
                        -74.92554638888889,
                        39.69733027777777
                    ],
                    [
                        -74.91114722222223,
                        39.70973388888889
                    ],
                    [
                        -74.88969055555556,
                        39.71131333333334
                    ]
                ]
            }
        },
        {
            "type": "Feature",
            "properties": {
                "style": "solid",
                "thickness": 3
            },
            "geometry": {
                "type": "LineString",
                "coordinates": [
                    [
                        -74.84013499999999,
                        39.71507555555556
                    ],
                    [
                        -74.82246972222222,
                        39.71638222222222
                    ]
                ]
            }
        },
        {
            "type": "Feature",
            "properties": {
                "style": "solid",
                "thickness": 3
            },
            "geometry": {
                "type": "LineString",
                "coordinates": [
                    [
                        -74.83661444444444,
                        39.671681388888885
                    ],
                    [
                        -74.86826027777776,
                        39.68781166666666
                    ]
                ]
            }
        },
        {
            "type": "Feature",
            "properties": {
                "style": "solid",
                "thickness": 3
            },
            "geometry": {
                "type": "LineString",
                "coordinates": [
                    [
                        -74.8930675,
                        39.70052444444445
                    ],
                    [
                        -74.91114722222223,
                        39.70973388888889
                    ]
                ]
            }
        },
        {
            "type": "Feature",
            "properties": {
                "style": "solid",
                "thickness": 3
            },
            "geometry": {
                "type": "LineString",
                "coordinates": [
                    [
                        -74.69111833333334,
                        39.76421666666667
                    ],
                    [
                        -74.62222472222221,
                        39.80137666666666
                    ],
                    [
                        -74.62639638888888,
                        39.83755138888889
                    ],
                    [
                        -74.64861,
                        39.862474444444445
                    ],
                    [
                        -74.5666886111111,
                        39.94172222222222
                    ],
                    [
                        -74.5916861111111,
                        39.97500138888889
                    ]
                ]
            }
        },
        {
            "type": "Feature",
            "properties": {
                "style": "solid",
                "thickness": 3
            },
            "geometry": {
                "type": "LineString",
                "coordinates": [
                    [
                        -74.74336194444444,
                        39.94283861111111
                    ],
                    [
                        -74.73675777777778,
                        39.92047833333333
                    ]
                ]
            }
        },
        {
            "type": "Feature",
            "properties": {
                "style": "solid",
                "thickness": 3
            },
            "geometry": {
                "type": "LineString",
                "coordinates": [
                    [
                        -74.731435,
                        39.90187472222222
                    ],
                    [
                        -74.72483833333334,
                        39.879513333333335
                    ]
                ]
            }
        },
        {
            "type": "Feature",
            "properties": {
                "style": "solid",
                "thickness": 3
            },
            "geometry": {
                "type": "LineString",
                "coordinates": [
                    [
                        -74.71836361111112,
                        39.85724333333334
                    ],
                    [
                        -74.71177583333333,
                        39.83488083333334
                    ]
                ]
            }
        },
        {
            "type": "Feature",
            "properties": {
                "style": "solid",
                "thickness": 3
            },
            "geometry": {
                "type": "LineString",
                "coordinates": [
                    [
                        -74.70531055555556,
                        39.81251833333333
                    ],
                    [
                        -74.69873111111112,
                        39.79015527777778
                    ]
                ]
            }
        },
        {
            "type": "Feature",
            "properties": {
                "style": "solid",
                "thickness": 3
            },
            "geometry": {
                "type": "LineString",
                "coordinates": [
                    [
                        -74.69400083333333,
                        39.774115277777774
                    ],
                    [
                        -74.69111833333334,
                        39.76421666666667
                    ]
                ]
            }
        },
        {
            "type": "Feature",
            "properties": {
                "style": "solid",
                "thickness": 3
            },
            "geometry": {
                "type": "LineString",
                "coordinates": [
                    [
                        -74.82081166666666,
                        39.97226555555556
                    ],
                    [
                        -74.81381999999999,
                        39.9863325
                    ]
                ]
            }
        },
        {
            "type": "Feature",
            "properties": {
                "style": "solid",
                "thickness": 3
            },
            "geometry": {
                "type": "LineString",
                "coordinates": [
                    [
                        -74.80417055555556,
                        39.899992222222224
                    ],
                    [
                        -74.78828777777778,
                        39.91127611111111
                    ]
                ]
            }
        },
        {
            "type": "Feature",
            "properties": {
                "style": "solid",
                "thickness": 3
            },
            "geometry": {
                "type": "LineString",
                "coordinates": [
                    [
                        -74.75937722222223,
                        39.93165333333333
                    ],
                    [
                        -74.74336194444444,
                        39.94283861111111
                    ]
                ]
            }
        },
        {
            "type": "Feature",
            "properties": {
                "style": "solid",
                "thickness": 3
            },
            "geometry": {
                "type": "LineString",
                "coordinates": [
                    [
                        -74.74505888888889,
                        39.95428666666667
                    ],
                    [
                        -74.74336194444444,
                        39.94283861111111
                    ]
                ]
            }
        },
        {
            "type": "Feature",
            "properties": {
                "style": "solid",
                "thickness": 3
            },
            "geometry": {
                "type": "LineString",
                "coordinates": [
                    [
                        -74.69953194444444,
                        40.05263833333333
                    ],
                    [
                        -74.71222583333333,
                        40.05864805555555
                    ]
                ]
            }
        },
        {
            "type": "Feature",
            "properties": {
                "style": "solid",
                "thickness": 3
            },
            "geometry": {
                "type": "LineString",
                "coordinates": [
                    [
                        -74.96055694444445,
                        40.2165175
                    ],
                    [
                        -74.93883555555556,
                        40.215543333333336
                    ]
                ]
            }
        },
        {
            "type": "Feature",
            "properties": {
                "style": "solid",
                "thickness": 3
            },
            "geometry": {
                "type": "LineString",
                "coordinates": [
                    [
                        -74.78883,
                        40.208892222222225
                    ],
                    [
                        -74.74718777777778,
                        40.20697416666667
                    ]
                ]
            }
        },
        {
            "type": "Feature",
            "properties": {
                "style": "solid",
                "thickness": 3
            },
            "geometry": {
                "type": "LineString",
                "coordinates": [
                    [
                        -74.74981972222223,
                        40.19042222222222
                    ],
                    [
                        -74.74718777777778,
                        40.20697416666667
                    ]
                ]
            }
        },
        {
            "type": "Feature",
            "properties": {
                "style": "solid",
                "thickness": 3
            },
            "geometry": {
                "type": "LineString",
                "coordinates": [
                    [
                        -74.75831694444445,
                        40.13893611111111
                    ],
                    [
                        -74.75985916666667,
                        40.123934722222224
                    ]
                ]
            }
        },
        {
            "type": "Feature",
            "properties": {
                "style": "solid",
                "thickness": 3
            },
            "geometry": {
                "type": "LineString",
                "coordinates": [
                    [
                        -74.7621675,
                        40.101888611111114
                    ],
                    [
                        -74.76383416666667,
                        40.085881111111114
                    ],
                    [
                        -74.74826277777778,
                        40.06522111111111
                    ]
                ]
            }
        },
        {
            "type": "Feature",
            "properties": {
                "style": "solid",
                "thickness": 3
            },
            "geometry": {
                "type": "LineString",
                "coordinates": [
                    [
                        -74.72256861111111,
                        40.03105861111111
                    ],
                    [
                        -74.71502916666667,
                        40.021138888888885
                    ],
                    [
                        -74.70713305555556,
                        40.01140027777778
                    ]
                ]
            }
        },
        {
            "type": "Feature",
            "properties": {
                "style": "solid",
                "thickness": 3
            },
            "geometry": {
                "type": "LineString",
                "coordinates": [
                    [
                        -75.87004305555556,
                        39.33501555555556
                    ],
                    [
                        -76.01328388888889,
                        39.55776722222222
                    ],
                    [
                        -76.04028972222223,
                        39.593649722222224
                    ],
                    [
                        -76.02044666666667,
                        39.607327222222224
                    ]
                ]
            }
        },
        {
            "type": "Feature",
            "properties": {
                "style": "solid",
                "thickness": 3
            },
            "geometry": {
                "type": "LineString",
                "coordinates": [
                    [
                        -75.96557194444445,
                        39.64501416666667
                    ],
                    [
                        -75.94450944444445,
                        39.658045277777774
                    ]
                ]
            }
        },
        {
            "type": "Feature",
            "properties": {
                "style": "solid",
                "thickness": 3
            },
            "geometry": {
                "type": "LineString",
                "coordinates": [
                    [
                        -75.87421166666665,
                        39.70255111111111
                    ],
                    [
                        -75.89470555555556,
                        39.68917055555555
                    ]
                ]
            }
        },
        {
            "type": "Feature",
            "properties": {
                "style": "solid",
                "thickness": 3
            },
            "geometry": {
                "type": "LineString",
                "coordinates": [
                    [
                        -75.11967916666666,
                        40.21755944444445
                    ],
                    [
                        -75.13342638888889,
                        40.208150833333335
                    ]
                ]
            }
        },
        {
            "type": "Feature",
            "properties": {
                "style": "solid",
                "thickness": 3
            },
            "geometry": {
                "type": "LineString",
                "coordinates": [
                    [
                        -75.15350166666667,
                        40.19426166666666
                    ],
                    [
                        -75.17380722222222,
                        40.180186388888885
                    ]
                ]
            }
        },
        {
            "type": "Feature",
            "properties": {
                "style": "solid",
                "thickness": 3
            },
            "geometry": {
                "type": "LineString",
                "coordinates": [
                    [
                        -75.15362083333333,
                        40.19417055555555
                    ],
                    [
                        -75.16963555555556,
                        40.177346111111106
                    ]
                ]
            }
        },
        {
            "type": "Feature",
            "properties": {
                "style": "solid",
                "thickness": 3
            },
            "geometry": {
                "type": "LineString",
                "coordinates": [
                    [
                        -75.3263761111111,
                        40.01108861111111
                    ],
                    [
                        -75.33885888888888,
                        39.99781138888889
                    ]
                ]
            }
        },
        {
            "type": "Feature",
            "properties": {
                "style": "solid",
                "thickness": 3
            },
            "geometry": {
                "type": "LineString",
                "coordinates": [
                    [
                        -75.20379027777778,
                        40.141130555555556
                    ],
                    [
                        -75.22884583333334,
                        40.114602222222224
                    ]
                ]
            }
        },
        {
            "type": "Feature",
            "properties": {
                "style": "solid",
                "thickness": 3
            },
            "geometry": {
                "type": "LineString",
                "coordinates": [
                    [
                        -75.16334,
                        39.922560555555556
                    ],
                    [
                        -75.15395666666667,
                        39.918524999999995
                    ]
                ]
            }
        },
        {
            "type": "Feature",
            "properties": {
                "style": "solid",
                "thickness": 3
            },
            "geometry": {
                "type": "LineString",
                "coordinates": [
                    [
                        -75.11678972222222,
                        39.90246666666666
                    ],
                    [
                        -75.10800583333332,
                        39.898610833333336
                    ]
                ]
            }
        },
        {
            "type": "Feature",
            "properties": {
                "style": "solid",
                "thickness": 3
            },
            "geometry": {
                "type": "LineString",
                "coordinates": [
                    [
                        -75.33885888888888,
                        39.99781138888889
                    ],
                    [
                        -75.32017083333334,
                        39.98985916666667
                    ]
                ]
            }
        },
        {
            "type": "Feature",
            "properties": {
                "style": "solid",
                "thickness": 3
            },
            "geometry": {
                "type": "LineString",
                "coordinates": [
                    [
                        -75.26889055555556,
                        39.9679075
                    ],
                    [
                        -75.2501,
                        39.959853333333335
                    ]
                ]
            }
        },
        {
            "type": "Feature",
            "properties": {
                "style": "solid",
                "thickness": 3
            },
            "geometry": {
                "type": "LineString",
                "coordinates": [
                    [
                        -75.17272472222223,
                        39.92659527777778
                    ],
                    [
                        -75.16334,
                        39.922560555555556
                    ]
                ]
            }
        },
        {
            "type": "Feature",
            "properties": {
                "style": "solid",
                "thickness": 3
            },
            "geometry": {
                "type": "LineString",
                "coordinates": [
                    [
                        -75.31297666666666,
                        40.08403305555556
                    ],
                    [
                        -75.35321166666667,
                        40.05609777777777
                    ]
                ]
            }
        },
        {
            "type": "Feature",
            "properties": {
                "style": "solid",
                "thickness": 3
            },
            "geometry": {
                "type": "LineString",
                "coordinates": [
                    [
                        -75.47170194444445,
                        39.97376666666667
                    ],
                    [
                        -75.5118075,
                        39.94577583333333
                    ]
                ]
            }
        },
        {
            "type": "Feature",
            "properties": {
                "style": "solid",
                "thickness": 3
            },
            "geometry": {
                "type": "LineString",
                "coordinates": [
                    [
                        -74.74336194444444,
                        39.94283861111111
                    ],
                    [
                        -74.72722361111111,
                        39.95393027777778
                    ]
                ]
            }
        },
        {
            "type": "Feature",
            "properties": {
                "style": "solid",
                "thickness": 3
            },
            "geometry": {
                "type": "LineString",
                "coordinates": [
                    [
                        -74.70665333333334,
                        39.968201111111114
                    ],
                    [
                        -74.6847575,
                        39.98337638888889
                    ]
                ]
            }
        },
        {
            "type": "Feature",
            "properties": {
                "style": "solid",
                "thickness": 3
            },
            "geometry": {
                "type": "LineString",
                "coordinates": [
                    [
                        -74.75704083333333,
                        40.03817027777777
                    ],
                    [
                        -74.75387666666667,
                        40.015460555555556
                    ]
                ]
            }
        },
        {
            "type": "Feature",
            "properties": {
                "style": "solid",
                "thickness": 3
            },
            "geometry": {
                "type": "LineString",
                "coordinates": [
                    [
                        -74.7505963888889,
                        39.99274916666667
                    ],
                    [
                        -74.74732277777778,
                        39.96930583333334
                    ]
                ]
            }
        },
        {
            "type": "Feature",
            "properties": {
                "style": "solid",
                "thickness": 3
            },
            "geometry": {
                "type": "LineString",
                "coordinates": [
                    [
                        -74.69252805555556,
                        39.993116111111114
                    ],
                    [
                        -74.6847575,
                        39.98337638888889
                    ]
                ]
            }
        },
        {
            "type": "Feature",
            "properties": {
                "style": "solid",
                "thickness": 3
            },
            "geometry": {
                "type": "LineString",
                "coordinates": [
                    [
                        -74.81811166666667,
                        40.14860916666667
                    ],
                    [
                        -74.7969075,
                        40.14523055555556
                    ]
                ]
            }
        },
        {
            "type": "Feature",
            "properties": {
                "style": "solid",
                "thickness": 3
            },
            "geometry": {
                "type": "LineString",
                "coordinates": [
                    [
                        -74.77749194444445,
                        40.14203888888889
                    ],
                    [
                        -74.75831694444445,
                        40.13893611111111
                    ]
                ]
            }
        },
        {
            "type": "Feature",
            "properties": {
                "style": "solid",
                "thickness": 3
            },
            "geometry": {
                "type": "LineString",
                "coordinates": [
                    [
                        -75.08706694444444,
                        40.22639111111111
                    ],
                    [
                        -75.09638833333332,
                        40.222836111111114
                    ]
                ]
            }
        },
        {
            "type": "Feature",
            "properties": {
                "style": "solid",
                "thickness": 3
            },
            "geometry": {
                "type": "LineString",
                "coordinates": [
                    [
                        -75.05753777777778,
                        40.23942805555556
                    ],
                    [
                        -75.06889777777778,
                        40.23395722222222
                    ]
                ]
            }
        },
        {
            "type": "Feature",
            "properties": {
                "style": "solid",
                "thickness": 3
            },
            "geometry": {
                "type": "LineString",
                "coordinates": [
                    [
                        -74.95688555555556,
                        40.34169638888889
                    ],
                    [
                        -74.96877,
                        40.33147833333334
                    ]
                ]
            }
        },
        {
            "type": "Feature",
            "properties": {
                "style": "solid",
                "thickness": 3
            },
            "geometry": {
                "type": "LineString",
                "coordinates": [
                    [
                        -74.98904861111112,
                        40.314049999999995
                    ],
                    [
                        -75.01663083333334,
                        40.29031916666666
                    ]
                ]
            }
        },
        {
            "type": "Feature",
            "properties": {
                "style": "solid",
                "thickness": 3
            },
            "geometry": {
                "type": "LineString",
                "coordinates": [
                    [
                        -75.06661472222223,
                        40.48331694444445
                    ],
                    [
                        -75.05408194444445,
                        40.46718972222222
                    ]
                ]
            }
        },
        {
            "type": "Feature",
            "properties": {
                "style": "solid",
                "thickness": 3
            },
            "geometry": {
                "type": "LineString",
                "coordinates": [
                    [
                        -75.03857305555556,
                        40.44730305555555
                    ],
                    [
                        -75.02724527777778,
                        40.43263944444444
                    ]
                ]
            }
        },
        {
            "type": "Feature",
            "properties": {
                "style": "solid",
                "thickness": 3
            },
            "geometry": {
                "type": "LineString",
                "coordinates": [
                    [
                        -74.98698277777778,
                        40.38066416666667
                    ],
                    [
                        -74.97532027777778,
                        40.36553638888889
                    ]
                ]
            }
        },
        {
            "type": "Feature",
            "properties": {
                "style": "solid",
                "thickness": 3
            },
            "geometry": {
                "type": "LineString",
                "coordinates": [
                    [
                        -74.9659225,
                        40.353433611111114
                    ],
                    [
                        -74.95688555555556,
                        40.34169638888889
                    ]
                ]
            }
        },
        {
            "type": "Feature",
            "properties": {
                "style": "solid",
                "thickness": 3
            },
            "geometry": {
                "type": "LineString",
                "coordinates": [
                    [
                        -75.06661472222223,
                        40.48331694444445
                    ],
                    [
                        -74.8764161111111,
                        40.40139305555555
                    ],
                    [
                        -74.79162027777778,
                        40.356970833333335
                    ],
                    [
                        -74.70418388888889,
                        40.34166527777778
                    ]
                ]
            }
        },
        {
            "type": "Feature",
            "properties": {
                "style": "solid",
                "thickness": 3
            },
            "geometry": {
                "type": "LineString",
                "coordinates": [
                    [
                        -75.91590527777778,
                        39.67605694444444
                    ],
                    [
                        -75.89470555555556,
                        39.68917055555555
                    ]
                ]
            }
        },
        {
            "type": "Feature",
            "properties": {
                "style": "solid",
                "thickness": 3
            },
            "geometry": {
                "type": "LineString",
                "coordinates": [
                    [
                        -75.77911944444445,
                        40.28250527777778
                    ],
                    [
                        -75.74603583333334,
                        40.335723333333334
                    ]
                ]
            }
        },
        {
            "type": "Feature",
            "properties": {
                "style": "solid",
                "thickness": 3
            },
            "geometry": {
                "type": "LineString",
                "coordinates": [
                    [
                        -75.89470555555556,
                        39.68917055555555
                    ],
                    [
                        -75.90450916666667,
                        39.67319166666667
                    ]
                ]
            }
        },
        {
            "type": "Feature",
            "properties": {
                "style": "solid",
                "thickness": 3
            },
            "geometry": {
                "type": "LineString",
                "coordinates": [
                    [
                        -75.9285325,
                        39.634250277777774
                    ],
                    [
                        -75.93831944444445,
                        39.61826888888889
                    ]
                ]
            }
        },
        {
            "type": "Feature",
            "properties": {
                "style": "solid",
                "thickness": 3
            },
            "geometry": {
                "type": "LineString",
                "coordinates": [
                    [
                        -75.96242305555556,
                        39.57931972222222
                    ],
                    [
                        -75.97219416666667,
                        39.563334999999995
                    ]
                ]
            }
        },
        {
            "type": "Feature",
            "properties": {
                "style": "solid",
                "thickness": 3
            },
            "geometry": {
                "type": "LineString",
                "coordinates": [
                    [
                        -75.81841361111111,
                        39.703563333333335
                    ],
                    [
                        -75.81203611111111,
                        39.72116555555556
                    ]
                ]
            }
        },
        {
            "type": "Feature",
            "properties": {
                "style": "solid",
                "thickness": 3
            },
            "geometry": {
                "type": "LineString",
                "coordinates": [
                    [
                        -75.769985,
                        39.837588333333336
                    ],
                    [
                        -75.76649166666667,
                        39.847030000000004
                    ]
                ]
            }
        },
        {
            "type": "Feature",
            "properties": {
                "style": "solid",
                "thickness": 3
            },
            "geometry": {
                "type": "LineString",
                "coordinates": [
                    [
                        -75.79205444444445,
                        39.61866194444445
                    ],
                    [
                        -75.79751722222223,
                        39.63648416666667
                    ]
                ]
            }
        },
        {
            "type": "Feature",
            "properties": {
                "style": "solid",
                "thickness": 3
            },
            "geometry": {
                "type": "LineString",
                "coordinates": [
                    [
                        -75.81294055555556,
                        39.685742499999996
                    ],
                    [
                        -75.81841361111111,
                        39.703563333333335
                    ]
                ]
            }
        },
        {
            "type": "Feature",
            "properties": {
                "style": "solid",
                "thickness": 3
            },
            "geometry": {
                "type": "LineString",
                "coordinates": [
                    [
                        -75.6147636111111,
                        39.77912972222222
                    ],
                    [
                        -75.60874833333332,
                        39.78591972222222
                    ]
                ]
            }
        },
        {
            "type": "Feature",
            "properties": {
                "style": "solid",
                "thickness": 3
            },
            "geometry": {
                "type": "LineString",
                "coordinates": [
                    [
                        -74.99646638888889,
                        40.403198055555556
                    ],
                    [
                        -74.98913944444445,
                        40.40931194444444
                    ]
                ]
            }
        },
        {
            "type": "Feature",
            "properties": {
                "style": "solid",
                "thickness": 3
            },
            "geometry": {
                "type": "LineString",
                "coordinates": [
                    [
                        -74.99571138888889,
                        39.66008472222222
                    ],
                    [
                        -74.97441888888889,
                        39.65499888888889
                    ]
                ]
            }
        },
        {
            "type": "Feature",
            "properties": {
                "style": "solid",
                "thickness": 3
            },
            "geometry": {
                "type": "LineString",
                "coordinates": [
                    [
                        -75.7333113888889,
                        40.013917222222226
                    ],
                    [
                        -75.71272722222223,
                        40.015005
                    ]
                ]
            }
        },
        {
            "type": "Feature",
            "properties": {
                "style": "solid",
                "thickness": 3
            },
            "geometry": {
                "type": "LineString",
                "coordinates": [
                    [
                        -75.61134555555554,
                        40.02010972222222
                    ],
                    [
                        -75.58766333333332,
                        40.021275833333334
                    ]
                ]
            }
        },
        {
            "type": "Feature",
            "properties": {
                "style": "solid",
                "thickness": 3
            },
            "geometry": {
                "type": "LineString",
                "coordinates": [
                    [
                        -75.4882863888889,
                        40.026175
                    ],
                    [
                        -75.44555555555556,
                        40.028262222222224
                    ]
                ]
            }
        },
        {
            "type": "Feature",
            "properties": {
                "style": "solid",
                "thickness": 3
            },
            "geometry": {
                "type": "LineString",
                "coordinates": [
                    [
                        -74.92126361111112,
                        39.72449944444445
                    ],
                    [
                        -74.91114722222223,
                        39.70973388888889
                    ]
                ]
            }
        },
        {
            "type": "Feature",
            "properties": {
                "style": "solid",
                "thickness": 3
            },
            "geometry": {
                "type": "LineString",
                "coordinates": [
                    [
                        -74.94419222222223,
                        39.76346222222222
                    ],
                    [
                        -74.93997944444445,
                        39.75164361111111
                    ],
                    [
                        -74.9325625,
                        39.74082305555556
                    ]
                ]
            }
        },
        {
            "type": "Feature",
            "properties": {
                "style": "solid",
                "thickness": 3
            },
            "geometry": {
                "type": "LineString",
                "coordinates": [
                    [
                        -74.69111833333334,
                        39.76421666666667
                    ],
                    [
                        -74.776105,
                        39.72031305555556
                    ],
                    [
                        -74.83026749999999,
                        39.69164055555555
                    ]
                ]
            }
        },
        {
            "type": "Feature",
            "properties": {
                "style": "solid",
                "thickness": 3
            },
            "geometry": {
                "type": "LineString",
                "coordinates": [
                    [
                        -74.83661444444444,
                        39.671681388888885
                    ],
                    [
                        -74.82585722222221,
                        39.70550388888889
                    ]
                ]
            }
        },
        {
            "type": "Feature",
            "properties": {
                "style": "solid",
                "thickness": 3
            },
            "geometry": {
                "type": "LineString",
                "coordinates": [
                    [
                        -75.74209305555556,
                        39.95869555555556
                    ],
                    [
                        -75.6873313888889,
                        39.949663888888885
                    ]
                ]
            }
        },
        {
            "type": "Feature",
            "properties": {
                "style": "solid",
                "thickness": 3
            },
            "geometry": {
                "type": "LineString",
                "coordinates": [
                    [
                        -74.90222194444445,
                        40.20921138888889
                    ],
                    [
                        -74.94498277777778,
                        40.17758194444444
                    ]
                ]
            }
        },
        {
            "type": "Feature",
            "properties": {
                "style": "solid",
                "thickness": 3
            },
            "geometry": {
                "type": "LineString",
                "coordinates": [
                    [
                        -75.10800583333332,
                        39.898610833333336
                    ],
                    [
                        -75.10755666666667,
                        39.88726194444445
                    ],
                    [
                        -75.08616666666666,
                        39.889427222222224
                    ]
                ]
            }
        },
        {
            "type": "Feature",
            "properties": {
                "style": "solid",
                "thickness": 3
            },
            "geometry": {
                "type": "LineString",
                "coordinates": [
                    [
                        -75.02329805555556,
                        39.89526055555555
                    ],
                    [
                        -75.00190388888889,
                        39.89722694444444
                    ],
                    [
                        -74.9810075,
                        39.89351666666666
                    ]
                ]
            }
        },
        {
            "type": "Feature",
            "properties": {
                "style": "solid",
                "thickness": 3
            },
            "geometry": {
                "type": "LineString",
                "coordinates": [
                    [
                        -74.81744583333332,
                        39.88686555555555
                    ],
                    [
                        -74.80417055555556,
                        39.899992222222224
                    ]
                ]
            }
        },
        {
            "type": "Feature",
            "properties": {
                "style": "solid",
                "thickness": 3
            },
            "geometry": {
                "type": "LineString",
                "coordinates": [
                    [
                        -74.83717055555555,
                        39.86726361111111
                    ],
                    [
                        -74.82736916666666,
                        39.87701972222222
                    ]
                ]
            }
        },
        {
            "type": "Feature",
            "properties": {
                "style": "solid",
                "thickness": 3
            },
            "geometry": {
                "type": "LineString",
                "coordinates": [
                    [
                        -74.93008305555556,
                        39.88413666666666
                    ],
                    [
                        -74.90907555555556,
                        39.880320833333336
                    ]
                ]
            }
        },
        {
            "type": "Feature",
            "properties": {
                "style": "solid",
                "thickness": 3
            },
            "geometry": {
                "type": "LineString",
                "coordinates": [
                    [
                        -74.85805138888888,
                        39.87109138888889
                    ],
                    [
                        -74.83717055555555,
                        39.86726361111111
                    ]
                ]
            }
        },
        {
            "type": "Feature",
            "properties": {
                "style": "solid",
                "thickness": 3
            },
            "geometry": {
                "type": "LineString",
                "coordinates": [
                    [
                        -76.19313416666667,
                        39.901875833333335
                    ],
                    [
                        -76.1718863888889,
                        39.91266111111111
                    ]
                ]
            }
        },
        {
            "type": "Feature",
            "properties": {
                "style": "solid",
                "thickness": 3
            },
            "geometry": {
                "type": "LineString",
                "coordinates": [
                    [
                        -76.19523472222222,
                        39.907808333333335
                    ],
                    [
                        -76.16978805555556,
                        39.90672861111111
                    ]
                ]
            }
        },
        {
            "type": "Feature",
            "properties": {
                "style": "solid",
                "thickness": 3
            },
            "geometry": {
                "type": "LineString",
                "coordinates": [
                    [
                        -74.96332555555556,
                        40.426358888888885
                    ],
                    [
                        -74.98206083333334,
                        40.41304611111111
                    ]
                ]
            }
        },
        {
            "type": "Feature",
            "properties": {
                "style": "solid",
                "thickness": 3
            },
            "geometry": {
                "type": "LineString",
                "coordinates": [
                    [
                        -74.97636555555556,
                        40.429137499999996
                    ],
                    [
                        -74.96902361111111,
                        40.41026861111111
                    ]
                ]
            }
        },
        {
            "type": "Feature",
            "properties": {
                "style": "solid",
                "thickness": 3
            },
            "geometry": {
                "type": "LineString",
                "coordinates": [
                    [
                        -74.67890611111112,
                        40.41612166666666
                    ],
                    [
                        -74.66011055555556,
                        40.42938611111111
                    ]
                ]
            }
        },
        {
            "type": "Feature",
            "properties": {
                "style": "solid",
                "thickness": 3
            },
            "geometry": {
                "type": "LineString",
                "coordinates": [
                    [
                        -74.67373888888889,
                        40.43201777777777
                    ],
                    [
                        -74.66528027777778,
                        40.413489999999996
                    ]
                ]
            }
        },
        {
            "type": "Feature",
            "properties": {
                "style": "solid",
                "thickness": 3
            },
            "geometry": {
                "type": "LineString",
                "coordinates": [
                    [
                        -75.10042777777777,
                        40.328812222222226
                    ],
                    [
                        -75.11910999999999,
                        40.31547666666666
                    ]
                ]
            }
        },
        {
            "type": "Feature",
            "properties": {
                "style": "solid",
                "thickness": 3
            },
            "geometry": {
                "type": "LineString",
                "coordinates": [
                    [
                        -75.12147805555554,
                        40.326095
                    ],
                    [
                        -75.09806305555556,
                        40.31819388888889
                    ]
                ]
            }
        },
        {
            "type": "Feature",
            "properties": {
                "style": "solid",
                "thickness": 3
            },
            "geometry": {
                "type": "LineString",
                "coordinates": [
                    [
                        -74.84971222222222,
                        40.14900138888889
                    ],
                    [
                        -74.87477833333332,
                        40.14515361111111
                    ]
                ]
            }
        },
        {
            "type": "Feature",
            "properties": {
                "style": "solid",
                "thickness": 3
            },
            "geometry": {
                "type": "LineString",
                "coordinates": [
                    [
                        -74.8713886111111,
                        40.1539275
                    ],
                    [
                        -74.85322444444444,
                        40.14013638888889
                    ]
                ]
            }
        },
        {
            "type": "Feature",
            "properties": {
                "style": "solid",
                "thickness": 3
            },
            "geometry": {
                "type": "LineString",
                "coordinates": [
                    [
                        -75.00200333333333,
                        39.84066888888889
                    ],
                    [
                        -74.99765305555556,
                        39.860060833333335
                    ]
                ]
            }
        },
        {
            "type": "Feature",
            "properties": {
                "style": "solid",
                "thickness": 3
            },
            "geometry": {
                "type": "LineString",
                "coordinates": [
                    [
                        -74.98782277777778,
                        39.8537225
                    ],
                    [
                        -75.01183361111111,
                        39.847005833333334
                    ]
                ]
            }
        },
        {
            "type": "Feature",
            "properties": {
                "style": "solid",
                "thickness": 3
            },
            "geometry": {
                "type": "LineString",
                "coordinates": [
                    [
                        -74.70403083333333,
                        39.79493972222222
                    ],
                    [
                        -74.72931861111111,
                        39.79277222222222
                    ]
                ]
            }
        },
        {
            "type": "Feature",
            "properties": {
                "style": "solid",
                "thickness": 3
            },
            "geometry": {
                "type": "LineString",
                "coordinates": [
                    [
                        -74.70895944444445,
                        39.80164527777777
                    ],
                    [
                        -74.72427083333334,
                        39.78597666666666
                    ]
                ]
            }
        },
        {
            "type": "Feature",
            "properties": {
                "style": "solid",
                "thickness": 3
            },
            "geometry": {
                "type": "LineString",
                "coordinates": [
                    [
                        -74.7454463888889,
                        40.028418333333335
                    ],
                    [
                        -74.7265325,
                        40.041693333333335
                    ]
                ]
            }
        },
        {
            "type": "Feature",
            "properties": {
                "style": "solid",
                "thickness": 3
            },
            "geometry": {
                "type": "LineString",
                "coordinates": [
                    [
                        -74.74847472222223,
                        40.03721722222222
                    ],
                    [
                        -74.7235063888889,
                        40.03289361111111
                    ]
                ]
            }
        },
        {
            "type": "Feature",
            "properties": {
                "style": "solid",
                "thickness": 3
            },
            "geometry": {
                "type": "LineString",
                "coordinates": [
                    [
                        -75.1351125,
                        39.456693333333334
                    ],
                    [
                        -75.12026999999999,
                        39.440750277777774
                    ]
                ]
            }
        },
        {
            "type": "Feature",
            "properties": {
                "style": "solid",
                "thickness": 3
            },
            "geometry": {
                "type": "LineString",
                "coordinates": [
                    [
                        -75.13797111111111,
                        39.442967777777774
                    ],
                    [
                        -75.11740805555554,
                        39.45438361111111
                    ]
                ]
            }
        },
        {
            "type": "Feature",
            "properties": {
                "style": "solid",
                "thickness": 3
            },
            "geometry": {
                "type": "LineString",
                "coordinates": [
                    [
                        -75.56488861111112,
                        39.41034666666666
                    ],
                    [
                        -75.54060555555556,
                        39.41562333333333
                    ]
                ]
            }
        },
        {
            "type": "Feature",
            "properties": {
                "style": "solid",
                "thickness": 3
            },
            "geometry": {
                "type": "LineString",
                "coordinates": [
                    [
                        -75.55467583333333,
                        39.42263666666666
                    ],
                    [
                        -75.55070222222221,
                        39.40324333333333
                    ]
                ]
            }
        },
        {
            "type": "Feature",
            "properties": {
                "style": "solid",
                "thickness": 3
            },
            "geometry": {
                "type": "LineString",
                "coordinates": [
                    [
                        -76.05540444444445,
                        39.311924999999995
                    ],
                    [
                        -76.03062277777778,
                        39.30834027777777
                    ]
                ]
            }
        },
        {
            "type": "Feature",
            "properties": {
                "style": "solid",
                "thickness": 3
            },
            "geometry": {
                "type": "LineString",
                "coordinates": [
                    [
                        -75.83768611111111,
                        39.49864138888889
                    ],
                    [
                        -75.82032333333333,
                        39.48426527777778
                    ]
                ]
            }
        },
        {
            "type": "Feature",
            "properties": {
                "style": "solid",
                "thickness": 3
            },
            "geometry": {
                "type": "LineString",
                "coordinates": [
                    [
                        -76.31309444444445,
                        39.58600305555556
                    ],
                    [
                        -76.2880663888889,
                        39.58934027777778
                    ]
                ]
            }
        },
        {
            "type": "Feature",
            "properties": {
                "style": "solid",
                "thickness": 3
            },
            "geometry": {
                "type": "LineString",
                "coordinates": [
                    [
                        -75.98768916666667,
                        39.85794388888889
                    ],
                    [
                        -75.97073805555556,
                        39.872508333333336
                    ]
                ]
            }
        },
        {
            "type": "Feature",
            "properties": {
                "style": "solid",
                "thickness": 3
            },
            "geometry": {
                "type": "LineString",
                "coordinates": [
                    [
                        -75.99166194444444,
                        39.86304444444445
                    ],
                    [
                        -75.96676527777778,
                        39.867315833333336
                    ]
                ]
            }
        },
        {
            "type": "Feature",
            "properties": {
                "style": "solid",
                "thickness": 3
            },
            "geometry": {
                "type": "LineString",
                "coordinates": [
                    [
                        -75.99567222222223,
                        39.74852416666667
                    ],
                    [
                        -76.01665555555556,
                        39.737407222222224
                    ]
                ]
            }
        },
        {
            "type": "Feature",
            "properties": {
                "style": "solid",
                "thickness": 3
            },
            "geometry": {
                "type": "LineString",
                "coordinates": [
                    [
                        -75.99369583333333,
                        39.74103222222222
                    ],
                    [
                        -76.018635,
                        39.74499027777778
                    ]
                ]
            }
        },
        {
            "type": "Feature",
            "properties": {
                "style": "solid",
                "thickness": 3
            },
            "geometry": {
                "type": "LineString",
                "coordinates": [
                    [
                        -75.90734305555556,
                        39.646817222222225
                    ],
                    [
                        -75.92139416666667,
                        39.63044722222222
                    ]
                ]
            }
        },
        {
            "type": "Feature",
            "properties": {
                "style": "solid",
                "thickness": 3
            },
            "geometry": {
                "type": "LineString",
                "coordinates": [
                    [
                        -75.79783444444445,
                        39.66229194444444
                    ],
                    [
                        -75.80692666666667,
                        39.643945
                    ]
                ]
            }
        },
        {
            "type": "Feature",
            "properties": {
                "style": "solid",
                "thickness": 3
            },
            "geometry": {
                "type": "LineString",
                "coordinates": [
                    [
                        -75.78984277777778,
                        39.65473166666666
                    ],
                    [
                        -75.81491833333332,
                        39.65150388888889
                    ]
                ]
            }
        },
        {
            "type": "Feature",
            "properties": {
                "style": "solid",
                "thickness": 3
            },
            "geometry": {
                "type": "LineString",
                "coordinates": [
                    [
                        -75.90183666666667,
                        39.640258333333335
                    ],
                    [
                        -75.9269013888889,
                        39.637005
                    ]
                ]
            }
        },
        {
            "type": "Feature",
            "properties": {
                "style": "solid",
                "thickness": 3
            },
            "geometry": {
                "type": "LineString",
                "coordinates": [
                    [
                        -76.04262055555556,
                        39.93748722222222
                    ],
                    [
                        -76.06807888888889,
                        39.93877777777777
                    ]
                ]
            }
        },
        {
            "type": "Feature",
            "properties": {
                "style": "solid",
                "thickness": 3
            },
            "geometry": {
                "type": "LineString",
                "coordinates": [
                    [
                        -76.06434805555556,
                        39.945118888888885
                    ],
                    [
                        -76.04635305555556,
                        39.931146388888884
                    ]
                ]
            }
        },
        {
            "type": "Feature",
            "properties": {
                "style": "solid",
                "thickness": 3
            },
            "geometry": {
                "type": "LineString",
                "coordinates": [
                    [
                        -76.29217249999999,
                        39.59497805555556
                    ],
                    [
                        -76.3089875,
                        39.58036611111111
                    ]
                ]
            }
        },
        {
            "type": "Feature",
            "properties": {
                "style": "solid",
                "thickness": 3
            },
            "geometry": {
                "type": "LineString",
                "coordinates": [
                    [
                        -76.05153055555556,
                        39.30279972222222
                    ],
                    [
                        -76.03449305555556,
                        39.31737583333334
                    ]
                ]
            }
        },
        {
            "type": "Feature",
            "properties": {
                "style": "solid",
                "thickness": 3
            },
            "geometry": {
                "type": "LineString",
                "coordinates": [
                    [
                        -75.83756694444443,
                        39.48418138888889
                    ],
                    [
                        -75.82043944444445,
                        39.49872527777778
                    ]
                ]
            }
        },
        {
            "type": "Feature",
            "properties": {
                "style": "solid",
                "thickness": 3
            },
            "geometry": {
                "type": "LineString",
                "coordinates": [
                    [
                        -75.95183055555556,
                        40.09657138888889
                    ],
                    [
                        -75.92631138888889,
                        40.09479694444445
                    ]
                ]
            }
        },
        {
            "type": "Feature",
            "properties": {
                "style": "solid",
                "thickness": 3
            },
            "geometry": {
                "type": "LineString",
                "coordinates": [
                    [
                        -76.09502388888889,
                        40.26997861111111
                    ],
                    [
                        -76.07679,
                        40.283833611111106
                    ]
                ]
            }
        },
        {
            "type": "Feature",
            "properties": {
                "style": "solid",
                "thickness": 3
            },
            "geometry": {
                "type": "LineString",
                "coordinates": [
                    [
                        -75.93439305555556,
                        40.1048175
                    ],
                    [
                        -75.94386722222222,
                        40.0866425
                    ]
                ]
            }
        },
        {
            "type": "Feature",
            "properties": {
                "style": "solid",
                "thickness": 3
            },
            "geometry": {
                "type": "LineString",
                "coordinates": [
                    [
                        -76.09858861111111,
                        40.27818888888889
                    ],
                    [
                        -76.0732275,
                        40.27562222222222
                    ]
                ]
            }
        },
        {
            "type": "Feature",
            "properties": {
                "style": "solid",
                "thickness": 3
            },
            "geometry": {
                "type": "LineString",
                "coordinates": [
                    [
                        -75.76130527777778,
                        40.08317111111111
                    ],
                    [
                        -75.73579527777778,
                        40.08126388888889
                    ]
                ]
            }
        },
        {
            "type": "Feature",
            "properties": {
                "style": "solid",
                "thickness": 3
            },
            "geometry": {
                "type": "LineString",
                "coordinates": [
                    [
                        -75.75290472222223,
                        40.09144305555556
                    ],
                    [
                        -75.74419666666667,
                        40.072993333333336
                    ]
                ]
            }
        },
        {
            "type": "Feature",
            "properties": {
                "style": "solid",
                "thickness": 3
            },
            "geometry": {
                "type": "LineString",
                "coordinates": [
                    [
                        -75.48111638888889,
                        40.05547416666666
                    ],
                    [
                        -75.46257638888889,
                        40.068868611111114
                    ]
                ]
            }
        },
        {
            "type": "Feature",
            "properties": {
                "style": "solid",
                "thickness": 3
            },
            "geometry": {
                "type": "LineString",
                "coordinates": [
                    [
                        -75.4768775,
                        40.071223055555556
                    ],
                    [
                        -75.46681833333334,
                        40.05312055555555
                    ]
                ]
            }
        },
        {
            "type": "Feature",
            "properties": {
                "style": "solid",
                "thickness": 3
            },
            "geometry": {
                "type": "LineString",
                "coordinates": [
                    [
                        -75.61849027777777,
                        40.391725
                    ],
                    [
                        -75.61193138888888,
                        40.37271055555556
                    ]
                ]
            }
        },
        {
            "type": "Feature",
            "properties": {
                "style": "solid",
                "thickness": 3
            },
            "geometry": {
                "type": "LineString",
                "coordinates": [
                    [
                        -75.62766749999999,
                        40.38446777777778
                    ],
                    [
                        -75.60275416666666,
                        40.37996666666667
                    ]
                ]
            }
        },
        {
            "type": "Feature",
            "properties": {
                "style": "solid",
                "thickness": 3
            },
            "geometry": {
                "type": "LineString",
                "coordinates": [
                    [
                        -75.08946138888888,
                        39.90187916666667
                    ],
                    [
                        -74.74732277777778,
                        39.96930583333334
                    ]
                ]
            }
        },
        {
            "type": "Feature",
            "properties": {
                "style": "solid",
                "thickness": 3
            },
            "geometry": {
                "type": "LineString",
                "coordinates": [
                    [
                        -75.56615472222222,
                        39.81157222222222
                    ],
                    [
                        -75.55113861111111,
                        39.796234999999996
                    ]
                ]
            }
        },
        {
            "type": "Feature",
            "properties": {
                "style": "solid",
                "thickness": 3
            },
            "geometry": {
                "type": "LineString",
                "coordinates": [
                    [
                        -75.51949888888889,
                        40.35528638888889
                    ],
                    [
                        -75.5353138888889,
                        40.36174805555556
                    ]
                ]
            }
        },
        {
            "type": "Feature",
            "properties": {
                "style": "solid",
                "thickness": 3
            },
            "geometry": {
                "type": "LineString",
                "coordinates": [
                    [
                        -75.55077194444443,
                        40.368025833333334
                    ],
                    [
                        -75.57342555555554,
                        40.37730194444445
                    ]
                ]
            }
        },
        {
            "type": "Feature",
            "properties": {
                "style": "solid",
                "thickness": 3
            },
            "geometry": {
                "type": "LineString",
                "coordinates": [
                    [
                        -75.35627833333332,
                        40.397619999999996
                    ],
                    [
                        -75.34779138888888,
                        40.40732638888889
                    ],
                    [
                        -75.3606211111111,
                        40.422598611111106
                    ]
                ]
            }
        },
        {
            "type": "Feature",
            "properties": {
                "style": "solid",
                "thickness": 3
            },
            "geometry": {
                "type": "LineString",
                "coordinates": [
                    [
                        -75.38137722222221,
                        40.447378611111105
                    ],
                    [
                        -75.39182027777778,
                        40.459812222222226
                    ]
                ]
            }
        },
        {
            "type": "Feature",
            "properties": {
                "style": "solid",
                "thickness": 3
            },
            "geometry": {
                "type": "LineString",
                "coordinates": [
                    [
                        -75.39774555555556,
                        40.36363138888889
                    ],
                    [
                        -75.39212722222223,
                        40.36601666666667
                    ],
                    [
                        -75.38686777777778,
                        40.368676111111114
                    ],
                    [
                        -75.38148916666665,
                        40.371700833333335
                    ],
                    [
                        -75.37658805555554,
                        40.374451111111114
                    ],
                    [
                        -75.37037749999999,
                        40.381594722222225
                    ]
                ]
            }
        },
        {
            "type": "Feature",
            "properties": {
                "style": "solid",
                "thickness": 3
            },
            "geometry": {
                "type": "LineString",
                "coordinates": [
                    [
                        -75.51949888888889,
                        40.35528638888889
                    ],
                    [
                        -75.51099888888889,
                        40.35329138888889
                    ],
                    [
                        -75.5017825,
                        40.35157111111111
                    ]
                ]
            }
        },
        {
            "type": "Feature",
            "properties": {
                "style": "solid",
                "thickness": 3
            },
            "geometry": {
                "type": "LineString",
                "coordinates": [
                    [
                        -75.46589277777778,
                        40.34907555555556
                    ],
                    [
                        -75.4534563888889,
                        40.35001194444445
                    ],
                    [
                        -75.44675972222223,
                        40.35066305555556
                    ],
                    [
                        -75.44149916666667,
                        40.35140305555556
                    ],
                    [
                        -75.43599888888889,
                        40.35223416666667
                    ],
                    [
                        -75.4310975,
                        40.35315638888889
                    ]
                ]
            }
        },
        {
            "type": "Feature",
            "properties": {
                "style": "solid",
                "thickness": 3
            },
            "geometry": {
                "type": "LineString",
                "coordinates": [
                    [
                        -75.68144611111111,
                        40.51029527777778
                    ],
                    [
                        -75.68070138888889,
                        40.52585416666667
                    ],
                    [
                        -75.680255,
                        40.53125388888889
                    ],
                    [
                        -75.67273138888889,
                        40.536587499999996
                    ],
                    [
                        -75.66091277777778,
                        40.546144999999996
                    ]
                ]
            }
        },
        {
            "type": "Feature",
            "properties": {
                "style": "solid",
                "thickness": 3
            },
            "geometry": {
                "type": "LineString",
                "coordinates": [
                    [
                        -75.61975694444443,
                        40.56695666666667
                    ],
                    [
                        -75.60214666666666,
                        40.57259055555556
                    ],
                    [
                        -75.59459694444443,
                        40.57480805555556
                    ],
                    [
                        -75.57182361111111,
                        40.58081722222222
                    ]
                ]
            }
        },
        {
            "type": "Feature",
            "properties": {
                "style": "solid",
                "thickness": 3
            },
            "geometry": {
                "type": "LineString",
                "coordinates": [
                    [
                        -75.52275055555556,
                        40.584137222222225
                    ],
                    [
                        -75.51350972222222,
                        40.584340555555556
                    ],
                    [
                        -75.50462666666667,
                        40.58390138888889
                    ],
                    [
                        -75.49526138888889,
                        40.58282194444445
                    ]
                ]
            }
        },
        {
            "type": "Feature",
            "properties": {
                "style": "solid",
                "thickness": 3
            },
            "geometry": {
                "type": "LineString",
                "coordinates": [
                    [
                        -75.49056277777778,
                        40.57724944444445
                    ],
                    [
                        -75.49526138888889,
                        40.58282194444445
                    ]
                ]
            }
        },
        {
            "type": "Feature",
            "properties": {
                "style": "solid",
                "thickness": 3
            },
            "geometry": {
                "type": "LineString",
                "coordinates": [
                    [
                        -75.6536938888889,
                        40.43690972222222
                    ],
                    [
                        -75.66106222222223,
                        40.44786666666666
                    ],
                    [
                        -75.66433083333334,
                        40.45371222222222
                    ],
                    [
                        -75.66711611111111,
                        40.458826944444446
                    ],
                    [
                        -75.66942138888889,
                        40.46376027777778
                    ],
                    [
                        -75.67366916666667,
                        40.47289638888889
                    ]
                ]
            }
        },
        {
            "type": "Feature",
            "properties": {
                "style": "solid",
                "thickness": 3
            },
            "geometry": {
                "type": "LineString",
                "coordinates": [
                    [
                        -75.57354527777777,
                        40.37730194444445
                    ],
                    [
                        -75.58385638888889,
                        40.38175805555556
                    ],
                    [
                        -75.5842161111111,
                        40.38194027777778
                    ]
                ]
            }
        },
        {
            "type": "Feature",
            "properties": {
                "style": "solid",
                "thickness": 3
            },
            "geometry": {
                "type": "LineString",
                "coordinates": [
                    [
                        -75.59729277777777,
                        40.38876666666667
                    ],
                    [
                        -75.60161305555555,
                        40.39122555555556
                    ],
                    [
                        -75.60821694444444,
                        40.3955075
                    ],
                    [
                        -75.61385916666666,
                        40.39896805555556
                    ],
                    [
                        -75.6238361111111,
                        40.40689916666666
                    ]
                ]
            }
        },
        {
            "type": "Feature",
            "properties": {
                "style": "solid",
                "thickness": 3
            },
            "geometry": {
                "type": "LineString",
                "coordinates": [
                    [
                        -75.40611111111112,
                        40.47672527777778
                    ],
                    [
                        -75.42089055555556,
                        40.4943675
                    ]
                ]
            }
        },
        {
            "type": "Feature",
            "properties": {
                "style": "solid",
                "thickness": 3
            },
            "geometry": {
                "type": "LineString",
                "coordinates": [
                    [
                        -75.44746444444445,
                        40.526172777777774
                    ],
                    [
                        -75.46238472222223,
                        40.54380916666666
                    ]
                ]
            }
        },
        {
            "type": "Feature",
            "properties": {
                "style": "solid",
                "thickness": 3
            },
            "geometry": {
                "type": "LineString",
                "coordinates": [
                    [
                        -75.44344694444445,
                        40.45681777777778
                    ],
                    [
                        -75.42233805555556,
                        40.44586694444444
                    ]
                ]
            }
        },
        {
            "type": "Feature",
            "properties": {
                "style": "solid",
                "thickness": 3
            },
            "geometry": {
                "type": "LineString",
                "coordinates": [
                    [
                        -75.43789972222223,
                        40.442367499999996
                    ],
                    [
                        -75.42788194444445,
                        40.4603175
                    ]
                ]
            }
        },
        {
            "type": "Feature",
            "properties": {
                "style": "solid",
                "thickness": 3
            },
            "geometry": {
                "type": "LineString",
                "coordinates": [
                    [
                        -75.59052333333332,
                        39.92114722222222
                    ],
                    [
                        -75.60341055555556,
                        39.907198888888885
                    ]
                ]
            }
        },
        {
            "type": "Feature",
            "properties": {
                "style": "solid",
                "thickness": 3
            },
            "geometry": {
                "type": "LineString",
                "coordinates": [
                    [
                        -75.6543175,
                        39.85203638888889
                    ],
                    [
                        -75.67001083333334,
                        39.835052222222224
                    ]
                ]
            }
        },
        {
            "type": "Feature",
            "properties": {
                "style": "solid",
                "thickness": 3
            },
            "geometry": {
                "type": "LineString",
                "coordinates": [
                    [
                        -74.63135472222221,
                        40.02025333333333
                    ],
                    [
                        -74.65684055555556,
                        40.0322875
                    ]
                ]
            }
        },
        {
            "type": "Feature",
            "properties": {
                "style": "solid",
                "thickness": 3
            },
            "geometry": {
                "type": "LineString",
                "coordinates": [
                    [
                        -74.85283333333332,
                        39.85002388888889
                    ],
                    [
                        -74.86502416666666,
                        39.83633888888889
                    ]
                ]
            }
        },
        {
            "type": "Feature",
            "properties": {
                "style": "solid",
                "thickness": 3
            },
            "geometry": {
                "type": "LineString",
                "coordinates": [
                    [
                        -74.91876305555556,
                        39.77373027777778
                    ],
                    [
                        -74.90723694444445,
                        39.777813333333334
                    ],
                    [
                        -74.89453944444445,
                        39.77887083333333
                    ]
                ]
            }
        },
        {
            "type": "Feature",
            "properties": {
                "style": "solid",
                "thickness": 3
            },
            "geometry": {
                "type": "LineString",
                "coordinates": [
                    [
                        -74.90481416666667,
                        39.787414999999996
                    ],
                    [
                        -74.90965861111111,
                        39.76821111111111
                    ]
                ]
            }
        },
        {
            "type": "Feature",
            "properties": {
                "style": "solid",
                "thickness": 3
            },
            "geometry": {
                "type": "LineString",
                "coordinates": [
                    [
                        -74.7072375,
                        40.24641444444445
                    ],
                    [
                        -74.69300277777778,
                        40.26336666666667
                    ]
                ]
            }
        },
        {
            "type": "Feature",
            "properties": {
                "style": "solid",
                "thickness": 3
            },
            "geometry": {
                "type": "LineString",
                "coordinates": [
                    [
                        -74.95688555555556,
                        40.34169638888889
                    ],
                    [
                        -74.94028555555556,
                        40.336801111111114
                    ]
                ]
            }
        },
        {
            "type": "Feature",
            "properties": {
                "style": "solid",
                "thickness": 3
            },
            "geometry": {
                "type": "LineString",
                "coordinates": [
                    [
                        -74.83608249999999,
                        40.30598916666666
                    ],
                    [
                        -74.81484722222221,
                        40.299685833333335
                    ]
                ]
            }
        },
        {
            "type": "Feature",
            "properties": {
                "style": "solid",
                "thickness": 3
            },
            "geometry": {
                "type": "LineString",
                "coordinates": [
                    [
                        -74.74718777777778,
                        40.20697416666667
                    ],
                    [
                        -74.73383694444445,
                        40.22009194444445
                    ]
                ]
            }
        },
        {
            "type": "Feature",
            "properties": {
                "style": "solid",
                "thickness": 3
            },
            "geometry": {
                "type": "LineString",
                "coordinates": [
                    [
                        -76.0888525,
                        39.658204999999995
                    ],
                    [
                        -76.06684249999999,
                        39.66961666666666
                    ]
                ]
            }
        },
        {
            "type": "Feature",
            "properties": {
                "style": "solid",
                "thickness": 3
            },
            "geometry": {
                "type": "LineString",
                "coordinates": [
                    [
                        -75.99275361111111,
                        39.707906111111114
                    ],
                    [
                        -75.96917944444445,
                        39.72013333333334
                    ]
                ]
            }
        },
        {
            "type": "Feature",
            "properties": {
                "style": "solid",
                "thickness": 3
            },
            "geometry": {
                "type": "LineString",
                "coordinates": [
                    [
                        -76.21138083333334,
                        39.82027277777778
                    ],
                    [
                        -76.18166305555556,
                        39.80797222222222
                    ]
                ]
            }
        },
        {
            "type": "Feature",
            "properties": {
                "style": "solid",
                "thickness": 3
            },
            "geometry": {
                "type": "LineString",
                "coordinates": [
                    [
                        -76.12881999999999,
                        39.786229999999996
                    ],
                    [
                        -76.10700055555554,
                        39.77723833333333
                    ]
                ]
            }
        },
        {
            "type": "Feature",
            "properties": {
                "style": "solid",
                "thickness": 3
            },
            "geometry": {
                "type": "LineString",
                "coordinates": [
                    [
                        -76.05253499999999,
                        39.754649722222226
                    ],
                    [
                        -76.03228361111111,
                        39.746273611111114
                    ]
                ]
            }
        },
        {
            "type": "Feature",
            "properties": {
                "style": "solid",
                "thickness": 3
            },
            "geometry": {
                "type": "LineString",
                "coordinates": [
                    [
                        -75.914805,
                        39.69757055555555
                    ],
                    [
                        -75.89470555555556,
                        39.68917055555555
                    ]
                ]
            }
        },
        {
            "type": "Feature",
            "properties": {
                "style": "solid",
                "thickness": 3
            },
            "geometry": {
                "type": "LineString",
                "coordinates": [
                    [
                        -74.72471416666667,
                        40.121030555555556
                    ],
                    [
                        -74.63135472222221,
                        40.02025333333333
                    ]
                ]
            }
        },
        {
            "type": "Feature",
            "properties": {
                "style": "solid",
                "thickness": 3
            },
            "geometry": {
                "type": "LineString",
                "coordinates": [
                    [
                        -74.75831694444445,
                        40.13893611111111
                    ],
                    [
                        -74.74644166666667,
                        40.13256916666667
                    ]
                ]
            }
        },
        {
            "type": "Feature",
            "properties": {
                "style": "solid",
                "thickness": 3
            },
            "geometry": {
                "type": "LineString",
                "coordinates": [
                    [
                        -74.73504194444445,
                        40.12656916666667
                    ],
                    [
                        -74.72471416666667,
                        40.121030555555556
                    ]
                ]
            }
        },
        {
            "type": "Feature",
            "properties": {
                "style": "solid",
                "thickness": 3
            },
            "geometry": {
                "type": "LineString",
                "coordinates": [
                    [
                        -74.59253555555556,
                        40.239492222222225
                    ],
                    [
                        -74.73827861111111,
                        40.108829722222225
                    ]
                ]
            }
        },
        {
            "type": "Feature",
            "properties": {
                "style": "solid",
                "thickness": 3
            },
            "geometry": {
                "type": "LineString",
                "coordinates": [
                    [
                        -74.75027861111111,
                        40.098084722222225
                    ],
                    [
                        -74.76383416666667,
                        40.085881111111114
                    ]
                ]
            }
        },
        {
            "type": "Feature",
            "properties": {
                "style": "solid",
                "thickness": 3
            },
            "geometry": {
                "type": "LineString",
                "coordinates": [
                    [
                        -74.72471416666667,
                        40.121030555555556
                    ],
                    [
                        -74.72012694444444,
                        40.09831277777778
                    ]
                ]
            }
        },
        {
            "type": "Feature",
            "properties": {
                "style": "solid",
                "thickness": 3
            },
            "geometry": {
                "type": "LineString",
                "coordinates": [
                    [
                        -74.7145163888889,
                        40.0700075
                    ],
                    [
                        -74.71222583333333,
                        40.05864805555555
                    ]
                ]
            }
        },
        {
            "type": "Feature",
            "properties": {
                "style": "solid",
                "thickness": 3
            },
            "geometry": {
                "type": "LineString",
                "coordinates": [
                    [
                        -76.23221111111111,
                        39.824493333333336
                    ],
                    [
                        -76.21138083333334,
                        39.82027277777778
                    ]
                ]
            }
        },
        {
            "type": "Feature",
            "properties": {
                "style": "solid",
                "thickness": 3
            },
            "geometry": {
                "type": "LineString",
                "coordinates": [
                    [
                        -76.31568,
                        39.841522222222224
                    ],
                    [
                        -76.29483944444445,
                        39.837316111111114
                    ]
                ]
            }
        },
        {
            "type": "Feature",
            "properties": {
                "style": "solid",
                "thickness": 3
            },
            "geometry": {
                "type": "LineString",
                "coordinates": [
                    [
                        -76.274,
                        39.833015
                    ],
                    [
                        -76.25304555555556,
                        39.8288025
                    ]
                ]
            }
        },
        {
            "type": "Feature",
            "properties": {
                "style": "solid",
                "thickness": 3
            },
            "geometry": {
                "type": "LineString",
                "coordinates": [
                    [
                        -76.21971888888889,
                        39.890860833333335
                    ],
                    [
                        -76.19861944444445,
                        39.894510555555556
                    ]
                ]
            }
        },
        {
            "type": "Feature",
            "properties": {
                "style": "solid",
                "thickness": 3
            },
            "geometry": {
                "type": "LineString",
                "coordinates": [
                    [
                        -76.17751777777778,
                        39.89815611111111
                    ],
                    [
                        -76.15641388888889,
                        39.90179861111111
                    ]
                ]
            }
        },
        {
            "type": "Feature",
            "properties": {
                "style": "solid",
                "thickness": 3
            },
            "geometry": {
                "type": "LineString",
                "coordinates": [
                    [
                        -75.87004305555556,
                        39.33501555555556
                    ],
                    [
                        -75.82846666666666,
                        39.25111694444445
                    ]
                ]
            }
        },
        {
            "type": "Feature",
            "properties": {
                "style": "solid",
                "thickness": 3
            },
            "geometry": {
                "type": "LineString",
                "coordinates": [
                    [
                        -75.82080888888889,
                        39.235595
                    ],
                    [
                        -75.81315472222222,
                        39.22007277777778
                    ]
                ]
            }
        },
        {
            "type": "Feature",
            "properties": {
                "style": "solid",
                "thickness": 3
            },
            "geometry": {
                "type": "LineString",
                "coordinates": [
                    [
                        -75.8055038888889,
                        39.204550833333336
                    ],
                    [
                        -75.79785611111112,
                        39.189027499999995
                    ]
                ]
            }
        },
        {
            "type": "Feature",
            "properties": {
                "style": "solid",
                "thickness": 3
            },
            "geometry": {
                "type": "LineString",
                "coordinates": [
                    [
                        -74.79365555555556,
                        39.718829722222225
                    ],
                    [
                        -74.75464111111111,
                        39.72205
                    ]
                ]
            }
        },
        {
            "type": "Feature",
            "properties": {
                "style": "solid",
                "thickness": 3
            },
            "geometry": {
                "type": "LineString",
                "coordinates": [
                    [
                        -74.733175,
                        39.72387444444445
                    ],
                    [
                        -74.71170833333333,
                        39.72569527777778
                    ]
                ]
            }
        },
        {
            "type": "Feature",
            "properties": {
                "style": "solid",
                "thickness": 3
            },
            "geometry": {
                "type": "LineString",
                "coordinates": [
                    [
                        -74.69024083333333,
                        39.72742083333333
                    ],
                    [
                        -74.66877166666667,
                        39.72923361111111
                    ]
                ]
            }
        },
        {
            "type": "Feature",
            "properties": {
                "style": "solid",
                "thickness": 3
            },
            "geometry": {
                "type": "LineString",
                "coordinates": [
                    [
                        -75.76734805555556,
                        40.33929416666667
                    ],
                    [
                        -75.68594222222222,
                        40.32552305555556
                    ]
                ]
            }
        },
        {
            "type": "Feature",
            "properties": {
                "style": "solid",
                "thickness": 3
            },
            "geometry": {
                "type": "LineString",
                "coordinates": [
                    [
                        -75.80997888888889,
                        40.34642361111111
                    ],
                    [
                        -75.78866166666667,
                        40.34276916666667
                    ]
                ]
            }
        },
        {
            "type": "Feature",
            "properties": {
                "style": "solid",
                "thickness": 3
            },
            "geometry": {
                "type": "LineString",
                "coordinates": [
                    [
                        -75.85261861111111,
                        40.35353777777778
                    ],
                    [
                        -75.83129749999999,
                        40.349983333333334
                    ]
                ]
            }
        },
        {
            "type": "Feature",
            "properties": {
                "style": "solid",
                "thickness": 3
            },
            "geometry": {
                "type": "LineString",
                "coordinates": [
                    [
                        -76.06247944444443,
                        40.04031305555555
                    ],
                    [
                        -76.07656,
                        40.05293694444444
                    ]
                ]
            }
        },
        {
            "type": "Feature",
            "properties": {
                "style": "solid",
                "thickness": 3
            },
            "geometry": {
                "type": "LineString",
                "coordinates": [
                    [
                        -76.09076499999999,
                        40.065558055555556
                    ],
                    [
                        -76.10485555555555,
                        40.07817861111111
                    ]
                ]
            }
        },
        {
            "type": "Feature",
            "properties": {
                "style": "solid",
                "thickness": 3
            },
            "geometry": {
                "type": "LineString",
                "coordinates": [
                    [
                        -76.11895194444443,
                        40.09079666666667
                    ],
                    [
                        -76.13317249999999,
                        40.103413055555556
                    ]
                ]
            }
        },
        {
            "type": "Feature",
            "properties": {
                "style": "solid",
                "thickness": 3
            },
            "geometry": {
                "type": "LineString",
                "coordinates": [
                    [
                        -75.06661472222223,
                        40.48331694444445
                    ],
                    [
                        -75.04503472222223,
                        40.485931111111114
                    ]
                ]
            }
        },
        {
            "type": "Feature",
            "properties": {
                "style": "solid",
                "thickness": 3
            },
            "geometry": {
                "type": "LineString",
                "coordinates": [
                    [
                        -75.02345333333334,
                        40.48854166666667
                    ],
                    [
                        -75.00474777777778,
                        40.490880833333335
                    ]
                ]
            }
        },
        {
            "type": "Feature",
            "properties": {
                "style": "solid",
                "thickness": 3
            },
            "geometry": {
                "type": "LineString",
                "coordinates": [
                    [
                        -74.98923972222222,
                        40.50228305555556
                    ],
                    [
                        -74.97360583333334,
                        40.51386611111111
                    ]
                ]
            }
        },
        {
            "type": "Feature",
            "properties": {
                "style": "solid",
                "thickness": 3
            },
            "geometry": {
                "type": "LineString",
                "coordinates": [
                    [
                        -75.00474777777778,
                        40.490880833333335
                    ],
                    [
                        -75.00198305555556,
                        40.4928875
                    ]
                ]
            }
        },
        {
            "type": "Feature",
            "properties": {
                "style": "solid",
                "thickness": 3
            },
            "geometry": {
                "type": "LineString",
                "coordinates": [
                    [
                        -75.73367944444445,
                        40.207655
                    ],
                    [
                        -75.79857111111112,
                        40.21790055555556
                    ],
                    [
                        -75.84053138888889,
                        40.22483916666667
                    ],
                    [
                        -75.85343499999999,
                        40.225965
                    ],
                    [
                        -75.86311083333332,
                        40.226555833333336
                    ],
                    [
                        -75.87385805555554,
                        40.226775
                    ],
                    [
                        -75.88436416666667,
                        40.22672
                    ],
                    [
                        -75.89462722222223,
                        40.2262075
                    ],
                    [
                        -75.9038125,
                        40.22533388888889
                    ],
                    [
                        -75.91454583333334,
                        40.22408472222222
                    ],
                    [
                        -75.92563277777778,
                        40.22237527777778
                    ],
                    [
                        -75.93599666666667,
                        40.22002777777778
                    ],
                    [
                        -75.94588277777778,
                        40.21777388888889
                    ],
                    [
                        -75.95373833333333,
                        40.21544027777778
                    ],
                    [
                        -75.96206833333333,
                        40.212828611111114
                    ],
                    [
                        -75.97051166666667,
                        40.2097575
                    ],
                    [
                        -75.9784763888889,
                        40.20659777777778
                    ],
                    [
                        -75.98608,
                        40.20325583333334
                    ],
                    [
                        -75.99261138888889,
                        40.20010416666667
                    ],
                    [
                        -76.00151166666667,
                        40.19538055555555
                    ],
                    [
                        -76.00933972222222,
                        40.19093833333333
                    ],
                    [
                        -76.01656638888889,
                        40.18613305555555
                    ],
                    [
                        -76.02307805555556,
                        40.18151472222222
                    ],
                    [
                        -76.02947083333333,
                        40.176988611111106
                    ],
                    [
                        -76.03668527777778,
                        40.17135888888889
                    ],
                    [
                        -76.04258777777778,
                        40.16591944444444
                    ],
                    [
                        -76.0486025,
                        40.159838888888885
                    ],
                    [
                        -76.05308527777777,
                        40.15550777777778
                    ],
                    [
                        -76.05625888888889,
                        40.15145916666666
                    ],
                    [
                        -76.05954916666667,
                        40.14722694444444
                    ],
                    [
                        -76.05827222222221,
                        40.13991472222222
                    ],
                    [
                        -76.0568875,
                        40.133609444444446
                    ],
                    [
                        -76.05525861111111,
                        40.12675611111111
                    ],
                    [
                        -76.05315805555556,
                        40.12036444444445
                    ],
                    [
                        -76.04984999999999,
                        40.11251638888889
                    ],
                    [
                        -76.04654527777778,
                        40.10494194444445
                    ],
                    [
                        -76.0439886111111,
                        40.10020027777778
                    ],
                    [
                        -76.04094222222221,
                        40.09427222222222
                    ],
                    [
                        -76.03669833333333,
                        40.0878025
                    ],
                    [
                        -76.03306222222223,
                        40.08233527777778
                    ],
                    [
                        -76.02907583333334,
                        40.077419722222224
                    ],
                    [
                        -76.02388305555556,
                        40.07104694444445
                    ],
                    [
                        -76.01881861111112,
                        40.06549777777777
                    ],
                    [
                        -76.01159333333334,
                        40.05831416666666
                    ],
                    [
                        -76.003415,
                        40.05086166666666
                    ],
                    [
                        -75.99597055555556,
                        40.04514333333333
                    ],
                    [
                        -75.98804916666667,
                        40.03924416666666
                    ],
                    [
                        -75.9785775,
                        40.03298722222222
                    ],
                    [
                        -75.97019444444445,
                        40.02818861111111
                    ],
                    [
                        -75.96193694444445,
                        40.023936388888885
                    ],
                    [
                        -75.95380222222222,
                        40.01995861111111
                    ],
                    [
                        -75.9445975,
                        40.01598527777778
                    ],
                    [
                        -75.93312861111112,
                        40.01165944444445
                    ],
                    [
                        -75.92214555555556,
                        40.00815277777778
                    ],
                    [
                        -75.91140055555556,
                        40.00464361111111
                    ]
                ]
            }
        },
        {
            "type": "Feature",
            "properties": {
                "style": "solid",
                "thickness": 3
            },
            "geometry": {
                "type": "LineString",
                "coordinates": [
                    [
                        -75.59559583333333,
                        39.93788055555555
                    ],
                    [
                        -75.59052333333332,
                        39.92114722222222
                    ]
                ]
            }
        },
        {
            "type": "Feature",
            "properties": {
                "style": "solid",
                "thickness": 3
            },
            "geometry": {
                "type": "LineString",
                "coordinates": [
                    [
                        -75.61651166666667,
                        40.00618277777778
                    ],
                    [
                        -75.61142888888888,
                        39.989359444444446
                    ]
                ]
            }
        },
        {
            "type": "Feature",
            "properties": {
                "style": "solid",
                "thickness": 3
            },
            "geometry": {
                "type": "LineString",
                "coordinates": [
                    [
                        -75.63746944444445,
                        40.07448138888889
                    ],
                    [
                        -75.63116527777777,
                        40.053818888888884
                    ]
                ]
            }
        },
        {
            "type": "Feature",
            "properties": {
                "style": "solid",
                "thickness": 3
            },
            "geometry": {
                "type": "LineString",
                "coordinates": [
                    [
                        -75.69071472222222,
                        40.18915083333333
                    ],
                    [
                        -75.68855888888889,
                        40.18787805555555
                    ],
                    [
                        -75.68185111111111,
                        40.18369194444444
                    ],
                    [
                        -75.67693694444445,
                        40.17995777777777
                    ],
                    [
                        -75.67070472222223,
                        40.175220833333334
                    ],
                    [
                        -75.66422861111111,
                        40.16938583333333
                    ],
                    [
                        -75.65930777777778,
                        40.16418611111111
                    ],
                    [
                        -75.65558555555556,
                        40.15998916666666
                    ]
                ]
            }
        },
        {
            "type": "Feature",
            "properties": {
                "style": "solid",
                "thickness": 3
            },
            "geometry": {
                "type": "LineString",
                "coordinates": [
                    [
                        -75.86829805555556,
                        40.01567416666666
                    ],
                    [
                        -75.91140055555556,
                        40.00464361111111
                    ]
                ]
            }
        },
        {
            "type": "Feature",
            "properties": {
                "style": "solid",
                "thickness": 3
            },
            "geometry": {
                "type": "LineString",
                "coordinates": [
                    [
                        -75.77587111111112,
                        40.039271388888885
                    ],
                    [
                        -75.81615305555555,
                        40.029020833333334
                    ]
                ]
            }
        },
        {
            "type": "Feature",
            "properties": {
                "style": "solid",
                "thickness": 3
            },
            "geometry": {
                "type": "LineString",
                "coordinates": [
                    [
                        -75.68183583333334,
                        40.06325777777778
                    ],
                    [
                        -75.72369,
                        40.05257583333333
                    ]
                ]
            }
        },
        {
            "type": "Feature",
            "properties": {
                "style": "solid",
                "thickness": 3
            },
            "geometry": {
                "type": "LineString",
                "coordinates": [
                    [
                        -75.63658333333333,
                        40.13094944444445
                    ],
                    [
                        -75.63537611111111,
                        40.1282075
                    ],
                    [
                        -75.63355916666667,
                        40.122905833333334
                    ],
                    [
                        -75.63197694444443,
                        40.11677944444445
                    ],
                    [
                        -75.63746944444445,
                        40.07448138888889
                    ],
                    [
                        -75.64698638888889,
                        40.072071111111114
                    ]
                ]
            }
        },
        {
            "type": "Feature",
            "properties": {
                "style": "solid",
                "thickness": 3
            },
            "geometry": {
                "type": "LineString",
                "coordinates": [
                    [
                        -75.37513416666665,
                        39.83625388888889
                    ],
                    [
                        -75.36015583333332,
                        39.82107416666667
                    ],
                    [
                        -75.35671388888888,
                        39.82080277777778
                    ]
                ]
            }
        },
        {
            "type": "Feature",
            "properties": {
                "style": "solid",
                "thickness": 3
            },
            "geometry": {
                "type": "LineString",
                "coordinates": [
                    [
                        -75.38213499999999,
                        39.83450777777778
                    ],
                    [
                        -75.37869222222221,
                        39.83423666666667
                    ],
                    [
                        -75.36264555555555,
                        39.81915027777778
                    ],
                    [
                        -75.36299777777778,
                        39.81649611111111
                    ]
                ]
            }
        },
        {
            "type": "Feature",
            "properties": {
                "style": "solid",
                "thickness": 3
            },
            "geometry": {
                "type": "LineString",
                "coordinates": [
                    [
                        -75.20449444444445,
                        39.8908325
                    ],
                    [
                        -75.20104888888889,
                        39.891288333333335
                    ],
                    [
                        -75.19343944444445,
                        39.89695805555556
                    ],
                    [
                        -75.19284222222223,
                        39.899611944444445
                    ]
                ]
            }
        },
        {
            "type": "Feature",
            "properties": {
                "style": "solid",
                "thickness": 3
            },
            "geometry": {
                "type": "LineString",
                "coordinates": [
                    [
                        -75.19927111111112,
                        39.886802777777774
                    ],
                    [
                        -75.19867444444445,
                        39.88945694444445
                    ],
                    [
                        -75.19106472222222,
                        39.89512638888889
                    ],
                    [
                        -75.18761888888889,
                        39.89558111111111
                    ]
                ]
            }
        },
        {
            "type": "Feature",
            "properties": {
                "style": "solid",
                "thickness": 3
            },
            "geometry": {
                "type": "LineString",
                "coordinates": [
                    [
                        -75.14208166666667,
                        39.91247194444444
                    ],
                    [
                        -75.14042222222223,
                        39.91018222222222
                    ],
                    [
                        -75.12105749999999,
                        39.90732305555555
                    ],
                    [
                        -75.11843888888889,
                        39.90914972222222
                    ]
                ]
            }
        },
        {
            "type": "Feature",
            "properties": {
                "style": "solid",
                "thickness": 3
            },
            "geometry": {
                "type": "LineString",
                "coordinates": [
                    [
                        -75.1441138888889,
                        39.90606805555555
                    ],
                    [
                        -75.14125916666667,
                        39.90762111111111
                    ],
                    [
                        -75.12094444444443,
                        39.90448527777777
                    ],
                    [
                        -75.11928583333332,
                        39.90219555555555
                    ]
                ]
            }
        },
        {
            "type": "Feature",
            "properties": {
                "style": "solid",
                "thickness": 3
            },
            "geometry": {
                "type": "LineString",
                "coordinates": [
                    [
                        -75.53461416666667,
                        39.69642583333333
                    ],
                    [
                        -75.53270944444445,
                        39.69414222222222
                    ],
                    [
                        -75.50875222222223,
                        39.68659833333333
                    ],
                    [
                        -75.50543805555556,
                        39.68715472222222
                    ]
                ]
            }
        },
        {
            "type": "Feature",
            "properties": {
                "style": "solid",
                "thickness": 3
            },
            "geometry": {
                "type": "LineString",
                "coordinates": [
                    [
                        -75.53708277777777,
                        39.69147805555555
                    ],
                    [
                        -75.53376777777778,
                        39.69203472222222
                    ],
                    [
                        -75.50992972222222,
                        39.68449111111111
                    ],
                    [
                        -75.5080263888889,
                        39.68220722222222
                    ]
                ]
            }
        },
        {
            "type": "Feature",
            "properties": {
                "style": "solid",
                "thickness": 3
            },
            "geometry": {
                "type": "LineString",
                "coordinates": [
                    [
                        -74.70406555555556,
                        40.34157305555556
                    ],
                    [
                        -74.59253555555556,
                        40.239492222222225
                    ]
                ]
            }
        },
        {
            "type": "Feature",
            "properties": {
                "style": "solid",
                "thickness": 3
            },
            "geometry": {
                "type": "LineString",
                "coordinates": [
                    [
                        -74.66500444444445,
                        40.25498944444445
                    ],
                    [
                        -74.64394333333334,
                        40.25927138888889
                    ]
                ]
            }
        },
        {
            "type": "Feature",
            "properties": {
                "style": "solid",
                "thickness": 3
            },
            "geometry": {
                "type": "LineString",
                "coordinates": [
                    [
                        -74.61940916666666,
                        40.26417055555556
                    ],
                    [
                        -74.60193333333332,
                        40.26773277777777
                    ]
                ]
            }
        },
        {
            "type": "Feature",
            "properties": {
                "style": "solid",
                "thickness": 3
            },
            "geometry": {
                "type": "LineString",
                "coordinates": [
                    [
                        -74.58086416666666,
                        40.27200305555556
                    ],
                    [
                        -74.55991361111111,
                        40.27617861111111
                    ]
                ]
            }
        },
        {
            "type": "Feature",
            "properties": {
                "style": "solid",
                "thickness": 3
            },
            "geometry": {
                "type": "LineString",
                "coordinates": [
                    [
                        -74.53884027777778,
                        40.28035027777778
                    ],
                    [
                        -74.5177638888889,
                        40.28451777777778
                    ]
                ]
            }
        },
        {
            "type": "Feature",
            "properties": {
                "style": "solid",
                "thickness": 3
            },
            "geometry": {
                "type": "LineString",
                "coordinates": [
                    [
                        -74.69300277777778,
                        40.26336666666667
                    ],
                    [
                        -74.66500444444445,
                        40.25498944444445
                    ]
                ]
            }
        },
        {
            "type": "Feature",
            "properties": {
                "style": "solid",
                "thickness": 3
            },
            "geometry": {
                "type": "LineString",
                "coordinates": [
                    [
                        -75.32876499999999,
                        39.49418388888889
                    ],
                    [
                        -75.32523805555554,
                        39.51358805555556
                    ]
                ]
            }
        },
        {
            "type": "Feature",
            "properties": {
                "style": "solid",
                "thickness": 3
            },
            "geometry": {
                "type": "LineString",
                "coordinates": [
                    [
                        -75.33964444444445,
                        39.505251944444446
                    ],
                    [
                        -75.31435944444443,
                        39.502519444444445
                    ]
                ]
            }
        },
        {
            "type": "Feature",
            "properties": {
                "style": "solid",
                "thickness": 3
            },
            "geometry": {
                "type": "LineString",
                "coordinates": [
                    [
                        -75.37887166666665,
                        39.21637916666667
                    ],
                    [
                        -75.38236805555555,
                        39.19688166666666
                    ]
                ]
            }
        },
        {
            "type": "Feature",
            "properties": {
                "style": "solid",
                "thickness": 3
            },
            "geometry": {
                "type": "LineString",
                "coordinates": [
                    [
                        -75.36838277777777,
                        39.20439944444445
                    ],
                    [
                        -75.39297583333334,
                        39.2090425
                    ]
                ]
            }
        },
        {
            "type": "Feature",
            "properties": {
                "style": "solid",
                "thickness": 3
            },
            "geometry": {
                "type": "LineString",
                "coordinates": [
                    [
                        -75.34389583333333,
                        40.03258472222222
                    ],
                    [
                        -75.32914472222222,
                        40.04513138888889
                    ]
                ]
            }
        },
        {
            "type": "Feature",
            "properties": {
                "style": "solid",
                "thickness": 3
            },
            "geometry": {
                "type": "LineString",
                "coordinates": [
                    [
                        -75.30580805555556,
                        40.466095833333334
                    ],
                    [
                        -75.30112472222221,
                        40.44532472222222
                    ]
                ]
            }
        },
        {
            "type": "Feature",
            "properties": {
                "style": "solid",
                "thickness": 3
            },
            "geometry": {
                "type": "LineString",
                "coordinates": [
                    [
                        -75.39337805555556,
                        40.459719722222225
                    ],
                    [
                        -75.1065286111111,
                        40.480449722222225
                    ]
                ]
            }
        },
        {
            "type": "Feature",
            "properties": {
                "style": "solid",
                "thickness": 3
            },
            "geometry": {
                "type": "LineString",
                "coordinates": [
                    [
                        -75.09226555555556,
                        40.48152805555556
                    ],
                    [
                        -75.06661472222223,
                        40.48331694444445
                    ]
                ]
            }
        },
        {
            "type": "Feature",
            "properties": {
                "style": "solid",
                "thickness": 3
            },
            "geometry": {
                "type": "LineString",
                "coordinates": [
                    [
                        -75.23835416666667,
                        40.18012916666667
                    ],
                    [
                        -75.23595861111112,
                        40.17443027777777
                    ],
                    [
                        -75.23296583333334,
                        40.168901388888884
                    ],
                    [
                        -75.2293938888889,
                        40.163577499999995
                    ],
                    [
                        -75.22526888888889,
                        40.15849611111111
                    ],
                    [
                        -75.22061666666667,
                        40.15368861111111
                    ],
                    [
                        -75.21546972222222,
                        40.149189722222225
                    ],
                    [
                        -75.21546972222222,
                        40.149189722222225
                    ]
                ]
            }
        },
        {
            "type": "Feature",
            "properties": {
                "style": "solid",
                "thickness": 3
            },
            "geometry": {
                "type": "LineString",
                "coordinates": [
                    [
                        -75.11142694444443,
                        40.014385833333336
                    ],
                    [
                        -75.15968333333333,
                        39.980853333333336
                    ]
                ]
            }
        },
        {
            "type": "Feature",
            "properties": {
                "style": "solid",
                "thickness": 3
            },
            "geometry": {
                "type": "LineString",
                "coordinates": [
                    [
                        -75.11867388888888,
                        40.02061805555555
                    ],
                    [
                        -75.10418138888889,
                        40.00815277777778
                    ]
                ]
            }
        },
        {
            "type": "Feature",
            "properties": {
                "style": "solid",
                "thickness": 3
            },
            "geometry": {
                "type": "LineString",
                "coordinates": [
                    [
                        -74.90763777777778,
                        40.15532583333333
                    ],
                    [
                        -74.86560555555555,
                        40.18419861111111
                    ]
                ]
            }
        },
        {
            "type": "Feature",
            "properties": {
                "style": "solid",
                "thickness": 3
            },
            "geometry": {
                "type": "LineString",
                "coordinates": [
                    [
                        -75.27593194444444,
                        40.144258888888885
                    ],
                    [
                        -75.28225,
                        40.13757694444445
                    ]
                ]
            }
        },
        {
            "type": "Feature",
            "properties": {
                "style": "solid",
                "thickness": 3
            },
            "geometry": {
                "type": "LineString",
                "coordinates": [
                    [
                        -74.99970944444445,
                        40.40018527777778
                    ],
                    [
                        -75.00703416666667,
                        40.39407055555556
                    ]
                ]
            }
        },
        {
            "type": "Feature",
            "properties": {
                "style": "solid",
                "thickness": 3
            },
            "geometry": {
                "type": "LineString",
                "coordinates": [
                    [
                        -75.16808722222223,
                        40.25787666666667
                    ],
                    [
                        -75.17538222222223,
                        40.25175138888889
                    ]
                ]
            }
        },
        {
            "type": "Feature",
            "properties": {
                "style": "solid",
                "thickness": 3
            },
            "geometry": {
                "type": "LineString",
                "coordinates": [
                    [
                        -75.17849111111111,
                        40.24873361111111
                    ],
                    [
                        -75.18482944444445,
                        40.24196666666667
                    ]
                ]
            }
        },
        {
            "type": "Feature",
            "properties": {
                "style": "solid",
                "thickness": 3
            },
            "geometry": {
                "type": "LineString",
                "coordinates": [
                    [
                        -75.26675,
                        40.15414277777778
                    ],
                    [
                        -75.27307,
                        40.14737
                    ]
                ]
            }
        },
        {
            "type": "Feature",
            "properties": {
                "style": "solid",
                "thickness": 3
            },
            "geometry": {
                "type": "LineString",
                "coordinates": [
                    [
                        -76.17519416666667,
                        39.80335611111111
                    ],
                    [
                        -76.18634555555556,
                        39.785420277777774
                    ]
                ]
            }
        },
        {
            "type": "Feature",
            "properties": {
                "style": "solid",
                "thickness": 3
            },
            "geometry": {
                "type": "LineString",
                "coordinates": [
                    [
                        -76.16816111111112,
                        39.79187916666667
                    ],
                    [
                        -76.19314361111111,
                        39.79689805555555
                    ]
                ]
            }
        },
        {
            "type": "Feature",
            "properties": {
                "style": "solid",
                "thickness": 3
            },
            "geometry": {
                "type": "LineString",
                "coordinates": [
                    [
                        -75.78867555555556,
                        39.84446166666667
                    ],
                    [
                        -75.80864194444445,
                        39.831923055555556
                    ]
                ]
            }
        },
        {
            "type": "Feature",
            "properties": {
                "style": "solid",
                "thickness": 3
            },
            "geometry": {
                "type": "LineString",
                "coordinates": [
                    [
                        -75.78987833333333,
                        39.830911111111114
                    ],
                    [
                        -75.8073236111111,
                        39.84547416666667
                    ]
                ]
            }
        },
        {
            "type": "Feature",
            "properties": {
                "style": "solid",
                "thickness": 3
            },
            "geometry": {
                "type": "LineString",
                "coordinates": [
                    [
                        -75.81145527777778,
                        39.7226325
                    ],
                    [
                        -75.79039055555555,
                        39.726757222222226
                    ]
                ]
            }
        },
        {
            "type": "Feature",
            "properties": {
                "style": "solid",
                "thickness": 3
            },
            "geometry": {
                "type": "LineString",
                "coordinates": [
                    [
                        -75.39276333333333,
                        39.80392916666666
                    ],
                    [
                        -75.3716486111111,
                        39.80797694444444
                    ]
                ]
            }
        },
        {
            "type": "Feature",
            "properties": {
                "style": "solid",
                "thickness": 3
            },
            "geometry": {
                "type": "LineString",
                "coordinates": [
                    [
                        -75.685265,
                        39.74732111111111
                    ],
                    [
                        -75.66430333333334,
                        39.751422222222224
                    ]
                ]
            }
        },
        {
            "type": "Feature",
            "properties": {
                "style": "solid",
                "thickness": 3
            },
            "geometry": {
                "type": "LineString",
                "coordinates": [
                    [
                        -75.56111722222222,
                        39.771499722222224
                    ],
                    [
                        -75.54014111111111,
                        39.775578333333335
                    ]
                ]
            }
        },
        {
            "type": "Feature",
            "properties": {
                "style": "solid",
                "thickness": 3
            },
            "geometry": {
                "type": "LineString",
                "coordinates": [
                    [
                        -74.63135472222221,
                        40.02025333333333
                    ],
                    [
                        -74.61333583333332,
                        40.00001833333334
                    ]
                ]
            }
        },
        {
            "type": "Feature",
            "properties": {
                "style": "solid",
                "thickness": 3
            },
            "geometry": {
                "type": "LineString",
                "coordinates": [
                    [
                        -74.89253388888889,
                        39.99485027777778
                    ],
                    [
                        -74.91534361111111,
                        39.97863111111111
                    ]
                ]
            }
        },
        {
            "type": "Feature",
            "properties": {
                "style": "solid",
                "thickness": 3
            },
            "geometry": {
                "type": "LineString",
                "coordinates": [
                    [
                        -74.97524194444445,
                        39.93615055555555
                    ],
                    [
                        -74.997775,
                        39.92000611111111
                    ]
                ]
            }
        },
        {
            "type": "Feature",
            "properties": {
                "style": "solid",
                "thickness": 3
            },
            "geometry": {
                "type": "LineString",
                "coordinates": [
                    [
                        -74.76383416666667,
                        40.085881111111114
                    ],
                    [
                        -74.78670472222223,
                        40.06968777777778
                    ]
                ]
            }
        },
        {
            "type": "Feature",
            "properties": {
                "style": "solid",
                "thickness": 3
            },
            "geometry": {
                "type": "LineString",
                "coordinates": [
                    [
                        -74.80932555555555,
                        40.05367222222222
                    ],
                    [
                        -74.8321736111111,
                        40.03756166666666
                    ]
                ]
            }
        },
        {
            "type": "Feature",
            "properties": {
                "style": "solid",
                "thickness": 3
            },
            "geometry": {
                "type": "LineString",
                "coordinates": [
                    [
                        -74.82081166666666,
                        39.97226555555556
                    ],
                    [
                        -74.82090888888888,
                        39.957348333333336
                    ]
                ]
            }
        },
        {
            "type": "Feature",
            "properties": {
                "style": "solid",
                "thickness": 3
            },
            "geometry": {
                "type": "LineString",
                "coordinates": [
                    [
                        -74.9541438888889,
                        39.79167777777778
                    ],
                    [
                        -74.9473925,
                        39.814996944444445
                    ]
                ]
            }
        },
        {
            "type": "Feature",
            "properties": {
                "style": "solid",
                "thickness": 3
            },
            "geometry": {
                "type": "LineString",
                "coordinates": [
                    [
                        -74.90278527777778,
                        39.96898361111111
                    ],
                    [
                        -74.8961175,
                        39.99229916666667
                    ]
                ]
            }
        },
        {
            "type": "Feature",
            "properties": {
                "style": "solid",
                "thickness": 3
            },
            "geometry": {
                "type": "LineString",
                "coordinates": [
                    [
                        -74.91755805555556,
                        39.91750416666667
                    ],
                    [
                        -74.91101888888889,
                        39.940912499999996
                    ]
                ]
            }
        },
        {
            "type": "Feature",
            "properties": {
                "style": "solid",
                "thickness": 3
            },
            "geometry": {
                "type": "LineString",
                "coordinates": [
                    [
                        -74.69684333333333,
                        39.97501666666667
                    ],
                    [
                        -74.6836388888889,
                        39.97504277777778
                    ]
                ]
            }
        },
        {
            "type": "Feature",
            "properties": {
                "style": "solid",
                "thickness": 3
            },
            "geometry": {
                "type": "LineString",
                "coordinates": [
                    [
                        -74.66294083333334,
                        39.975028611111114
                    ],
                    [
                        -74.5916861111111,
                        39.97500138888889
                    ]
                ]
            }
        },
        {
            "type": "Feature",
            "properties": {
                "style": "solid",
                "thickness": 3
            },
            "geometry": {
                "type": "LineString",
                "coordinates": [
                    [
                        -74.6847575,
                        39.98337638888889
                    ],
                    [
                        -74.67494305555556,
                        39.99019083333334
                    ]
                ]
            }
        },
        {
            "type": "Feature",
            "properties": {
                "style": "solid",
                "thickness": 3
            },
            "geometry": {
                "type": "LineString",
                "coordinates": [
                    [
                        -74.65363305555556,
                        40.00490638888889
                    ],
                    [
                        -74.63135472222221,
                        40.02025333333333
                    ]
                ]
            }
        },
        {
            "type": "Feature",
            "properties": {
                "style": "solid",
                "thickness": 3
            },
            "geometry": {
                "type": "LineString",
                "coordinates": [
                    [
                        -74.61333583333332,
                        40.00001833333334
                    ],
                    [
                        -74.67318944444445,
                        39.959157222222224
                    ]
                ]
            }
        },
        {
            "type": "Feature",
            "properties": {
                "style": "solid",
                "thickness": 3
            },
            "geometry": {
                "type": "LineString",
                "coordinates": [
                    [
                        -74.7122975,
                        39.93207805555555
                    ],
                    [
                        -74.7354838888889,
                        39.91607916666666
                    ]
                ]
            }
        },
        {
            "type": "Feature",
            "properties": {
                "style": "solid",
                "thickness": 3
            },
            "geometry": {
                "type": "LineString",
                "coordinates": [
                    [
                        -74.82236222222222,
                        39.73303861111111
                    ],
                    [
                        -74.82246972222222,
                        39.71638222222222
                    ]
                ]
            }
        },
        {
            "type": "Feature",
            "properties": {
                "style": "solid",
                "thickness": 3
            },
            "geometry": {
                "type": "LineString",
                "coordinates": [
                    [
                        -74.82103388888889,
                        39.93813027777777
                    ],
                    [
                        -74.82118916666666,
                        39.91415305555555
                    ]
                ]
            }
        },
        {
            "type": "Feature",
            "properties": {
                "style": "solid",
                "thickness": 3
            },
            "geometry": {
                "type": "LineString",
                "coordinates": [
                    [
                        -74.82131416666667,
                        39.894934444444445
                    ],
                    [
                        -74.82146944444445,
                        39.87095638888889
                    ]
                ]
            }
        },
        {
            "type": "Feature",
            "properties": {
                "style": "solid",
                "thickness": 3
            },
            "geometry": {
                "type": "LineString",
                "coordinates": [
                    [
                        -74.82164,
                        39.84469138888889
                    ],
                    [
                        -74.82179527777778,
                        39.82071305555556
                    ]
                ]
            }
        },
        {
            "type": "Feature",
            "properties": {
                "style": "solid",
                "thickness": 3
            },
            "geometry": {
                "type": "LineString",
                "coordinates": [
                    [
                        -74.82200138888888,
                        39.788865277777774
                    ],
                    [
                        -74.82215611111111,
                        39.76488666666667
                    ]
                ]
            }
        },
        {
            "type": "Feature",
            "properties": {
                "style": "solid",
                "thickness": 3
            },
            "geometry": {
                "type": "LineString",
                "coordinates": [
                    [
                        -75.3748836111111,
                        39.46538694444445
                    ],
                    [
                        -75.37604583333332,
                        39.46169666666667
                    ],
                    [
                        -75.37711277777777,
                        39.45798888888889
                    ],
                    [
                        -75.37808472222221,
                        39.45426638888889
                    ]
                ]
            }
        },
        {
            "type": "Feature",
            "properties": {
                "style": "solid",
                "thickness": 3
            },
            "geometry": {
                "type": "LineString",
                "coordinates": [
                    [
                        -74.93242833333333,
                        39.86602277777778
                    ],
                    [
                        -74.9258988888889,
                        39.88943222222222
                    ]
                ]
            }
        },
        {
            "type": "Feature",
            "properties": {
                "style": "solid",
                "thickness": 3
            },
            "geometry": {
                "type": "LineString",
                "coordinates": [
                    [
                        -74.9541438888889,
                        39.79167777777778
                    ],
                    [
                        -74.9518013888889,
                        39.78517361111111
                    ]
                ]
            }
        },
        {
            "type": "Feature",
            "properties": {
                "style": "solid",
                "thickness": 3
            },
            "geometry": {
                "type": "LineString",
                "coordinates": [
                    [
                        -75.34706555555555,
                        40.09618583333334
                    ],
                    [
                        -75.32679722222223,
                        40.084118333333336
                    ]
                ]
            }
        },
        {
            "type": "Feature",
            "properties": {
                "style": "solid",
                "thickness": 3
            },
            "geometry": {
                "type": "LineString",
                "coordinates": [
                    [
                        -75.32549583333333,
                        40.09455166666667
                    ],
                    [
                        -75.34836416666666,
                        40.085752222222226
                    ]
                ]
            }
        },
        {
            "type": "Feature",
            "properties": {
                "style": "solid",
                "thickness": 3
            },
            "geometry": {
                "type": "LineString",
                "coordinates": [
                    [
                        -75.48728416666667,
                        39.82566055555556
                    ],
                    [
                        -75.46636305555556,
                        39.815082499999995
                    ]
                ]
            }
        },
        {
            "type": "Feature",
            "properties": {
                "style": "solid",
                "thickness": 3
            },
            "geometry": {
                "type": "LineString",
                "coordinates": [
                    [
                        -75.49991111111112,
                        40.511993333333336
                    ],
                    [
                        -75.50397611111111,
                        40.49257583333333
                    ]
                ]
            }
        },
        {
            "type": "Feature",
            "properties": {
                "style": "solid",
                "thickness": 3
            },
            "geometry": {
                "type": "LineString",
                "coordinates": [
                    [
                        -75.51314388888889,
                        40.50714055555556
                    ],
                    [
                        -75.490745,
                        40.4974275
                    ]
                ]
            }
        },
        {
            "type": "Feature",
            "properties": {
                "style": "solid",
                "thickness": 3
            },
            "geometry": {
                "type": "LineString",
                "coordinates": [
                    [
                        -74.60123055555555,
                        40.01425527777778
                    ],
                    [
                        -74.58216,
                        40.016889722222224
                    ]
                ]
            }
        },
        {
            "type": "Feature",
            "properties": {
                "style": "solid",
                "thickness": 3
            },
            "geometry": {
                "type": "LineString",
                "coordinates": [
                    [
                        -74.5934086111111,
                        40.02290388888889
                    ],
                    [
                        -74.58998249999999,
                        40.00824138888889
                    ]
                ]
            }
        },
        {
            "type": "Feature",
            "properties": {
                "style": "solid",
                "thickness": 3
            },
            "geometry": {
                "type": "LineString",
                "coordinates": [
                    [
                        -74.35382861111111,
                        40.04243583333333
                    ],
                    [
                        -74.35045249999999,
                        40.02776583333333
                    ]
                ]
            }
        },
        {
            "type": "Feature",
            "properties": {
                "style": "solid",
                "thickness": 3
            },
            "geometry": {
                "type": "LineString",
                "coordinates": [
                    [
                        -74.3616825,
                        40.03380277777777
                    ],
                    [
                        -74.34259777777777,
                        40.03639805555555
                    ]
                ]
            }
        },
        {
            "type": "Feature",
            "properties": {
                "style": "solid",
                "thickness": 3
            },
            "geometry": {
                "type": "LineString",
                "coordinates": [
                    [
                        -75.30360361111111,
                        40.023295833333336
                    ],
                    [
                        -75.28453888888889,
                        39.98504916666667
                    ]
                ]
            }
        },
        {
            "type": "Feature",
            "properties": {
                "style": "solid",
                "thickness": 3
            },
            "geometry": {
                "type": "LineString",
                "coordinates": [
                    [
                        -75.06141472222222,
                        39.704258611111115
                    ],
                    [
                        -75.05713138888889,
                        39.71010805555556
                    ]
                ]
            }
        },
        {
            "type": "Feature",
            "properties": {
                "style": "solid",
                "thickness": 3
            },
            "geometry": {
                "type": "LineString",
                "coordinates": [
                    [
                        -75.05070444444443,
                        39.71906527777778
                    ],
                    [
                        -75.04641972222223,
                        39.72482361111111
                    ]
                ]
            }
        },
        {
            "type": "Feature",
            "properties": {
                "style": "solid",
                "thickness": 3
            },
            "geometry": {
                "type": "LineString",
                "coordinates": [
                    [
                        -75.03464777777778,
                        39.73052972222222
                    ],
                    [
                        -75.0375425,
                        39.730313611111114
                    ],
                    [
                        -75.04039999999999,
                        39.72989805555556
                    ],
                    [
                        -75.04319888888888,
                        39.729287222222226
                    ]
                ]
            }
        },
        {
            "type": "Feature",
            "properties": {
                "style": "solid",
                "thickness": 3
            },
            "geometry": {
                "type": "LineString",
                "coordinates": [
                    [
                        -75.04593777777778,
                        39.68249611111111
                    ],
                    [
                        -75.04320194444445,
                        39.681686388888885
                    ],
                    [
                        -75.04038249999999,
                        39.68107083333333
                    ],
                    [
                        -75.0375025,
                        39.68065416666666
                    ]
                ]
            }
        },
        {
            "type": "Feature",
            "properties": {
                "style": "solid",
                "thickness": 3
            },
            "geometry": {
                "type": "LineString",
                "coordinates": [
                    [
                        -75.02683083333334,
                        39.680862499999996
                    ],
                    [
                        -75.02401361111112,
                        39.68138333333333
                    ],
                    [
                        -75.02126777777778,
                        39.68209694444444
                    ],
                    [
                        -75.01861472222222,
                        39.68299583333333
                    ]
                ]
            }
        },
        {
            "type": "Feature",
            "properties": {
                "style": "solid",
                "thickness": 3
            },
            "geometry": {
                "type": "LineString",
                "coordinates": [
                    [
                        -75.0098875,
                        39.68785694444444
                    ],
                    [
                        -75.0079363888889,
                        39.689524999999996
                    ],
                    [
                        -75.00618638888889,
                        39.69132083333333
                    ],
                    [
                        -75.00465111111112,
                        39.69323138888888
                    ],
                    [
                        -75.00465111111112,
                        39.69323138888888
                    ]
                ]
            }
        },
        {
            "type": "Feature",
            "properties": {
                "style": "solid",
                "thickness": 3
            },
            "geometry": {
                "type": "LineString",
                "coordinates": [
                    [
                        -75.001035,
                        39.700990833333336
                    ],
                    [
                        -75.00064083333334,
                        39.703228055555556
                    ],
                    [
                        -75.00050805555556,
                        39.7054825
                    ],
                    [
                        -75.00063916666667,
                        39.70773777777778
                    ]
                ]
            }
        },
        {
            "type": "Feature",
            "properties": {
                "style": "solid",
                "thickness": 3
            },
            "geometry": {
                "type": "LineString",
                "coordinates": [
                    [
                        -75.00333944444445,
                        39.71573166666667
                    ],
                    [
                        -75.0046488888889,
                        39.71774388888889
                    ],
                    [
                        -75.00618638888889,
                        39.719657222222224
                    ],
                    [
                        -75.00794083333334,
                        39.72145666666667
                    ]
                ]
            }
        },
        {
            "type": "Feature",
            "properties": {
                "style": "solid",
                "thickness": 3
            },
            "geometry": {
                "type": "LineString",
                "coordinates": [
                    [
                        -75.01606833333334,
                        39.72689555555556
                    ],
                    [
                        -75.01861305555555,
                        39.72797666666667
                    ],
                    [
                        -75.02127277777778,
                        39.728878333333334
                    ],
                    [
                        -75.02402666666667,
                        39.72959222222222
                    ]
                ]
            }
        },
        {
            "type": "Feature",
            "properties": {
                "style": "solid",
                "thickness": 3
            },
            "geometry": {
                "type": "LineString",
                "coordinates": [
                    [
                        -75.06458888888889,
                        39.69978694444444
                    ],
                    [
                        -75.06380194444444,
                        39.697626111111106
                    ],
                    [
                        -75.06276833333332,
                        39.69552833333333
                    ],
                    [
                        -75.06149583333332,
                        39.693509999999996
                    ]
                ]
            }
        },
        {
            "type": "Feature",
            "properties": {
                "style": "solid",
                "thickness": 3
            },
            "geometry": {
                "type": "LineString",
                "coordinates": [
                    [
                        -75.0574063888889,
                        39.68897444444444
                    ],
                    [
                        -75.05574138888889,
                        39.68761166666666
                    ],
                    [
                        -75.05395,
                        39.6863475
                    ],
                    [
                        -75.05204166666667,
                        39.68519166666666
                    ]
                ]
            }
        },
        {
            "type": "Feature",
            "properties": {
                "style": "solid",
                "thickness": 3
            },
            "geometry": {
                "type": "LineString",
                "coordinates": [
                    [
                        -75.29223083333333,
                        40.4141975
                    ],
                    [
                        -75.29515388888889,
                        40.413975
                    ],
                    [
                        -75.29803833333334,
                        40.413552777777774
                    ],
                    [
                        -75.30086277777778,
                        40.41293583333333
                    ]
                ]
            }
        },
        {
            "type": "Feature",
            "properties": {
                "style": "solid",
                "thickness": 3
            },
            "geometry": {
                "type": "LineString",
                "coordinates": [
                    [
                        -75.30345249999999,
                        40.366145
                    ],
                    [
                        -75.30068555555555,
                        40.365341944444445
                    ],
                    [
                        -75.29783583333334,
                        40.3647325
                    ],
                    [
                        -75.29492583333334,
                        40.3643225
                    ]
                ]
            }
        },
        {
            "type": "Feature",
            "properties": {
                "style": "solid",
                "thickness": 3
            },
            "geometry": {
                "type": "LineString",
                "coordinates": [
                    [
                        -75.2841475,
                        40.36455388888889
                    ],
                    [
                        -75.28130416666667,
                        40.36508166666667
                    ],
                    [
                        -75.27853361111111,
                        40.36580055555556
                    ],
                    [
                        -75.2758575,
                        40.366706111111114
                    ]
                ]
            }
        },
        {
            "type": "Feature",
            "properties": {
                "style": "solid",
                "thickness": 3
            },
            "geometry": {
                "type": "LineString",
                "coordinates": [
                    [
                        -75.26706055555556,
                        40.371586111111114
                    ],
                    [
                        -75.26509638888889,
                        40.37325777777778
                    ],
                    [
                        -75.26333611111112,
                        40.375057222222225
                    ],
                    [
                        -75.26179305555556,
                        40.37697055555556
                    ],
                    [
                        -75.26179305555556,
                        40.37697055555556
                    ]
                ]
            }
        },
        {
            "type": "Feature",
            "properties": {
                "style": "solid",
                "thickness": 3
            },
            "geometry": {
                "type": "LineString",
                "coordinates": [
                    [
                        -75.25816944444445,
                        40.38473805555555
                    ],
                    [
                        -75.25777972222222,
                        40.38697527777778
                    ],
                    [
                        -75.25765416666667,
                        40.38922972222222
                    ],
                    [
                        -75.25779472222223,
                        40.39148472222222
                    ]
                ]
            }
        },
        {
            "type": "Feature",
            "properties": {
                "style": "solid",
                "thickness": 3
            },
            "geometry": {
                "type": "LineString",
                "coordinates": [
                    [
                        -75.2605525,
                        40.39947111111111
                    ],
                    [
                        -75.26188222222223,
                        40.40148027777778
                    ],
                    [
                        -75.26344277777778,
                        40.403390277777774
                    ],
                    [
                        -75.26522138888889,
                        40.405184999999996
                    ]
                ]
            }
        },
        {
            "type": "Feature",
            "properties": {
                "style": "solid",
                "thickness": 3
            },
            "geometry": {
                "type": "LineString",
                "coordinates": [
                    [
                        -75.27345111111111,
                        40.410605833333335
                    ],
                    [
                        -75.276025,
                        40.411680833333335
                    ],
                    [
                        -75.278715,
                        40.41257611111111
                    ],
                    [
                        -75.28149944444445,
                        40.413283888888884
                    ]
                ]
            }
        },
        {
            "type": "Feature",
            "properties": {
                "style": "solid",
                "thickness": 3
            },
            "geometry": {
                "type": "LineString",
                "coordinates": [
                    [
                        -75.32235555555555,
                        40.38339194444444
                    ],
                    [
                        -75.32155277777777,
                        40.381233333333334
                    ],
                    [
                        -75.32050027777777,
                        40.37913805555556
                    ],
                    [
                        -75.31920749999999,
                        40.37712305555556
                    ]
                ]
            }
        },
        {
            "type": "Feature",
            "properties": {
                "style": "solid",
                "thickness": 3
            },
            "geometry": {
                "type": "LineString",
                "coordinates": [
                    [
                        -75.31506,
                        40.372597222222225
                    ],
                    [
                        -75.31337388888889,
                        40.37123805555556
                    ],
                    [
                        -75.31155972222221,
                        40.369978333333336
                    ],
                    [
                        -75.30962749999999,
                        40.36882638888889
                    ]
                ]
            }
        },
        {
            "type": "Feature",
            "properties": {
                "style": "solid",
                "thickness": 3
            },
            "geometry": {
                "type": "LineString",
                "coordinates": [
                    [
                        -75.31045083333333,
                        40.40902916666666
                    ],
                    [
                        -75.31269305555556,
                        40.4075825
                    ],
                    [
                        -75.31475722222221,
                        40.405988888888885
                    ],
                    [
                        -75.31662722222222,
                        40.40426027777777
                    ]
                ]
            }
        },
        {
            "type": "Feature",
            "properties": {
                "style": "solid",
                "thickness": 3
            },
            "geometry": {
                "type": "LineString",
                "coordinates": [
                    [
                        -75.32164999999999,
                        40.39686916666667
                    ],
                    [
                        -75.32242888888888,
                        40.39469694444444
                    ],
                    [
                        -75.3229486111111,
                        40.39247944444445
                    ],
                    [
                        -75.32320694444444,
                        40.390235833333335
                    ]
                ]
            }
        },
        {
            "type": "Feature",
            "properties": {
                "style": "solid",
                "thickness": 3
            },
            "geometry": {
                "type": "LineString",
                "coordinates": [
                    [
                        -75.43221277777778,
                        40.22913916666667
                    ],
                    [
                        -75.43512694444445,
                        40.22891305555556
                    ],
                    [
                        -75.43800361111111,
                        40.22848805555556
                    ],
                    [
                        -75.44081861111111,
                        40.2278675
                    ]
                ]
            }
        },
        {
            "type": "Feature",
            "properties": {
                "style": "solid",
                "thickness": 3
            },
            "geometry": {
                "type": "LineString",
                "coordinates": [
                    [
                        -75.44330527777778,
                        40.18107083333333
                    ],
                    [
                        -75.440545,
                        40.18027138888888
                    ],
                    [
                        -75.43770083333334,
                        40.17966555555555
                    ],
                    [
                        -75.43479805555556,
                        40.17925833333333
                    ]
                ]
            }
        },
        {
            "type": "Feature",
            "properties": {
                "style": "solid",
                "thickness": 3
            },
            "geometry": {
                "type": "LineString",
                "coordinates": [
                    [
                        -75.42404944444445,
                        40.17950333333333
                    ],
                    [
                        -75.421215,
                        40.180034444444445
                    ],
                    [
                        -75.41845305555556,
                        40.18075694444444
                    ],
                    [
                        -75.41578638888889,
                        40.181664999999995
                    ]
                ]
            }
        },
        {
            "type": "Feature",
            "properties": {
                "style": "solid",
                "thickness": 3
            },
            "geometry": {
                "type": "LineString",
                "coordinates": [
                    [
                        -75.40702361111111,
                        40.18655583333333
                    ],
                    [
                        -75.40506805555556,
                        40.18823055555555
                    ],
                    [
                        -75.40331583333334,
                        40.19003277777777
                    ],
                    [
                        -75.40178083333333,
                        40.19194722222222
                    ],
                    [
                        -75.40178083333333,
                        40.19194722222222
                    ]
                ]
            }
        },
        {
            "type": "Feature",
            "properties": {
                "style": "solid",
                "thickness": 3
            },
            "geometry": {
                "type": "LineString",
                "coordinates": [
                    [
                        -75.39818333333334,
                        40.19971944444444
                    ],
                    [
                        -75.39779916666667,
                        40.20195694444445
                    ],
                    [
                        -75.39767888888889,
                        40.204212222222225
                    ],
                    [
                        -75.39782333333333,
                        40.20646638888889
                    ]
                ]
            }
        },
        {
            "type": "Feature",
            "properties": {
                "style": "solid",
                "thickness": 3
            },
            "geometry": {
                "type": "LineString",
                "coordinates": [
                    [
                        -75.40058944444445,
                        40.21445055555556
                    ],
                    [
                        -75.40192,
                        40.216458333333335
                    ],
                    [
                        -75.40348055555556,
                        40.21836583333334
                    ],
                    [
                        -75.40525833333334,
                        40.22015916666667
                    ]
                ]
            }
        },
        {
            "type": "Feature",
            "properties": {
                "style": "solid",
                "thickness": 3
            },
            "geometry": {
                "type": "LineString",
                "coordinates": [
                    [
                        -75.4134763888889,
                        40.225569722222225
                    ],
                    [
                        -75.41604611111111,
                        40.226642222222225
                    ],
                    [
                        -75.41873027777778,
                        40.22753388888889
                    ],
                    [
                        -75.42150833333334,
                        40.22823833333334
                    ]
                ]
            }
        },
        {
            "type": "Feature",
            "properties": {
                "style": "solid",
                "thickness": 3
            },
            "geometry": {
                "type": "LineString",
                "coordinates": [
                    [
                        -75.46219305555556,
                        40.198296388888885
                    ],
                    [
                        -75.46138805555556,
                        40.19613805555555
                    ],
                    [
                        -75.46033416666667,
                        40.194043888888885
                    ],
                    [
                        -75.45904055555556,
                        40.19203083333333
                    ]
                ]
            }
        },
        {
            "type": "Feature",
            "properties": {
                "style": "solid",
                "thickness": 3
            },
            "geometry": {
                "type": "LineString",
                "coordinates": [
                    [
                        -75.45489527777778,
                        40.187509999999996
                    ],
                    [
                        -75.45321055555556,
                        40.18615194444444
                    ],
                    [
                        -75.45139861111112,
                        40.18489472222222
                    ],
                    [
                        -75.44946944444445,
                        40.183745277777774
                    ]
                ]
            }
        },
        {
            "type": "Feature",
            "properties": {
                "style": "solid",
                "thickness": 3
            },
            "geometry": {
                "type": "LineString",
                "coordinates": [
                    [
                        -75.4503725,
                        40.22394972222222
                    ],
                    [
                        -75.45260583333334,
                        40.222499722222224
                    ],
                    [
                        -75.4546613888889,
                        40.22090388888889
                    ],
                    [
                        -75.45652277777778,
                        40.21917277777778
                    ]
                ]
            }
        },
        {
            "type": "Feature",
            "properties": {
                "style": "solid",
                "thickness": 3
            },
            "geometry": {
                "type": "LineString",
                "coordinates": [
                    [
                        -75.46151722222223,
                        40.211775833333334
                    ],
                    [
                        -75.46228888888889,
                        40.20960222222222
                    ],
                    [
                        -75.46280277777778,
                        40.20738388888889
                    ],
                    [
                        -75.46305555555556,
                        40.20513916666667
                    ]
                ]
            }
        },
        {
            "type": "Feature",
            "properties": {
                "style": "solid",
                "thickness": 3
            },
            "geometry": {
                "type": "LineString",
                "coordinates": [
                    [
                        -74.96045833333334,
                        39.26889305555555
                    ],
                    [
                        -74.94565416666667,
                        39.252918333333334
                    ]
                ]
            }
        },
        {
            "type": "Feature",
            "properties": {
                "style": "solid",
                "thickness": 3
            },
            "geometry": {
                "type": "LineString",
                "coordinates": [
                    [
                        -74.963565,
                        39.25541444444445
                    ],
                    [
                        -74.94252055555556,
                        39.26636972222222
                    ]
                ]
            }
        },
        {
            "type": "Feature",
            "properties": {
                "style": "solid",
                "thickness": 3
            },
            "geometry": {
                "type": "LineString",
                "coordinates": [
                    [
                        -75.42458722222223,
                        39.013579722222225
                    ],
                    [
                        -75.40368833333333,
                        39.02461944444445
                    ]
                ]
            }
        },
        {
            "type": "Feature",
            "properties": {
                "style": "solid",
                "thickness": 3
            },
            "geometry": {
                "type": "LineString",
                "coordinates": [
                    [
                        -75.41587833333334,
                        39.009349722222225
                    ],
                    [
                        -75.41239861111112,
                        39.02885083333333
                    ]
                ]
            }
        },
        {
            "type": "Feature",
            "properties": {
                "style": "solid",
                "thickness": 3
            },
            "geometry": {
                "type": "LineString",
                "coordinates": [
                    [
                        -75.69055194444445,
                        39.060556388888884
                    ],
                    [
                        -75.66533638888889,
                        39.06164222222222
                    ]
                ]
            }
        },
        {
            "type": "Feature",
            "properties": {
                "style": "solid",
                "thickness": 3
            },
            "geometry": {
                "type": "LineString",
                "coordinates": [
                    [
                        -75.68544194444445,
                        39.05317972222222
                    ],
                    [
                        -75.67044472222223,
                        39.06902027777778
                    ]
                ]
            }
        },
        {
            "type": "Feature",
            "properties": {
                "style": "solid",
                "thickness": 3
            },
            "geometry": {
                "type": "LineString",
                "coordinates": [
                    [
                        -76.21624055555556,
                        39.150863888888885
                    ],
                    [
                        -76.24148111111111,
                        39.15205722222222
                    ]
                ]
            }
        },
        {
            "type": "Feature",
            "properties": {
                "style": "solid",
                "thickness": 3
            },
            "geometry": {
                "type": "LineString",
                "coordinates": [
                    [
                        -76.22035333333334,
                        39.15874361111111
                    ],
                    [
                        -76.23736694444445,
                        39.144178333333336
                    ]
                ]
            }
        },
        {
            "type": "Feature",
            "properties": {
                "style": "solid",
                "thickness": 3
            },
            "geometry": {
                "type": "LineString",
                "coordinates": [
                    [
                        -74.12607055555554,
                        39.52328166666666
                    ],
                    [
                        -74.15148444444445,
                        39.523807222222224
                    ]
                ]
            }
        },
        {
            "type": "Feature",
            "properties": {
                "style": "solid",
                "thickness": 3
            },
            "geometry": {
                "type": "LineString",
                "coordinates": [
                    [
                        -74.12897888888888,
                        39.52981666666667
                    ],
                    [
                        -74.14857444444445,
                        39.517272222222225
                    ]
                ]
            }
        },
        {
            "type": "Feature",
            "properties": {
                "style": "solid",
                "thickness": 3
            },
            "geometry": {
                "type": "LineString",
                "coordinates": [
                    [
                        -75.66027055555556,
                        39.31088694444444
                    ],
                    [
                        -75.63956416666667,
                        39.29953444444444
                    ]
                ]
            }
        },
        {
            "type": "Feature",
            "properties": {
                "style": "solid",
                "thickness": 3
            },
            "geometry": {
                "type": "LineString",
                "coordinates": [
                    [
                        -75.65103805555556,
                        39.295405833333334
                    ],
                    [
                        -75.64879444444445,
                        39.315017499999996
                    ]
                ]
            }
        },
        {
            "type": "Feature",
            "properties": {
                "style": "solid",
                "thickness": 3
            },
            "geometry": {
                "type": "LineString",
                "coordinates": [
                    [
                        -74.97473472222222,
                        39.6541925
                    ],
                    [
                        -74.99779388888889,
                        39.66903527777777
                    ]
                ]
            }
        },
        {
            "type": "Feature",
            "properties": {
                "style": "solid",
                "thickness": 3
            },
            "geometry": {
                "type": "LineString",
                "coordinates": [
                    [
                        -75.0682625,
                        39.653756944444446
                    ],
                    [
                        -75.03846861111111,
                        39.65405777777778
                    ]
                ]
            }
        },
        {
            "type": "Feature",
            "properties": {
                "style": "solid",
                "thickness": 3
            },
            "geometry": {
                "type": "LineString",
                "coordinates": [
                    [
                        -75.17678666666667,
                        39.653840833333334
                    ],
                    [
                        -75.14330777777778,
                        39.653840833333334
                    ]
                ]
            }
        },
        {
            "type": "Feature",
            "properties": {
                "style": "solid",
                "thickness": 3
            },
            "geometry": {
                "type": "LineString",
                "coordinates": [
                    [
                        -75.13251333333332,
                        39.75152527777778
                    ],
                    [
                        -75.11429833333332,
                        39.74074944444445
                    ]
                ]
            }
        },
        {
            "type": "Feature",
            "properties": {
                "style": "solid",
                "thickness": 3
            },
            "geometry": {
                "type": "LineString",
                "coordinates": [
                    [
                        -75.11450944444444,
                        39.62206888888889
                    ],
                    [
                        -75.08571083333332,
                        39.628975833333335
                    ]
                ]
            }
        },
        {
            "type": "Feature",
            "properties": {
                "style": "solid",
                "thickness": 3
            },
            "geometry": {
                "type": "LineString",
                "coordinates": [
                    [
                        -75.238015,
                        39.60400888888889
                    ],
                    [
                        -75.2320775,
                        39.59406527777778
                    ]
                ]
            }
        },
        {
            "type": "Feature",
            "properties": {
                "style": "solid",
                "thickness": 3
            },
            "geometry": {
                "type": "LineString",
                "coordinates": [
                    [
                        -75.26851444444445,
                        39.65330972222222
                    ],
                    [
                        -75.25366972222223,
                        39.65351694444444
                    ]
                ]
            }
        },
        {
            "type": "Feature",
            "properties": {
                "style": "solid",
                "thickness": 3
            },
            "geometry": {
                "type": "LineString",
                "coordinates": [
                    [
                        -75.27654333333334,
                        39.66658222222222
                    ],
                    [
                        -75.26201277777778,
                        39.64288444444444
                    ]
                ]
            }
        },
        {
            "type": "Feature",
            "properties": {
                "style": "solid",
                "thickness": 3
            },
            "geometry": {
                "type": "LineString",
                "coordinates": [
                    [
                        -75.33085916666666,
                        39.78369166666666
                    ],
                    [
                        -75.31969972222223,
                        39.757444722222225
                    ]
                ]
            }
        },
        {
            "type": "Feature",
            "properties": {
                "style": "solid",
                "thickness": 3
            },
            "geometry": {
                "type": "LineString",
                "coordinates": [
                    [
                        -75.39061611111111,
                        39.67594305555555
                    ],
                    [
                        -75.35569749999999,
                        39.68036361111111
                    ]
                ]
            }
        },
        {
            "type": "Feature",
            "properties": {
                "style": "solid",
                "thickness": 3
            },
            "geometry": {
                "type": "LineString",
                "coordinates": [
                    [
                        -75.49449638888889,
                        39.661761388888884
                    ],
                    [
                        -75.47546777777778,
                        39.66461111111111
                    ]
                ]
            }
        },
        {
            "type": "Feature",
            "properties": {
                "style": "solid",
                "thickness": 3
            },
            "geometry": {
                "type": "LineString",
                "coordinates": [
                    [
                        -74.97687166666667,
                        39.63590166666667
                    ],
                    [
                        -74.99609527777778,
                        39.61324416666667
                    ]
                ]
            }
        },
        {
            "type": "Feature",
            "properties": {
                "style": "solid",
                "thickness": 3
            },
            "geometry": {
                "type": "LineString",
                "coordinates": [
                    [
                        -75.0537661111111,
                        39.546325833333334
                    ],
                    [
                        -75.08260138888889,
                        39.51260305555556
                    ]
                ]
            }
        },
        {
            "type": "Feature",
            "properties": {
                "style": "solid",
                "thickness": 3
            },
            "geometry": {
                "type": "LineString",
                "coordinates": [
                    [
                        -75.2109875,
                        39.36085055555556
                    ],
                    [
                        -75.183525,
                        39.39404694444445
                    ]
                ]
            }
        },
        {
            "type": "Feature",
            "properties": {
                "style": "solid",
                "thickness": 3
            },
            "geometry": {
                "type": "LineString",
                "coordinates": [
                    [
                        -75.21757305555556,
                        39.365680833333336
                    ],
                    [
                        -75.21757305555556,
                        39.365680833333336
                    ],
                    [
                        -75.21166166666667,
                        39.36114416666667
                    ],
                    [
                        -74.92791694444445,
                        39.43861916666666
                    ],
                    [
                        -74.87107666666665,
                        39.502833333333335
                    ],
                    [
                        -74.85879916666666,
                        39.53040277777777
                    ],
                    [
                        -74.85652583333332,
                        39.560764999999996
                    ],
                    [
                        -74.85970888888889,
                        39.57542222222222
                    ]
                ]
            }
        },
        {
            "type": "Feature",
            "properties": {
                "style": "solid",
                "thickness": 3
            },
            "geometry": {
                "type": "LineString",
                "coordinates": [
                    [
                        -75.43826555555556,
                        39.314367499999996
                    ],
                    [
                        -75.21154194444445,
                        39.36098888888889
                    ]
                ]
            }
        },
        {
            "type": "Feature",
            "properties": {
                "style": "solid",
                "thickness": 3
            },
            "geometry": {
                "type": "LineString",
                "coordinates": [
                    [
                        -75.43811166666667,
                        39.31438055555555
                    ],
                    [
                        -75.43993,
                        39.32554805555556
                    ]
                ]
            }
        },
        {
            "type": "Feature",
            "properties": {
                "style": "solid",
                "thickness": 3
            },
            "geometry": {
                "type": "LineString",
                "coordinates": [
                    [
                        -75.46994166666667,
                        39.30774944444444
                    ],
                    [
                        -75.43765722222223,
                        39.31472944444444
                    ]
                ]
            }
        },
        {
            "type": "Feature",
            "properties": {
                "style": "solid",
                "thickness": 3
            },
            "geometry": {
                "type": "LineString",
                "coordinates": [
                    [
                        -75.51541416666667,
                        39.29937361111111
                    ],
                    [
                        -75.46994166666667,
                        39.30774944444444
                    ]
                ]
            }
        },
        {
            "type": "Feature",
            "properties": {
                "style": "solid",
                "thickness": 3
            },
            "geometry": {
                "type": "LineString",
                "coordinates": [
                    [
                        -75.83599111111111,
                        39.26656888888889
                    ],
                    [
                        -75.65727194444445,
                        39.28497222222222
                    ]
                ]
            }
        },
        {
            "type": "Feature",
            "properties": {
                "style": "solid",
                "thickness": 3
            },
            "geometry": {
                "type": "LineString",
                "coordinates": [
                    [
                        -75.26526194444445,
                        39.40179777777777
                    ],
                    [
                        -75.26526194444445,
                        39.40179777777777
                    ],
                    [
                        -75.25366194444445,
                        39.394198333333335
                    ],
                    [
                        -75.24574027777778,
                        39.38768361111111
                    ]
                ]
            }
        },
        {
            "type": "Feature",
            "properties": {
                "style": "solid",
                "thickness": 3
            },
            "geometry": {
                "type": "LineString",
                "coordinates": [
                    [
                        -75.28064944444445,
                        39.41892055555555
                    ],
                    [
                        -75.25925111111111,
                        39.42937083333333
                    ],
                    [
                        -75.24903805555556,
                        39.43944916666666
                    ]
                ]
            }
        },
        {
            "type": "Feature",
            "properties": {
                "style": "solid",
                "thickness": 3
            },
            "geometry": {
                "type": "LineString",
                "coordinates": [
                    [
                        -75.32204861111111,
                        39.43804583333333
                    ],
                    [
                        -75.298365,
                        39.42350416666667
                    ]
                ]
            }
        },
        {
            "type": "Feature",
            "properties": {
                "style": "solid",
                "thickness": 3
            },
            "geometry": {
                "type": "LineString",
                "coordinates": [
                    [
                        -75.34241416666666,
                        39.43504583333333
                    ],
                    [
                        -75.30606222222222,
                        39.450880833333336
                    ]
                ]
            }
        },
        {
            "type": "Feature",
            "properties": {
                "style": "solid",
                "thickness": 3
            },
            "geometry": {
                "type": "LineString",
                "coordinates": [
                    [
                        -75.35677972222221,
                        39.45825277777778
                    ],
                    [
                        -75.3404625,
                        39.44864194444444
                    ]
                ]
            }
        },
        {
            "type": "Feature",
            "properties": {
                "style": "solid",
                "thickness": 3
            },
            "geometry": {
                "type": "LineString",
                "coordinates": [
                    [
                        -75.37969527777777,
                        39.378483333333335
                    ],
                    [
                        -75.35613972222221,
                        39.38799
                    ]
                ]
            }
        },
        {
            "type": "Feature",
            "properties": {
                "style": "solid",
                "thickness": 3
            },
            "geometry": {
                "type": "LineString",
                "coordinates": [
                    [
                        -75.43825833333334,
                        39.39272444444445
                    ],
                    [
                        -75.41362694444445,
                        39.40363055555555
                    ]
                ]
            }
        },
        {
            "type": "Feature",
            "properties": {
                "style": "solid",
                "thickness": 3
            },
            "geometry": {
                "type": "LineString",
                "coordinates": [
                    [
                        -75.44720611111111,
                        39.37370777777778
                    ],
                    [
                        -75.44493194444445,
                        39.360795
                    ]
                ]
            }
        },
        {
            "type": "Feature",
            "properties": {
                "style": "solid",
                "thickness": 3
            },
            "geometry": {
                "type": "LineString",
                "coordinates": [
                    [
                        -75.48373166666667,
                        39.37285055555556
                    ],
                    [
                        -75.47552083333333,
                        39.37648611111111
                    ]
                ]
            }
        },
        {
            "type": "Feature",
            "properties": {
                "style": "solid",
                "thickness": 3
            },
            "geometry": {
                "type": "LineString",
                "coordinates": [
                    [
                        -75.48221916666667,
                        39.36637944444445
                    ],
                    [
                        -75.4849475,
                        39.37789583333333
                    ]
                ]
            }
        },
        {
            "type": "Feature",
            "properties": {
                "style": "solid",
                "thickness": 3
            },
            "geometry": {
                "type": "LineString",
                "coordinates": [
                    [
                        -75.47859833333334,
                        39.34666388888889
                    ],
                    [
                        -75.47473388888889,
                        39.328181944444445
                    ]
                ]
            }
        },
        {
            "type": "Feature",
            "properties": {
                "style": "solid",
                "thickness": 3
            },
            "geometry": {
                "type": "LineString",
                "coordinates": [
                    [
                        -75.476815,
                        39.3386775
                    ],
                    [
                        -75.46522,
                        39.343697222222225
                    ]
                ]
            }
        },
        {
            "type": "Feature",
            "properties": {
                "style": "solid",
                "thickness": 3
            },
            "geometry": {
                "type": "LineString",
                "coordinates": [
                    [
                        -75.49728083333333,
                        39.43628944444444
                    ],
                    [
                        -75.49263944444445,
                        39.413493333333335
                    ]
                ]
            }
        },
        {
            "type": "Feature",
            "properties": {
                "style": "solid",
                "thickness": 3
            },
            "geometry": {
                "type": "LineString",
                "coordinates": [
                    [
                        -75.56023666666667,
                        39.26811277777778
                    ],
                    [
                        -75.56023666666667,
                        39.26811277777778
                    ],
                    [
                        -75.56597666666666,
                        39.24755555555556
                    ],
                    [
                        -75.58702249999999,
                        39.242783333333335
                    ]
                ]
            }
        },
        {
            "type": "Feature",
            "properties": {
                "style": "solid",
                "thickness": 3
            },
            "geometry": {
                "type": "LineString",
                "coordinates": [
                    [
                        -75.53960944444444,
                        39.33266666666667
                    ],
                    [
                        -75.53960944444444,
                        39.33266666666667
                    ],
                    [
                        -75.52959916666667,
                        39.36316388888889
                    ]
                ]
            }
        },
        {
            "type": "Feature",
            "properties": {
                "style": "solid",
                "thickness": 3
            },
            "geometry": {
                "type": "LineString",
                "coordinates": [
                    [
                        -75.51259666666667,
                        39.458018055555556
                    ],
                    [
                        -75.51259666666667,
                        39.458018055555556
                    ],
                    [
                        -75.49960138888889,
                        39.44911305555555
                    ],
                    [
                        -75.50656305555556,
                        39.43059083333333
                    ]
                ]
            }
        },
        {
            "type": "Feature",
            "properties": {
                "style": "solid",
                "thickness": 3
            },
            "geometry": {
                "type": "LineString",
                "coordinates": [
                    [
                        -75.58207722222222,
                        39.47910138888889
                    ],
                    [
                        -75.58207722222222,
                        39.47910138888889
                    ],
                    [
                        -75.56903333333332,
                        39.47886916666667
                    ],
                    [
                        -75.55447305555555,
                        39.47654055555556
                    ]
                ]
            }
        },
        {
            "type": "Feature",
            "properties": {
                "style": "solid",
                "thickness": 3
            },
            "geometry": {
                "type": "LineString",
                "coordinates": [
                    [
                        -75.68508194444445,
                        39.45243416666667
                    ],
                    [
                        -75.68508194444445,
                        39.45243416666667
                    ],
                    [
                        -75.66528333333333,
                        39.46597166666667
                    ],
                    [
                        -75.64872416666667,
                        39.47011555555556
                    ]
                ]
            }
        },
        {
            "type": "Feature",
            "properties": {
                "style": "solid",
                "thickness": 3
            },
            "geometry": {
                "type": "LineString",
                "coordinates": [
                    [
                        -75.75779861111111,
                        39.384745
                    ],
                    [
                        -75.75779861111111,
                        39.384745
                    ],
                    [
                        -75.74915944444444,
                        39.39911166666666
                    ],
                    [
                        -75.73403944444445,
                        39.41430694444444
                    ]
                ]
            }
        },
        {
            "type": "Feature",
            "properties": {
                "style": "solid",
                "thickness": 3
            },
            "geometry": {
                "type": "LineString",
                "coordinates": [
                    [
                        -75.77939805555556,
                        39.294126388888884
                    ],
                    [
                        -75.77939805555556,
                        39.294126388888884
                    ],
                    [
                        -75.7815575,
                        39.30407222222222
                    ],
                    [
                        -75.78299777777778,
                        39.32230666666667
                    ],
                    [
                        -75.78047805555555,
                        39.32948944444445
                    ]
                ]
            }
        },
        {
            "type": "Feature",
            "properties": {
                "style": "solid",
                "thickness": 3
            },
            "geometry": {
                "type": "LineString",
                "coordinates": [
                    [
                        -75.77021888888889,
                        39.26407444444445
                    ],
                    [
                        -75.77021888888889,
                        39.26407444444445
                    ],
                    [
                        -75.76543527777778,
                        39.25526416666667
                    ],
                    [
                        -75.75108583333333,
                        39.24939083333334
                    ]
                ]
            }
        },
        {
            "type": "Feature",
            "properties": {
                "style": "solid",
                "thickness": 3
            },
            "geometry": {
                "type": "LineString",
                "coordinates": [
                    [
                        -75.6822075,
                        39.23580805555556
                    ],
                    [
                        -75.6822075,
                        39.23580805555556
                    ],
                    [
                        -75.660205,
                        39.23323861111111
                    ],
                    [
                        -75.63820277777778,
                        39.23470694444445
                    ]
                ]
            }
        },
        {
            "type": "Feature",
            "properties": {
                "style": "solid",
                "thickness": 3
            },
            "geometry": {
                "type": "LineString",
                "coordinates": [
                    [
                        -75.49510833333333,
                        39.425605555555556
                    ],
                    [
                        -75.51347916666667,
                        39.414859444444446
                    ]
                ]
            }
        },
        {
            "type": "Feature",
            "properties": {
                "style": "solid",
                "thickness": 3
            },
            "geometry": {
                "type": "LineString",
                "coordinates": [
                    [
                        -74.98751777777778,
                        39.64363972222222
                    ],
                    [
                        -74.97488694444445,
                        39.65457722222222
                    ]
                ]
            }
        },
        {
            "type": "Feature",
            "properties": {
                "style": "solid",
                "thickness": 3
            },
            "geometry": {
                "type": "LineString",
                "coordinates": [
                    [
                        -75.03415611111112,
                        39.6016325
                    ],
                    [
                        -75.01278027777778,
                        39.62077166666667
                    ]
                ]
            }
        },
        {
            "type": "Feature",
            "properties": {
                "style": "solid",
                "thickness": 3
            },
            "geometry": {
                "type": "LineString",
                "coordinates": [
                    [
                        -75.09536861111111,
                        39.547196388888885
                    ],
                    [
                        -75.07625999999999,
                        39.56459583333333
                    ]
                ]
            }
        },
        {
            "type": "Feature",
            "properties": {
                "style": "solid",
                "thickness": 3
            },
            "geometry": {
                "type": "LineString",
                "coordinates": [
                    [
                        -75.1047611111111,
                        39.54346777777778
                    ],
                    [
                        -75.09536861111111,
                        39.547196388888885
                    ]
                ]
            }
        },
        {
            "type": "Feature",
            "properties": {
                "style": "solid",
                "thickness": 3
            },
            "geometry": {
                "type": "LineString",
                "coordinates": [
                    [
                        -75.18929277777778,
                        39.50518833333334
                    ],
                    [
                        -75.17180305555556,
                        39.514136944444445
                    ],
                    [
                        -75.15463777777778,
                        39.521841944444446
                    ]
                ]
            }
        },
        {
            "type": "Feature",
            "properties": {
                "style": "solid",
                "thickness": 3
            },
            "geometry": {
                "type": "LineString",
                "coordinates": [
                    [
                        -75.27933,
                        39.45497805555556
                    ],
                    [
                        -75.25568694444445,
                        39.471383333333335
                    ]
                ]
            }
        },
        {
            "type": "Feature",
            "properties": {
                "style": "solid",
                "thickness": 3
            },
            "geometry": {
                "type": "LineString",
                "coordinates": [
                    [
                        -75.35865555555554,
                        39.404801388888885
                    ],
                    [
                        -75.33849388888889,
                        39.41654444444444
                    ]
                ]
            }
        },
        {
            "type": "Feature",
            "properties": {
                "style": "solid",
                "thickness": 3
            },
            "geometry": {
                "type": "LineString",
                "coordinates": [
                    [
                        -75.42152277777778,
                        39.37835416666667
                    ],
                    [
                        -75.3960325,
                        39.38339305555556
                    ]
                ]
            }
        },
        {
            "type": "Feature",
            "properties": {
                "style": "solid",
                "thickness": 3
            },
            "geometry": {
                "type": "LineString",
                "coordinates": [
                    [
                        -75.39609555555556,
                        39.38343444444445
                    ],
                    [
                        -75.39196916666667,
                        39.38568166666666
                    ]
                ]
            }
        },
        {
            "type": "Feature",
            "properties": {
                "style": "solid",
                "thickness": 3
            },
            "geometry": {
                "type": "LineString",
                "coordinates": [
                    [
                        -75.5133,
                        39.35991055555556
                    ],
                    [
                        -75.4745175,
                        39.36764138888889
                    ]
                ]
            }
        },
        {
            "type": "Feature",
            "properties": {
                "style": "solid",
                "thickness": 3
            },
            "geometry": {
                "type": "LineString",
                "coordinates": [
                    [
                        -75.60849138888888,
                        39.33980944444445
                    ],
                    [
                        -75.5984186111111,
                        39.34251555555556
                    ]
                ]
            }
        },
        {
            "type": "Feature",
            "properties": {
                "style": "solid",
                "thickness": 3
            },
            "geometry": {
                "type": "LineString",
                "coordinates": [
                    [
                        -75.60832305555554,
                        39.31807888888889
                    ],
                    [
                        -75.60831499999999,
                        39.34031916666667
                    ]
                ]
            }
        },
        {
            "type": "Feature",
            "properties": {
                "style": "solid",
                "thickness": 3
            },
            "geometry": {
                "type": "LineString",
                "coordinates": [
                    [
                        -75.62007555555554,
                        39.315843888888885
                    ],
                    [
                        -75.60849138888888,
                        39.31816305555556
                    ]
                ]
            }
        },
        {
            "type": "Feature",
            "properties": {
                "style": "solid",
                "thickness": 3
            },
            "geometry": {
                "type": "LineString",
                "coordinates": [
                    [
                        -75.71828972222222,
                        39.29342444444444
                    ],
                    [
                        -75.67799694444444,
                        39.302315
                    ]
                ]
            }
        },
        {
            "type": "Feature",
            "properties": {
                "style": "solid",
                "thickness": 3
            },
            "geometry": {
                "type": "LineString",
                "coordinates": [
                    [
                        -75.83614638888888,
                        39.266752499999996
                    ],
                    [
                        -75.787795,
                        39.27757555555556
                    ]
                ]
            }
        },
        {
            "type": "Feature",
            "properties": {
                "style": "solid",
                "thickness": 3
            },
            "geometry": {
                "type": "LineString",
                "coordinates": [
                    [
                        -75.64963361111111,
                        39.28575166666666
                    ],
                    [
                        -75.51541416666667,
                        39.29937361111111
                    ]
                ]
            }
        },
        {
            "type": "Feature",
            "properties": {
                "style": "solid",
                "thickness": 3
            },
            "geometry": {
                "type": "LineString",
                "coordinates": [
                    [
                        -74.6199136111111,
                        40.26403194444445
                    ],
                    [
                        -74.63316722222221,
                        40.25640305555556
                    ]
                ]
            }
        },
        {
            "type": "Feature",
            "properties": {
                "style": "solid",
                "thickness": 3
            },
            "geometry": {
                "type": "LineString",
                "coordinates": [
                    [
                        -74.68996777777778,
                        40.20699694444445
                    ],
                    [
                        -74.71268805555556,
                        40.18447416666666
                    ]
                ]
            }
        },
        {
            "type": "Feature",
            "properties": {
                "style": "solid",
                "thickness": 3
            },
            "geometry": {
                "type": "LineString",
                "coordinates": [
                    [
                        -75.26627444444445,
                        39.86000777777778
                    ],
                    [
                        -75.26591805555556,
                        39.85854305555556
                    ]
                ]
            }
        },
        {
            "type": "Feature",
            "properties": {
                "style": "solid",
                "thickness": 3
            },
            "geometry": {
                "type": "LineString",
                "coordinates": [
                    [
                        -75.2665125,
                        39.86009888888889
                    ],
                    [
                        -75.26627444444445,
                        39.85836055555556
                    ]
                ]
            }
        },
        {
            "type": "Feature",
            "properties": {
                "style": "solid",
                "thickness": 3
            },
            "geometry": {
                "type": "LineString",
                "coordinates": [
                    [
                        -75.26698722222223,
                        39.86009888888889
                    ],
                    [
                        -75.2665125,
                        39.858268611111114
                    ]
                ]
            }
        },
        {
            "type": "Feature",
            "properties": {
                "style": "solid",
                "thickness": 3
            },
            "geometry": {
                "type": "LineString",
                "coordinates": [
                    [
                        -75.26722472222222,
                        39.85991638888889
                    ],
                    [
                        -75.26698722222223,
                        39.858268611111114
                    ]
                ]
            }
        },
        {
            "type": "Feature",
            "properties": {
                "style": "solid",
                "thickness": 3
            },
            "geometry": {
                "type": "LineString",
                "coordinates": [
                    [
                        -75.26758111111111,
                        39.859825
                    ],
                    [
                        -75.26722472222222,
                        39.85836055555556
                    ]
                ]
            }
        },
        {
            "type": "Feature",
            "properties": {
                "style": "solid",
                "thickness": 3
            },
            "geometry": {
                "type": "LineString",
                "coordinates": [
                    [
                        -75.26781833333334,
                        39.85955027777778
                    ],
                    [
                        -75.26758111111111,
                        39.85845194444445
                    ]
                ]
            }
        },
        {
            "type": "Feature",
            "properties": {
                "style": "solid",
                "thickness": 3
            },
            "geometry": {
                "type": "LineString",
                "coordinates": [
                    [
                        -75.26557833333334,
                        39.859184444444445
                    ],
                    [
                        -75.26567916666667,
                        39.85881666666667
                    ],
                    [
                        -75.26596611111111,
                        39.858513333333335
                    ],
                    [
                        -75.26638777777778,
                        39.85832527777778
                    ],
                    [
                        -75.26687194444445,
                        39.85828638888889
                    ],
                    [
                        -75.26733555555556,
                        39.858402222222225
                    ],
                    [
                        -75.26769722222222,
                        39.858653333333336
                    ],
                    [
                        -75.26789527777778,
                        39.85899666666667
                    ],
                    [
                        -75.26789527777778,
                        39.85937194444445
                    ],
                    [
                        -75.26769722222222,
                        39.859715
                    ],
                    [
                        -75.26733555555556,
                        39.85996611111111
                    ],
                    [
                        -75.26687194444445,
                        39.860082222222225
                    ],
                    [
                        -75.26638777777778,
                        39.86004305555556
                    ],
                    [
                        -75.26596611111111,
                        39.859855
                    ],
                    [
                        -75.26567916666667,
                        39.85955166666667
                    ],
                    [
                        -75.26557833333334,
                        39.859184444444445
                    ]
                ]
            }
        },
        {
            "type": "Feature",
            "properties": {
                "style": "solid",
                "thickness": 3
            },
            "geometry": {
                "type": "LineString",
                "coordinates": [
                    [
                        -76.28163611111111,
                        40.12003166666667
                    ],
                    [
                        -76.28189,
                        40.118254722222225
                    ],
                    [
                        -76.28269083333333,
                        40.11657666666667
                    ],
                    [
                        -76.2839913888889,
                        40.115094444444445
                    ],
                    [
                        -76.28571611111111,
                        40.11389416666667
                    ],
                    [
                        -76.28776444444445,
                        40.11304555555556
                    ],
                    [
                        -76.29001833333334,
                        40.11259777777778
                    ],
                    [
                        -76.29234555555556,
                        40.11257666666667
                    ],
                    [
                        -76.29461222222223,
                        40.112985
                    ],
                    [
                        -76.29668527777777,
                        40.113797222222225
                    ],
                    [
                        -76.29844555555556,
                        40.11496694444445
                    ],
                    [
                        -76.29979055555556,
                        40.11642555555556
                    ],
                    [
                        -76.30064055555555,
                        40.11808888888889
                    ],
                    [
                        -76.30094833333332,
                        40.11986111111111
                    ],
                    [
                        -76.30069444444445,
                        40.12163777777778
                    ],
                    [
                        -76.29989444444445,
                        40.123315833333336
                    ],
                    [
                        -76.29859361111112,
                        40.12479805555556
                    ],
                    [
                        -76.29686916666667,
                        40.125998611111115
                    ],
                    [
                        -76.29482055555556,
                        40.126847222222224
                    ],
                    [
                        -76.29256666666666,
                        40.127295000000004
                    ],
                    [
                        -76.29023833333333,
                        40.127316111111114
                    ],
                    [
                        -76.28797138888889,
                        40.12690777777778
                    ],
                    [
                        -76.2858975,
                        40.12609555555556
                    ],
                    [
                        -76.28413722222221,
                        40.124925833333336
                    ],
                    [
                        -76.28279305555556,
                        40.123466944444445
                    ],
                    [
                        -76.28194305555556,
                        40.12180277777778
                    ],
                    [
                        -76.28163611111111,
                        40.12003166666667
                    ],
                    [
                        -76.28163611111111,
                        40.12003166666667
                    ]
                ]
            }
        },
        {
            "type": "Feature",
            "properties": {
                "style": "solid",
                "thickness": 3
            },
            "geometry": {
                "type": "LineString",
                "coordinates": [
                    [
                        -76.28182194444445,
                        40.1214275
                    ],
                    [
                        -76.27777861111112,
                        40.122103333333335
                    ]
                ]
            }
        },
        {
            "type": "Feature",
            "properties": {
                "style": "solid",
                "thickness": 3
            },
            "geometry": {
                "type": "LineString",
                "coordinates": [
                    [
                        -76.29323472222222,
                        40.127275833333336
                    ],
                    [
                        -76.29411638888888,
                        40.13038
                    ]
                ]
            }
        },
        {
            "type": "Feature",
            "properties": {
                "style": "solid",
                "thickness": 3
            },
            "geometry": {
                "type": "LineString",
                "coordinates": [
                    [
                        -76.28943972222223,
                        40.11266555555556
                    ],
                    [
                        -76.28855916666666,
                        40.10956222222222
                    ]
                ]
            }
        },
        {
            "type": "Feature",
            "properties": {
                "style": "solid",
                "thickness": 3
            },
            "geometry": {
                "type": "LineString",
                "coordinates": [
                    [
                        -76.30085194444445,
                        40.11851388888889
                    ],
                    [
                        -76.304895,
                        40.11783666666667
                    ]
                ]
            }
        },
        {
            "type": "Feature",
            "properties": {
                "style": "solid",
                "thickness": 3
            },
            "geometry": {
                "type": "LineString",
                "coordinates": [
                    [
                        -75.59691833333333,
                        39.67875861111111
                    ],
                    [
                        -75.59718888888888,
                        39.676983888888884
                    ],
                    [
                        -75.5980011111111,
                        39.675309999999996
                    ],
                    [
                        -75.59930777777777,
                        39.67383583333333
                    ],
                    [
                        -75.60103333333333,
                        39.672644999999996
                    ],
                    [
                        -75.60307722222221,
                        39.67180916666666
                    ],
                    [
                        -75.60532083333332,
                        39.67137472222222
                    ],
                    [
                        -75.60763361111111,
                        39.671367499999995
                    ],
                    [
                        -75.60988138888888,
                        39.67178916666666
                    ],
                    [
                        -75.61193333333333,
                        39.67261305555555
                    ],
                    [
                        -75.61367055555554,
                        39.67379333333333
                    ],
                    [
                        -75.61499166666665,
                        39.675260277777774
                    ],
                    [
                        -75.61582055555554,
                        39.67692916666667
                    ],
                    [
                        -75.61610805555554,
                        39.67870277777777
                    ],
                    [
                        -75.6158386111111,
                        39.680477499999995
                    ],
                    [
                        -75.61502638888888,
                        39.68215166666666
                    ],
                    [
                        -75.61372,
                        39.68362638888888
                    ],
                    [
                        -75.61199444444443,
                        39.68481666666666
                    ],
                    [
                        -75.60995055555556,
                        39.68565361111111
                    ],
                    [
                        -75.6077061111111,
                        39.68608805555555
                    ],
                    [
                        -75.60539277777777,
                        39.68609472222222
                    ],
                    [
                        -75.60314472222221,
                        39.685673611111106
                    ],
                    [
                        -75.60109194444443,
                        39.68484861111111
                    ],
                    [
                        -75.59935499999999,
                        39.68366833333333
                    ],
                    [
                        -75.59803388888888,
                        39.682201388888885
                    ],
                    [
                        -75.59720583333333,
                        39.68053222222222
                    ],
                    [
                        -75.59691833333333,
                        39.67875861111111
                    ],
                    [
                        -75.59691833333333,
                        39.67875861111111
                    ]
                ]
            }
        },
        {
            "type": "Feature",
            "properties": {
                "style": "solid",
                "thickness": 3
            },
            "geometry": {
                "type": "LineString",
                "coordinates": [
                    [
                        -75.59708944444444,
                        39.68015555555555
                    ],
                    [
                        -75.59306527777777,
                        39.68080805555555
                    ]
                ]
            }
        },
        {
            "type": "Feature",
            "properties": {
                "style": "solid",
                "thickness": 3
            },
            "geometry": {
                "type": "LineString",
                "coordinates": [
                    [
                        -75.60837111111111,
                        39.68607166666666
                    ],
                    [
                        -75.60921583333332,
                        39.68918138888888
                    ]
                ]
            }
        },
        {
            "type": "Feature",
            "properties": {
                "style": "solid",
                "thickness": 3
            },
            "geometry": {
                "type": "LineString",
                "coordinates": [
                    [
                        -75.60474527777777,
                        39.671439444444445
                    ],
                    [
                        -75.6039011111111,
                        39.66832972222222
                    ]
                ]
            }
        },
        {
            "type": "Feature",
            "properties": {
                "style": "solid",
                "thickness": 3
            },
            "geometry": {
                "type": "LineString",
                "coordinates": [
                    [
                        -75.61602611111111,
                        39.67735444444444
                    ],
                    [
                        -75.62004999999999,
                        39.67670194444444
                    ]
                ]
            }
        },
        {
            "type": "Feature",
            "properties": {
                "style": "solid",
                "thickness": 3
            },
            "geometry": {
                "type": "LineString",
                "coordinates": [
                    [
                        -75.00090555555556,
                        40.08188305555556
                    ],
                    [
                        -75.00119305555556,
                        40.080109444444446
                    ],
                    [
                        -75.00202416666667,
                        40.07844027777778
                    ],
                    [
                        -75.00335194444445,
                        40.076972222222224
                    ],
                    [
                        -75.0050975,
                        40.075790833333336
                    ],
                    [
                        -75.00716055555556,
                        40.07496527777778
                    ],
                    [
                        -75.0094213888889,
                        40.07454194444445
                    ],
                    [
                        -75.01174722222223,
                        40.07454777777778
                    ],
                    [
                        -75.01400527777778,
                        40.074979722222224
                    ],
                    [
                        -75.01606194444444,
                        40.07581527777778
                    ],
                    [
                        -75.01779888888889,
                        40.07700416666667
                    ],
                    [
                        -75.01911555555556,
                        40.07847805555556
                    ],
                    [
                        -75.01993444444444,
                        40.080150833333335
                    ],
                    [
                        -75.02020861111112,
                        40.08192555555556
                    ],
                    [
                        -75.01992138888889,
                        40.08369916666667
                    ],
                    [
                        -75.01909027777778,
                        40.085368611111114
                    ],
                    [
                        -75.01776333333333,
                        40.08683666666667
                    ],
                    [
                        -75.0160175,
                        40.08801805555556
                    ],
                    [
                        -75.01395388888889,
                        40.08884416666667
                    ],
                    [
                        -75.01169277777778,
                        40.08926694444445
                    ],
                    [
                        -75.00936583333333,
                        40.089261944444445
                    ],
                    [
                        -75.00710833333333,
                        40.08882888888889
                    ],
                    [
                        -75.00505111111111,
                        40.08799333333334
                    ],
                    [
                        -75.00331333333334,
                        40.08680444444445
                    ],
                    [
                        -75.0019975,
                        40.08533055555556
                    ],
                    [
                        -75.00117861111111,
                        40.08365777777778
                    ],
                    [
                        -75.00090555555556,
                        40.08188305555556
                    ],
                    [
                        -75.00090555555556,
                        40.08188305555556
                    ]
                ]
            }
        },
        {
            "type": "Feature",
            "properties": {
                "style": "solid",
                "thickness": 3
            },
            "geometry": {
                "type": "LineString",
                "coordinates": [
                    [
                        -75.00106527777778,
                        40.08328
                    ],
                    [
                        -74.9970113888889,
                        40.083911944444445
                    ]
                ]
            }
        },
        {
            "type": "Feature",
            "properties": {
                "style": "solid",
                "thickness": 3
            },
            "geometry": {
                "type": "LineString",
                "coordinates": [
                    [
                        -75.01236138888889,
                        40.08925416666667
                    ],
                    [
                        -75.01318388888889,
                        40.09236777777778
                    ]
                ]
            }
        },
        {
            "type": "Feature",
            "properties": {
                "style": "solid",
                "thickness": 3
            },
            "geometry": {
                "type": "LineString",
                "coordinates": [
                    [
                        -75.00884222222223,
                        40.07460416666667
                    ],
                    [
                        -75.00802,
                        40.071490833333336
                    ]
                ]
            }
        },
        {
            "type": "Feature",
            "properties": {
                "style": "solid",
                "thickness": 3
            },
            "geometry": {
                "type": "LineString",
                "coordinates": [
                    [
                        -75.0201375,
                        40.080577222222225
                    ],
                    [
                        -75.02419,
                        40.079945
                    ]
                ]
            }
        },
        {
            "type": "Feature",
            "properties": {
                "style": "solid",
                "thickness": 3
            },
            "geometry": {
                "type": "LineString",
                "coordinates": [
                    [
                        -75.43361916666667,
                        40.652361388888885
                    ],
                    [
                        -75.43384805555556,
                        40.651017777777774
                    ],
                    [
                        -75.43452527777778,
                        40.64976583333333
                    ],
                    [
                        -75.43560527777778,
                        40.64868972222222
                    ],
                    [
                        -75.43701416666667,
                        40.6478625
                    ],
                    [
                        -75.43865611111111,
                        40.6473425
                    ],
                    [
                        -75.44041861111111,
                        40.64716277777778
                    ],
                    [
                        -75.4421825,
                        40.64733694444445
                    ],
                    [
                        -75.4438263888889,
                        40.64785305555556
                    ],
                    [
                        -75.44523972222223,
                        40.648675555555556
                    ],
                    [
                        -75.446325,
                        40.649748333333335
                    ],
                    [
                        -75.44700861111112,
                        40.65099861111111
                    ],
                    [
                        -75.44724472222222,
                        40.65234111111111
                    ],
                    [
                        -75.44701583333334,
                        40.65368472222222
                    ],
                    [
                        -75.44633861111112,
                        40.65493722222222
                    ],
                    [
                        -75.44525916666667,
                        40.656013611111106
                    ],
                    [
                        -75.44385027777778,
                        40.656839999999995
                    ],
                    [
                        -75.44220777777778,
                        40.657360833333335
                    ],
                    [
                        -75.44044527777778,
                        40.657540555555556
                    ],
                    [
                        -75.4386813888889,
                        40.65736583333333
                    ],
                    [
                        -75.43703666666667,
                        40.65685027777778
                    ],
                    [
                        -75.43562361111111,
                        40.65602777777778
                    ],
                    [
                        -75.43453833333334,
                        40.65495416666666
                    ],
                    [
                        -75.43385444444445,
                        40.653703888888884
                    ],
                    [
                        -75.43361916666667,
                        40.652361388888885
                    ]
                ]
            }
        },
        {
            "type": "Feature",
            "properties": {
                "style": "solid",
                "thickness": 3
            },
            "geometry": {
                "type": "LineString",
                "coordinates": [
                    [
                        -75.43374638888889,
                        40.65338277777778
                    ],
                    [
                        -75.4308638888889,
                        40.653752499999996
                    ]
                ]
            }
        },
        {
            "type": "Feature",
            "properties": {
                "style": "solid",
                "thickness": 3
            },
            "geometry": {
                "type": "LineString",
                "coordinates": [
                    [
                        -75.44180638888889,
                        40.657487777777774
                    ],
                    [
                        -75.44229277777778,
                        40.65968361111111
                    ]
                ]
            }
        },
        {
            "type": "Feature",
            "properties": {
                "style": "solid",
                "thickness": 3
            },
            "geometry": {
                "type": "LineString",
                "coordinates": [
                    [
                        -75.43913722222223,
                        40.647244444444446
                    ],
                    [
                        -75.43865111111111,
                        40.645048333333335
                    ]
                ]
            }
        },
        {
            "type": "Feature",
            "properties": {
                "style": "solid",
                "thickness": 3
            },
            "geometry": {
                "type": "LineString",
                "coordinates": [
                    [
                        -75.44719666666667,
                        40.65134916666666
                    ],
                    [
                        -75.45007916666667,
                        40.65097861111111
                    ]
                ]
            }
        },
        {
            "type": "Feature",
            "properties": {
                "style": "solid",
                "thickness": 3
            },
            "geometry": {
                "type": "LineString",
                "coordinates": [
                    [
                        -75.481295,
                        40.57020638888889
                    ],
                    [
                        -75.48152305555556,
                        40.56886277777778
                    ],
                    [
                        -75.48219861111112,
                        40.56761
                    ],
                    [
                        -75.48327666666667,
                        40.56653361111111
                    ],
                    [
                        -75.48468333333334,
                        40.565706388888884
                    ],
                    [
                        -75.48632222222223,
                        40.56518444444444
                    ],
                    [
                        -75.4880825,
                        40.56500444444444
                    ],
                    [
                        -75.48984416666667,
                        40.56517833333333
                    ],
                    [
                        -75.49148694444445,
                        40.56569333333333
                    ],
                    [
                        -75.49289861111112,
                        40.566514999999995
                    ],
                    [
                        -75.49398388888889,
                        40.5675875
                    ],
                    [
                        -75.49466777777778,
                        40.56883777777778
                    ],
                    [
                        -75.49490416666667,
                        40.57018027777778
                    ],
                    [
                        -75.49467694444445,
                        40.57152388888889
                    ],
                    [
                        -75.49400138888889,
                        40.57277666666667
                    ],
                    [
                        -75.49292333333334,
                        40.57385361111111
                    ],
                    [
                        -75.49151666666667,
                        40.57468027777778
                    ],
                    [
                        -75.4898775,
                        40.5752025
                    ],
                    [
                        -75.48811666666667,
                        40.5753825
                    ],
                    [
                        -75.486355,
                        40.57520916666667
                    ],
                    [
                        -75.48471166666667,
                        40.574693333333336
                    ],
                    [
                        -75.48329972222223,
                        40.57387166666667
                    ],
                    [
                        -75.48221527777778,
                        40.57279916666667
                    ],
                    [
                        -75.48153083333334,
                        40.57154888888889
                    ],
                    [
                        -75.481295,
                        40.57020638888889
                    ]
                ]
            }
        },
        {
            "type": "Feature",
            "properties": {
                "style": "solid",
                "thickness": 3
            },
            "geometry": {
                "type": "LineString",
                "coordinates": [
                    [
                        -75.48142277777778,
                        40.57122694444445
                    ],
                    [
                        -75.4785438888889,
                        40.57159861111111
                    ]
                ]
            }
        },
        {
            "type": "Feature",
            "properties": {
                "style": "solid",
                "thickness": 3
            },
            "geometry": {
                "type": "LineString",
                "coordinates": [
                    [
                        -75.48947638888889,
                        40.57533
                    ],
                    [
                        -75.48996333333334,
                        40.57752527777778
                    ]
                ]
            }
        },
        {
            "type": "Feature",
            "properties": {
                "style": "solid",
                "thickness": 3
            },
            "geometry": {
                "type": "LineString",
                "coordinates": [
                    [
                        -75.48680277777778,
                        40.56508611111111
                    ],
                    [
                        -75.48631583333334,
                        40.56289111111111
                    ]
                ]
            }
        },
        {
            "type": "Feature",
            "properties": {
                "style": "solid",
                "thickness": 3
            },
            "geometry": {
                "type": "LineString",
                "coordinates": [
                    [
                        -75.49485555555556,
                        40.56918833333334
                    ],
                    [
                        -75.49773444444445,
                        40.56881666666667
                    ]
                ]
            }
        },
        {
            "type": "Feature",
            "properties": {
                "style": "solid",
                "thickness": 3
            },
            "geometry": {
                "type": "LineString",
                "coordinates": [
                    [
                        -75.55759527777778,
                        40.39810055555556
                    ],
                    [
                        -75.55782083333332,
                        40.39675694444444
                    ],
                    [
                        -75.55849388888889,
                        40.39550388888889
                    ],
                    [
                        -75.55956722222221,
                        40.39442583333333
                    ],
                    [
                        -75.56096972222223,
                        40.39359833333333
                    ],
                    [
                        -75.56260444444445,
                        40.393074999999996
                    ],
                    [
                        -75.56436027777778,
                        40.392893888888885
                    ],
                    [
                        -75.56611749999999,
                        40.39306666666667
                    ],
                    [
                        -75.56775666666667,
                        40.39358055555555
                    ],
                    [
                        -75.5691661111111,
                        40.394401944444446
                    ],
                    [
                        -75.57024916666666,
                        40.39547361111111
                    ],
                    [
                        -75.57093305555556,
                        40.39672361111111
                    ],
                    [
                        -75.57117027777777,
                        40.39806611111111
                    ],
                    [
                        -75.57094472222222,
                        40.399409722222224
                    ],
                    [
                        -75.5702725,
                        40.400662499999996
                    ],
                    [
                        -75.56919805555555,
                        40.40174
                    ],
                    [
                        -75.56779638888888,
                        40.40256861111111
                    ],
                    [
                        -75.56616166666666,
                        40.40309138888889
                    ],
                    [
                        -75.56440527777778,
                        40.40327277777778
                    ],
                    [
                        -75.56264805555556,
                        40.4031
                    ],
                    [
                        -75.56100833333333,
                        40.40258611111111
                    ],
                    [
                        -75.55959916666666,
                        40.40176472222222
                    ],
                    [
                        -75.5585161111111,
                        40.40069305555556
                    ],
                    [
                        -75.5578325,
                        40.39944305555556
                    ],
                    [
                        -75.55759527777778,
                        40.39810055555556
                    ]
                ]
            }
        },
        {
            "type": "Feature",
            "properties": {
                "style": "solid",
                "thickness": 3
            },
            "geometry": {
                "type": "LineString",
                "coordinates": [
                    [
                        -75.55772416666666,
                        40.399121111111114
                    ],
                    [
                        -75.55485277777777,
                        40.399495
                    ]
                ]
            }
        },
        {
            "type": "Feature",
            "properties": {
                "style": "solid",
                "thickness": 3
            },
            "geometry": {
                "type": "LineString",
                "coordinates": [
                    [
                        -75.56576111111112,
                        40.403219444444446
                    ],
                    [
                        -75.56625027777777,
                        40.40541361111111
                    ]
                ]
            }
        },
        {
            "type": "Feature",
            "properties": {
                "style": "solid",
                "thickness": 3
            },
            "geometry": {
                "type": "LineString",
                "coordinates": [
                    [
                        -75.56308333333332,
                        40.39297666666667
                    ],
                    [
                        -75.56259555555555,
                        40.39078166666667
                    ]
                ]
            }
        },
        {
            "type": "Feature",
            "properties": {
                "style": "solid",
                "thickness": 3
            },
            "geometry": {
                "type": "LineString",
                "coordinates": [
                    [
                        -75.57112083333332,
                        40.39707416666667
                    ],
                    [
                        -75.57399166666666,
                        40.396700833333334
                    ]
                ]
            }
        },
        {
            "type": "Feature",
            "properties": {
                "style": "solid",
                "thickness": 3
            },
            "geometry": {
                "type": "LineString",
                "coordinates": [
                    [
                        -75.37512472222221,
                        40.435198888888884
                    ],
                    [
                        -75.37535416666665,
                        40.433856111111105
                    ],
                    [
                        -75.37603055555554,
                        40.432603888888885
                    ],
                    [
                        -75.37710777777777,
                        40.431527777777774
                    ],
                    [
                        -75.37851305555554,
                        40.43070222222222
                    ],
                    [
                        -75.38015,
                        40.43018166666666
                    ],
                    [
                        -75.38190722222221,
                        40.43000361111111
                    ],
                    [
                        -75.38366444444445,
                        40.43017888888889
                    ],
                    [
                        -75.38530361111111,
                        40.43069555555555
                    ],
                    [
                        -75.38671111111111,
                        40.43151833333333
                    ],
                    [
                        -75.3877925,
                        40.43259194444444
                    ],
                    [
                        -75.38847333333334,
                        40.43384305555555
                    ],
                    [
                        -75.38870694444445,
                        40.43518583333333
                    ],
                    [
                        -75.38847777777778,
                        40.43652861111111
                    ],
                    [
                        -75.38780194444445,
                        40.43778111111111
                    ],
                    [
                        -75.38672416666667,
                        40.43885722222222
                    ],
                    [
                        -75.38531944444445,
                        40.43968333333333
                    ],
                    [
                        -75.38368194444445,
                        40.44020333333333
                    ],
                    [
                        -75.38192472222221,
                        40.44038194444444
                    ],
                    [
                        -75.38016666666665,
                        40.44020694444444
                    ],
                    [
                        -75.37852749999999,
                        40.43968944444444
                    ],
                    [
                        -75.37711999999999,
                        40.43886666666666
                    ],
                    [
                        -75.3760386111111,
                        40.43779277777777
                    ],
                    [
                        -75.37535833333332,
                        40.43654166666666
                    ],
                    [
                        -75.37512472222221,
                        40.435198888888884
                    ]
                ]
            }
        },
        {
            "type": "Feature",
            "properties": {
                "style": "solid",
                "thickness": 3
            },
            "geometry": {
                "type": "LineString",
                "coordinates": [
                    [
                        -75.37525083333333,
                        40.43622055555555
                    ],
                    [
                        -75.37237722222221,
                        40.436588888888885
                    ]
                ]
            }
        },
        {
            "type": "Feature",
            "properties": {
                "style": "solid",
                "thickness": 3
            },
            "geometry": {
                "type": "LineString",
                "coordinates": [
                    [
                        -75.38328138888889,
                        40.440329999999996
                    ],
                    [
                        -75.3837638888889,
                        40.44252611111111
                    ]
                ]
            }
        },
        {
            "type": "Feature",
            "properties": {
                "style": "solid",
                "thickness": 3
            },
            "geometry": {
                "type": "LineString",
                "coordinates": [
                    [
                        -75.38062972222221,
                        40.43008444444444
                    ],
                    [
                        -75.38014694444443,
                        40.42788833333333
                    ]
                ]
            }
        },
        {
            "type": "Feature",
            "properties": {
                "style": "solid",
                "thickness": 3
            },
            "geometry": {
                "type": "LineString",
                "coordinates": [
                    [
                        -75.38866,
                        40.434193888888885
                    ],
                    [
                        -75.39153361111111,
                        40.43382444444444
                    ]
                ]
            }
        },
        {
            "type": "Feature",
            "properties": {
                "style": "solid",
                "thickness": 3
            },
            "geometry": {
                "type": "LineString",
                "coordinates": [
                    [
                        -75.95836916666667,
                        40.37856722222222
                    ],
                    [
                        -75.95858694444445,
                        40.3772225
                    ],
                    [
                        -75.95925194444445,
                        40.37596666666667
                    ],
                    [
                        -75.96031944444445,
                        40.37488555555556
                    ],
                    [
                        -75.96171611111112,
                        40.37405305555556
                    ],
                    [
                        -75.96334722222223,
                        40.373525
                    ],
                    [
                        -75.96510166666667,
                        40.373336944444446
                    ],
                    [
                        -75.9668588888889,
                        40.37350388888889
                    ],
                    [
                        -75.96850083333334,
                        40.37401194444445
                    ],
                    [
                        -75.96991472222223,
                        40.37482861111111
                    ],
                    [
                        -75.97100361111112,
                        40.37589666666667
                    ],
                    [
                        -75.97169472222222,
                        40.37714416666667
                    ],
                    [
                        -75.97194,
                        40.378485833333336
                    ],
                    [
                        -75.97172222222223,
                        40.37983027777778
                    ],
                    [
                        -75.9710575,
                        40.38108555555556
                    ],
                    [
                        -75.96999027777778,
                        40.38216666666667
                    ],
                    [
                        -75.96859361111112,
                        40.383
                    ],
                    [
                        -75.96696194444445,
                        40.38352805555556
                    ],
                    [
                        -75.9652075,
                        40.38371583333333
                    ],
                    [
                        -75.96344972222222,
                        40.38354944444444
                    ],
                    [
                        -75.96180777777778,
                        40.38304027777778
                    ],
                    [
                        -75.96039361111112,
                        40.38222444444445
                    ],
                    [
                        -75.959305,
                        40.38115638888889
                    ],
                    [
                        -75.95861444444445,
                        40.37990888888889
                    ],
                    [
                        -75.95836916666667,
                        40.37856722222222
                    ]
                ]
            }
        },
        {
            "type": "Feature",
            "properties": {
                "style": "solid",
                "thickness": 3
            },
            "geometry": {
                "type": "LineString",
                "coordinates": [
                    [
                        -75.95850416666667,
                        40.37958777777778
                    ],
                    [
                        -75.95563555555556,
                        40.37997055555556
                    ]
                ]
            }
        },
        {
            "type": "Feature",
            "properties": {
                "style": "solid",
                "thickness": 3
            },
            "geometry": {
                "type": "LineString",
                "coordinates": [
                    [
                        -75.96656333333334,
                        40.38365722222222
                    ],
                    [
                        -75.96706444444445,
                        40.385850833333336
                    ]
                ]
            }
        },
        {
            "type": "Feature",
            "properties": {
                "style": "solid",
                "thickness": 3
            },
            "geometry": {
                "type": "LineString",
                "coordinates": [
                    [
                        -75.96382555555556,
                        40.373424722222225
                    ],
                    [
                        -75.96332472222223,
                        40.371231111111115
                    ]
                ]
            }
        },
        {
            "type": "Feature",
            "properties": {
                "style": "solid",
                "thickness": 3
            },
            "geometry": {
                "type": "LineString",
                "coordinates": [
                    [
                        -75.97188472222223,
                        40.37749388888889
                    ],
                    [
                        -75.97475194444445,
                        40.37711027777778
                    ]
                ]
            }
        },
        {
            "type": "Feature",
            "properties": {
                "style": "solid",
                "thickness": 3
            },
            "geometry": {
                "type": "LineString",
                "coordinates": [
                    [
                        -75.66403694444445,
                        40.26042805555556
                    ],
                    [
                        -75.66425972222223,
                        40.25908444444445
                    ],
                    [
                        -75.66492916666667,
                        40.25783055555556
                    ],
                    [
                        -75.6659988888889,
                        40.256752222222225
                    ],
                    [
                        -75.6673975,
                        40.255922222222225
                    ],
                    [
                        -75.66902805555556,
                        40.25539861111111
                    ],
                    [
                        -75.67077944444445,
                        40.25521555555556
                    ],
                    [
                        -75.67253388888889,
                        40.255386111111115
                    ],
                    [
                        -75.67417055555556,
                        40.255898611111114
                    ],
                    [
                        -75.67557833333333,
                        40.25671888888889
                    ],
                    [
                        -75.67666111111112,
                        40.25778916666667
                    ],
                    [
                        -75.67734555555556,
                        40.259038333333336
                    ],
                    [
                        -75.67758444444445,
                        40.260380833333336
                    ],
                    [
                        -75.67736166666667,
                        40.26172527777778
                    ],
                    [
                        -75.6766925,
                        40.26297916666667
                    ],
                    [
                        -75.67562166666667,
                        40.26405777777778
                    ],
                    [
                        -75.67422444444445,
                        40.26488666666667
                    ],
                    [
                        -75.67259333333334,
                        40.26541111111111
                    ],
                    [
                        -75.67084111111112,
                        40.265594444444446
                    ],
                    [
                        -75.66908694444444,
                        40.26542305555556
                    ],
                    [
                        -75.66745,
                        40.26491027777778
                    ],
                    [
                        -75.6660425,
                        40.264091111111114
                    ],
                    [
                        -75.66495944444445,
                        40.263019722222225
                    ],
                    [
                        -75.66427555555556,
                        40.26177055555556
                    ],
                    [
                        -75.66403694444445,
                        40.26042805555556
                    ]
                ]
            }
        },
        {
            "type": "Feature",
            "properties": {
                "style": "solid",
                "thickness": 3
            },
            "geometry": {
                "type": "LineString",
                "coordinates": [
                    [
                        -75.66416694444445,
                        40.261449444444445
                    ],
                    [
                        -75.6613025,
                        40.26182527777778
                    ]
                ]
            }
        },
        {
            "type": "Feature",
            "properties": {
                "style": "solid",
                "thickness": 3
            },
            "geometry": {
                "type": "LineString",
                "coordinates": [
                    [
                        -75.67219416666667,
                        40.26553916666667
                    ],
                    [
                        -75.67268555555556,
                        40.26773388888889
                    ]
                ]
            }
        },
        {
            "type": "Feature",
            "properties": {
                "style": "solid",
                "thickness": 3
            },
            "geometry": {
                "type": "LineString",
                "coordinates": [
                    [
                        -75.66950555555556,
                        40.25529944444445
                    ],
                    [
                        -75.66901555555556,
                        40.253104722222226
                    ]
                ]
            }
        },
        {
            "type": "Feature",
            "properties": {
                "style": "solid",
                "thickness": 3
            },
            "geometry": {
                "type": "LineString",
                "coordinates": [
                    [
                        -75.67753305555556,
                        40.259389722222224
                    ],
                    [
                        -75.68039805555556,
                        40.259013333333336
                    ]
                ]
            }
        },
        {
            "type": "Feature",
            "properties": {
                "style": "solid",
                "thickness": 3
            },
            "geometry": {
                "type": "LineString",
                "coordinates": [
                    [
                        -75.549755,
                        40.23953138888889
                    ],
                    [
                        -75.54998,
                        40.2381875
                    ],
                    [
                        -75.55065166666667,
                        40.23693472222222
                    ],
                    [
                        -75.55172361111111,
                        40.23585666666667
                    ],
                    [
                        -75.5531225,
                        40.23502888888889
                    ],
                    [
                        -75.55475333333332,
                        40.23450666666667
                    ],
                    [
                        -75.556505,
                        40.23432555555556
                    ],
                    [
                        -75.55825777777777,
                        40.2344975
                    ],
                    [
                        -75.55989333333333,
                        40.235012222222224
                    ],
                    [
                        -75.56129916666666,
                        40.23583277777778
                    ],
                    [
                        -75.56237999999999,
                        40.23690555555556
                    ],
                    [
                        -75.56306166666667,
                        40.23815527777778
                    ],
                    [
                        -75.56329833333334,
                        40.23949777777778
                    ],
                    [
                        -75.56307333333334,
                        40.24084166666667
                    ],
                    [
                        -75.56240249999999,
                        40.24209444444445
                    ],
                    [
                        -75.5613311111111,
                        40.24317166666667
                    ],
                    [
                        -75.55993166666666,
                        40.24400055555556
                    ],
                    [
                        -75.55830083333333,
                        40.2445225
                    ],
                    [
                        -75.55654916666667,
                        40.24470361111111
                    ],
                    [
                        -75.55479555555556,
                        40.24453194444445
                    ],
                    [
                        -75.55315999999999,
                        40.244016944444446
                    ],
                    [
                        -75.55175416666667,
                        40.24319555555556
                    ],
                    [
                        -75.55067333333334,
                        40.24212388888889
                    ],
                    [
                        -75.54999166666667,
                        40.24087388888889
                    ],
                    [
                        -75.549755,
                        40.23953138888889
                    ]
                ]
            }
        },
        {
            "type": "Feature",
            "properties": {
                "style": "solid",
                "thickness": 3
            },
            "geometry": {
                "type": "LineString",
                "coordinates": [
                    [
                        -75.54988361111111,
                        40.24055277777778
                    ],
                    [
                        -75.54701944444444,
                        40.240925555555556
                    ]
                ]
            }
        },
        {
            "type": "Feature",
            "properties": {
                "style": "solid",
                "thickness": 3
            },
            "geometry": {
                "type": "LineString",
                "coordinates": [
                    [
                        -75.55790222222222,
                        40.24465055555556
                    ],
                    [
                        -75.55838916666666,
                        40.24684555555556
                    ]
                ]
            }
        },
        {
            "type": "Feature",
            "properties": {
                "style": "solid",
                "thickness": 3
            },
            "geometry": {
                "type": "LineString",
                "coordinates": [
                    [
                        -75.55523166666666,
                        40.2344075
                    ],
                    [
                        -75.55474472222222,
                        40.2322125
                    ]
                ]
            }
        },
        {
            "type": "Feature",
            "properties": {
                "style": "solid",
                "thickness": 3
            },
            "geometry": {
                "type": "LineString",
                "coordinates": [
                    [
                        -75.5632488888889,
                        40.238506111111114
                    ],
                    [
                        -75.56611333333333,
                        40.23813277777778
                    ]
                ]
            }
        },
        {
            "type": "Feature",
            "properties": {
                "style": "solid",
                "thickness": 3
            },
            "geometry": {
                "type": "LineString",
                "coordinates": [
                    [
                        -75.42345361111111,
                        40.204079722222225
                    ],
                    [
                        -75.4236813888889,
                        40.202736944444446
                    ],
                    [
                        -75.42435444444445,
                        40.201484444444446
                    ],
                    [
                        -75.42542722222223,
                        40.200408055555556
                    ],
                    [
                        -75.42682666666667,
                        40.19958083333333
                    ],
                    [
                        -75.42845833333334,
                        40.19906083333333
                    ],
                    [
                        -75.43020916666667,
                        40.198881111111106
                    ],
                    [
                        -75.4319613888889,
                        40.199055277777774
                    ],
                    [
                        -75.43359472222222,
                        40.199571388888884
                    ],
                    [
                        -75.43499861111111,
                        40.20039416666667
                    ],
                    [
                        -75.43607638888889,
                        40.20146777777778
                    ],
                    [
                        -75.43675583333334,
                        40.20271833333334
                    ],
                    [
                        -75.43698944444445,
                        40.20406083333334
                    ],
                    [
                        -75.4367625,
                        40.20540444444445
                    ],
                    [
                        -75.43608944444445,
                        40.20665694444445
                    ],
                    [
                        -75.43501666666667,
                        40.20773305555556
                    ],
                    [
                        -75.4336163888889,
                        40.20856027777778
                    ],
                    [
                        -75.43198555555556,
                        40.20908055555556
                    ],
                    [
                        -75.43023388888889,
                        40.20926027777778
                    ],
                    [
                        -75.42848166666667,
                        40.20908611111111
                    ],
                    [
                        -75.42684833333334,
                        40.20857
                    ],
                    [
                        -75.42544472222222,
                        40.207747222222224
                    ],
                    [
                        -75.42436611111111,
                        40.206673611111114
                    ],
                    [
                        -75.42368722222223,
                        40.205423055555556
                    ],
                    [
                        -75.42345361111111,
                        40.204079722222225
                    ]
                ]
            }
        },
        {
            "type": "Feature",
            "properties": {
                "style": "solid",
                "thickness": 3
            },
            "geometry": {
                "type": "LineString",
                "coordinates": [
                    [
                        -75.42358,
                        40.20510138888889
                    ],
                    [
                        -75.42071638888889,
                        40.20547083333334
                    ]
                ]
            }
        },
        {
            "type": "Feature",
            "properties": {
                "style": "solid",
                "thickness": 3
            },
            "geometry": {
                "type": "LineString",
                "coordinates": [
                    [
                        -75.43158611111112,
                        40.209208333333336
                    ],
                    [
                        -75.43206944444445,
                        40.21140416666667
                    ]
                ]
            }
        },
        {
            "type": "Feature",
            "properties": {
                "style": "solid",
                "thickness": 3
            },
            "geometry": {
                "type": "LineString",
                "coordinates": [
                    [
                        -75.42893611111111,
                        40.19896277777777
                    ],
                    [
                        -75.4284538888889,
                        40.19676666666666
                    ]
                ]
            }
        },
        {
            "type": "Feature",
            "properties": {
                "style": "solid",
                "thickness": 3
            },
            "geometry": {
                "type": "LineString",
                "coordinates": [
                    [
                        -75.4369425,
                        40.203069444444445
                    ],
                    [
                        -75.43980583333334,
                        40.20269916666667
                    ]
                ]
            }
        },
        {
            "type": "Feature",
            "properties": {
                "style": "solid",
                "thickness": 3
            },
            "geometry": {
                "type": "LineString",
                "coordinates": [
                    [
                        -74.97181583333334,
                        40.56618805555555
                    ],
                    [
                        -74.9720538888889,
                        40.56484583333333
                    ],
                    [
                        -74.97273861111111,
                        40.56359555555555
                    ],
                    [
                        -74.97382444444445,
                        40.56252388888888
                    ],
                    [
                        -74.9752375,
                        40.561702499999996
                    ],
                    [
                        -74.97688027777778,
                        40.561188611111106
                    ],
                    [
                        -74.97864194444445,
                        40.56101583333333
                    ],
                    [
                        -74.98040222222222,
                        40.56119694444444
                    ],
                    [
                        -74.98204111111112,
                        40.56171916666666
                    ],
                    [
                        -74.9834463888889,
                        40.56254777777777
                    ],
                    [
                        -74.98452361111111,
                        40.563624999999995
                    ],
                    [
                        -74.98519805555556,
                        40.564877777777774
                    ],
                    [
                        -74.98542444444445,
                        40.566221388888884
                    ],
                    [
                        -74.98518694444445,
                        40.56756388888889
                    ],
                    [
                        -74.98450194444445,
                        40.56881388888889
                    ],
                    [
                        -74.98341611111111,
                        40.56988555555556
                    ],
                    [
                        -74.98200333333334,
                        40.570707222222225
                    ],
                    [
                        -74.98036,
                        40.571221111111115
                    ],
                    [
                        -74.97859833333334,
                        40.57139388888889
                    ],
                    [
                        -74.9768375,
                        40.57121277777778
                    ],
                    [
                        -74.97519833333334,
                        40.57069027777778
                    ],
                    [
                        -74.97379305555556,
                        40.56986194444445
                    ],
                    [
                        -74.97271611111111,
                        40.56878444444445
                    ],
                    [
                        -74.97204222222223,
                        40.56753166666667
                    ],
                    [
                        -74.97181583333334,
                        40.56618805555555
                    ]
                ]
            }
        },
        {
            "type": "Feature",
            "properties": {
                "style": "solid",
                "thickness": 3
            },
            "geometry": {
                "type": "LineString",
                "coordinates": [
                    [
                        -74.97193555555556,
                        40.56720972222222
                    ],
                    [
                        -74.96905472222222,
                        40.567568333333334
                    ]
                ]
            }
        },
        {
            "type": "Feature",
            "properties": {
                "style": "solid",
                "thickness": 3
            },
            "geometry": {
                "type": "LineString",
                "coordinates": [
                    [
                        -74.97995805555556,
                        40.57134722222222
                    ],
                    [
                        -74.9804288888889,
                        40.57354388888889
                    ]
                ]
            }
        },
        {
            "type": "Feature",
            "properties": {
                "style": "solid",
                "thickness": 3
            },
            "geometry": {
                "type": "LineString",
                "coordinates": [
                    [
                        -74.97736166666667,
                        40.561092499999994
                    ],
                    [
                        -74.97689111111112,
                        40.55889444444444
                    ]
                ]
            }
        },
        {
            "type": "Feature",
            "properties": {
                "style": "solid",
                "thickness": 3
            },
            "geometry": {
                "type": "LineString",
                "coordinates": [
                    [
                        -74.98538305555556,
                        40.56522944444444
                    ],
                    [
                        -74.98826416666667,
                        40.56487055555555
                    ]
                ]
            }
        },
        {
            "type": "Feature",
            "properties": {
                "style": "solid",
                "thickness": 3
            },
            "geometry": {
                "type": "LineString",
                "coordinates": [
                    [
                        -75.0927336111111,
                        40.484167222222226
                    ],
                    [
                        -75.0929686111111,
                        40.48282444444445
                    ],
                    [
                        -75.09365055555556,
                        40.48157444444445
                    ],
                    [
                        -75.09473333333332,
                        40.48050138888889
                    ],
                    [
                        -75.09614222222221,
                        40.47967888888889
                    ],
                    [
                        -75.09778277777777,
                        40.47916277777778
                    ],
                    [
                        -75.09954222222221,
                        40.47898861111111
                    ],
                    [
                        -75.10130083333333,
                        40.4791675
                    ],
                    [
                        -75.10293777777777,
                        40.479688333333335
                    ],
                    [
                        -75.10434388888888,
                        40.480514722222225
                    ],
                    [
                        -75.1054211111111,
                        40.481590833333335
                    ],
                    [
                        -75.10609694444445,
                        40.482843611111115
                    ],
                    [
                        -75.10632555555554,
                        40.484187222222225
                    ],
                    [
                        -75.10609083333333,
                        40.485529722222225
                    ],
                    [
                        -75.1054086111111,
                        40.48678
                    ],
                    [
                        -75.10432638888888,
                        40.48785361111111
                    ],
                    [
                        -75.10291666666666,
                        40.48867638888889
                    ],
                    [
                        -75.10127638888888,
                        40.4891925
                    ],
                    [
                        -75.09951694444445,
                        40.48936666666667
                    ],
                    [
                        -75.09775805555554,
                        40.48918666666667
                    ],
                    [
                        -75.09611972222221,
                        40.48866666666667
                    ],
                    [
                        -75.09471444444443,
                        40.48783944444445
                    ],
                    [
                        -75.09363722222221,
                        40.486763333333336
                    ],
                    [
                        -75.09296166666667,
                        40.485510833333336
                    ],
                    [
                        -75.0927336111111,
                        40.484167222222226
                    ]
                ]
            }
        },
        {
            "type": "Feature",
            "properties": {
                "style": "solid",
                "thickness": 3
            },
            "geometry": {
                "type": "LineString",
                "coordinates": [
                    [
                        -75.09285555555554,
                        40.48518888888889
                    ],
                    [
                        -75.08997833333333,
                        40.485550833333335
                    ]
                ]
            }
        },
        {
            "type": "Feature",
            "properties": {
                "style": "solid",
                "thickness": 3
            },
            "geometry": {
                "type": "LineString",
                "coordinates": [
                    [
                        -75.10087499999999,
                        40.48931833333334
                    ],
                    [
                        -75.10134888888888,
                        40.49151527777778
                    ]
                ]
            }
        },
        {
            "type": "Feature",
            "properties": {
                "style": "solid",
                "thickness": 3
            },
            "geometry": {
                "type": "LineString",
                "coordinates": [
                    [
                        -75.09826333333334,
                        40.47906583333334
                    ],
                    [
                        -75.09778944444444,
                        40.47686916666667
                    ]
                ]
            }
        },
        {
            "type": "Feature",
            "properties": {
                "style": "solid",
                "thickness": 3
            },
            "geometry": {
                "type": "LineString",
                "coordinates": [
                    [
                        -75.10628277777778,
                        40.483195
                    ],
                    [
                        -75.10915916666666,
                        40.48283277777778
                    ]
                ]
            }
        },
        {
            "type": "Feature",
            "properties": {
                "style": "solid",
                "thickness": 3
            },
            "geometry": {
                "type": "LineString",
                "coordinates": [
                    [
                        -75.11547999999999,
                        40.33293555555556
                    ],
                    [
                        -75.11571444444444,
                        40.33159305555556
                    ],
                    [
                        -75.11639388888888,
                        40.33034277777778
                    ],
                    [
                        -75.11747416666665,
                        40.32926916666667
                    ],
                    [
                        -75.11887999999999,
                        40.32844638888889
                    ],
                    [
                        -75.12051694444443,
                        40.32793
                    ],
                    [
                        -75.12227194444444,
                        40.327755
                    ],
                    [
                        -75.12402638888888,
                        40.327934444444445
                    ],
                    [
                        -75.12566027777777,
                        40.328454444444446
                    ],
                    [
                        -75.1270636111111,
                        40.329280833333335
                    ],
                    [
                        -75.1281386111111,
                        40.330357222222226
                    ],
                    [
                        -75.1288136111111,
                        40.331609722222225
                    ],
                    [
                        -75.12904222222221,
                        40.332953055555556
                    ],
                    [
                        -75.12880833333332,
                        40.334295833333336
                    ],
                    [
                        -75.12812833333332,
                        40.335546111111114
                    ],
                    [
                        -75.12704833333332,
                        40.33662
                    ],
                    [
                        -75.12564222222221,
                        40.33744277777778
                    ],
                    [
                        -75.12400555555556,
                        40.33795888888889
                    ],
                    [
                        -75.12225027777777,
                        40.33813416666667
                    ],
                    [
                        -75.12049499999999,
                        40.337955
                    ],
                    [
                        -75.1188611111111,
                        40.33743444444445
                    ],
                    [
                        -75.11745805555555,
                        40.33660805555556
                    ],
                    [
                        -75.11638305555554,
                        40.33553194444445
                    ],
                    [
                        -75.11570805555554,
                        40.33427944444445
                    ],
                    [
                        -75.11547999999999,
                        40.33293555555556
                    ]
                ]
            }
        },
        {
            "type": "Feature",
            "properties": {
                "style": "solid",
                "thickness": 3
            },
            "geometry": {
                "type": "LineString",
                "coordinates": [
                    [
                        -75.11560194444444,
                        40.333957222222224
                    ],
                    [
                        -75.11273138888889,
                        40.334319444444446
                    ]
                ]
            }
        },
        {
            "type": "Feature",
            "properties": {
                "style": "solid",
                "thickness": 3
            },
            "geometry": {
                "type": "LineString",
                "coordinates": [
                    [
                        -75.12360555555554,
                        40.33808555555556
                    ],
                    [
                        -75.1240786111111,
                        40.3402825
                    ]
                ]
            }
        },
        {
            "type": "Feature",
            "properties": {
                "style": "solid",
                "thickness": 3
            },
            "geometry": {
                "type": "LineString",
                "coordinates": [
                    [
                        -75.12099611111111,
                        40.32783305555556
                    ],
                    [
                        -75.12052277777777,
                        40.32563583333334
                    ]
                ]
            }
        },
        {
            "type": "Feature",
            "properties": {
                "style": "solid",
                "thickness": 3
            },
            "geometry": {
                "type": "LineString",
                "coordinates": [
                    [
                        -75.12899916666666,
                        40.33196111111111
                    ],
                    [
                        -75.13186944444443,
                        40.33159777777778
                    ]
                ]
            }
        },
        {
            "type": "Feature",
            "properties": {
                "style": "solid",
                "thickness": 3
            },
            "geometry": {
                "type": "LineString",
                "coordinates": [
                    [
                        -74.80663249999999,
                        40.2765775
                    ],
                    [
                        -74.80687222222222,
                        40.275235
                    ],
                    [
                        -74.8075575,
                        40.27398611111111
                    ],
                    [
                        -74.80864166666666,
                        40.272915833333336
                    ],
                    [
                        -74.81005,
                        40.27209666666666
                    ],
                    [
                        -74.81168749999999,
                        40.271585
                    ],
                    [
                        -74.81344194444443,
                        40.27141472222222
                    ],
                    [
                        -74.81519416666666,
                        40.27159833333333
                    ],
                    [
                        -74.81682444444444,
                        40.27212361111111
                    ],
                    [
                        -74.81822249999999,
                        40.27295361111111
                    ],
                    [
                        -74.81929166666666,
                        40.274032222222225
                    ],
                    [
                        -74.81996083333333,
                        40.27528611111111
                    ],
                    [
                        -74.82018305555555,
                        40.276630555555556
                    ],
                    [
                        -74.81994277777777,
                        40.277972222222225
                    ],
                    [
                        -74.81925833333332,
                        40.279221388888885
                    ],
                    [
                        -74.81817388888888,
                        40.2802925
                    ],
                    [
                        -74.81676583333333,
                        40.28111166666667
                    ],
                    [
                        -74.81512805555555,
                        40.281623333333336
                    ],
                    [
                        -74.81337305555556,
                        40.28179361111111
                    ],
                    [
                        -74.81162083333334,
                        40.28161
                    ],
                    [
                        -74.80998972222221,
                        40.28108472222222
                    ],
                    [
                        -74.80859166666666,
                        40.280254722222224
                    ],
                    [
                        -74.80752249999999,
                        40.27917611111111
                    ],
                    [
                        -74.80685416666667,
                        40.277921388888885
                    ],
                    [
                        -74.80663249999999,
                        40.2765775
                    ]
                ]
            }
        },
        {
            "type": "Feature",
            "properties": {
                "style": "solid",
                "thickness": 3
            },
            "geometry": {
                "type": "LineString",
                "coordinates": [
                    [
                        -74.80674944444443,
                        40.27759944444444
                    ],
                    [
                        -74.80387999999999,
                        40.27795416666667
                    ]
                ]
            }
        },
        {
            "type": "Feature",
            "properties": {
                "style": "solid",
                "thickness": 3
            },
            "geometry": {
                "type": "LineString",
                "coordinates": [
                    [
                        -74.8147275,
                        40.281748888888885
                    ],
                    [
                        -74.81519055555555,
                        40.283946944444445
                    ]
                ]
            }
        },
        {
            "type": "Feature",
            "properties": {
                "style": "solid",
                "thickness": 3
            },
            "geometry": {
                "type": "LineString",
                "coordinates": [
                    [
                        -74.81216722222221,
                        40.27148916666667
                    ],
                    [
                        -74.81170361111111,
                        40.26929083333333
                    ]
                ]
            }
        },
        {
            "type": "Feature",
            "properties": {
                "style": "solid",
                "thickness": 3
            },
            "geometry": {
                "type": "LineString",
                "coordinates": [
                    [
                        -74.82014472222222,
                        40.275637777777774
                    ],
                    [
                        -74.82301416666667,
                        40.275283333333334
                    ]
                ]
            }
        },
        {
            "type": "Feature",
            "properties": {
                "style": "solid",
                "thickness": 3
            },
            "geometry": {
                "type": "LineString",
                "coordinates": [
                    [
                        -74.59493222222221,
                        40.21386694444445
                    ],
                    [
                        -74.5951761111111,
                        40.21252555555556
                    ],
                    [
                        -74.59586499999999,
                        40.21127777777778
                    ],
                    [
                        -74.59695083333332,
                        40.210209444444445
                    ],
                    [
                        -74.59836055555554,
                        40.20939277777778
                    ],
                    [
                        -74.59999805555555,
                        40.20888361111111
                    ],
                    [
                        -74.60175194444444,
                        40.20871694444445
                    ],
                    [
                        -74.60350194444445,
                        40.20890361111111
                    ],
                    [
                        -74.60512916666666,
                        40.209430833333336
                    ],
                    [
                        -74.60652305555556,
                        40.21026416666667
                    ],
                    [
                        -74.60758861111111,
                        40.211345
                    ],
                    [
                        -74.60825277777778,
                        40.21260027777778
                    ],
                    [
                        -74.60847027777777,
                        40.21394472222222
                    ],
                    [
                        -74.60822666666667,
                        40.21528638888889
                    ],
                    [
                        -74.60753833333332,
                        40.21653416666667
                    ],
                    [
                        -74.60645166666666,
                        40.217602222222226
                    ],
                    [
                        -74.60504222222221,
                        40.21841972222222
                    ],
                    [
                        -74.60340472222222,
                        40.21892805555556
                    ],
                    [
                        -74.60165083333332,
                        40.219095
                    ],
                    [
                        -74.59989999999999,
                        40.21890805555556
                    ],
                    [
                        -74.59827277777778,
                        40.218380833333335
                    ],
                    [
                        -74.59687916666667,
                        40.2175475
                    ],
                    [
                        -74.59581361111111,
                        40.21646666666667
                    ],
                    [
                        -74.59514999999999,
                        40.21521166666667
                    ],
                    [
                        -74.59493222222221,
                        40.21386694444445
                    ]
                ]
            }
        },
        {
            "type": "Feature",
            "properties": {
                "style": "solid",
                "thickness": 3
            },
            "geometry": {
                "type": "LineString",
                "coordinates": [
                    [
                        -74.59504638888889,
                        40.214888611111114
                    ],
                    [
                        -74.59217749999999,
                        40.21523861111111
                    ]
                ]
            }
        },
        {
            "type": "Feature",
            "properties": {
                "style": "solid",
                "thickness": 3
            },
            "geometry": {
                "type": "LineString",
                "coordinates": [
                    [
                        -74.60300388888888,
                        40.219052500000004
                    ],
                    [
                        -74.60345972222221,
                        40.22125194444445
                    ]
                ]
            }
        },
        {
            "type": "Feature",
            "properties": {
                "style": "solid",
                "thickness": 3
            },
            "geometry": {
                "type": "LineString",
                "coordinates": [
                    [
                        -74.60047777777777,
                        40.20878888888889
                    ],
                    [
                        -74.60002194444444,
                        40.20658944444445
                    ]
                ]
            }
        },
        {
            "type": "Feature",
            "properties": {
                "style": "solid",
                "thickness": 3
            },
            "geometry": {
                "type": "LineString",
                "coordinates": [
                    [
                        -74.608435,
                        40.2129525
                    ],
                    [
                        -74.61130333333332,
                        40.2126025
                    ]
                ]
            }
        },
        {
            "type": "Feature",
            "properties": {
                "style": "solid",
                "thickness": 3
            },
            "geometry": {
                "type": "LineString",
                "coordinates": [
                    [
                        -75.85869305555555,
                        39.97901
                    ],
                    [
                        -75.85891111111111,
                        39.97766527777778
                    ],
                    [
                        -75.8595736111111,
                        39.97641027777778
                    ],
                    [
                        -75.86063694444444,
                        39.97533055555556
                    ],
                    [
                        -75.86202638888888,
                        39.97449833333334
                    ],
                    [
                        -75.86364888888889,
                        39.97397138888889
                    ],
                    [
                        -75.86539305555554,
                        39.97378555555556
                    ],
                    [
                        -75.86714083333332,
                        39.973953611111114
                    ],
                    [
                        -75.86877194444443,
                        39.97446388888889
                    ],
                    [
                        -75.87017638888888,
                        39.975280833333336
                    ],
                    [
                        -75.87125722222221,
                        39.976350000000004
                    ],
                    [
                        -75.87194249999999,
                        39.97759861111111
                    ],
                    [
                        -75.87218416666666,
                        39.97894027777778
                    ],
                    [
                        -75.87196638888888,
                        39.980285
                    ],
                    [
                        -75.8713036111111,
                        39.98154
                    ],
                    [
                        -75.87024027777777,
                        39.982620555555556
                    ],
                    [
                        -75.8688511111111,
                        39.98345194444445
                    ],
                    [
                        -75.8672286111111,
                        39.98397888888889
                    ],
                    [
                        -75.86548388888889,
                        39.984164722222225
                    ],
                    [
                        -75.86373638888888,
                        39.9839975
                    ],
                    [
                        -75.86210472222221,
                        39.98348722222222
                    ],
                    [
                        -75.86070027777777,
                        39.98266944444445
                    ],
                    [
                        -75.85961888888889,
                        39.98160055555556
                    ],
                    [
                        -75.85893416666666,
                        39.98035222222222
                    ],
                    [
                        -75.85869305555555,
                        39.97901
                    ]
                ]
            }
        },
        {
            "type": "Feature",
            "properties": {
                "style": "solid",
                "thickness": 3
            },
            "geometry": {
                "type": "LineString",
                "coordinates": [
                    [
                        -75.85882527777777,
                        39.98003055555556
                    ],
                    [
                        -75.85597333333332,
                        39.98041166666667
                    ]
                ]
            }
        },
        {
            "type": "Feature",
            "properties": {
                "style": "solid",
                "thickness": 3
            },
            "geometry": {
                "type": "LineString",
                "coordinates": [
                    [
                        -75.86683166666666,
                        39.98410777777778
                    ],
                    [
                        -75.86732666666666,
                        39.98630166666667
                    ]
                ]
            }
        },
        {
            "type": "Feature",
            "properties": {
                "style": "solid",
                "thickness": 3
            },
            "geometry": {
                "type": "LineString",
                "coordinates": [
                    [
                        -75.864125,
                        39.97387194444445
                    ],
                    [
                        -75.86363,
                        39.97167833333334
                    ]
                ]
            }
        },
        {
            "type": "Feature",
            "properties": {
                "style": "solid",
                "thickness": 3
            },
            "geometry": {
                "type": "LineString",
                "coordinates": [
                    [
                        -75.8721311111111,
                        39.97794888888889
                    ],
                    [
                        -75.87498249999999,
                        39.97756805555556
                    ]
                ]
            }
        },
        {
            "type": "Feature",
            "properties": {
                "style": "solid",
                "thickness": 3
            },
            "geometry": {
                "type": "LineString",
                "coordinates": [
                    [
                        -75.574545,
                        39.990272222222224
                    ],
                    [
                        -75.57476833333332,
                        39.988928333333334
                    ],
                    [
                        -75.57543694444443,
                        39.987675
                    ],
                    [
                        -75.57650472222223,
                        39.98659722222222
                    ],
                    [
                        -75.57789777777778,
                        39.98576888888889
                    ],
                    [
                        -75.57952277777777,
                        39.98524555555556
                    ],
                    [
                        -75.58126777777777,
                        39.98506444444445
                    ],
                    [
                        -75.583015,
                        39.985236111111114
                    ],
                    [
                        -75.58464472222222,
                        39.98575
                    ],
                    [
                        -75.58604555555556,
                        39.98657138888889
                    ],
                    [
                        -75.58712277777778,
                        39.98764305555556
                    ],
                    [
                        -75.58780277777777,
                        39.98889305555556
                    ],
                    [
                        -75.5880386111111,
                        39.99023555555556
                    ],
                    [
                        -75.58781527777778,
                        39.99157944444445
                    ],
                    [
                        -75.58714722222221,
                        39.99283277777778
                    ],
                    [
                        -75.58607972222222,
                        39.99391055555556
                    ],
                    [
                        -75.58468583333332,
                        39.99473916666667
                    ],
                    [
                        -75.58306138888888,
                        39.99526222222222
                    ],
                    [
                        -75.58131583333333,
                        39.995443611111114
                    ],
                    [
                        -75.57956861111111,
                        39.99527166666667
                    ],
                    [
                        -75.57793888888888,
                        39.99475694444445
                    ],
                    [
                        -75.5765375,
                        39.99393666666667
                    ],
                    [
                        -75.57546027777778,
                        39.99286388888889
                    ],
                    [
                        -75.57478083333334,
                        39.991614722222224
                    ],
                    [
                        -75.574545,
                        39.990272222222224
                    ]
                ]
            }
        },
        {
            "type": "Feature",
            "properties": {
                "style": "solid",
                "thickness": 3
            },
            "geometry": {
                "type": "LineString",
                "coordinates": [
                    [
                        -75.57467333333332,
                        39.99129305555556
                    ],
                    [
                        -75.57181916666666,
                        39.99166694444445
                    ]
                ]
            }
        },
        {
            "type": "Feature",
            "properties": {
                "style": "solid",
                "thickness": 3
            },
            "geometry": {
                "type": "LineString",
                "coordinates": [
                    [
                        -75.5826636111111,
                        39.99539
                    ],
                    [
                        -75.58314999999999,
                        39.99758527777778
                    ]
                ]
            }
        },
        {
            "type": "Feature",
            "properties": {
                "style": "solid",
                "thickness": 3
            },
            "geometry": {
                "type": "LineString",
                "coordinates": [
                    [
                        -75.57999916666667,
                        39.985147222222224
                    ],
                    [
                        -75.57951333333332,
                        39.982952222222224
                    ]
                ]
            }
        },
        {
            "type": "Feature",
            "properties": {
                "style": "solid",
                "thickness": 3
            },
            "geometry": {
                "type": "LineString",
                "coordinates": [
                    [
                        -75.58798944444445,
                        39.989243611111114
                    ],
                    [
                        -75.59084333333332,
                        39.98886944444445
                    ]
                ]
            }
        },
        {
            "type": "Feature",
            "properties": {
                "style": "solid",
                "thickness": 3
            },
            "geometry": {
                "type": "LineString",
                "coordinates": [
                    [
                        -75.76292472222222,
                        39.830557222222225
                    ],
                    [
                        -75.76314444444445,
                        39.829213333333335
                    ],
                    [
                        -75.76380805555556,
                        39.827958611111114
                    ],
                    [
                        -75.76487,
                        39.82687888888889
                    ],
                    [
                        -75.76625777777778,
                        39.82604861111111
                    ],
                    [
                        -75.76787722222222,
                        39.82552305555556
                    ],
                    [
                        -75.76961777777778,
                        39.825338611111114
                    ],
                    [
                        -75.77136138888889,
                        39.82550777777778
                    ],
                    [
                        -75.77298861111112,
                        39.82601916666667
                    ],
                    [
                        -75.7743888888889,
                        39.8268375
                    ],
                    [
                        -75.77546611111111,
                        39.8279075
                    ],
                    [
                        -75.77614777777778,
                        39.82915666666667
                    ],
                    [
                        -75.77638722222223,
                        39.83049888888889
                    ],
                    [
                        -75.77616805555556,
                        39.83184277777778
                    ],
                    [
                        -75.77550472222222,
                        39.83309777777778
                    ],
                    [
                        -75.77444277777778,
                        39.83417722222222
                    ],
                    [
                        -75.77305472222223,
                        39.8350075
                    ],
                    [
                        -75.77143527777778,
                        39.83553305555556
                    ],
                    [
                        -75.76969416666667,
                        39.83571777777778
                    ],
                    [
                        -75.76795055555556,
                        39.835548333333335
                    ],
                    [
                        -75.76632305555556,
                        39.83503694444445
                    ],
                    [
                        -75.76492305555556,
                        39.83421861111111
                    ],
                    [
                        -75.76384555555556,
                        39.83314861111111
                    ],
                    [
                        -75.76316416666667,
                        39.831899722222225
                    ],
                    [
                        -75.76292472222222,
                        39.830557222222225
                    ]
                ]
            }
        },
        {
            "type": "Feature",
            "properties": {
                "style": "solid",
                "thickness": 3
            },
            "geometry": {
                "type": "LineString",
                "coordinates": [
                    [
                        -75.76305583333334,
                        39.83157861111111
                    ],
                    [
                        -75.76020972222223,
                        39.83195666666667
                    ]
                ]
            }
        },
        {
            "type": "Feature",
            "properties": {
                "style": "solid",
                "thickness": 3
            },
            "geometry": {
                "type": "LineString",
                "coordinates": [
                    [
                        -75.77103916666667,
                        39.835662222222226
                    ],
                    [
                        -75.77152972222223,
                        39.83785666666667
                    ]
                ]
            }
        },
        {
            "type": "Feature",
            "properties": {
                "style": "solid",
                "thickness": 3
            },
            "geometry": {
                "type": "LineString",
                "coordinates": [
                    [
                        -75.76835277777778,
                        39.82542388888889
                    ],
                    [
                        -75.76786194444445,
                        39.82322888888889
                    ]
                ]
            }
        },
        {
            "type": "Feature",
            "properties": {
                "style": "solid",
                "thickness": 3
            },
            "geometry": {
                "type": "LineString",
                "coordinates": [
                    [
                        -75.77633555555555,
                        39.82950694444445
                    ],
                    [
                        -75.77918166666666,
                        39.82912833333334
                    ]
                ]
            }
        },
        {
            "type": "Feature",
            "properties": {
                "style": "solid",
                "thickness": 3
            },
            "geometry": {
                "type": "LineString",
                "coordinates": [
                    [
                        -75.3909738888889,
                        39.735642222222225
                    ],
                    [
                        -75.39120055555556,
                        39.734299444444446
                    ],
                    [
                        -75.39186972222222,
                        39.733046944444446
                    ],
                    [
                        -75.39293611111111,
                        39.731970833333335
                    ],
                    [
                        -75.39432666666667,
                        39.731144722222226
                    ],
                    [
                        -75.39594611111112,
                        39.730624444444445
                    ],
                    [
                        -75.39768611111111,
                        39.730445
                    ],
                    [
                        -75.39942611111111,
                        39.73062027777778
                    ],
                    [
                        -75.40104833333334,
                        39.73113638888889
                    ],
                    [
                        -75.40244194444445,
                        39.73196027777778
                    ],
                    [
                        -75.40351194444445,
                        39.73303388888889
                    ],
                    [
                        -75.40418611111112,
                        39.73428416666667
                    ],
                    [
                        -75.40441777777778,
                        39.73562777777778
                    ],
                    [
                        -75.40419138888889,
                        39.73697055555556
                    ],
                    [
                        -75.40352194444445,
                        39.73822305555556
                    ],
                    [
                        -75.4024563888889,
                        39.73929916666667
                    ],
                    [
                        -75.40106583333333,
                        39.74012555555556
                    ],
                    [
                        -75.39944555555556,
                        39.74064638888889
                    ],
                    [
                        -75.39770555555556,
                        39.74082527777778
                    ],
                    [
                        -75.395965,
                        39.74065
                    ],
                    [
                        -75.39434333333334,
                        39.74013388888889
                    ],
                    [
                        -75.39294916666667,
                        39.73931
                    ],
                    [
                        -75.39187916666667,
                        39.738236944444445
                    ],
                    [
                        -75.39120472222223,
                        39.736985833333335
                    ],
                    [
                        -75.3909738888889,
                        39.735642222222225
                    ]
                ]
            }
        },
        {
            "type": "Feature",
            "properties": {
                "style": "solid",
                "thickness": 3
            },
            "geometry": {
                "type": "LineString",
                "coordinates": [
                    [
                        -75.39109888888889,
                        39.73666388888889
                    ],
                    [
                        -75.38825472222223,
                        39.737033333333336
                    ]
                ]
            }
        },
        {
            "type": "Feature",
            "properties": {
                "style": "solid",
                "thickness": 3
            },
            "geometry": {
                "type": "LineString",
                "coordinates": [
                    [
                        -75.39904916666667,
                        39.74077333333334
                    ],
                    [
                        -75.3995275,
                        39.74296944444445
                    ]
                ]
            }
        },
        {
            "type": "Feature",
            "properties": {
                "style": "solid",
                "thickness": 3
            },
            "geometry": {
                "type": "LineString",
                "coordinates": [
                    [
                        -75.39642166666667,
                        39.73052638888889
                    ],
                    [
                        -75.39594333333334,
                        39.72833055555556
                    ]
                ]
            }
        },
        {
            "type": "Feature",
            "properties": {
                "style": "solid",
                "thickness": 3
            },
            "geometry": {
                "type": "LineString",
                "coordinates": [
                    [
                        -75.40437138888889,
                        39.734635833333336
                    ],
                    [
                        -75.40721583333334,
                        39.73426611111111
                    ]
                ]
            }
        },
        {
            "type": "Feature",
            "properties": {
                "style": "solid",
                "thickness": 3
            },
            "geometry": {
                "type": "LineString",
                "coordinates": [
                    [
                        -75.442925,
                        39.56260083333333
                    ],
                    [
                        -75.44315,
                        39.56125722222222
                    ],
                    [
                        -75.44381694444445,
                        39.560004444444445
                    ],
                    [
                        -75.44487972222223,
                        39.558927499999996
                    ],
                    [
                        -75.44626611111111,
                        39.55810111111111
                    ],
                    [
                        -75.44788111111112,
                        39.557579999999994
                    ],
                    [
                        -75.44961666666667,
                        39.557400277777774
                    ],
                    [
                        -75.45135222222223,
                        39.55757416666666
                    ],
                    [
                        -75.45297083333334,
                        39.55809027777777
                    ],
                    [
                        -75.45436166666667,
                        39.55891222222222
                    ],
                    [
                        -75.45543,
                        39.55998583333333
                    ],
                    [
                        -75.45610305555556,
                        39.56123611111111
                    ],
                    [
                        -75.45633527777778,
                        39.56257944444444
                    ],
                    [
                        -75.45611027777778,
                        39.563923055555556
                    ],
                    [
                        -75.4554438888889,
                        39.56517583333333
                    ],
                    [
                        -75.45438138888889,
                        39.56625222222222
                    ],
                    [
                        -75.452995,
                        39.567079444444445
                    ],
                    [
                        -75.45137916666667,
                        39.56760055555556
                    ],
                    [
                        -75.44964416666667,
                        39.56778027777778
                    ],
                    [
                        -75.44790805555556,
                        39.56760555555556
                    ],
                    [
                        -75.44628944444445,
                        39.56709027777778
                    ],
                    [
                        -75.44489861111111,
                        39.566267499999995
                    ],
                    [
                        -75.44383027777778,
                        39.565193888888885
                    ],
                    [
                        -75.44315666666667,
                        39.56394361111111
                    ],
                    [
                        -75.442925,
                        39.56260083333333
                    ]
                ]
            }
        },
        {
            "type": "Feature",
            "properties": {
                "style": "solid",
                "thickness": 3
            },
            "geometry": {
                "type": "LineString",
                "coordinates": [
                    [
                        -75.44305055555556,
                        39.56362166666666
                    ],
                    [
                        -75.44021388888889,
                        39.56399222222222
                    ]
                ]
            }
        },
        {
            "type": "Feature",
            "properties": {
                "style": "solid",
                "thickness": 3
            },
            "geometry": {
                "type": "LineString",
                "coordinates": [
                    [
                        -75.45098416666667,
                        39.567727500000004
                    ],
                    [
                        -75.4514625,
                        39.569923333333335
                    ]
                ]
            }
        },
        {
            "type": "Feature",
            "properties": {
                "style": "solid",
                "thickness": 3
            },
            "geometry": {
                "type": "LineString",
                "coordinates": [
                    [
                        -75.44835583333334,
                        39.55748194444444
                    ],
                    [
                        -75.44787694444445,
                        39.55528583333333
                    ]
                ]
            }
        },
        {
            "type": "Feature",
            "properties": {
                "style": "solid",
                "thickness": 3
            },
            "geometry": {
                "type": "LineString",
                "coordinates": [
                    [
                        -75.45628805555556,
                        39.561587499999995
                    ],
                    [
                        -75.459125,
                        39.56121694444444
                    ]
                ]
            }
        },
        {
            "type": "Feature",
            "properties": {
                "style": "solid",
                "thickness": 3
            },
            "geometry": {
                "type": "LineString",
                "coordinates": [
                    [
                        -74.83612083333333,
                        40.01504777777778
                    ],
                    [
                        -74.83635916666667,
                        40.01370611111111
                    ],
                    [
                        -74.83704138888888,
                        40.012456944444445
                    ],
                    [
                        -74.83812055555555,
                        40.011385833333335
                    ],
                    [
                        -74.83952305555555,
                        40.01056666666667
                    ],
                    [
                        -74.84115416666666,
                        40.01005416666667
                    ],
                    [
                        -74.84290194444444,
                        40.009883611111114
                    ],
                    [
                        -74.84464777777778,
                        40.010066944444446
                    ],
                    [
                        -74.84627222222221,
                        40.01059111111111
                    ],
                    [
                        -74.84766527777778,
                        40.01142111111111
                    ],
                    [
                        -74.84873083333333,
                        40.01249972222222
                    ],
                    [
                        -74.84939777777777,
                        40.01375361111111
                    ],
                    [
                        -74.84961972222222,
                        40.0150975
                    ],
                    [
                        -74.8493811111111,
                        40.01644
                    ],
                    [
                        -74.84869944444443,
                        40.01768888888889
                    ],
                    [
                        -74.84762027777778,
                        40.01876027777778
                    ],
                    [
                        -74.84621694444444,
                        40.01957972222222
                    ],
                    [
                        -74.84458611111111,
                        40.020092222222225
                    ],
                    [
                        -74.84283805555555,
                        40.02026277777777
                    ],
                    [
                        -74.84109166666666,
                        40.02007916666667
                    ],
                    [
                        -74.83946722222221,
                        40.019554722222225
                    ],
                    [
                        -74.83807444444444,
                        40.018724999999996
                    ],
                    [
                        -74.8370086111111,
                        40.017646388888885
                    ],
                    [
                        -74.8363425,
                        40.0163925
                    ],
                    [
                        -74.83612083333333,
                        40.01504777777778
                    ]
                ]
            }
        },
        {
            "type": "Feature",
            "properties": {
                "style": "solid",
                "thickness": 3
            },
            "geometry": {
                "type": "LineString",
                "coordinates": [
                    [
                        -74.83623777777777,
                        40.01606944444445
                    ],
                    [
                        -74.83337944444445,
                        40.01642555555556
                    ]
                ]
            }
        },
        {
            "type": "Feature",
            "properties": {
                "style": "solid",
                "thickness": 3
            },
            "geometry": {
                "type": "LineString",
                "coordinates": [
                    [
                        -74.84418749999999,
                        40.02021777777777
                    ],
                    [
                        -74.84465,
                        40.02241583333333
                    ]
                ]
            }
        },
        {
            "type": "Feature",
            "properties": {
                "style": "solid",
                "thickness": 3
            },
            "geometry": {
                "type": "LineString",
                "coordinates": [
                    [
                        -74.84163166666666,
                        40.00995805555556
                    ],
                    [
                        -74.84116999999999,
                        40.007759722222225
                    ]
                ]
            }
        },
        {
            "type": "Feature",
            "properties": {
                "style": "solid",
                "thickness": 3
            },
            "geometry": {
                "type": "LineString",
                "coordinates": [
                    [
                        -74.84958083333333,
                        40.01410527777778
                    ],
                    [
                        -74.85243972222221,
                        40.01374972222222
                    ]
                ]
            }
        },
        {
            "type": "Feature",
            "properties": {
                "style": "solid",
                "thickness": 3
            },
            "geometry": {
                "type": "LineString",
                "coordinates": [
                    [
                        -74.83895194444445,
                        39.94285055555555
                    ],
                    [
                        -74.83919,
                        39.94150805555555
                    ],
                    [
                        -74.83987138888888,
                        39.940258888888884
                    ],
                    [
                        -74.84094944444443,
                        39.939188611111106
                    ],
                    [
                        -74.84235027777777,
                        39.93836833333333
                    ],
                    [
                        -74.84398,
                        39.93785638888889
                    ],
                    [
                        -74.84572555555555,
                        39.937685277777774
                    ],
                    [
                        -74.84747,
                        39.93786861111111
                    ],
                    [
                        -74.84909277777777,
                        39.93839305555555
                    ],
                    [
                        -74.8504836111111,
                        39.93922305555555
                    ],
                    [
                        -74.8515486111111,
                        39.94030166666666
                    ],
                    [
                        -74.852215,
                        39.94155527777777
                    ],
                    [
                        -74.85243638888889,
                        39.942899999999995
                    ],
                    [
                        -74.85219833333333,
                        39.94424166666666
                    ],
                    [
                        -74.85151722222221,
                        39.94549166666666
                    ],
                    [
                        -74.85043944444443,
                        39.94656194444444
                    ],
                    [
                        -74.84903777777777,
                        39.94738222222222
                    ],
                    [
                        -74.84740833333333,
                        39.947894722222216
                    ],
                    [
                        -74.84566249999999,
                        39.94806527777777
                    ],
                    [
                        -74.84391833333333,
                        39.94788194444444
                    ],
                    [
                        -74.84229527777778,
                        39.947357499999995
                    ],
                    [
                        -74.8409036111111,
                        39.946527499999995
                    ],
                    [
                        -74.83983888888888,
                        39.94544916666666
                    ],
                    [
                        -74.83917333333333,
                        39.94419499999999
                    ],
                    [
                        -74.83895194444445,
                        39.94285055555555
                    ]
                ]
            }
        },
        {
            "type": "Feature",
            "properties": {
                "style": "solid",
                "thickness": 3
            },
            "geometry": {
                "type": "LineString",
                "coordinates": [
                    [
                        -74.83906944444443,
                        39.94387222222222
                    ],
                    [
                        -74.83621305555555,
                        39.944228055555556
                    ]
                ]
            }
        },
        {
            "type": "Feature",
            "properties": {
                "style": "solid",
                "thickness": 3
            },
            "geometry": {
                "type": "LineString",
                "coordinates": [
                    [
                        -74.84701027777777,
                        39.94801944444444
                    ],
                    [
                        -74.84747222222222,
                        39.95021777777778
                    ]
                ]
            }
        },
        {
            "type": "Feature",
            "properties": {
                "style": "solid",
                "thickness": 3
            },
            "geometry": {
                "type": "LineString",
                "coordinates": [
                    [
                        -74.84445749999999,
                        39.93776083333333
                    ],
                    [
                        -74.84399527777778,
                        39.935562499999996
                    ]
                ]
            }
        },
        {
            "type": "Feature",
            "properties": {
                "style": "solid",
                "thickness": 3
            },
            "geometry": {
                "type": "LineString",
                "coordinates": [
                    [
                        -74.85239777777777,
                        39.94190777777777
                    ],
                    [
                        -74.85525333333332,
                        39.94155166666666
                    ]
                ]
            }
        },
        {
            "type": "Feature",
            "properties": {
                "style": "solid",
                "thickness": 3
            },
            "geometry": {
                "type": "LineString",
                "coordinates": [
                    [
                        -74.74281972222222,
                        39.90429222222222
                    ],
                    [
                        -74.74305916666667,
                        39.90294972222222
                    ],
                    [
                        -74.74374222222222,
                        39.90170083333333
                    ],
                    [
                        -74.74482083333334,
                        39.90063138888889
                    ],
                    [
                        -74.7462225,
                        39.8998125
                    ],
                    [
                        -74.74785194444445,
                        39.899301944444446
                    ],
                    [
                        -74.74959694444445,
                        39.89913277777778
                    ],
                    [
                        -74.75133972222223,
                        39.8993175
                    ],
                    [
                        -74.75296055555556,
                        39.89984305555556
                    ],
                    [
                        -74.75435,
                        39.90067416666667
                    ],
                    [
                        -74.75541277777778,
                        39.90175361111111
                    ],
                    [
                        -74.75607694444444,
                        39.90300777777777
                    ],
                    [
                        -74.75629611111111,
                        39.9043525
                    ],
                    [
                        -74.7560563888889,
                        39.90569416666666
                    ],
                    [
                        -74.75537416666667,
                        39.90694305555555
                    ],
                    [
                        -74.75429555555556,
                        39.90801333333333
                    ],
                    [
                        -74.75289305555556,
                        39.908831388888885
                    ],
                    [
                        -74.75126444444444,
                        39.90934277777777
                    ],
                    [
                        -74.74951861111111,
                        39.909511944444446
                    ],
                    [
                        -74.74777583333334,
                        39.909327499999996
                    ],
                    [
                        -74.74615472222223,
                        39.90880166666666
                    ],
                    [
                        -74.744765,
                        39.90797055555555
                    ],
                    [
                        -74.74370222222223,
                        39.906890833333335
                    ],
                    [
                        -74.74303888888889,
                        39.90563611111111
                    ],
                    [
                        -74.74281972222222,
                        39.90429222222222
                    ]
                ]
            }
        },
        {
            "type": "Feature",
            "properties": {
                "style": "solid",
                "thickness": 3
            },
            "geometry": {
                "type": "LineString",
                "coordinates": [
                    [
                        -74.74293555555556,
                        39.90531388888889
                    ],
                    [
                        -74.74008083333334,
                        39.90566666666667
                    ]
                ]
            }
        },
        {
            "type": "Feature",
            "properties": {
                "style": "solid",
                "thickness": 3
            },
            "geometry": {
                "type": "LineString",
                "coordinates": [
                    [
                        -74.75086583333334,
                        39.90946805555556
                    ],
                    [
                        -74.75132444444445,
                        39.91166666666666
                    ]
                ]
            }
        },
        {
            "type": "Feature",
            "properties": {
                "style": "solid",
                "thickness": 3
            },
            "geometry": {
                "type": "LineString",
                "coordinates": [
                    [
                        -74.74832888888889,
                        39.899206388888885
                    ],
                    [
                        -74.74787027777778,
                        39.89700777777778
                    ]
                ]
            }
        },
        {
            "type": "Feature",
            "properties": {
                "style": "solid",
                "thickness": 3
            },
            "geometry": {
                "type": "LineString",
                "coordinates": [
                    [
                        -74.7562588888889,
                        39.90336027777778
                    ],
                    [
                        -74.75911388888889,
                        39.90300666666666
                    ]
                ]
            }
        },
        {
            "type": "Feature",
            "properties": {
                "style": "solid",
                "thickness": 3
            },
            "geometry": {
                "type": "LineString",
                "coordinates": [
                    [
                        -74.94103416666667,
                        39.77835666666667
                    ],
                    [
                        -74.94126916666667,
                        39.77701333333333
                    ],
                    [
                        -74.94194722222223,
                        39.77576416666667
                    ],
                    [
                        -74.9430213888889,
                        39.77469166666667
                    ],
                    [
                        -74.94441805555556,
                        39.773871388888885
                    ],
                    [
                        -74.9460425,
                        39.773357499999996
                    ],
                    [
                        -74.94778388888889,
                        39.77318555555556
                    ],
                    [
                        -74.94952388888889,
                        39.77336694444444
                    ],
                    [
                        -74.9511438888889,
                        39.77389
                    ],
                    [
                        -74.95253305555556,
                        39.77471861111111
                    ],
                    [
                        -74.95359666666667,
                        39.775796388888885
                    ],
                    [
                        -74.95426305555556,
                        39.77704972222222
                    ],
                    [
                        -74.9544863888889,
                        39.77839361111111
                    ],
                    [
                        -74.95425055555556,
                        39.779736388888885
                    ],
                    [
                        -74.95357333333334,
                        39.78098611111111
                    ],
                    [
                        -74.95249916666667,
                        39.78205777777778
                    ],
                    [
                        -74.9511025,
                        39.78287916666667
                    ],
                    [
                        -74.94947805555556,
                        39.78339305555556
                    ],
                    [
                        -74.94773611111111,
                        39.783564999999996
                    ],
                    [
                        -74.94599611111111,
                        39.783382777777774
                    ],
                    [
                        -74.94437611111111,
                        39.78286055555555
                    ],
                    [
                        -74.94298666666667,
                        39.78203194444444
                    ],
                    [
                        -74.9419225,
                        39.78095333333333
                    ],
                    [
                        -74.94125694444445,
                        39.77969972222222
                    ],
                    [
                        -74.94103416666667,
                        39.77835666666667
                    ]
                ]
            }
        },
        {
            "type": "Feature",
            "properties": {
                "style": "solid",
                "thickness": 3
            },
            "geometry": {
                "type": "LineString",
                "coordinates": [
                    [
                        -74.9411525,
                        39.779378333333334
                    ],
                    [
                        -74.93830416666667,
                        39.779736388888885
                    ]
                ]
            }
        },
        {
            "type": "Feature",
            "properties": {
                "style": "solid",
                "thickness": 3
            },
            "geometry": {
                "type": "LineString",
                "coordinates": [
                    [
                        -74.94908083333334,
                        39.78351861111111
                    ],
                    [
                        -74.949545,
                        39.78571611111111
                    ]
                ]
            }
        },
        {
            "type": "Feature",
            "properties": {
                "style": "solid",
                "thickness": 3
            },
            "geometry": {
                "type": "LineString",
                "coordinates": [
                    [
                        -74.94651888888889,
                        39.77326138888889
                    ],
                    [
                        -74.94605472222223,
                        39.77106305555555
                    ]
                ]
            }
        },
        {
            "type": "Feature",
            "properties": {
                "style": "solid",
                "thickness": 3
            },
            "geometry": {
                "type": "LineString",
                "coordinates": [
                    [
                        -74.95444666666667,
                        39.77740138888889
                    ],
                    [
                        -74.95729416666667,
                        39.77704277777778
                    ]
                ]
            }
        },
        {
            "type": "Feature",
            "properties": {
                "style": "solid",
                "thickness": 3
            },
            "geometry": {
                "type": "LineString",
                "coordinates": [
                    [
                        -75.03961111111111,
                        39.52398111111111
                    ],
                    [
                        -75.03984416666667,
                        39.522637777777774
                    ],
                    [
                        -75.04051777777778,
                        39.521387499999996
                    ],
                    [
                        -75.04158611111112,
                        39.520314722222224
                    ],
                    [
                        -75.04297611111112,
                        39.51949305555556
                    ],
                    [
                        -75.04459416666667,
                        39.51897722222222
                    ],
                    [
                        -75.0463288888889,
                        39.51880416666667
                    ],
                    [
                        -75.04806305555556,
                        39.51898416666666
                    ],
                    [
                        -75.0496775,
                        39.519505833333334
                    ],
                    [
                        -75.0510625,
                        39.520332777777774
                    ],
                    [
                        -75.05212444444444,
                        39.521409999999996
                    ],
                    [
                        -75.05279,
                        39.522662499999996
                    ],
                    [
                        -75.05301416666667,
                        39.52400611111111
                    ],
                    [
                        -75.0527811111111,
                        39.525348888888885
                    ],
                    [
                        -75.05210833333334,
                        39.5266
                    ],
                    [
                        -75.05104,
                        39.527672777777774
                    ],
                    [
                        -75.04964916666667,
                        39.52849444444444
                    ],
                    [
                        -75.04803111111111,
                        39.52901055555555
                    ],
                    [
                        -75.04629555555556,
                        39.529183333333336
                    ],
                    [
                        -75.04456222222223,
                        39.529003333333335
                    ],
                    [
                        -75.04294722222222,
                        39.52848222222222
                    ],
                    [
                        -75.04156222222223,
                        39.52765472222222
                    ],
                    [
                        -75.04050027777778,
                        39.5265775
                    ],
                    [
                        -75.03983527777777,
                        39.52532472222222
                    ],
                    [
                        -75.03961111111111,
                        39.52398111111111
                    ]
                ]
            }
        },
        {
            "type": "Feature",
            "properties": {
                "style": "solid",
                "thickness": 3
            },
            "geometry": {
                "type": "LineString",
                "coordinates": [
                    [
                        -75.03973083333334,
                        39.52500277777778
                    ],
                    [
                        -75.03689361111111,
                        39.52536305555555
                    ]
                ]
            }
        },
        {
            "type": "Feature",
            "properties": {
                "style": "solid",
                "thickness": 3
            },
            "geometry": {
                "type": "LineString",
                "coordinates": [
                    [
                        -75.04763555555556,
                        39.52913611111111
                    ],
                    [
                        -75.04810166666667,
                        39.53133333333333
                    ]
                ]
            }
        },
        {
            "type": "Feature",
            "properties": {
                "style": "solid",
                "thickness": 3
            },
            "geometry": {
                "type": "LineString",
                "coordinates": [
                    [
                        -75.04506805555556,
                        39.518881111111114
                    ],
                    [
                        -75.04460277777778,
                        39.516683888888885
                    ]
                ]
            }
        },
        {
            "type": "Feature",
            "properties": {
                "style": "solid",
                "thickness": 3
            },
            "geometry": {
                "type": "LineString",
                "coordinates": [
                    [
                        -75.05297277777777,
                        39.52301416666666
                    ],
                    [
                        -75.05581027777778,
                        39.52265305555555
                    ]
                ]
            }
        },
        {
            "type": "Feature",
            "properties": {
                "style": "solid",
                "thickness": 3
            },
            "geometry": {
                "type": "LineString",
                "coordinates": [
                    [
                        -75.06676999999999,
                        39.36807833333334
                    ],
                    [
                        -75.0670025,
                        39.36673583333334
                    ],
                    [
                        -75.06767388888889,
                        39.36548527777778
                    ],
                    [
                        -75.06873944444445,
                        39.36441166666667
                    ],
                    [
                        -75.07012666666667,
                        39.36358972222222
                    ],
                    [
                        -75.07174027777778,
                        39.36307388888889
                    ],
                    [
                        -75.07347138888889,
                        39.3629
                    ],
                    [
                        -75.07520111111111,
                        39.363079722222224
                    ],
                    [
                        -75.0768125,
                        39.36360083333334
                    ],
                    [
                        -75.07819444444443,
                        39.36442805555556
                    ],
                    [
                        -75.07925444444444,
                        39.36550444444445
                    ],
                    [
                        -75.07991916666666,
                        39.36675694444445
                    ],
                    [
                        -75.08014333333333,
                        39.36810083333334
                    ],
                    [
                        -75.07991194444445,
                        39.36944416666667
                    ],
                    [
                        -75.07924055555556,
                        39.370694722222225
                    ],
                    [
                        -75.078175,
                        39.371767222222225
                    ],
                    [
                        -75.07678777777777,
                        39.37259
                    ],
                    [
                        -75.07517361111111,
                        39.37310611111111
                    ],
                    [
                        -75.07344222222221,
                        39.37328
                    ],
                    [
                        -75.07171194444444,
                        39.37310027777778
                    ],
                    [
                        -75.07010111111111,
                        39.37257916666667
                    ],
                    [
                        -75.06871833333334,
                        39.37175194444445
                    ],
                    [
                        -75.06765861111111,
                        39.37067527777778
                    ],
                    [
                        -75.06699444444445,
                        39.36942194444445
                    ],
                    [
                        -75.06676999999999,
                        39.36807833333334
                    ]
                ]
            }
        },
        {
            "type": "Feature",
            "properties": {
                "style": "solid",
                "thickness": 3
            },
            "geometry": {
                "type": "LineString",
                "coordinates": [
                    [
                        -75.06689055555555,
                        39.3691
                    ],
                    [
                        -75.06405972222223,
                        39.369461111111114
                    ]
                ]
            }
        },
        {
            "type": "Feature",
            "properties": {
                "style": "solid",
                "thickness": 3
            },
            "geometry": {
                "type": "LineString",
                "coordinates": [
                    [
                        -75.07477916666666,
                        39.37323166666667
                    ],
                    [
                        -75.07524472222222,
                        39.37542888888889
                    ]
                ]
            }
        },
        {
            "type": "Feature",
            "properties": {
                "style": "solid",
                "thickness": 3
            },
            "geometry": {
                "type": "LineString",
                "coordinates": [
                    [
                        -75.07221333333332,
                        39.36297694444445
                    ],
                    [
                        -75.07174805555555,
                        39.360779722222226
                    ]
                ]
            }
        },
        {
            "type": "Feature",
            "properties": {
                "style": "solid",
                "thickness": 3
            },
            "geometry": {
                "type": "LineString",
                "coordinates": [
                    [
                        -75.08010194444444,
                        39.367108611111114
                    ],
                    [
                        -75.08293277777777,
                        39.3667475
                    ]
                ]
            }
        },
        {
            "type": "Feature",
            "properties": {
                "style": "solid",
                "thickness": 3
            },
            "geometry": {
                "type": "LineString",
                "coordinates": [
                    [
                        -75.24567666666667,
                        40.034163888888884
                    ],
                    [
                        -75.2422213888889,
                        40.042491388888884
                    ],
                    [
                        -75.23496138888889,
                        40.03571722222222
                    ]
                ]
            }
        },
        {
            "type": "Feature",
            "properties": {
                "style": "solid",
                "thickness": 3
            },
            "geometry": {
                "type": "LineString",
                "coordinates": [
                    [
                        -75.17174916666667,
                        39.94416583333333
                    ],
                    [
                        -75.16828916666667,
                        39.952490833333336
                    ],
                    [
                        -75.16104555555556,
                        39.94571194444444
                    ]
                ]
            }
        },
        {
            "type": "Feature",
            "properties": {
                "style": "solid",
                "thickness": 3
            },
            "geometry": {
                "type": "LineString",
                "coordinates": [
                    [
                        -74.84816,
                        39.720596111111114
                    ],
                    [
                        -74.84467222222221,
                        39.72891194444445
                    ],
                    [
                        -74.83748416666666,
                        39.72211277777778
                    ]
                ]
            }
        },
        {
            "type": "Feature",
            "properties": {
                "style": "solid",
                "thickness": 3
            },
            "geometry": {
                "type": "LineString",
                "coordinates": [
                    [
                        -75.18229472222222,
                        39.877273611111114
                    ],
                    [
                        -75.17883944444445,
                        39.885599722222224
                    ],
                    [
                        -75.17160194444445,
                        39.87882166666667
                    ]
                ]
            }
        },
        {
            "type": "Feature",
            "properties": {
                "style": "solid",
                "thickness": 3
            },
            "geometry": {
                "type": "LineString",
                "coordinates": [
                    [
                        -75.30181222222222,
                        39.68693888888888
                    ],
                    [
                        -75.29838111111111,
                        39.69526805555555
                    ],
                    [
                        -75.29115222222222,
                        39.68849722222222
                    ]
                ]
            }
        },
        {
            "type": "Feature",
            "properties": {
                "style": "solid",
                "thickness": 3
            },
            "geometry": {
                "type": "LineString",
                "coordinates": [
                    [
                        -75.28072277777778,
                        40.38915138888889
                    ],
                    [
                        -75.28100388888889,
                        40.38737694444444
                    ],
                    [
                        -75.28183194444445,
                        40.38570638888889
                    ],
                    [
                        -75.28315972222222,
                        40.384235555555556
                    ],
                    [
                        -75.28490888888889,
                        40.383049722222225
                    ],
                    [
                        -75.28697777777778,
                        40.382219444444445
                    ],
                    [
                        -75.28924666666667,
                        40.38179111111111
                    ],
                    [
                        -75.29158388888888,
                        40.38179083333333
                    ],
                    [
                        -75.29385305555556,
                        40.3822175
                    ],
                    [
                        -75.2959225,
                        40.3830475
                    ],
                    [
                        -75.2976725,
                        40.384232499999996
                    ],
                    [
                        -75.29900083333334,
                        40.38570277777778
                    ],
                    [
                        -75.29983,
                        40.387373333333336
                    ],
                    [
                        -75.30011277777777,
                        40.38914777777778
                    ],
                    [
                        -75.29983194444445,
                        40.39092138888889
                    ],
                    [
                        -75.29900388888889,
                        40.39259305555556
                    ],
                    [
                        -75.29767694444445,
                        40.394064444444446
                    ],
                    [
                        -75.2959275,
                        40.395249722222225
                    ],
                    [
                        -75.29385805555556,
                        40.396080833333336
                    ],
                    [
                        -75.29158916666667,
                        40.39650916666667
                    ],
                    [
                        -75.28925166666666,
                        40.39650944444445
                    ],
                    [
                        -75.28698194444445,
                        40.39608194444445
                    ],
                    [
                        -75.28491194444445,
                        40.39525222222222
                    ],
                    [
                        -75.28316166666667,
                        40.39406694444445
                    ],
                    [
                        -75.28183416666667,
                        40.39259666666667
                    ],
                    [
                        -75.28100444444445,
                        40.390925833333334
                    ],
                    [
                        -75.28072277777778,
                        40.38915138888889
                    ],
                    [
                        -75.28072277777778,
                        40.38915138888889
                    ]
                ]
            }
        },
        {
            "type": "Feature",
            "properties": {
                "style": "solid",
                "thickness": 3
            },
            "geometry": {
                "type": "LineString",
                "coordinates": [
                    [
                        -75.28087166666667,
                        40.39051611111111
                    ],
                    [
                        -75.2768025,
                        40.39115694444445
                    ]
                ]
            }
        },
        {
            "type": "Feature",
            "properties": {
                "style": "solid",
                "thickness": 3
            },
            "geometry": {
                "type": "LineString",
                "coordinates": [
                    [
                        -75.2922436111111,
                        40.39646194444445
                    ],
                    [
                        -75.29308222222222,
                        40.399573333333336
                    ]
                ]
            }
        },
        {
            "type": "Feature",
            "properties": {
                "style": "solid",
                "thickness": 3
            },
            "geometry": {
                "type": "LineString",
                "coordinates": [
                    [
                        -75.28864777777778,
                        40.38182166666667
                    ],
                    [
                        -75.28780944444445,
                        40.37871055555556
                    ]
                ]
            }
        },
        {
            "type": "Feature",
            "properties": {
                "style": "solid",
                "thickness": 3
            },
            "geometry": {
                "type": "LineString",
                "coordinates": [
                    [
                        -75.30001861111111,
                        40.38776638888889
                    ],
                    [
                        -75.30408694444444,
                        40.387124722222225
                    ]
                ]
            }
        },
        {
            "type": "Feature",
            "properties": {
                "style": "solid",
                "thickness": 3
            },
            "geometry": {
                "type": "LineString",
                "coordinates": [
                    [
                        -75.8630636111111,
                        39.57420194444445
                    ],
                    [
                        -75.86328055555555,
                        39.572858333333336
                    ],
                    [
                        -75.86393972222221,
                        39.571603055555556
                    ],
                    [
                        -75.86499583333332,
                        39.5705225
                    ],
                    [
                        -75.86637722222221,
                        39.56969027777778
                    ],
                    [
                        -75.86799027777776,
                        39.569163333333336
                    ],
                    [
                        -75.86972416666666,
                        39.5689775
                    ],
                    [
                        -75.87146138888889,
                        39.56914555555556
                    ],
                    [
                        -75.87308277777777,
                        39.569655555555556
                    ],
                    [
                        -75.87447944444443,
                        39.57047277777778
                    ],
                    [
                        -75.87555444444443,
                        39.57154194444445
                    ],
                    [
                        -75.87623527777777,
                        39.572789722222225
                    ],
                    [
                        -75.8764761111111,
                        39.574132222222225
                    ],
                    [
                        -75.87625916666666,
                        39.575476944444446
                    ],
                    [
                        -75.87560027777778,
                        39.57673194444445
                    ],
                    [
                        -75.87454388888888,
                        39.5778125
                    ],
                    [
                        -75.87316249999999,
                        39.57864416666667
                    ],
                    [
                        -75.87154916666665,
                        39.57917166666667
                    ],
                    [
                        -75.86981499999999,
                        39.5793575
                    ],
                    [
                        -75.86807777777777,
                        39.579189722222225
                    ],
                    [
                        -75.86645555555555,
                        39.57867944444445
                    ],
                    [
                        -75.86505972222221,
                        39.57786222222222
                    ],
                    [
                        -75.86398472222221,
                        39.5767925
                    ],
                    [
                        -75.86330388888888,
                        39.575544444444446
                    ],
                    [
                        -75.8630636111111,
                        39.57420194444445
                    ]
                ]
            }
        },
        {
            "type": "Feature",
            "properties": {
                "style": "solid",
                "thickness": 3
            },
            "geometry": {
                "type": "LineString",
                "coordinates": [
                    [
                        -75.86315583333332,
                        39.575208333333336
                    ],
                    [
                        -75.86032055555555,
                        39.57558944444445
                    ]
                ]
            }
        },
        {
            "type": "Feature",
            "properties": {
                "style": "solid",
                "thickness": 3
            },
            "geometry": {
                "type": "LineString",
                "coordinates": [
                    [
                        -75.87111555555555,
                        39.57928555555556
                    ],
                    [
                        -75.87160777777777,
                        39.58147944444445
                    ]
                ]
            }
        },
        {
            "type": "Feature",
            "properties": {
                "style": "solid",
                "thickness": 3
            },
            "geometry": {
                "type": "LineString",
                "coordinates": [
                    [
                        -75.86842416666666,
                        39.569049444444445
                    ],
                    [
                        -75.86793222222222,
                        39.566855555555556
                    ]
                ]
            }
        },
        {
            "type": "Feature",
            "properties": {
                "style": "solid",
                "thickness": 3
            },
            "geometry": {
                "type": "LineString",
                "coordinates": [
                    [
                        -75.87638333333332,
                        39.573125833333336
                    ],
                    [
                        -75.87921777777777,
                        39.572744722222225
                    ]
                ]
            }
        },
        {
            "type": "Feature",
            "properties": {
                "style": "solid",
                "thickness": 3
            },
            "geometry": {
                "type": "LineString",
                "coordinates": [
                    [
                        -74.957035,
                        39.537590277777774
                    ],
                    [
                        -74.95733777777778,
                        39.53571722222222
                    ],
                    [
                        -74.95821027777778,
                        39.53395444444444
                    ],
                    [
                        -74.95960166666667,
                        39.532404722222225
                    ],
                    [
                        -74.96143166666667,
                        39.53115805555556
                    ],
                    [
                        -74.96359416666667,
                        39.53028666666667
                    ],
                    [
                        -74.9659625,
                        39.52984055555555
                    ],
                    [
                        -74.96840055555556,
                        39.5298475
                    ],
                    [
                        -74.970765,
                        39.53030527777778
                    ],
                    [
                        -74.97291916666667,
                        39.531187777777774
                    ],
                    [
                        -74.9747388888889,
                        39.532443888888885
                    ],
                    [
                        -74.97611722222223,
                        39.53400138888889
                    ],
                    [
                        -74.97697388888889,
                        39.53576805555555
                    ],
                    [
                        -74.97726,
                        39.537643055555556
                    ],
                    [
                        -74.97695861111112,
                        39.53951611111111
                    ],
                    [
                        -74.97608611111112,
                        39.54127888888889
                    ],
                    [
                        -74.97469472222222,
                        39.542828888888884
                    ],
                    [
                        -74.97286472222223,
                        39.54407555555555
                    ],
                    [
                        -74.9707025,
                        39.54494694444444
                    ],
                    [
                        -74.96833333333333,
                        39.54539305555555
                    ],
                    [
                        -74.965895,
                        39.545386944444445
                    ],
                    [
                        -74.96353,
                        39.54492888888889
                    ],
                    [
                        -74.961375,
                        39.54404583333333
                    ],
                    [
                        -74.95955527777778,
                        39.542789444444445
                    ],
                    [
                        -74.9581775,
                        39.54123194444444
                    ],
                    [
                        -74.95732111111111,
                        39.53946444444444
                    ],
                    [
                        -74.957035,
                        39.537590277777774
                    ],
                    [
                        -74.957035,
                        39.537590277777774
                    ]
                ]
            }
        },
        {
            "type": "Feature",
            "properties": {
                "style": "solid",
                "thickness": 3
            },
            "geometry": {
                "type": "LineString",
                "coordinates": [
                    [
                        -74.73150055555556,
                        40.58297944444445
                    ],
                    [
                        -74.7318138888889,
                        40.58110777777778
                    ],
                    [
                        -74.73270527777778,
                        40.579347222222225
                    ],
                    [
                        -74.73412361111112,
                        40.5778
                    ],
                    [
                        -74.73598611111112,
                        40.57655694444445
                    ],
                    [
                        -74.73818416666667,
                        40.57569027777778
                    ],
                    [
                        -74.74059111111112,
                        40.575249444444445
                    ],
                    [
                        -74.74306555555556,
                        40.57526055555556
                    ],
                    [
                        -74.74546527777778,
                        40.57572305555556
                    ],
                    [
                        -74.74765027777778,
                        40.57660972222222
                    ],
                    [
                        -74.74949333333333,
                        40.577869444444445
                    ],
                    [
                        -74.7508875,
                        40.57942888888889
                    ],
                    [
                        -74.75175194444445,
                        40.58119722222222
                    ],
                    [
                        -74.75203583333334,
                        40.58307166666667
                    ],
                    [
                        -74.75172361111112,
                        40.584943611111115
                    ],
                    [
                        -74.7508325,
                        40.58670472222222
                    ],
                    [
                        -74.74941416666667,
                        40.58825138888889
                    ],
                    [
                        -74.7475513888889,
                        40.58949444444445
                    ],
                    [
                        -74.74535277777778,
                        40.590362222222225
                    ],
                    [
                        -74.74294583333334,
                        40.5908025
                    ],
                    [
                        -74.74047055555556,
                        40.59079194444445
                    ],
                    [
                        -74.73807027777778,
                        40.59032888888889
                    ],
                    [
                        -74.73588527777778,
                        40.589442222222225
                    ],
                    [
                        -74.73404222222223,
                        40.5881825
                    ],
                    [
                        -74.73264805555556,
                        40.586623055555556
                    ],
                    [
                        -74.73178416666667,
                        40.584854722222225
                    ],
                    [
                        -74.73150055555556,
                        40.58297944444445
                    ],
                    [
                        -74.73150055555556,
                        40.58297944444445
                    ]
                ]
            }
        },
        {
            "type": "Feature",
            "properties": {
                "style": "solid",
                "thickness": 3
            },
            "geometry": {
                "type": "LineString",
                "coordinates": [
                    [
                        -75.28715833333334,
                        40.42483055555555
                    ],
                    [
                        -75.28745583333333,
                        40.42295722222222
                    ],
                    [
                        -75.28833055555555,
                        40.42119222222222
                    ],
                    [
                        -75.28973305555556,
                        40.41963888888888
                    ],
                    [
                        -75.29158111111111,
                        40.418386388888884
                    ],
                    [
                        -75.2937675,
                        40.41750916666666
                    ],
                    [
                        -75.29616416666667,
                        40.41705694444444
                    ],
                    [
                        -75.29863361111111,
                        40.41705583333333
                    ],
                    [
                        -75.30103111111112,
                        40.41750694444444
                    ],
                    [
                        -75.30321833333333,
                        40.41838388888889
                    ],
                    [
                        -75.30506777777778,
                        40.41963444444444
                    ],
                    [
                        -75.30647138888888,
                        40.421187499999995
                    ],
                    [
                        -75.30734777777778,
                        40.42295166666666
                    ],
                    [
                        -75.30764666666667,
                        40.42482555555555
                    ],
                    [
                        -75.30734972222221,
                        40.42669861111111
                    ],
                    [
                        -75.30647527777778,
                        40.428463888888885
                    ],
                    [
                        -75.30507361111111,
                        40.43001722222222
                    ],
                    [
                        -75.30322555555556,
                        40.43126972222222
                    ],
                    [
                        -75.30103916666667,
                        40.43214777777778
                    ],
                    [
                        -75.29864083333334,
                        40.4326
                    ],
                    [
                        -75.2961713888889,
                        40.43260027777777
                    ],
                    [
                        -75.29377305555555,
                        40.43214916666666
                    ],
                    [
                        -75.29158555555556,
                        40.43127305555555
                    ],
                    [
                        -75.28973666666667,
                        40.43002194444444
                    ],
                    [
                        -75.28833277777778,
                        40.42846861111111
                    ],
                    [
                        -75.28745666666667,
                        40.42670444444444
                    ],
                    [
                        -75.28715833333334,
                        40.42483055555555
                    ],
                    [
                        -75.28715833333334,
                        40.42483055555555
                    ]
                ]
            }
        },
        {
            "type": "Feature",
            "properties": {
                "style": "solid",
                "thickness": 3
            },
            "geometry": {
                "type": "LineString",
                "coordinates": [
                    [
                        -75.55011083333333,
                        40.22233138888889
                    ],
                    [
                        -75.55039972222222,
                        40.22045722222222
                    ],
                    [
                        -75.55126555555556,
                        40.21869
                    ],
                    [
                        -75.55265777777778,
                        40.21713333333334
                    ],
                    [
                        -75.55449555555555,
                        40.215877222222225
                    ],
                    [
                        -75.55667166666666,
                        40.21499472222222
                    ],
                    [
                        -75.55906,
                        40.21453694444445
                    ],
                    [
                        -75.56152222222222,
                        40.214530833333335
                    ],
                    [
                        -75.56391444444444,
                        40.21497611111111
                    ],
                    [
                        -75.56609805555556,
                        40.2158475
                    ],
                    [
                        -75.56794666666666,
                        40.217095
                    ],
                    [
                        -75.56935194444443,
                        40.21864388888889
                    ],
                    [
                        -75.57023305555555,
                        40.22040666666667
                    ],
                    [
                        -75.57053805555555,
                        40.222279722222225
                    ],
                    [
                        -75.57024972222221,
                        40.22415388888889
                    ],
                    [
                        -75.56938388888888,
                        40.22592138888889
                    ],
                    [
                        -75.5679925,
                        40.22747805555556
                    ],
                    [
                        -75.56615472222222,
                        40.22873416666667
                    ],
                    [
                        -75.56397833333332,
                        40.2296175
                    ],
                    [
                        -75.56158888888889,
                        40.23007527777778
                    ],
                    [
                        -75.55912666666666,
                        40.23008138888889
                    ],
                    [
                        -75.55673361111111,
                        40.22963527777778
                    ],
                    [
                        -75.55454944444445,
                        40.22876388888889
                    ],
                    [
                        -75.55270138888889,
                        40.227516944444446
                    ],
                    [
                        -75.55129611111111,
                        40.22596722222222
                    ],
                    [
                        -75.55041555555555,
                        40.224204444444446
                    ],
                    [
                        -75.55011083333333,
                        40.22233138888889
                    ],
                    [
                        -75.55011083333333,
                        40.22233138888889
                    ]
                ]
            }
        },
        {
            "type": "Feature",
            "properties": {
                "style": "solid",
                "thickness": 3
            },
            "geometry": {
                "type": "LineString",
                "coordinates": [
                    [
                        -75.29293777777778,
                        39.636025
                    ],
                    [
                        -75.29323111111111,
                        39.63415166666667
                    ],
                    [
                        -75.2940961111111,
                        39.63238666666667
                    ],
                    [
                        -75.29548249999999,
                        39.630832222222224
                    ],
                    [
                        -75.29730888888889,
                        39.629580555555556
                    ],
                    [
                        -75.29946972222223,
                        39.6287025
                    ],
                    [
                        -75.30183972222223,
                        39.62825027777778
                    ],
                    [
                        -75.30428083333334,
                        39.62824916666667
                    ],
                    [
                        -75.30665138888888,
                        39.6287
                    ],
                    [
                        -75.30881305555555,
                        39.629576944444445
                    ],
                    [
                        -75.31064083333332,
                        39.6308275
                    ],
                    [
                        -75.31202888888889,
                        39.632380833333336
                    ],
                    [
                        -75.31289555555556,
                        39.634145
                    ],
                    [
                        -75.31319138888888,
                        39.63601888888889
                    ],
                    [
                        -75.31289833333334,
                        39.63789305555556
                    ],
                    [
                        -75.31203388888889,
                        39.63965833333333
                    ],
                    [
                        -75.3106475,
                        39.6412125
                    ],
                    [
                        -75.30882111111111,
                        39.64246416666666
                    ],
                    [
                        -75.30665944444443,
                        39.6433425
                    ],
                    [
                        -75.30428944444444,
                        39.643794722222225
                    ],
                    [
                        -75.30184777777778,
                        39.643795833333336
                    ],
                    [
                        -75.29947694444444,
                        39.643344722222224
                    ],
                    [
                        -75.29731472222223,
                        39.64246861111111
                    ],
                    [
                        -75.29548638888889,
                        39.641217222222224
                    ],
                    [
                        -75.29409916666667,
                        39.63966416666667
                    ],
                    [
                        -75.2932325,
                        39.63789888888889
                    ],
                    [
                        -75.29293777777778,
                        39.636025
                    ],
                    [
                        -75.29293777777778,
                        39.636025
                    ]
                ]
            }
        },
        {
            "type": "Feature",
            "properties": {
                "style": "solid",
                "thickness": 3
            },
            "geometry": {
                "type": "LineString",
                "coordinates": [
                    [
                        -75.505955,
                        39.23161805555556
                    ],
                    [
                        -75.50624083333334,
                        39.22974416666667
                    ],
                    [
                        -75.50709583333334,
                        39.2279775
                    ],
                    [
                        -75.50846861111111,
                        39.226420833333336
                    ],
                    [
                        -75.51028111111111,
                        39.225165555555556
                    ],
                    [
                        -75.51242666666667,
                        39.22428388888889
                    ],
                    [
                        -75.51478138888889,
                        39.22382694444445
                    ],
                    [
                        -75.51720805555556,
                        39.223821111111114
                    ],
                    [
                        -75.5195661111111,
                        39.224268333333335
                    ],
                    [
                        -75.52171833333333,
                        39.225140833333334
                    ],
                    [
                        -75.5235388888889,
                        39.22638777777778
                    ],
                    [
                        -75.52492388888889,
                        39.227938611111114
                    ],
                    [
                        -75.52579055555556,
                        39.22970138888889
                    ],
                    [
                        -75.52609027777778,
                        39.23157444444445
                    ],
                    [
                        -75.525805,
                        39.233449444444446
                    ],
                    [
                        -75.52495083333334,
                        39.235216111111114
                    ],
                    [
                        -75.5235775,
                        39.23677277777778
                    ],
                    [
                        -75.52176555555556,
                        39.23802861111111
                    ],
                    [
                        -75.51961916666667,
                        39.238910555555556
                    ],
                    [
                        -75.51726444444445,
                        39.2393675
                    ],
                    [
                        -75.51483722222223,
                        39.23937277777778
                    ],
                    [
                        -75.51247833333333,
                        39.23892611111111
                    ],
                    [
                        -75.51032611111111,
                        39.23805361111111
                    ],
                    [
                        -75.50850472222223,
                        39.236805555555556
                    ],
                    [
                        -75.50712055555556,
                        39.235255
                    ],
                    [
                        -75.50625388888889,
                        39.233491944444445
                    ],
                    [
                        -75.505955,
                        39.23161805555556
                    ],
                    [
                        -75.505955,
                        39.23161805555556
                    ]
                ]
            }
        },
        {
            "type": "Feature",
            "properties": {
                "style": "solid",
                "thickness": 3
            },
            "geometry": {
                "type": "LineString",
                "coordinates": [
                    [
                        -75.12512333333332,
                        39.41820972222222
                    ],
                    [
                        -75.12541999999999,
                        39.41633611111111
                    ],
                    [
                        -75.12628694444444,
                        39.41457194444444
                    ],
                    [
                        -75.12767249999999,
                        39.413019999999996
                    ],
                    [
                        -75.12949666666665,
                        39.411770833333335
                    ],
                    [
                        -75.13165305555555,
                        39.41089611111111
                    ],
                    [
                        -75.1340163888889,
                        39.410447222222224
                    ],
                    [
                        -75.13644972222222,
                        39.41044972222222
                    ],
                    [
                        -75.13881166666667,
                        39.41090444444444
                    ],
                    [
                        -75.14096444444445,
                        39.411783888888884
                    ],
                    [
                        -75.14278361111111,
                        39.413037777777774
                    ],
                    [
                        -75.14416333333334,
                        39.41459222222222
                    ],
                    [
                        -75.14502277777778,
                        39.41635861111111
                    ],
                    [
                        -75.14531333333333,
                        39.418232499999995
                    ],
                    [
                        -75.14501638888889,
                        39.42010638888889
                    ],
                    [
                        -75.14415027777778,
                        39.42187055555555
                    ],
                    [
                        -75.14276527777778,
                        39.4234225
                    ],
                    [
                        -75.14094055555556,
                        39.42467166666666
                    ],
                    [
                        -75.13878416666667,
                        39.42554666666666
                    ],
                    [
                        -75.13642055555556,
                        39.42599555555555
                    ],
                    [
                        -75.13398666666667,
                        39.42599305555555
                    ],
                    [
                        -75.13162416666665,
                        39.42553833333333
                    ],
                    [
                        -75.1294711111111,
                        39.424658888888885
                    ],
                    [
                        -75.12765138888888,
                        39.423404999999995
                    ],
                    [
                        -75.12627222222221,
                        39.42184944444444
                    ],
                    [
                        -75.12541277777777,
                        39.42008388888889
                    ],
                    [
                        -75.12512333333332,
                        39.41820972222222
                    ],
                    [
                        -75.12512333333332,
                        39.41820972222222
                    ]
                ]
            }
        },
        {
            "type": "Feature",
            "properties": {
                "style": "solid",
                "thickness": 3
            },
            "geometry": {
                "type": "LineString",
                "coordinates": [
                    [
                        -74.89735805555556,
                        40.253275
                    ],
                    [
                        -74.897665,
                        40.251403055555556
                    ],
                    [
                        -74.89854777777778,
                        40.24964055555556
                    ],
                    [
                        -74.89995527777778,
                        40.24809194444445
                    ],
                    [
                        -74.90180611111111,
                        40.24684638888889
                    ],
                    [
                        -74.90399166666667,
                        40.24597611111111
                    ],
                    [
                        -74.90638555555556,
                        40.24553138888889
                    ],
                    [
                        -74.90884833333334,
                        40.24553944444445
                    ],
                    [
                        -74.91123722222223,
                        40.24599777777778
                    ],
                    [
                        -74.91341416666667,
                        40.246882222222226
                    ],
                    [
                        -74.91525138888889,
                        40.24813916666667
                    ],
                    [
                        -74.91664277777778,
                        40.249696944444445
                    ],
                    [
                        -74.91750722222223,
                        40.25146361111111
                    ],
                    [
                        -74.91779416666667,
                        40.25333861111111
                    ],
                    [
                        -74.91748777777778,
                        40.25521083333334
                    ],
                    [
                        -74.916605,
                        40.256973611111114
                    ],
                    [
                        -74.9151975,
                        40.258522222222226
                    ],
                    [
                        -74.9133475,
                        40.25976861111111
                    ],
                    [
                        -74.91116111111111,
                        40.26063888888889
                    ],
                    [
                        -74.90876722222222,
                        40.26108277777778
                    ],
                    [
                        -74.90630361111111,
                        40.26107583333334
                    ],
                    [
                        -74.9039138888889,
                        40.26061638888889
                    ],
                    [
                        -74.90173722222222,
                        40.25973277777778
                    ],
                    [
                        -74.89989916666667,
                        40.258475555555556
                    ],
                    [
                        -74.89850861111111,
                        40.25691777777778
                    ],
                    [
                        -74.89764472222222,
                        40.25515027777778
                    ],
                    [
                        -74.89735805555556,
                        40.253275
                    ],
                    [
                        -74.89735805555556,
                        40.253275
                    ]
                ]
            }
        },
        {
            "type": "Feature",
            "properties": {
                "style": "solid",
                "thickness": 3
            },
            "geometry": {
                "type": "LineString",
                "coordinates": [
                    [
                        -74.48485611111111,
                        40.20227055555556
                    ],
                    [
                        -74.48517416666667,
                        40.20039888888889
                    ],
                    [
                        -74.48606694444445,
                        40.19863972222222
                    ],
                    [
                        -74.48748305555556,
                        40.19709583333333
                    ],
                    [
                        -74.48933916666667,
                        40.195856388888885
                    ],
                    [
                        -74.4915288888889,
                        40.19499444444444
                    ],
                    [
                        -74.49392361111111,
                        40.194558611111106
                    ],
                    [
                        -74.49638444444444,
                        40.19457499999999
                    ],
                    [
                        -74.49876888888889,
                        40.19504194444444
                    ],
                    [
                        -74.50093833333334,
                        40.19593333333333
                    ],
                    [
                        -74.50276694444445,
                        40.197197777777774
                    ],
                    [
                        -74.5041475,
                        40.19876027777777
                    ],
                    [
                        -74.50500027777778,
                        40.20053027777778
                    ],
                    [
                        -74.50527611111112,
                        40.20240555555556
                    ],
                    [
                        -74.5049588888889,
                        40.2042775
                    ],
                    [
                        -74.50406611111111,
                        40.20603666666667
                    ],
                    [
                        -74.50265083333333,
                        40.20758055555556
                    ],
                    [
                        -74.5007938888889,
                        40.20882
                    ],
                    [
                        -74.49860472222223,
                        40.20968305555556
                    ],
                    [
                        -74.49620944444445,
                        40.21011861111111
                    ],
                    [
                        -74.49374777777778,
                        40.210102222222226
                    ],
                    [
                        -74.49136277777778,
                        40.20963444444445
                    ],
                    [
                        -74.48919305555556,
                        40.20874305555556
                    ],
                    [
                        -74.48736472222222,
                        40.207479444444445
                    ],
                    [
                        -74.4859838888889,
                        40.20591666666667
                    ],
                    [
                        -74.48513111111112,
                        40.204145833333335
                    ],
                    [
                        -74.48485611111111,
                        40.20227055555556
                    ],
                    [
                        -74.48485611111111,
                        40.20227055555556
                    ]
                ]
            }
        },
        {
            "type": "Feature",
            "properties": {
                "style": "solid",
                "thickness": 3
            },
            "geometry": {
                "type": "LineString",
                "coordinates": [
                    [
                        -75.67368361111112,
                        40.581023611111114
                    ],
                    [
                        -75.67397055555556,
                        40.57914916666667
                    ],
                    [
                        -75.67483777777778,
                        40.577380833333336
                    ],
                    [
                        -75.67623444444445,
                        40.57582277777778
                    ],
                    [
                        -75.67807944444445,
                        40.57456555555556
                    ],
                    [
                        -75.68026527777778,
                        40.57368
                    ],
                    [
                        -75.68266555555556,
                        40.57322055555556
                    ],
                    [
                        -75.68514083333334,
                        40.573211111111114
                    ],
                    [
                        -75.68754638888889,
                        40.57365472222222
                    ],
                    [
                        -75.68974361111111,
                        40.57452388888889
                    ],
                    [
                        -75.69160388888889,
                        40.575768333333336
                    ],
                    [
                        -75.69301944444445,
                        40.57731666666667
                    ],
                    [
                        -75.69390861111111,
                        40.579078055555556
                    ],
                    [
                        -75.69421861111111,
                        40.58095027777778
                    ],
                    [
                        -75.69393166666667,
                        40.58282444444445
                    ],
                    [
                        -75.693065,
                        40.58459194444445
                    ],
                    [
                        -75.69166861111111,
                        40.586150833333335
                    ],
                    [
                        -75.6898238888889,
                        40.58740916666667
                    ],
                    [
                        -75.68763694444445,
                        40.58829388888889
                    ],
                    [
                        -75.68523666666667,
                        40.58875416666667
                    ],
                    [
                        -75.68276055555556,
                        40.58876277777778
                    ],
                    [
                        -75.68035444444445,
                        40.58832
                    ],
                    [
                        -75.67815722222223,
                        40.587450555555556
                    ],
                    [
                        -75.67629694444445,
                        40.58620555555556
                    ],
                    [
                        -75.67488138888889,
                        40.58465694444445
                    ],
                    [
                        -75.67399305555556,
                        40.58289611111111
                    ],
                    [
                        -75.67368361111112,
                        40.581023611111114
                    ],
                    [
                        -75.67368361111112,
                        40.581023611111114
                    ]
                ]
            }
        },
        {
            "type": "Feature",
            "properties": {
                "style": "solid",
                "thickness": 3
            },
            "geometry": {
                "type": "LineString",
                "coordinates": [
                    [
                        -75.94248805555556,
                        40.30654055555555
                    ],
                    [
                        -75.94271805555556,
                        40.305117777777774
                    ],
                    [
                        -75.9434213888889,
                        40.30379027777777
                    ],
                    [
                        -75.94454944444445,
                        40.30264666666666
                    ],
                    [
                        -75.94602583333334,
                        40.30176583333333
                    ],
                    [
                        -75.94774916666667,
                        40.30120722222222
                    ],
                    [
                        -75.94960305555556,
                        40.30100944444444
                    ],
                    [
                        -75.95146055555556,
                        40.301185555555556
                    ],
                    [
                        -75.95319527777778,
                        40.30172361111111
                    ],
                    [
                        -75.9546888888889,
                        40.30258666666666
                    ],
                    [
                        -75.95583972222222,
                        40.30371722222222
                    ],
                    [
                        -75.95656916666667,
                        40.30503722222222
                    ],
                    [
                        -75.95682805555556,
                        40.30645638888888
                    ],
                    [
                        -75.95659805555556,
                        40.30787861111111
                    ],
                    [
                        -75.95589527777778,
                        40.30920666666666
                    ],
                    [
                        -75.95476666666667,
                        40.31035027777777
                    ],
                    [
                        -75.95329027777778,
                        40.311231388888885
                    ],
                    [
                        -75.95156694444445,
                        40.311789999999995
                    ],
                    [
                        -75.9497125,
                        40.31198777777777
                    ],
                    [
                        -75.947855,
                        40.311811388888884
                    ],
                    [
                        -75.94612027777778,
                        40.31127277777777
                    ],
                    [
                        -75.94462638888889,
                        40.31040972222222
                    ],
                    [
                        -75.94347583333334,
                        40.30927916666666
                    ],
                    [
                        -75.94274638888889,
                        40.30795916666666
                    ],
                    [
                        -75.94248805555556,
                        40.30654055555555
                    ]
                ]
            }
        },
        {
            "type": "Feature",
            "properties": {
                "style": "solid",
                "thickness": 3
            },
            "geometry": {
                "type": "LineString",
                "coordinates": [
                    [
                        -74.42143361111111,
                        39.81728916666667
                    ],
                    [
                        -74.4217513888889,
                        39.815417499999995
                    ],
                    [
                        -74.42264138888889,
                        39.81365916666666
                    ],
                    [
                        -74.42405083333334,
                        39.81211583333333
                    ],
                    [
                        -74.4258975,
                        39.81087722222222
                    ],
                    [
                        -74.42807583333334,
                        39.81001555555555
                    ],
                    [
                        -74.4304575,
                        39.80958111111111
                    ],
                    [
                        -74.432905,
                        39.809598888888885
                    ],
                    [
                        -74.43527583333334,
                        39.810068333333334
                    ],
                    [
                        -74.43743222222223,
                        39.810960277777774
                    ],
                    [
                        -74.43924916666667,
                        39.81222583333333
                    ],
                    [
                        -74.44062027777778,
                        39.81378861111111
                    ],
                    [
                        -74.4414675,
                        39.81555972222222
                    ],
                    [
                        -74.44173972222222,
                        39.817435833333334
                    ],
                    [
                        -74.4414225,
                        39.8193075
                    ],
                    [
                        -74.44053333333333,
                        39.821065833333336
                    ],
                    [
                        -74.43912416666667,
                        39.822609444444446
                    ],
                    [
                        -74.43727638888889,
                        39.82384805555556
                    ],
                    [
                        -74.43509861111112,
                        39.824709722222224
                    ],
                    [
                        -74.43271638888889,
                        39.82514416666667
                    ],
                    [
                        -74.43026861111112,
                        39.82512666666667
                    ],
                    [
                        -74.42789722222223,
                        39.8246575
                    ],
                    [
                        -74.42574,
                        39.82376416666667
                    ],
                    [
                        -74.42392333333333,
                        39.822499722222226
                    ],
                    [
                        -74.42255222222222,
                        39.82093555555556
                    ],
                    [
                        -74.42170583333333,
                        39.819164722222226
                    ],
                    [
                        -74.42143361111111,
                        39.81728916666667
                    ],
                    [
                        -74.42143361111111,
                        39.81728916666667
                    ]
                ]
            }
        },
        {
            "type": "Feature",
            "properties": {
                "style": "solid",
                "thickness": 3
            },
            "geometry": {
                "type": "LineString",
                "coordinates": [
                    [
                        -75.66068638888889,
                        39.9180925
                    ],
                    [
                        -75.66097083333334,
                        39.9162175
                    ],
                    [
                        -75.66183027777778,
                        39.914449999999995
                    ],
                    [
                        -75.66321388888889,
                        39.912891944444446
                    ],
                    [
                        -75.6650413888889,
                        39.91163361111111
                    ],
                    [
                        -75.66720666666667,
                        39.91074916666666
                    ],
                    [
                        -75.6695838888889,
                        39.910288611111106
                    ],
                    [
                        -75.67203444444445,
                        39.91028055555555
                    ],
                    [
                        -75.67441694444445,
                        39.91072333333333
                    ],
                    [
                        -75.67659277777778,
                        39.91159333333333
                    ],
                    [
                        -75.67843444444445,
                        39.91283861111111
                    ],
                    [
                        -75.67983611111111,
                        39.914387222222224
                    ],
                    [
                        -75.68071666666667,
                        39.916148888888884
                    ],
                    [
                        -75.68102305555556,
                        39.91802166666666
                    ],
                    [
                        -75.68073916666667,
                        39.91989611111111
                    ],
                    [
                        -75.67988055555556,
                        39.921664444444446
                    ],
                    [
                        -75.67849694444445,
                        39.923222777777774
                    ],
                    [
                        -75.67666972222223,
                        39.924480833333334
                    ],
                    [
                        -75.67450388888889,
                        39.92536555555555
                    ],
                    [
                        -75.67212666666667,
                        39.925825833333334
                    ],
                    [
                        -75.66967472222223,
                        39.92583444444444
                    ],
                    [
                        -75.66729166666667,
                        39.92539055555555
                    ],
                    [
                        -75.66511611111112,
                        39.92452111111111
                    ],
                    [
                        -75.6632738888889,
                        39.92327583333333
                    ],
                    [
                        -75.6618725,
                        39.921727222222216
                    ],
                    [
                        -75.66099277777778,
                        39.91996472222222
                    ],
                    [
                        -75.66068638888889,
                        39.9180925
                    ],
                    [
                        -75.66068638888889,
                        39.9180925
                    ]
                ]
            }
        },
        {
            "type": "Feature",
            "properties": {
                "style": "solid",
                "thickness": 3
            },
            "geometry": {
                "type": "LineString",
                "coordinates": [
                    [
                        -75.64512,
                        41.178507499999995
                    ],
                    [
                        -75.64389055555556,
                        41.19231416666666
                    ],
                    [
                        -75.63473083333334,
                        41.180052499999995
                    ],
                    [
                        -75.6333625,
                        41.19388
                    ],
                    [
                        -75.62488888888888,
                        41.18151472222222
                    ]
                ]
            }
        },
        {
            "type": "Feature",
            "properties": {
                "style": "solid",
                "thickness": 3
            },
            "geometry": {
                "type": "LineString",
                "coordinates": [
                    [
                        -75.02625527777778,
                        39.70545527777778
                    ],
                    [
                        -75.02648888888889,
                        39.7041125
                    ],
                    [
                        -75.02716472222222,
                        39.70286222222222
                    ],
                    [
                        -75.02823611111111,
                        39.70178888888889
                    ],
                    [
                        -75.02963055555556,
                        39.700967222222225
                    ],
                    [
                        -75.03125277777778,
                        39.700452222222225
                    ],
                    [
                        -75.03299194444445,
                        39.70027916666667
                    ],
                    [
                        -75.03473027777778,
                        39.70045944444445
                    ],
                    [
                        -75.03634916666667,
                        39.70098111111111
                    ],
                    [
                        -75.03773777777778,
                        39.70180888888889
                    ],
                    [
                        -75.03880166666667,
                        39.70288527777778
                    ],
                    [
                        -75.03946888888889,
                        39.70413888888889
                    ],
                    [
                        -75.03969305555556,
                        39.7054825
                    ],
                    [
                        -75.03945999999999,
                        39.706825
                    ],
                    [
                        -75.038785,
                        39.70807527777778
                    ],
                    [
                        -75.03771361111112,
                        39.70914805555556
                    ],
                    [
                        -75.03631916666666,
                        39.70997027777778
                    ],
                    [
                        -75.03469638888889,
                        39.71048555555556
                    ],
                    [
                        -75.03295694444445,
                        39.710658611111114
                    ],
                    [
                        -75.03121861111111,
                        39.710478611111114
                    ],
                    [
                        -75.02959916666667,
                        39.70995638888889
                    ],
                    [
                        -75.02821055555556,
                        39.70912888888889
                    ],
                    [
                        -75.02714666666667,
                        39.70805166666667
                    ],
                    [
                        -75.02647944444445,
                        39.70679888888889
                    ],
                    [
                        -75.02625527777778,
                        39.70545527777778
                    ]
                ]
            }
        },
        {
            "type": "Feature",
            "properties": {
                "style": "solid",
                "thickness": 3
            },
            "geometry": {
                "type": "LineString",
                "coordinates": [
                    [
                        -75.02633583333333,
                        39.70646166666667
                    ],
                    [
                        -75.02349027777778,
                        39.70682166666667
                    ]
                ]
            }
        },
        {
            "type": "Feature",
            "properties": {
                "style": "solid",
                "thickness": 3
            },
            "geometry": {
                "type": "LineString",
                "coordinates": [
                    [
                        -75.03426083333333,
                        39.71059666666667
                    ],
                    [
                        -75.03472666666667,
                        39.71279416666667
                    ]
                ]
            }
        },
        {
            "type": "Feature",
            "properties": {
                "style": "solid",
                "thickness": 3
            },
            "geometry": {
                "type": "LineString",
                "coordinates": [
                    [
                        -75.0316888888889,
                        39.700340833333335
                    ],
                    [
                        -75.03122222222223,
                        39.69814361111111
                    ]
                ]
            }
        },
        {
            "type": "Feature",
            "properties": {
                "style": "solid",
                "thickness": 3
            },
            "geometry": {
                "type": "LineString",
                "coordinates": [
                    [
                        -75.03961333333334,
                        39.704475
                    ],
                    [
                        -75.04245805555556,
                        39.704115
                    ]
                ]
            }
        },
        {
            "type": "Feature",
            "properties": {
                "style": "solid",
                "thickness": 3
            },
            "geometry": {
                "type": "LineString",
                "coordinates": [
                    [
                        -74.65215583333334,
                        40.399145833333336
                    ],
                    [
                        -74.65239916666667,
                        40.39780416666667
                    ],
                    [
                        -74.65308861111112,
                        40.39655638888889
                    ],
                    [
                        -74.65417666666667,
                        40.39548666666666
                    ],
                    [
                        -74.65559,
                        40.39466972222222
                    ],
                    [
                        -74.65723111111112,
                        40.39416027777778
                    ],
                    [
                        -74.65898916666667,
                        40.3939925
                    ],
                    [
                        -74.66074444444445,
                        40.394178333333336
                    ],
                    [
                        -74.66237611111112,
                        40.394705
                    ],
                    [
                        -74.663775,
                        40.395537222222224
                    ],
                    [
                        -74.66484416666667,
                        40.39661722222222
                    ],
                    [
                        -74.66551111111112,
                        40.39787194444445
                    ],
                    [
                        -74.66573027777778,
                        40.39921666666667
                    ],
                    [
                        -74.66548722222223,
                        40.40055833333333
                    ],
                    [
                        -74.66479833333334,
                        40.40180611111111
                    ],
                    [
                        -74.66370972222222,
                        40.402875277777774
                    ],
                    [
                        -74.66229694444445,
                        40.40369305555556
                    ],
                    [
                        -74.66065527777778,
                        40.404203055555556
                    ],
                    [
                        -74.65889694444445,
                        40.40437055555555
                    ],
                    [
                        -74.65714111111112,
                        40.40418444444445
                    ],
                    [
                        -74.65550888888889,
                        40.403657777777774
                    ],
                    [
                        -74.65411083333333,
                        40.40282555555555
                    ],
                    [
                        -74.65304166666667,
                        40.40174472222222
                    ],
                    [
                        -74.652375,
                        40.40048972222222
                    ],
                    [
                        -74.65215583333334,
                        40.399145833333336
                    ]
                ]
            }
        },
        {
            "type": "Feature",
            "properties": {
                "style": "solid",
                "thickness": 3
            },
            "geometry": {
                "type": "LineString",
                "coordinates": [
                    [
                        -74.6522313888889,
                        40.400153055555556
                    ],
                    [
                        -74.64935555555556,
                        40.400503888888885
                    ]
                ]
            }
        },
        {
            "type": "Feature",
            "properties": {
                "style": "solid",
                "thickness": 3
            },
            "geometry": {
                "type": "LineString",
                "coordinates": [
                    [
                        -74.66021388888889,
                        40.404312499999996
                    ],
                    [
                        -74.66067333333334,
                        40.40651083333333
                    ]
                ]
            }
        },
        {
            "type": "Feature",
            "properties": {
                "style": "solid",
                "thickness": 3
            },
            "geometry": {
                "type": "LineString",
                "coordinates": [
                    [
                        -74.6576725,
                        40.39405027777778
                    ],
                    [
                        -74.65721305555556,
                        40.39185166666667
                    ]
                ]
            }
        },
        {
            "type": "Feature",
            "properties": {
                "style": "solid",
                "thickness": 3
            },
            "geometry": {
                "type": "LineString",
                "coordinates": [
                    [
                        -74.66565472222223,
                        40.39820944444445
                    ],
                    [
                        -74.66853,
                        40.39785861111111
                    ]
                ]
            }
        },
        {
            "type": "Feature",
            "properties": {
                "style": "solid",
                "thickness": 3
            },
            "geometry": {
                "type": "LineString",
                "coordinates": [
                    [
                        -75.38842527777778,
                        39.83349444444445
                    ],
                    [
                        -75.39128972222223,
                        39.84209416666667
                    ],
                    [
                        -75.38012583333332,
                        39.83972638888889
                    ],
                    [
                        -75.38842527777778,
                        39.83349444444445
                    ]
                ]
            }
        },
        {
            "type": "Feature",
            "properties": {
                "style": "solid",
                "thickness": 3
            },
            "geometry": {
                "type": "LineString",
                "coordinates": [
                    [
                        -74.35630166666667,
                        39.6231275
                    ],
                    [
                        -74.35275944444444,
                        39.63142777777778
                    ],
                    [
                        -74.34563055555554,
                        39.62459805555556
                    ]
                ]
            }
        },
        {
            "type": "Feature",
            "properties": {
                "style": "solid",
                "thickness": 3
            },
            "geometry": {
                "type": "LineString",
                "coordinates": [
                    [
                        -74.91155583333334,
                        40.158632499999996
                    ],
                    [
                        -74.90383861111111,
                        40.15202
                    ],
                    [
                        -74.91517805555556,
                        40.15013305555556
                    ],
                    [
                        -74.91155583333334,
                        40.158632499999996
                    ]
                ]
            }
        },
        {
            "type": "Feature",
            "properties": {
                "style": "solid",
                "thickness": 3
            },
            "geometry": {
                "type": "LineString",
                "coordinates": [
                    [
                        -74.99546805555556,
                        40.40164
                    ],
                    [
                        -74.995625,
                        40.40097027777777
                    ],
                    [
                        -74.99607222222222,
                        40.40038305555555
                    ],
                    [
                        -74.99675444444445,
                        40.399947499999996
                    ],
                    [
                        -74.99759138888889,
                        40.39971666666666
                    ],
                    [
                        -74.99848055555556,
                        40.39971888888889
                    ],
                    [
                        -74.99931527777778,
                        40.399953333333336
                    ],
                    [
                        -74.99999472222223,
                        40.40039222222222
                    ],
                    [
                        -75.00043694444444,
                        40.400981944444446
                    ],
                    [
                        -75.00058916666667,
                        40.40165111111111
                    ],
                    [
                        -75.00043166666667,
                        40.402320833333334
                    ],
                    [
                        -74.99998472222222,
                        40.40290833333333
                    ],
                    [
                        -74.99930222222223,
                        40.40334388888889
                    ],
                    [
                        -74.99846527777778,
                        40.403574722222224
                    ],
                    [
                        -74.99757611111112,
                        40.403572499999996
                    ],
                    [
                        -74.99674138888889,
                        40.40333805555555
                    ],
                    [
                        -74.99606194444445,
                        40.40289972222222
                    ],
                    [
                        -74.99562,
                        40.40230916666667
                    ],
                    [
                        -74.99546805555556,
                        40.40164
                    ],
                    [
                        -74.99546805555556,
                        40.40164
                    ]
                ]
            }
        },
        {
            "type": "Feature",
            "properties": {
                "style": "solid",
                "thickness": 3
            },
            "geometry": {
                "type": "LineString",
                "coordinates": [
                    [
                        -74.99220194444445,
                        40.402497499999996
                    ],
                    [
                        -74.9939075,
                        40.4019775
                    ],
                    [
                        -74.99533833333334,
                        40.40109805555556
                    ],
                    [
                        -74.99636972222223,
                        40.39993666666667
                    ],
                    [
                        -74.99691111111112,
                        40.39859527777778
                    ],
                    [
                        -74.99691416666667,
                        40.397191388888885
                    ],
                    [
                        -74.99759444444445,
                        40.398494722222225
                    ],
                    [
                        -74.99874472222223,
                        40.399589444444445
                    ],
                    [
                        -75.00026416666667,
                        40.40037805555556
                    ],
                    [
                        -75.00201861111111,
                        40.40079138888889
                    ],
                    [
                        -75.003855,
                        40.400793888888884
                    ]
                ]
            }
        },
        {
            "type": "Feature",
            "properties": {
                "style": "solid",
                "thickness": 3
            },
            "geometry": {
                "type": "LineString",
                "coordinates": [
                    [
                        -74.9991425,
                        40.4061
                    ],
                    [
                        -74.99914611111112,
                        40.40469611111111
                    ],
                    [
                        -74.99968694444445,
                        40.40335472222222
                    ],
                    [
                        -75.00071833333334,
                        40.40219333333333
                    ],
                    [
                        -75.00214972222223,
                        40.40131361111111
                    ],
                    [
                        -75.003855,
                        40.400793888888884
                    ]
                ]
            }
        },
        {
            "type": "Feature",
            "properties": {
                "style": "solid",
                "thickness": 3
            },
            "geometry": {
                "type": "LineString",
                "coordinates": [
                    [
                        -74.9991425,
                        40.4061
                    ],
                    [
                        -74.9984625,
                        40.40479638888889
                    ],
                    [
                        -74.99731194444445,
                        40.40370166666666
                    ],
                    [
                        -74.99579277777778,
                        40.40291388888889
                    ],
                    [
                        -74.9940375,
                        40.402499999999996
                    ],
                    [
                        -74.99220194444445,
                        40.402497499999996
                    ],
                    [
                        -74.99220194444445,
                        40.402497499999996
                    ]
                ]
            }
        },
        {
            "type": "Feature",
            "properties": {
                "style": "solid",
                "thickness": 3
            },
            "geometry": {
                "type": "LineString",
                "coordinates": [
                    [
                        -75.17450111111111,
                        40.250285833333336
                    ],
                    [
                        -75.17465638888889,
                        40.24961694444445
                    ],
                    [
                        -75.17510055555556,
                        40.249028611111115
                    ],
                    [
                        -75.17578083333333,
                        40.24859166666667
                    ],
                    [
                        -75.17661527777778,
                        40.248359722222226
                    ],
                    [
                        -75.1775025,
                        40.24836083333334
                    ],
                    [
                        -75.17833583333334,
                        40.24859388888889
                    ],
                    [
                        -75.179015,
                        40.24903166666667
                    ],
                    [
                        -75.17945777777778,
                        40.24962055555556
                    ],
                    [
                        -75.17961111111111,
                        40.25029055555556
                    ],
                    [
                        -75.17945583333334,
                        40.25095944444445
                    ],
                    [
                        -75.17901166666667,
                        40.25154777777778
                    ],
                    [
                        -75.17833138888889,
                        40.251984722222225
                    ],
                    [
                        -75.1774975,
                        40.25221666666667
                    ],
                    [
                        -75.17660972222222,
                        40.25221555555556
                    ],
                    [
                        -75.17577638888889,
                        40.251982222222225
                    ],
                    [
                        -75.1750975,
                        40.25154527777778
                    ],
                    [
                        -75.17465472222223,
                        40.250955833333336
                    ],
                    [
                        -75.17450111111111,
                        40.250285833333336
                    ],
                    [
                        -75.17450111111111,
                        40.250285833333336
                    ]
                ]
            }
        },
        {
            "type": "Feature",
            "properties": {
                "style": "solid",
                "thickness": 3
            },
            "geometry": {
                "type": "LineString",
                "coordinates": [
                    [
                        -75.17124472222223,
                        40.25114888888889
                    ],
                    [
                        -75.17294472222223,
                        40.25062638888889
                    ],
                    [
                        -75.17437027777778,
                        40.249744722222225
                    ],
                    [
                        -75.17539666666667,
                        40.248581944444446
                    ],
                    [
                        -75.17593305555556,
                        40.247239444444446
                    ],
                    [
                        -75.1759325,
                        40.24583555555556
                    ],
                    [
                        -75.17661472222223,
                        40.24713777777778
                    ],
                    [
                        -75.17776583333334,
                        40.24823055555556
                    ],
                    [
                        -75.17928361111112,
                        40.24901666666667
                    ],
                    [
                        -75.18103527777778,
                        40.2494275
                    ],
                    [
                        -75.1828675,
                        40.2494275
                    ]
                ]
            }
        },
        {
            "type": "Feature",
            "properties": {
                "style": "solid",
                "thickness": 3
            },
            "geometry": {
                "type": "LineString",
                "coordinates": [
                    [
                        -75.17817972222223,
                        40.25474083333334
                    ],
                    [
                        -75.1781788888889,
                        40.2533375
                    ],
                    [
                        -75.17871555555556,
                        40.25199527777778
                    ],
                    [
                        -75.17974166666667,
                        40.25083166666667
                    ],
                    [
                        -75.18116722222223,
                        40.24995027777778
                    ],
                    [
                        -75.1828675,
                        40.2494275
                    ]
                ]
            }
        },
        {
            "type": "Feature",
            "properties": {
                "style": "solid",
                "thickness": 3
            },
            "geometry": {
                "type": "LineString",
                "coordinates": [
                    [
                        -75.17817972222223,
                        40.25474083333334
                    ],
                    [
                        -75.1774975,
                        40.253438333333335
                    ],
                    [
                        -75.17634611111112,
                        40.25234583333334
                    ],
                    [
                        -75.17482833333334,
                        40.251559722222225
                    ],
                    [
                        -75.17307694444445,
                        40.25114888888889
                    ],
                    [
                        -75.17124472222223,
                        40.25114888888889
                    ],
                    [
                        -75.17124472222223,
                        40.25114888888889
                    ]
                ]
            }
        },
        {
            "type": "Feature",
            "properties": {
                "style": "solid",
                "thickness": 3
            },
            "geometry": {
                "type": "LineString",
                "coordinates": [
                    [
                        -75.27195,
                        40.14581444444445
                    ],
                    [
                        -75.27210388888889,
                        40.14514527777778
                    ],
                    [
                        -75.27254666666667,
                        40.14455611111111
                    ],
                    [
                        -75.27322527777778,
                        40.14411916666667
                    ],
                    [
                        -75.27405805555556,
                        40.143886944444446
                    ],
                    [
                        -75.27494361111111,
                        40.14388666666667
                    ],
                    [
                        -75.27577611111111,
                        40.14411916666667
                    ],
                    [
                        -75.27645472222223,
                        40.14455611111111
                    ],
                    [
                        -75.2768975,
                        40.14514444444444
                    ],
                    [
                        -75.27705138888889,
                        40.14581444444445
                    ],
                    [
                        -75.27689833333334,
                        40.14648416666667
                    ],
                    [
                        -75.27645472222223,
                        40.14707277777778
                    ],
                    [
                        -75.27577666666667,
                        40.147509722222225
                    ],
                    [
                        -75.27494416666667,
                        40.14774194444444
                    ],
                    [
                        -75.27405805555556,
                        40.14774194444444
                    ],
                    [
                        -75.27322527777778,
                        40.147509722222225
                    ],
                    [
                        -75.27254666666667,
                        40.14707305555555
                    ],
                    [
                        -75.27210388888889,
                        40.14648444444445
                    ],
                    [
                        -75.27195,
                        40.14581444444445
                    ],
                    [
                        -75.27195,
                        40.14581444444445
                    ]
                ]
            }
        },
        {
            "type": "Feature",
            "properties": {
                "style": "solid",
                "thickness": 3
            },
            "geometry": {
                "type": "LineString",
                "coordinates": [
                    [
                        -75.26869972222222,
                        40.146679999999996
                    ],
                    [
                        -75.27039666666667,
                        40.14615555555555
                    ],
                    [
                        -75.27181861111112,
                        40.145273333333336
                    ],
                    [
                        -75.27284194444444,
                        40.144109444444446
                    ],
                    [
                        -75.27337555555556,
                        40.142765833333335
                    ],
                    [
                        -75.27337277777778,
                        40.14136194444444
                    ],
                    [
                        -75.27405583333334,
                        40.142665
                    ],
                    [
                        -75.27520638888889,
                        40.14375583333333
                    ],
                    [
                        -75.27672333333334,
                        40.14454138888889
                    ],
                    [
                        -75.27847277777778,
                        40.144950277777774
                    ],
                    [
                        -75.2803025,
                        40.14494861111111
                    ]
                ]
            }
        },
        {
            "type": "Feature",
            "properties": {
                "style": "solid",
                "thickness": 3
            },
            "geometry": {
                "type": "LineString",
                "coordinates": [
                    [
                        -75.27562944444445,
                        40.15026666666667
                    ],
                    [
                        -75.27562666666667,
                        40.14886277777778
                    ],
                    [
                        -75.27616,
                        40.14752
                    ],
                    [
                        -75.27718277777778,
                        40.14635555555555
                    ],
                    [
                        -75.27860555555556,
                        40.145473055555556
                    ],
                    [
                        -75.2803025,
                        40.14494861111111
                    ]
                ]
            }
        },
        {
            "type": "Feature",
            "properties": {
                "style": "solid",
                "thickness": 3
            },
            "geometry": {
                "type": "LineString",
                "coordinates": [
                    [
                        -75.27562944444445,
                        40.15026666666667
                    ],
                    [
                        -75.27494583333333,
                        40.148964444444445
                    ],
                    [
                        -75.27379527777778,
                        40.14787222222222
                    ],
                    [
                        -75.27227888888889,
                        40.14708805555556
                    ],
                    [
                        -75.27052888888889,
                        40.146678333333334
                    ],
                    [
                        -75.26869972222222,
                        40.146679999999996
                    ],
                    [
                        -75.26869972222222,
                        40.146679999999996
                    ]
                ]
            }
        },
        {
            "type": "Feature",
            "properties": {
                "style": "solid",
                "thickness": 3
            },
            "geometry": {
                "type": "LineString",
                "coordinates": [
                    [
                        -75.60455722222221,
                        39.787396944444446
                    ],
                    [
                        -75.60470694444444,
                        39.786726944444446
                    ],
                    [
                        -75.60514444444443,
                        39.786136388888885
                    ],
                    [
                        -75.6058175,
                        39.78569722222222
                    ],
                    [
                        -75.60664472222221,
                        39.785462777777774
                    ],
                    [
                        -75.6075261111111,
                        39.78546027777777
                    ],
                    [
                        -75.60835499999999,
                        39.785689999999995
                    ],
                    [
                        -75.60903277777777,
                        39.78612527777778
                    ],
                    [
                        -75.60947583333333,
                        39.78671277777777
                    ],
                    [
                        -75.60963249999999,
                        39.78738194444444
                    ],
                    [
                        -75.60948222222221,
                        39.78805194444444
                    ],
                    [
                        -75.60904527777777,
                        39.78864222222222
                    ],
                    [
                        -75.60837222222221,
                        39.78908083333333
                    ],
                    [
                        -75.60754499999999,
                        39.78931611111111
                    ],
                    [
                        -75.60666388888889,
                        39.789318611111106
                    ],
                    [
                        -75.60583472222221,
                        39.78908861111111
                    ],
                    [
                        -75.60515694444445,
                        39.78865333333333
                    ],
                    [
                        -75.60471388888888,
                        39.78806611111111
                    ],
                    [
                        -75.60455722222221,
                        39.787396944444446
                    ],
                    [
                        -75.60455722222221,
                        39.787396944444446
                    ]
                ]
            }
        },
        {
            "type": "Feature",
            "properties": {
                "style": "solid",
                "thickness": 3
            },
            "geometry": {
                "type": "LineString",
                "coordinates": [
                    [
                        -75.60132777777777,
                        39.78827194444444
                    ],
                    [
                        -75.60301333333332,
                        39.78774277777777
                    ],
                    [
                        -75.60442444444443,
                        39.786855833333334
                    ],
                    [
                        -75.60543638888889,
                        39.785688888888885
                    ],
                    [
                        -75.60596027777777,
                        39.784343888888884
                    ],
                    [
                        -75.60595083333332,
                        39.782939999999996
                    ],
                    [
                        -75.60663694444443,
                        39.78424083333333
                    ],
                    [
                        -75.60778666666666,
                        39.785328888888884
                    ],
                    [
                        -75.60929944444445,
                        39.78610916666666
                    ],
                    [
                        -75.61104138888888,
                        39.786513888888884
                    ],
                    [
                        -75.61286194444443,
                        39.78650694444444
                    ]
                ]
            }
        },
        {
            "type": "Feature",
            "properties": {
                "style": "solid",
                "thickness": 3
            },
            "geometry": {
                "type": "LineString",
                "coordinates": [
                    [
                        -75.60822944444443,
                        39.79043472222222
                    ],
                    [
                        -75.60875361111111,
                        39.789090277777774
                    ],
                    [
                        -75.60976527777777,
                        39.78792277777777
                    ],
                    [
                        -75.61117638888888,
                        39.78703611111111
                    ],
                    [
                        -75.61286194444443,
                        39.78650694444444
                    ]
                ]
            }
        },
        {
            "type": "Feature",
            "properties": {
                "style": "solid",
                "thickness": 3
            },
            "geometry": {
                "type": "LineString",
                "coordinates": [
                    [
                        -75.60755305555556,
                        39.79053805555555
                    ],
                    [
                        -75.60640305555555,
                        39.78944972222222
                    ],
                    [
                        -75.60489055555556,
                        39.788668611111106
                    ],
                    [
                        -75.60314777777778,
                        39.78826472222222
                    ],
                    [
                        -75.60132777777777,
                        39.78827194444444
                    ],
                    [
                        -75.60132777777777,
                        39.78827194444444
                    ]
                ]
            }
        },
        {
            "type": "Feature",
            "properties": {
                "style": "solid",
                "thickness": 3
            },
            "geometry": {
                "type": "LineString",
                "coordinates": [
                    [
                        -75.74337055555556,
                        39.9542975
                    ],
                    [
                        -75.75197472222223,
                        39.960210833333335
                    ],
                    [
                        -75.74093388888889,
                        39.96300222222222
                    ],
                    [
                        -75.74337055555556,
                        39.9542975
                    ]
                ]
            }
        },
        {
            "type": "Feature",
            "properties": {
                "style": "solid",
                "thickness": 3
            },
            "geometry": {
                "type": "LineString",
                "coordinates": [
                    [
                        -75.44435722222222,
                        40.72671694444445
                    ],
                    [
                        -75.44465111111111,
                        40.72484277777778
                    ],
                    [
                        -75.4455263888889,
                        40.7230775
                    ],
                    [
                        -75.44693111111111,
                        40.72152194444445
                    ],
                    [
                        -75.44878416666667,
                        40.72026805555556
                    ],
                    [
                        -75.45097833333334,
                        40.7193875
                    ],
                    [
                        -75.45338527777778,
                        40.71893166666667
                    ],
                    [
                        -75.45586555555556,
                        40.71892805555556
                    ],
                    [
                        -75.458275,
                        40.71937555555556
                    ],
                    [
                        -75.46047361111111,
                        40.72024916666667
                    ],
                    [
                        -75.46233388888889,
                        40.721497222222226
                    ],
                    [
                        -75.46374722222222,
                        40.72304805555556
                    ],
                    [
                        -75.46463194444445,
                        40.724810833333336
                    ],
                    [
                        -75.46493666666667,
                        40.72668361111111
                    ],
                    [
                        -75.46464277777778,
                        40.72855777777778
                    ],
                    [
                        -75.46376833333333,
                        40.73032388888889
                    ],
                    [
                        -75.46236361111112,
                        40.731879444444445
                    ],
                    [
                        -75.46051055555556,
                        40.733133611111114
                    ],
                    [
                        -75.45831638888889,
                        40.73401444444445
                    ],
                    [
                        -75.45590861111111,
                        40.73447
                    ],
                    [
                        -75.45342805555556,
                        40.73447361111111
                    ],
                    [
                        -75.45101777777778,
                        40.73402611111111
                    ],
                    [
                        -75.4488188888889,
                        40.7331525
                    ],
                    [
                        -75.44695861111111,
                        40.731903611111115
                    ],
                    [
                        -75.44554527777778,
                        40.73035333333333
                    ],
                    [
                        -75.44466138888889,
                        40.728589722222225
                    ],
                    [
                        -75.44435722222222,
                        40.72671694444445
                    ],
                    [
                        -75.44435722222222,
                        40.72671694444445
                    ]
                ]
            }
        },
        {
            "type": "Feature",
            "properties": {
                "style": "solid",
                "thickness": 3
            },
            "geometry": {
                "type": "LineString",
                "coordinates": [
                    [
                        -74.58205388888888,
                        40.01551638888889
                    ],
                    [
                        -74.58235166666667,
                        40.01374388888889
                    ],
                    [
                        -74.58319222222222,
                        40.012077222222224
                    ],
                    [
                        -74.58452694444443,
                        40.01061416666667
                    ],
                    [
                        -74.58627916666666,
                        40.009439722222226
                    ],
                    [
                        -74.58834499999999,
                        40.00862111111111
                    ],
                    [
                        -74.5906061111111,
                        40.008206111111114
                    ],
                    [
                        -74.59293027777777,
                        40.00822027777778
                    ],
                    [
                        -74.59518277777778,
                        40.00866055555556
                    ],
                    [
                        -74.59723249999999,
                        40.009503611111114
                    ],
                    [
                        -74.59895999999999,
                        40.01069805555556
                    ],
                    [
                        -74.60026666666666,
                        40.01217666666667
                    ],
                    [
                        -74.60107444444444,
                        40.01385305555556
                    ],
                    [
                        -74.60133722222221,
                        40.01562888888889
                    ],
                    [
                        -74.60103972222221,
                        40.017401388888885
                    ],
                    [
                        -74.60019972222221,
                        40.01906777777778
                    ],
                    [
                        -74.59886444444444,
                        40.02053027777778
                    ],
                    [
                        -74.59711333333333,
                        40.021705833333336
                    ],
                    [
                        -74.59504638888889,
                        40.02252472222222
                    ],
                    [
                        -74.59278527777778,
                        40.02293944444445
                    ],
                    [
                        -74.59046083333332,
                        40.02292527777778
                    ],
                    [
                        -74.58820777777777,
                        40.022484999999996
                    ],
                    [
                        -74.58615722222221,
                        40.02164194444445
                    ],
                    [
                        -74.58442972222221,
                        40.020446388888885
                    ],
                    [
                        -74.58312388888889,
                        40.01896833333333
                    ],
                    [
                        -74.58231611111111,
                        40.017292222222224
                    ],
                    [
                        -74.58205388888888,
                        40.01551638888889
                    ],
                    [
                        -74.58205388888888,
                        40.01551638888889
                    ]
                ]
            }
        },
        {
            "type": "Feature",
            "properties": {
                "style": "solid",
                "thickness": 3
            },
            "geometry": {
                "type": "LineString",
                "coordinates": [
                    [
                        -74.58220416666666,
                        40.016914444444446
                    ],
                    [
                        -74.57815166666666,
                        40.01753111111111
                    ]
                ]
            }
        },
        {
            "type": "Feature",
            "properties": {
                "style": "solid",
                "thickness": 3
            },
            "geometry": {
                "type": "LineString",
                "coordinates": [
                    [
                        -74.59345305555556,
                        40.022928888888885
                    ],
                    [
                        -74.59425583333334,
                        40.026044999999996
                    ]
                ]
            }
        },
        {
            "type": "Feature",
            "properties": {
                "style": "solid",
                "thickness": 3
            },
            "geometry": {
                "type": "LineString",
                "coordinates": [
                    [
                        -74.59002694444445,
                        40.00826611111111
                    ],
                    [
                        -74.58922472222221,
                        40.00514916666667
                    ]
                ]
            }
        },
        {
            "type": "Feature",
            "properties": {
                "style": "solid",
                "thickness": 3
            },
            "geometry": {
                "type": "LineString",
                "coordinates": [
                    [
                        -74.601275,
                        40.01427944444445
                    ],
                    [
                        -74.6053275,
                        40.0136625
                    ]
                ]
            }
        },
        {
            "type": "Feature",
            "properties": {
                "style": "solid",
                "thickness": 3
            },
            "geometry": {
                "type": "LineString",
                "coordinates": [
                    [
                        -75.25837722222222,
                        40.137572222222225
                    ],
                    [
                        -75.25860777777778,
                        40.136229444444446
                    ],
                    [
                        -75.25928305555556,
                        40.13497722222222
                    ],
                    [
                        -75.26035805555556,
                        40.13390305555556
                    ],
                    [
                        -75.26175805555556,
                        40.13307805555556
                    ],
                    [
                        -75.26338833333334,
                        40.132559722222226
                    ],
                    [
                        -75.26513861111111,
                        40.13238333333334
                    ],
                    [
                        -75.26688861111111,
                        40.132559722222226
                    ],
                    [
                        -75.26851944444445,
                        40.13307805555556
                    ],
                    [
                        -75.26991972222223,
                        40.133903333333336
                    ],
                    [
                        -75.27099416666667,
                        40.13497805555556
                    ],
                    [
                        -75.27166972222223,
                        40.136229722222225
                    ],
                    [
                        -75.2719,
                        40.137572222222225
                    ],
                    [
                        -75.27167,
                        40.138915833333336
                    ],
                    [
                        -75.27099472222223,
                        40.140167222222225
                    ],
                    [
                        -75.26991972222223,
                        40.141242222222225
                    ],
                    [
                        -75.26851972222222,
                        40.142067222222224
                    ],
                    [
                        -75.26688861111111,
                        40.142585555555556
                    ],
                    [
                        -75.26513861111111,
                        40.142762499999996
                    ],
                    [
                        -75.26338833333334,
                        40.142585555555556
                    ],
                    [
                        -75.2617575,
                        40.142066388888885
                    ],
                    [
                        -75.26035722222223,
                        40.141242222222225
                    ],
                    [
                        -75.25928277777778,
                        40.140167222222225
                    ],
                    [
                        -75.25860722222222,
                        40.138915833333336
                    ],
                    [
                        -75.25837722222222,
                        40.137572222222225
                    ]
                ]
            }
        },
        {
            "type": "Feature",
            "properties": {
                "style": "solid",
                "thickness": 3
            },
            "geometry": {
                "type": "LineString",
                "coordinates": [
                    [
                        -75.25850111111112,
                        40.13859388888889
                    ],
                    [
                        -75.25563916666667,
                        40.138959722222225
                    ]
                ]
            }
        },
        {
            "type": "Feature",
            "properties": {
                "style": "solid",
                "thickness": 3
            },
            "geometry": {
                "type": "LineString",
                "coordinates": [
                    [
                        -75.26649,
                        40.1427125
                    ],
                    [
                        -75.26696694444445,
                        40.14490861111111
                    ]
                ]
            }
        },
        {
            "type": "Feature",
            "properties": {
                "style": "solid",
                "thickness": 3
            },
            "geometry": {
                "type": "LineString",
                "coordinates": [
                    [
                        -75.26386694444444,
                        40.1324625
                    ],
                    [
                        -75.26339,
                        40.13026638888889
                    ]
                ]
            }
        },
        {
            "type": "Feature",
            "properties": {
                "style": "solid",
                "thickness": 3
            },
            "geometry": {
                "type": "LineString",
                "coordinates": [
                    [
                        -75.27185555555556,
                        40.13658083333333
                    ],
                    [
                        -75.27471694444445,
                        40.13621416666667
                    ]
                ]
            }
        },
        {
            "type": "Feature",
            "properties": {
                "style": "solid",
                "thickness": 3
            },
            "geometry": {
                "type": "LineString",
                "coordinates": [
                    [
                        -75.289995,
                        39.983450833333336
                    ],
                    [
                        -75.27905111111112,
                        39.98665555555556
                    ],
                    [
                        -75.28095277777777,
                        39.97777861111111
                    ],
                    [
                        -75.289995,
                        39.983450833333336
                    ]
                ]
            }
        },
        {
            "type": "Feature",
            "properties": {
                "style": "solid",
                "thickness": 3
            },
            "geometry": {
                "type": "LineString",
                "coordinates": [
                    [
                        -74.7510075,
                        39.66746027777778
                    ],
                    [
                        -74.75124611111112,
                        39.66611805555556
                    ],
                    [
                        -74.75192694444445,
                        39.66486916666666
                    ],
                    [
                        -74.75300194444445,
                        39.663798888888884
                    ],
                    [
                        -74.75439861111111,
                        39.66298083333333
                    ],
                    [
                        -74.75602222222223,
                        39.66246944444444
                    ],
                    [
                        -74.7577613888889,
                        39.6623
                    ],
                    [
                        -74.75949777777778,
                        39.662484722222224
                    ],
                    [
                        -74.76111361111111,
                        39.66301027777778
                    ],
                    [
                        -74.76249777777778,
                        39.66384055555555
                    ],
                    [
                        -74.7635575,
                        39.66492083333333
                    ],
                    [
                        -74.76421944444445,
                        39.666174999999996
                    ],
                    [
                        -74.76443805555556,
                        39.66751972222222
                    ],
                    [
                        -74.76419916666667,
                        39.668861388888885
                    ],
                    [
                        -74.76351972222223,
                        39.67011027777777
                    ],
                    [
                        -74.76244472222223,
                        39.67118055555555
                    ],
                    [
                        -74.7610475,
                        39.671999444444445
                    ],
                    [
                        -74.75942388888889,
                        39.672510833333334
                    ],
                    [
                        -74.75768472222222,
                        39.67267944444444
                    ],
                    [
                        -74.7559475,
                        39.67249555555556
                    ],
                    [
                        -74.75433194444444,
                        39.67196972222222
                    ],
                    [
                        -74.75294694444445,
                        39.67113888888888
                    ],
                    [
                        -74.75188777777778,
                        39.67005916666666
                    ],
                    [
                        -74.75122666666667,
                        39.66880444444444
                    ],
                    [
                        -74.7510075,
                        39.66746027777778
                    ]
                ]
            }
        },
        {
            "type": "Feature",
            "properties": {
                "style": "solid",
                "thickness": 3
            },
            "geometry": {
                "type": "LineString",
                "coordinates": [
                    [
                        -74.75112361111111,
                        39.66848222222222
                    ],
                    [
                        -74.74827861111112,
                        39.668835277777774
                    ]
                ]
            }
        },
        {
            "type": "Feature",
            "properties": {
                "style": "solid",
                "thickness": 3
            },
            "geometry": {
                "type": "LineString",
                "coordinates": [
                    [
                        -74.7590275,
                        39.67263555555555
                    ],
                    [
                        -74.75948472222223,
                        39.674833888888884
                    ]
                ]
            }
        },
        {
            "type": "Feature",
            "properties": {
                "style": "solid",
                "thickness": 3
            },
            "geometry": {
                "type": "LineString",
                "coordinates": [
                    [
                        -74.75649777777778,
                        39.66237361111111
                    ],
                    [
                        -74.75604055555556,
                        39.660174999999995
                    ]
                ]
            }
        },
        {
            "type": "Feature",
            "properties": {
                "style": "solid",
                "thickness": 3
            },
            "geometry": {
                "type": "LineString",
                "coordinates": [
                    [
                        -74.76440111111111,
                        39.66652666666666
                    ],
                    [
                        -74.76724583333333,
                        39.66617361111111
                    ]
                ]
            }
        },
        {
            "type": "Feature",
            "properties": {
                "style": "solid",
                "thickness": 3
            },
            "geometry": {
                "type": "LineString",
                "coordinates": [
                    [
                        -76.19568166666667,
                        39.56690555555556
                    ],
                    [
                        -76.19589166666667,
                        39.56556055555555
                    ],
                    [
                        -76.196545,
                        39.56430361111111
                    ],
                    [
                        -76.19759583333334,
                        39.56322027777777
                    ],
                    [
                        -76.19897361111111,
                        39.56238416666666
                    ],
                    [
                        -76.20058361111111,
                        39.56185277777777
                    ],
                    [
                        -76.20231611111112,
                        39.56166111111111
                    ],
                    [
                        -76.2040538888889,
                        39.56182444444444
                    ],
                    [
                        -76.20567833333334,
                        39.562329722222216
                    ],
                    [
                        -76.20707805555556,
                        39.56314305555555
                    ],
                    [
                        -76.20815805555556,
                        39.564208888888885
                    ],
                    [
                        -76.20884527777778,
                        39.56545527777777
                    ],
                    [
                        -76.20909222222222,
                        39.56679666666667
                    ],
                    [
                        -76.20888166666667,
                        39.56814166666667
                    ],
                    [
                        -76.20822916666667,
                        39.56939888888889
                    ],
                    [
                        -76.20717805555556,
                        39.570482222222225
                    ],
                    [
                        -76.20580027777778,
                        39.57131805555556
                    ],
                    [
                        -76.20419055555556,
                        39.571849722222225
                    ],
                    [
                        -76.20245694444445,
                        39.57204111111111
                    ],
                    [
                        -76.20071944444445,
                        39.57187805555556
                    ],
                    [
                        -76.19909472222223,
                        39.5713725
                    ],
                    [
                        -76.19769472222222,
                        39.57055916666667
                    ],
                    [
                        -76.19661444444445,
                        39.569493333333334
                    ],
                    [
                        -76.19592777777778,
                        39.56824694444445
                    ],
                    [
                        -76.19568166666667,
                        39.56690555555556
                    ]
                ]
            }
        },
        {
            "type": "Feature",
            "properties": {
                "style": "solid",
                "thickness": 3
            },
            "geometry": {
                "type": "LineString",
                "coordinates": [
                    [
                        -76.19581833333334,
                        39.56792611111111
                    ],
                    [
                        -76.19298527777778,
                        39.56831527777778
                    ]
                ]
            }
        },
        {
            "type": "Feature",
            "properties": {
                "style": "solid",
                "thickness": 3
            },
            "geometry": {
                "type": "LineString",
                "coordinates": [
                    [
                        -76.20379694444445,
                        39.57198
                    ],
                    [
                        -76.20429944444444,
                        39.5741725
                    ]
                ]
            }
        },
        {
            "type": "Feature",
            "properties": {
                "style": "solid",
                "thickness": 3
            },
            "geometry": {
                "type": "LineString",
                "coordinates": [
                    [
                        -76.20105611111111,
                        39.56175111111111
                    ],
                    [
                        -76.20055388888889,
                        39.55955861111111
                    ]
                ]
            }
        },
        {
            "type": "Feature",
            "properties": {
                "style": "solid",
                "thickness": 3
            },
            "geometry": {
                "type": "LineString",
                "coordinates": [
                    [
                        -76.20903416666667,
                        39.56580472222222
                    ],
                    [
                        -76.21186722222222,
                        39.565416111111105
                    ]
                ]
            }
        },
        {
            "type": "Feature",
            "properties": {
                "style": "solid",
                "thickness": 3
            },
            "geometry": {
                "type": "LineString",
                "coordinates": [
                    [
                        -76.1621075,
                        39.46626444444445
                    ],
                    [
                        -76.16231888888889,
                        39.46491944444445
                    ],
                    [
                        -76.16297138888889,
                        39.46366305555556
                    ],
                    [
                        -76.16402166666667,
                        39.46258
                    ],
                    [
                        -76.16539722222223,
                        39.46174416666667
                    ],
                    [
                        -76.167005,
                        39.46121277777778
                    ],
                    [
                        -76.16873555555556,
                        39.46102305555556
                    ],
                    [
                        -76.17047111111111,
                        39.46118555555556
                    ],
                    [
                        -76.1720925,
                        39.461691944444446
                    ],
                    [
                        -76.17349,
                        39.46250555555556
                    ],
                    [
                        -76.17456777777778,
                        39.463572222222226
                    ],
                    [
                        -76.17525305555556,
                        39.46481861111111
                    ],
                    [
                        -76.17549916666667,
                        39.46616
                    ],
                    [
                        -76.17528861111111,
                        39.467505
                    ],
                    [
                        -76.17463611111111,
                        39.468761944444445
                    ],
                    [
                        -76.17358583333333,
                        39.46984444444445
                    ],
                    [
                        -76.17221027777778,
                        39.47068027777778
                    ],
                    [
                        -76.17060222222223,
                        39.47121166666667
                    ],
                    [
                        -76.16887111111112,
                        39.471402222222224
                    ],
                    [
                        -76.16713555555556,
                        39.47123888888889
                    ],
                    [
                        -76.16551416666667,
                        39.470733333333335
                    ],
                    [
                        -76.16411666666667,
                        39.46991888888889
                    ],
                    [
                        -76.16303888888889,
                        39.468852222222225
                    ],
                    [
                        -76.16235361111112,
                        39.46760638888889
                    ],
                    [
                        -76.1621075,
                        39.46626444444445
                    ]
                ]
            }
        },
        {
            "type": "Feature",
            "properties": {
                "style": "solid",
                "thickness": 3
            },
            "geometry": {
                "type": "LineString",
                "coordinates": [
                    [
                        -76.16224416666667,
                        39.467285555555556
                    ],
                    [
                        -76.15941527777778,
                        39.46767305555556
                    ]
                ]
            }
        },
        {
            "type": "Feature",
            "properties": {
                "style": "solid",
                "thickness": 3
            },
            "geometry": {
                "type": "LineString",
                "coordinates": [
                    [
                        -76.1702088888889,
                        39.47134194444445
                    ],
                    [
                        -76.17070972222223,
                        39.47353444444445
                    ]
                ]
            }
        },
        {
            "type": "Feature",
            "properties": {
                "style": "solid",
                "thickness": 3
            },
            "geometry": {
                "type": "LineString",
                "coordinates": [
                    [
                        -76.1674775,
                        39.46111194444445
                    ],
                    [
                        -76.16697666666667,
                        39.45891944444445
                    ]
                ]
            }
        },
        {
            "type": "Feature",
            "properties": {
                "style": "solid",
                "thickness": 3
            },
            "geometry": {
                "type": "LineString",
                "coordinates": [
                    [
                        -76.17544166666667,
                        39.46516805555556
                    ],
                    [
                        -76.17827055555556,
                        39.464779722222225
                    ]
                ]
            }
        },
        {
            "type": "Feature",
            "properties": {
                "style": "solid",
                "thickness": 3
            },
            "geometry": {
                "type": "LineString",
                "coordinates": [
                    [
                        -75.58996583333332,
                        39.21837055555556
                    ],
                    [
                        -75.59018722222221,
                        39.21702666666667
                    ],
                    [
                        -75.59084777777777,
                        39.21577305555556
                    ],
                    [
                        -75.59190333333333,
                        39.21469555555556
                    ],
                    [
                        -75.59328083333332,
                        39.21386694444445
                    ],
                    [
                        -75.59488722222221,
                        39.213343611111114
                    ],
                    [
                        -75.59661333333332,
                        39.21316138888889
                    ],
                    [
                        -75.59834083333332,
                        39.21333388888889
                    ],
                    [
                        -75.5999525,
                        39.21384694444445
                    ],
                    [
                        -75.60133805555554,
                        39.214668333333336
                    ],
                    [
                        -75.6024036111111,
                        39.215739722222224
                    ],
                    [
                        -75.60307583333332,
                        39.21698972222222
                    ],
                    [
                        -75.60330944444443,
                        39.2183325
                    ],
                    [
                        -75.60308888888888,
                        39.21967638888889
                    ],
                    [
                        -75.60242833333332,
                        39.22093
                    ],
                    [
                        -75.6013736111111,
                        39.222007500000004
                    ],
                    [
                        -75.59999527777778,
                        39.222836111111114
                    ],
                    [
                        -75.59838888888888,
                        39.22335944444445
                    ],
                    [
                        -75.59666277777777,
                        39.22354166666667
                    ],
                    [
                        -75.59493499999999,
                        39.22336972222222
                    ],
                    [
                        -75.59332305555554,
                        39.222855833333334
                    ],
                    [
                        -75.5919375,
                        39.222034444444446
                    ],
                    [
                        -75.59087166666666,
                        39.22096305555556
                    ],
                    [
                        -75.59019972222222,
                        39.21971305555556
                    ],
                    [
                        -75.58996583333332,
                        39.21837055555556
                    ]
                ]
            }
        },
        {
            "type": "Feature",
            "properties": {
                "style": "solid",
                "thickness": 3
            },
            "geometry": {
                "type": "LineString",
                "coordinates": [
                    [
                        -75.5900936111111,
                        39.219391944444446
                    ],
                    [
                        -75.58727138888888,
                        39.21976611111111
                    ]
                ]
            }
        },
        {
            "type": "Feature",
            "properties": {
                "style": "solid",
                "thickness": 3
            },
            "geometry": {
                "type": "LineString",
                "coordinates": [
                    [
                        -75.5979961111111,
                        39.223487222222225
                    ],
                    [
                        -75.5984775,
                        39.22568305555556
                    ]
                ]
            }
        },
        {
            "type": "Feature",
            "properties": {
                "style": "solid",
                "thickness": 3
            },
            "geometry": {
                "type": "LineString",
                "coordinates": [
                    [
                        -75.59535916666667,
                        39.213245
                    ],
                    [
                        -75.59487777777777,
                        39.21105
                    ]
                ]
            }
        },
        {
            "type": "Feature",
            "properties": {
                "style": "solid",
                "thickness": 3
            },
            "geometry": {
                "type": "LineString",
                "coordinates": [
                    [
                        -75.60326083333332,
                        39.21734055555556
                    ],
                    [
                        -75.60608305555554,
                        39.21696611111111
                    ]
                ]
            }
        },
        {
            "type": "Feature",
            "properties": {
                "style": "solid",
                "thickness": 3
            },
            "geometry": {
                "type": "LineString",
                "coordinates": [
                    [
                        -75.45933611111111,
                        39.12953
                    ],
                    [
                        -75.45955944444445,
                        39.12818638888889
                    ],
                    [
                        -75.46022166666667,
                        39.12693361111111
                    ],
                    [
                        -75.46127694444445,
                        39.12585638888889
                    ],
                    [
                        -75.46265472222223,
                        39.12502972222222
                    ],
                    [
                        -75.46426027777778,
                        39.12450805555556
                    ],
                    [
                        -75.46598444444444,
                        39.12432805555556
                    ],
                    [
                        -75.4677088888889,
                        39.12450194444445
                    ],
                    [
                        -75.46931805555556,
                        39.12501833333334
                    ],
                    [
                        -75.47070027777778,
                        39.125840000000004
                    ],
                    [
                        -75.47176222222222,
                        39.126913611111114
                    ],
                    [
                        -75.4724313888889,
                        39.12816388888889
                    ],
                    [
                        -75.47266222222223,
                        39.12950638888889
                    ],
                    [
                        -75.47243944444445,
                        39.13085
                    ],
                    [
                        -75.4717775,
                        39.13210277777778
                    ],
                    [
                        -75.47072194444445,
                        39.13318
                    ],
                    [
                        -75.46934416666667,
                        39.13400722222222
                    ],
                    [
                        -75.46773861111112,
                        39.134528333333336
                    ],
                    [
                        -75.46601416666667,
                        39.134708333333336
                    ],
                    [
                        -75.46428861111112,
                        39.13453444444444
                    ],
                    [
                        -75.46268027777778,
                        39.13401888888889
                    ],
                    [
                        -75.46129805555556,
                        39.13319638888889
                    ],
                    [
                        -75.46023611111112,
                        39.13212277777778
                    ],
                    [
                        -75.45956694444445,
                        39.1308725
                    ],
                    [
                        -75.45933611111111,
                        39.12953
                    ]
                ]
            }
        },
        {
            "type": "Feature",
            "properties": {
                "style": "solid",
                "thickness": 3
            },
            "geometry": {
                "type": "LineString",
                "coordinates": [
                    [
                        -75.45946166666667,
                        39.13055138888889
                    ],
                    [
                        -75.4566425,
                        39.130921944444445
                    ]
                ]
            }
        },
        {
            "type": "Feature",
            "properties": {
                "style": "solid",
                "thickness": 3
            },
            "geometry": {
                "type": "LineString",
                "coordinates": [
                    [
                        -75.46734611111111,
                        39.13465611111111
                    ],
                    [
                        -75.46782277777778,
                        39.136851944444444
                    ]
                ]
            }
        },
        {
            "type": "Feature",
            "properties": {
                "style": "solid",
                "thickness": 3
            },
            "geometry": {
                "type": "LineString",
                "coordinates": [
                    [
                        -75.4647313888889,
                        39.124410555555556
                    ],
                    [
                        -75.46425527777778,
                        39.122214722222225
                    ]
                ]
            }
        },
        {
            "type": "Feature",
            "properties": {
                "style": "solid",
                "thickness": 3
            },
            "geometry": {
                "type": "LineString",
                "coordinates": [
                    [
                        -75.47261583333334,
                        39.128515
                    ],
                    [
                        -75.475435,
                        39.12814361111111
                    ]
                ]
            }
        },
        {
            "type": "Feature",
            "properties": {
                "style": "solid",
                "thickness": 3
            },
            "geometry": {
                "type": "LineString",
                "coordinates": [
                    [
                        -74.80048166666667,
                        39.93426833333333
                    ],
                    [
                        -74.80072055555556,
                        39.93292583333333
                    ],
                    [
                        -74.80140222222222,
                        39.93167694444444
                    ],
                    [
                        -74.80248083333333,
                        39.93060666666666
                    ],
                    [
                        -74.8038825,
                        39.929787499999996
                    ],
                    [
                        -74.80551194444445,
                        39.929275555555556
                    ],
                    [
                        -74.80725777777778,
                        39.92910555555555
                    ],
                    [
                        -74.80900111111112,
                        39.929288888888884
                    ],
                    [
                        -74.81062361111111,
                        39.92981361111111
                    ],
                    [
                        -74.81201416666666,
                        39.93064444444444
                    ],
                    [
                        -74.81307833333334,
                        39.93172305555555
                    ],
                    [
                        -74.81374333333333,
                        39.93297777777777
                    ],
                    [
                        -74.81396444444444,
                        39.93432166666666
                    ],
                    [
                        -74.81372583333334,
                        39.93566416666666
                    ],
                    [
                        -74.81304416666666,
                        39.93691333333333
                    ],
                    [
                        -74.81196555555556,
                        39.93798333333333
                    ],
                    [
                        -74.81056388888888,
                        39.938802777777774
                    ],
                    [
                        -74.80893444444445,
                        39.93931499999999
                    ],
                    [
                        -74.80718805555556,
                        39.93948472222222
                    ],
                    [
                        -74.80544444444445,
                        39.93930111111111
                    ],
                    [
                        -74.80382194444444,
                        39.93877638888888
                    ],
                    [
                        -74.80243138888889,
                        39.93794555555555
                    ],
                    [
                        -74.80136722222223,
                        39.93686694444444
                    ],
                    [
                        -74.80070222222221,
                        39.93561222222222
                    ],
                    [
                        -74.80048166666667,
                        39.93426833333333
                    ]
                ]
            }
        },
        {
            "type": "Feature",
            "properties": {
                "style": "solid",
                "thickness": 3
            },
            "geometry": {
                "type": "LineString",
                "coordinates": [
                    [
                        -74.80059833333333,
                        39.935289999999995
                    ],
                    [
                        -74.79774277777777,
                        39.93564416666666
                    ]
                ]
            }
        },
        {
            "type": "Feature",
            "properties": {
                "style": "solid",
                "thickness": 3
            },
            "geometry": {
                "type": "LineString",
                "coordinates": [
                    [
                        -74.80853583333334,
                        39.93943972222222
                    ],
                    [
                        -74.80899694444444,
                        39.94163805555555
                    ]
                ]
            }
        },
        {
            "type": "Feature",
            "properties": {
                "style": "solid",
                "thickness": 3
            },
            "geometry": {
                "type": "LineString",
                "coordinates": [
                    [
                        -74.80598888888889,
                        39.929179999999995
                    ],
                    [
                        -74.80552861111111,
                        39.92698166666666
                    ]
                ]
            }
        },
        {
            "type": "Feature",
            "properties": {
                "style": "solid",
                "thickness": 3
            },
            "geometry": {
                "type": "LineString",
                "coordinates": [
                    [
                        -74.81392611111112,
                        39.93332972222222
                    ],
                    [
                        -74.81678166666666,
                        39.93297444444444
                    ]
                ]
            }
        },
        {
            "type": "Feature",
            "properties": {
                "style": "solid",
                "thickness": 3
            },
            "geometry": {
                "type": "LineString",
                "coordinates": [
                    [
                        -75.71696416666667,
                        39.52107222222222
                    ],
                    [
                        -75.71718416666667,
                        39.5197275
                    ],
                    [
                        -75.71784527777778,
                        39.518473888888884
                    ],
                    [
                        -75.71890305555556,
                        39.51739416666667
                    ],
                    [
                        -75.720285,
                        39.51656416666667
                    ],
                    [
                        -75.72189805555556,
                        39.516039722222224
                    ],
                    [
                        -75.72363138888889,
                        39.51585611111111
                    ],
                    [
                        -75.72536666666667,
                        39.51602555555556
                    ],
                    [
                        -75.72698611111112,
                        39.51653805555556
                    ],
                    [
                        -75.72837916666667,
                        39.51735722222222
                    ],
                    [
                        -75.72945138888889,
                        39.518427777777774
                    ],
                    [
                        -75.73012916666667,
                        39.51967666666667
                    ],
                    [
                        -75.73036666666667,
                        39.52101916666667
                    ],
                    [
                        -75.7301475,
                        39.52236305555555
                    ],
                    [
                        -75.72948611111111,
                        39.5236175
                    ],
                    [
                        -75.72842861111111,
                        39.52469638888889
                    ],
                    [
                        -75.72704583333334,
                        39.52552722222222
                    ],
                    [
                        -75.72543277777778,
                        39.52605194444445
                    ],
                    [
                        -75.72369944444445,
                        39.52623555555555
                    ],
                    [
                        -75.7219638888889,
                        39.526065833333334
                    ],
                    [
                        -75.72034472222222,
                        39.52555361111111
                    ],
                    [
                        -75.71895083333334,
                        39.52473444444444
                    ],
                    [
                        -75.71787944444445,
                        39.52366305555555
                    ],
                    [
                        -75.71720166666667,
                        39.52241472222222
                    ],
                    [
                        -75.71696416666667,
                        39.52107222222222
                    ]
                ]
            }
        },
        {
            "type": "Feature",
            "properties": {
                "style": "solid",
                "thickness": 3
            },
            "geometry": {
                "type": "LineString",
                "coordinates": [
                    [
                        -75.71709416666667,
                        39.52209305555555
                    ],
                    [
                        -75.71426027777778,
                        39.52247055555556
                    ]
                ]
            }
        },
        {
            "type": "Feature",
            "properties": {
                "style": "solid",
                "thickness": 3
            },
            "geometry": {
                "type": "LineString",
                "coordinates": [
                    [
                        -75.72503888888889,
                        39.52618
                    ],
                    [
                        -75.7255263888889,
                        39.528374722222225
                    ]
                ]
            }
        },
        {
            "type": "Feature",
            "properties": {
                "style": "solid",
                "thickness": 3
            },
            "geometry": {
                "type": "LineString",
                "coordinates": [
                    [
                        -75.72237111111112,
                        39.51594027777778
                    ],
                    [
                        -75.72188416666667,
                        39.51374555555556
                    ]
                ]
            }
        },
        {
            "type": "Feature",
            "properties": {
                "style": "solid",
                "thickness": 3
            },
            "geometry": {
                "type": "LineString",
                "coordinates": [
                    [
                        -75.73031583333334,
                        39.52002722222222
                    ],
                    [
                        -75.73314944444445,
                        39.51964944444445
                    ]
                ]
            }
        },
        {
            "type": "Feature",
            "properties": {
                "style": "solid",
                "thickness": 3
            },
            "geometry": {
                "type": "LineString",
                "coordinates": [
                    [
                        -75.17772027777778,
                        39.473040833333336
                    ],
                    [
                        -75.17794972222222,
                        39.471697222222225
                    ],
                    [
                        -75.17862027777778,
                        39.47044666666667
                    ],
                    [
                        -75.17968583333334,
                        39.46937194444445
                    ],
                    [
                        -75.18107388888889,
                        39.46854888888889
                    ],
                    [
                        -75.18268944444445,
                        39.46803166666667
                    ],
                    [
                        -75.18442277777778,
                        39.46785555555556
                    ],
                    [
                        -75.18615555555556,
                        39.46803416666667
                    ],
                    [
                        -75.18777,
                        39.46855361111111
                    ],
                    [
                        -75.18915555555556,
                        39.46937916666667
                    ],
                    [
                        -75.1902188888889,
                        39.470455
                    ],
                    [
                        -75.19088611111111,
                        39.47170666666667
                    ],
                    [
                        -75.19111305555556,
                        39.47305027777778
                    ],
                    [
                        -75.19088305555556,
                        39.47439361111111
                    ],
                    [
                        -75.19021305555556,
                        39.475645
                    ],
                    [
                        -75.1891475,
                        39.47671916666667
                    ],
                    [
                        -75.18775972222222,
                        39.47754277777778
                    ],
                    [
                        -75.18614388888889,
                        39.47806027777778
                    ],
                    [
                        -75.18441055555556,
                        39.478235833333336
                    ],
                    [
                        -75.18267722222222,
                        39.47805777777778
                    ],
                    [
                        -75.18106277777778,
                        39.477538055555556
                    ],
                    [
                        -75.1796763888889,
                        39.476712222222226
                    ],
                    [
                        -75.17861388888889,
                        39.475636111111115
                    ],
                    [
                        -75.17794666666667,
                        39.474384444444446
                    ],
                    [
                        -75.17772027777778,
                        39.473040833333336
                    ]
                ]
            }
        },
        {
            "type": "Feature",
            "properties": {
                "style": "solid",
                "thickness": 3
            },
            "geometry": {
                "type": "LineString",
                "coordinates": [
                    [
                        -75.1778413888889,
                        39.4740625
                    ],
                    [
                        -75.17500694444445,
                        39.474426111111114
                    ]
                ]
            }
        },
        {
            "type": "Feature",
            "properties": {
                "style": "solid",
                "thickness": 3
            },
            "geometry": {
                "type": "LineString",
                "coordinates": [
                    [
                        -75.18574916666667,
                        39.478186111111114
                    ],
                    [
                        -75.18621861111112,
                        39.480383333333336
                    ]
                ]
            }
        },
        {
            "type": "Feature",
            "properties": {
                "style": "solid",
                "thickness": 3
            },
            "geometry": {
                "type": "LineString",
                "coordinates": [
                    [
                        -75.18316333333334,
                        39.467934444444445
                    ],
                    [
                        -75.18269388888889,
                        39.4657375
                    ]
                ]
            }
        },
        {
            "type": "Feature",
            "properties": {
                "style": "solid",
                "thickness": 3
            },
            "geometry": {
                "type": "LineString",
                "coordinates": [
                    [
                        -75.19107027777778,
                        39.47205833333334
                    ],
                    [
                        -75.19390472222223,
                        39.471693611111114
                    ]
                ]
            }
        },
        {
            "type": "Feature",
            "properties": {
                "style": "solid",
                "thickness": 3
            },
            "geometry": {
                "type": "LineString",
                "coordinates": [
                    [
                        -74.79031805555556,
                        39.095443333333336
                    ],
                    [
                        -74.79062305555556,
                        39.09357055555556
                    ],
                    [
                        -74.7914938888889,
                        39.09180888888889
                    ],
                    [
                        -74.79288055555556,
                        39.09026138888889
                    ],
                    [
                        -74.79470166666667,
                        39.089017222222225
                    ],
                    [
                        -74.79685222222221,
                        39.08814916666667
                    ],
                    [
                        -74.79920694444445,
                        39.08770666666667
                    ],
                    [
                        -74.80162916666666,
                        39.087716944444445
                    ],
                    [
                        -74.8039775,
                        39.08817777777778
                    ],
                    [
                        -74.80611666666667,
                        39.089063333333335
                    ],
                    [
                        -74.80792111111111,
                        39.09032305555556
                    ],
                    [
                        -74.80928638888889,
                        39.091881944444445
                    ],
                    [
                        -74.81013416666666,
                        39.093649722222224
                    ],
                    [
                        -74.8104136111111,
                        39.095525
                    ],
                    [
                        -74.81010944444444,
                        39.09739777777778
                    ],
                    [
                        -74.80923861111111,
                        39.099158611111115
                    ],
                    [
                        -74.80785222222222,
                        39.10070694444445
                    ],
                    [
                        -74.80603083333332,
                        39.10195138888889
                    ],
                    [
                        -74.80388027777778,
                        39.10282
                    ],
                    [
                        -74.80152472222223,
                        39.10326194444445
                    ],
                    [
                        -74.7991025,
                        39.1032525
                    ],
                    [
                        -74.79675277777777,
                        39.10279055555556
                    ],
                    [
                        -74.79461444444445,
                        39.101905
                    ],
                    [
                        -74.79280916666667,
                        39.10064555555556
                    ],
                    [
                        -74.79144388888889,
                        39.09908638888889
                    ],
                    [
                        -74.79059694444445,
                        39.097318333333334
                    ],
                    [
                        -74.79031805555556,
                        39.095443333333336
                    ],
                    [
                        -74.79031805555556,
                        39.095443333333336
                    ]
                ]
            }
        },
        {
            "type": "Feature",
            "properties": {
                "style": "solid",
                "thickness": 3
            },
            "geometry": {
                "type": "LineString",
                "coordinates": [
                    [
                        -75.56065972222223,
                        39.38808222222222
                    ],
                    [
                        -75.56080944444444,
                        39.387412222222224
                    ],
                    [
                        -75.56124472222221,
                        39.38682166666667
                    ],
                    [
                        -75.56191416666667,
                        39.386383333333335
                    ],
                    [
                        -75.56273638888888,
                        39.38614888888889
                    ],
                    [
                        -75.56361249999999,
                        39.38614638888889
                    ],
                    [
                        -75.56443722222222,
                        39.38637638888889
                    ],
                    [
                        -75.56511,
                        39.38681222222222
                    ],
                    [
                        -75.56555055555555,
                        39.38739944444444
                    ],
                    [
                        -75.56570611111111,
                        39.38806916666667
                    ],
                    [
                        -75.56555638888888,
                        39.38873916666667
                    ],
                    [
                        -75.56512083333332,
                        39.38932916666666
                    ],
                    [
                        -75.56445166666667,
                        39.38976722222222
                    ],
                    [
                        -75.56362944444444,
                        39.3900025
                    ],
                    [
                        -75.56275305555555,
                        39.39000472222222
                    ],
                    [
                        -75.56192861111111,
                        39.38977416666667
                    ],
                    [
                        -75.56125583333333,
                        39.389338611111114
                    ],
                    [
                        -75.56081499999999,
                        39.38875138888889
                    ],
                    [
                        -75.56065972222223,
                        39.38808222222222
                    ],
                    [
                        -75.56065972222223,
                        39.38808222222222
                    ]
                ]
            }
        },
        {
            "type": "Feature",
            "properties": {
                "style": "solid",
                "thickness": 3
            },
            "geometry": {
                "type": "LineString",
                "coordinates": [
                    [
                        -75.55744861111111,
                        39.388955833333334
                    ],
                    [
                        -75.55912527777778,
                        39.38842694444445
                    ],
                    [
                        -75.56052833333334,
                        39.38754027777778
                    ],
                    [
                        -75.56153527777778,
                        39.38637416666666
                    ],
                    [
                        -75.56205694444444,
                        39.38503
                    ],
                    [
                        -75.56204888888888,
                        39.38362611111111
                    ],
                    [
                        -75.56273,
                        39.38492611111111
                    ],
                    [
                        -75.56387166666666,
                        39.38601527777778
                    ],
                    [
                        -75.56537555555555,
                        39.38679666666667
                    ],
                    [
                        -75.56710777777778,
                        39.38720166666667
                    ],
                    [
                        -75.56891722222223,
                        39.38719527777778
                    ]
                ]
            }
        },
        {
            "type": "Feature",
            "properties": {
                "style": "solid",
                "thickness": 3
            },
            "geometry": {
                "type": "LineString",
                "coordinates": [
                    [
                        -75.5643175,
                        39.39252527777778
                    ],
                    [
                        -75.5643086111111,
                        39.39112111111111
                    ],
                    [
                        -75.56483138888889,
                        39.38977666666666
                    ],
                    [
                        -75.56583805555556,
                        39.38861027777778
                    ],
                    [
                        -75.5672411111111,
                        39.38772361111111
                    ],
                    [
                        -75.56891722222223,
                        39.38719527777778
                    ]
                ]
            }
        },
        {
            "type": "Feature",
            "properties": {
                "style": "solid",
                "thickness": 3
            },
            "geometry": {
                "type": "LineString",
                "coordinates": [
                    [
                        -75.5643175,
                        39.39252527777778
                    ],
                    [
                        -75.56363638888888,
                        39.39122444444445
                    ],
                    [
                        -75.56249416666667,
                        39.39013527777778
                    ],
                    [
                        -75.56099,
                        39.38935388888889
                    ],
                    [
                        -75.55925805555555,
                        39.38894916666666
                    ],
                    [
                        -75.55744861111111,
                        39.388955833333334
                    ],
                    [
                        -75.55744861111111,
                        39.388955833333334
                    ]
                ]
            }
        },
        {
            "type": "Feature",
            "properties": {
                "style": "solid",
                "thickness": 3
            },
            "geometry": {
                "type": "LineString",
                "coordinates": [
                    [
                        -75.65109194444445,
                        39.284192499999996
                    ],
                    [
                        -75.65124,
                        39.28352222222222
                    ],
                    [
                        -75.6516738888889,
                        39.28293166666666
                    ],
                    [
                        -75.65234166666667,
                        39.282492222222224
                    ],
                    [
                        -75.65316277777778,
                        39.2822575
                    ],
                    [
                        -75.6540375,
                        39.28225444444444
                    ],
                    [
                        -75.65486111111112,
                        39.28248416666666
                    ],
                    [
                        -75.65553333333334,
                        39.28291861111111
                    ],
                    [
                        -75.65597416666667,
                        39.28350583333333
                    ],
                    [
                        -75.65613,
                        39.28417472222222
                    ],
                    [
                        -75.65598194444445,
                        39.284845555555556
                    ],
                    [
                        -75.65554777777778,
                        39.28543555555555
                    ],
                    [
                        -75.65488,
                        39.28587472222222
                    ],
                    [
                        -75.65405916666667,
                        39.28611027777777
                    ],
                    [
                        -75.65318388888889,
                        39.286112777777774
                    ],
                    [
                        -75.65236055555556,
                        39.28588305555555
                    ],
                    [
                        -75.65168833333334,
                        39.28544861111111
                    ],
                    [
                        -75.65124722222222,
                        39.284861388888885
                    ],
                    [
                        -75.65109194444445,
                        39.284192499999996
                    ],
                    [
                        -75.65109194444445,
                        39.284192499999996
                    ]
                ]
            }
        },
        {
            "type": "Feature",
            "properties": {
                "style": "solid",
                "thickness": 3
            },
            "geometry": {
                "type": "LineString",
                "coordinates": [
                    [
                        -75.64788638888889,
                        39.28506861111111
                    ],
                    [
                        -75.64955944444445,
                        39.28453888888889
                    ],
                    [
                        -75.6509588888889,
                        39.28365111111111
                    ],
                    [
                        -75.65196277777778,
                        39.28248388888889
                    ],
                    [
                        -75.6524825,
                        39.28113916666666
                    ],
                    [
                        -75.6524725,
                        39.279735
                    ],
                    [
                        -75.65315416666667,
                        39.281034999999996
                    ],
                    [
                        -75.6542963888889,
                        39.28212305555555
                    ],
                    [
                        -75.65579833333334,
                        39.28290305555556
                    ],
                    [
                        -75.65752805555556,
                        39.28330694444444
                    ],
                    [
                        -75.65933472222223,
                        39.28329861111111
                    ]
                ]
            }
        },
        {
            "type": "Feature",
            "properties": {
                "style": "solid",
                "thickness": 3
            },
            "geometry": {
                "type": "LineString",
                "coordinates": [
                    [
                        -75.65474944444445,
                        39.28863194444444
                    ],
                    [
                        -75.65473944444444,
                        39.28722805555555
                    ],
                    [
                        -75.6552588888889,
                        39.28588388888889
                    ],
                    [
                        -75.65626222222222,
                        39.28471666666667
                    ],
                    [
                        -75.65766222222223,
                        39.283828888888884
                    ],
                    [
                        -75.65933472222223,
                        39.28329861111111
                    ]
                ]
            }
        },
        {
            "type": "Feature",
            "properties": {
                "style": "solid",
                "thickness": 3
            },
            "geometry": {
                "type": "LineString",
                "coordinates": [
                    [
                        -75.65474944444445,
                        39.28863194444444
                    ],
                    [
                        -75.65406777777778,
                        39.28733222222222
                    ],
                    [
                        -75.65292527777778,
                        39.28624416666666
                    ],
                    [
                        -75.65142277777778,
                        39.285463888888884
                    ],
                    [
                        -75.64969305555556,
                        39.285060277777774
                    ],
                    [
                        -75.64788638888889,
                        39.28506861111111
                    ],
                    [
                        -75.64788638888889,
                        39.28506861111111
                    ]
                ]
            }
        },
        {
            "type": "Feature",
            "properties": {
                "style": "solid",
                "thickness": 3
            },
            "geometry": {
                "type": "LineString",
                "coordinates": [
                    [
                        -74.74826861111111,
                        39.534369999999996
                    ],
                    [
                        -74.74842611111112,
                        39.53370111111111
                    ],
                    [
                        -74.74886972222222,
                        39.533113888888884
                    ],
                    [
                        -74.74954555555556,
                        39.53268027777778
                    ],
                    [
                        -74.75037222222223,
                        39.532450833333336
                    ],
                    [
                        -74.75125055555556,
                        39.53245527777778
                    ],
                    [
                        -74.75207361111111,
                        39.532691388888885
                    ],
                    [
                        -74.75274277777778,
                        39.53313166666666
                    ],
                    [
                        -74.75317777777778,
                        39.533722499999996
                    ],
                    [
                        -74.753325,
                        39.534392499999996
                    ],
                    [
                        -74.7531675,
                        39.535061388888884
                    ],
                    [
                        -74.75272416666667,
                        39.535648333333334
                    ],
                    [
                        -74.75204833333333,
                        39.53608194444444
                    ],
                    [
                        -74.7512213888889,
                        39.53631138888889
                    ],
                    [
                        -74.75034333333333,
                        39.53630694444444
                    ],
                    [
                        -74.74952,
                        39.536071111111106
                    ],
                    [
                        -74.74885083333334,
                        39.53563083333333
                    ],
                    [
                        -74.74841611111111,
                        39.535039999999995
                    ],
                    [
                        -74.74826861111111,
                        39.534369999999996
                    ],
                    [
                        -74.74826861111111,
                        39.534369999999996
                    ]
                ]
            }
        },
        {
            "type": "Feature",
            "properties": {
                "style": "solid",
                "thickness": 3
            },
            "geometry": {
                "type": "LineString",
                "coordinates": [
                    [
                        -74.74504055555556,
                        39.535220833333334
                    ],
                    [
                        -74.74672611111112,
                        39.534703888888885
                    ],
                    [
                        -74.74814305555556,
                        39.53382777777777
                    ],
                    [
                        -74.749165,
                        39.53266833333333
                    ],
                    [
                        -74.74970444444445,
                        39.531327499999996
                    ],
                    [
                        -74.7497125,
                        39.52992333333333
                    ],
                    [
                        -74.75038,
                        39.53122916666666
                    ],
                    [
                        -74.75151194444445,
                        39.53232555555555
                    ],
                    [
                        -74.75300916666667,
                        39.533117499999996
                    ],
                    [
                        -74.75474027777778,
                        39.53353527777777
                    ],
                    [
                        -74.75655305555556,
                        39.533541388888885
                    ]
                ]
            }
        },
        {
            "type": "Feature",
            "properties": {
                "style": "solid",
                "thickness": 3
            },
            "geometry": {
                "type": "LineString",
                "coordinates": [
                    [
                        -74.75188138888889,
                        39.53883805555555
                    ],
                    [
                        -74.75188916666667,
                        39.53743472222222
                    ],
                    [
                        -74.75242861111111,
                        39.536093611111106
                    ],
                    [
                        -74.75345055555556,
                        39.53493472222222
                    ],
                    [
                        -74.7548675,
                        39.534058333333334
                    ],
                    [
                        -74.75655305555556,
                        39.533541388888885
                    ]
                ]
            }
        },
        {
            "type": "Feature",
            "properties": {
                "style": "solid",
                "thickness": 3
            },
            "geometry": {
                "type": "LineString",
                "coordinates": [
                    [
                        -74.75188138888889,
                        39.53883805555555
                    ],
                    [
                        -74.75121416666667,
                        39.53753333333333
                    ],
                    [
                        -74.75008194444445,
                        39.53643583333333
                    ],
                    [
                        -74.748585,
                        39.53564472222222
                    ],
                    [
                        -74.7468538888889,
                        39.53522722222222
                    ],
                    [
                        -74.74504055555556,
                        39.535220833333334
                    ],
                    [
                        -74.74504055555556,
                        39.535220833333334
                    ]
                ]
            }
        },
        {
            "type": "Feature",
            "properties": {
                "style": "solid",
                "thickness": 3
            },
            "geometry": {
                "type": "LineString",
                "coordinates": [
                    [
                        -74.90384944444445,
                        39.37708416666667
                    ],
                    [
                        -74.90400527777778,
                        39.37641527777778
                    ],
                    [
                        -74.90444611111111,
                        39.37582777777778
                    ],
                    [
                        -74.90511972222222,
                        39.375392222222224
                    ],
                    [
                        -74.90594416666667,
                        39.37516277777778
                    ],
                    [
                        -74.90682027777778,
                        39.375165833333334
                    ],
                    [
                        -74.90764194444445,
                        39.37540055555556
                    ],
                    [
                        -74.90831111111112,
                        39.375839722222224
                    ],
                    [
                        -74.90874527777778,
                        39.37643027777778
                    ],
                    [
                        -74.90889472222223,
                        39.37710027777778
                    ],
                    [
                        -74.90873888888889,
                        39.377769444444446
                    ],
                    [
                        -74.90829805555556,
                        39.37835666666667
                    ],
                    [
                        -74.90762444444445,
                        39.37879138888889
                    ],
                    [
                        -74.9068,
                        39.379021111111115
                    ],
                    [
                        -74.90592388888889,
                        39.379018611111114
                    ],
                    [
                        -74.90510166666667,
                        39.37878388888889
                    ],
                    [
                        -74.90443305555556,
                        39.378344722222224
                    ],
                    [
                        -74.90399805555556,
                        39.37775416666667
                    ],
                    [
                        -74.90384944444445,
                        39.37708416666667
                    ],
                    [
                        -74.90384944444445,
                        39.37708416666667
                    ]
                ]
            }
        },
        {
            "type": "Feature",
            "properties": {
                "style": "solid",
                "thickness": 3
            },
            "geometry": {
                "type": "LineString",
                "coordinates": [
                    [
                        -74.90063027777778,
                        39.37793972222222
                    ],
                    [
                        -74.90231138888889,
                        39.37742027777778
                    ],
                    [
                        -74.9037225,
                        39.37654194444445
                    ],
                    [
                        -74.90474,
                        39.37538166666667
                    ],
                    [
                        -74.905275,
                        39.37404027777778
                    ],
                    [
                        -74.90528,
                        39.37263611111111
                    ],
                    [
                        -74.90594861111111,
                        39.373940833333336
                    ],
                    [
                        -74.90708027777778,
                        39.375036111111115
                    ],
                    [
                        -74.90857638888889,
                        39.37582555555556
                    ],
                    [
                        -74.91030444444445,
                        39.376240833333334
                    ],
                    [
                        -74.91211333333334,
                        39.376244722222225
                    ]
                ]
            }
        },
        {
            "type": "Feature",
            "properties": {
                "style": "solid",
                "thickness": 3
            },
            "geometry": {
                "type": "LineString",
                "coordinates": [
                    [
                        -74.90746416666667,
                        39.381548333333335
                    ],
                    [
                        -74.90746861111111,
                        39.38014416666667
                    ],
                    [
                        -74.90800361111111,
                        39.37880305555556
                    ],
                    [
                        -74.90902111111112,
                        39.37764166666667
                    ],
                    [
                        -74.91043222222223,
                        39.37676333333334
                    ],
                    [
                        -74.91211333333334,
                        39.376244722222225
                    ]
                ]
            }
        },
        {
            "type": "Feature",
            "properties": {
                "style": "solid",
                "thickness": 3
            },
            "geometry": {
                "type": "LineString",
                "coordinates": [
                    [
                        -74.90746416666667,
                        39.381548333333335
                    ],
                    [
                        -74.906795,
                        39.38024361111111
                    ],
                    [
                        -74.90566333333334,
                        39.37914777777778
                    ],
                    [
                        -74.90416722222223,
                        39.37835805555556
                    ],
                    [
                        -74.90243972222223,
                        39.377943611111114
                    ],
                    [
                        -74.90063027777778,
                        39.37793972222222
                    ],
                    [
                        -74.90063027777778,
                        39.37793972222222
                    ]
                ]
            }
        },
        {
            "type": "Feature",
            "properties": {
                "style": "solid",
                "thickness": 3
            },
            "geometry": {
                "type": "LineString",
                "coordinates": [
                    [
                        -74.56786027777777,
                        39.45889583333334
                    ],
                    [
                        -74.56379777777778,
                        39.45948277777778
                    ]
                ]
            }
        },
        {
            "type": "Feature",
            "properties": {
                "style": "solid",
                "thickness": 3
            },
            "geometry": {
                "type": "LineString",
                "coordinates": [
                    [
                        -74.57901388888888,
                        39.464825833333336
                    ],
                    [
                        -74.57977111111111,
                        39.467975
                    ]
                ]
            }
        },
        {
            "type": "Feature",
            "properties": {
                "style": "solid",
                "thickness": 3
            },
            "geometry": {
                "type": "LineString",
                "coordinates": [
                    [
                        -74.57550944444444,
                        39.450250833333335
                    ],
                    [
                        -74.5747525,
                        39.44710166666666
                    ]
                ]
            }
        },
        {
            "type": "Feature",
            "properties": {
                "style": "solid",
                "thickness": 3
            },
            "geometry": {
                "type": "LineString",
                "coordinates": [
                    [
                        -74.58666249999999,
                        39.45618
                    ],
                    [
                        -74.59072444444443,
                        39.45559277777778
                    ]
                ]
            }
        },
        {
            "type": "Feature",
            "properties": {
                "style": "solid",
                "thickness": 3
            },
            "geometry": {
                "type": "LineString",
                "coordinates": [
                    [
                        -74.58285083333332,
                        39.46351277777778
                    ],
                    [
                        -74.58366249999999,
                        39.46300277777778
                    ],
                    [
                        -74.58443833333332,
                        39.46239194444445
                    ],
                    [
                        -74.5851511111111,
                        39.46167805555556
                    ],
                    [
                        -74.5857711111111,
                        39.46086555555556
                    ],
                    [
                        -74.58626888888888,
                        39.459963333333334
                    ],
                    [
                        -74.58661611111111,
                        39.45898805555556
                    ],
                    [
                        -74.58679111111111,
                        39.45796416666667
                    ],
                    [
                        -74.58677944444445,
                        39.456919722222224
                    ],
                    [
                        -74.58657749999999,
                        39.455885
                    ],
                    [
                        -74.58619444444444,
                        39.45489055555556
                    ],
                    [
                        -74.58564694444443,
                        39.453963611111114
                    ],
                    [
                        -74.58496249999999,
                        39.45312638888889
                    ],
                    [
                        -74.58417,
                        39.45239138888889
                    ],
                    [
                        -74.5833025,
                        39.451768333333334
                    ],
                    [
                        -74.58239083333333,
                        39.451256111111114
                    ],
                    [
                        -74.5814625,
                        39.45085111111111
                    ],
                    [
                        -74.58051444444445,
                        39.4505375
                    ],
                    [
                        -74.579475,
                        39.450295833333335
                    ],
                    [
                        -74.57834749999999,
                        39.450140833333336
                    ],
                    [
                        -74.57714777777777,
                        39.450091944444445
                    ],
                    [
                        -74.57590083333334,
                        39.45016444444445
                    ],
                    [
                        -74.57463638888889,
                        39.45037277777778
                    ],
                    [
                        -74.57339055555555,
                        39.450719722222225
                    ],
                    [
                        -74.57220166666666,
                        39.45120611111111
                    ],
                    [
                        -74.57110722222222,
                        39.451819722222226
                    ],
                    [
                        -74.57013972222222,
                        39.45254277777778
                    ],
                    [
                        -74.5693236111111,
                        39.45335055555556
                    ],
                    [
                        -74.56867333333334,
                        39.45421694444445
                    ],
                    [
                        -74.56819277777777,
                        39.45511194444445
                    ],
                    [
                        -74.56787694444444,
                        39.45601055555556
                    ],
                    [
                        -74.56771388888889,
                        39.45688916666667
                    ],
                    [
                        -74.56768527777777,
                        39.457730833333336
                    ],
                    [
                        -74.56777194444444,
                        39.45852722222222
                    ],
                    [
                        -74.56797722222223,
                        39.459337222222224
                    ],
                    [
                        -74.56831916666667,
                        39.460168333333336
                    ],
                    [
                        -74.56881138888889,
                        39.46100277777778
                    ],
                    [
                        -74.56946305555554,
                        39.46181611111111
                    ],
                    [
                        -74.57027527777777,
                        39.4625825
                    ],
                    [
                        -74.57123916666666,
                        39.463276111111114
                    ],
                    [
                        -74.5723375,
                        39.46386916666667
                    ],
                    [
                        -74.5735425,
                        39.46434166666667
                    ],
                    [
                        -74.57481861111111,
                        39.4646775
                    ],
                    [
                        -74.57612805555556,
                        39.464868611111115
                    ],
                    [
                        -74.57743083333332,
                        39.46491805555556
                    ],
                    [
                        -74.5786925,
                        39.46483416666667
                    ],
                    [
                        -74.57988277777777,
                        39.4646325
                    ],
                    [
                        -74.58098055555556,
                        39.464331111111115
                    ],
                    [
                        -74.58197194444445,
                        39.463950833333335
                    ],
                    [
                        -74.58285083333332,
                        39.46351277777778
                    ]
                ]
            }
        },
        {
            "type": "Feature",
            "properties": {
                "style": "solid",
                "thickness": 3
            },
            "geometry": {
                "type": "LineString",
                "coordinates": [
                    [
                        -75.29738805555556,
                        39.86027861111111
                    ],
                    [
                        -75.27648805555556,
                        39.864491944444445
                    ]
                ]
            }
        },
        {
            "type": "Feature",
            "properties": {
                "style": "solid",
                "thickness": 3
            },
            "geometry": {
                "type": "LineString",
                "coordinates": [
                    [
                        -75.38096277777777,
                        39.84347805555556
                    ],
                    [
                        -75.36007305555555,
                        39.84770694444445
                    ]
                ]
            }
        },
        {
            "type": "Feature",
            "properties": {
                "style": "solid",
                "thickness": 3
            },
            "geometry": {
                "type": "LineString",
                "coordinates": [
                    [
                        -75.3391811111111,
                        39.851931111111114
                    ],
                    [
                        -75.31828583333333,
                        39.85606055555556
                    ]
                ]
            }
        },
        {
            "type": "Feature",
            "properties": {
                "style": "solid",
                "thickness": 3
            },
            "geometry": {
                "type": "LineString",
                "coordinates": [
                    [
                        -75.97417722222222,
                        39.72211638888889
                    ],
                    [
                        -75.4436175,
                        39.83076916666667
                    ]
                ]
            }
        },
        {
            "type": "Feature",
            "properties": {
                "style": "solid",
                "thickness": 3
            },
            "geometry": {
                "type": "LineString",
                "coordinates": [
                    [
                        -75.42273555555556,
                        39.835009722222225
                    ],
                    [
                        -75.40185027777778,
                        39.83924583333334
                    ]
                ]
            }
        },
        {
            "type": "Feature",
            "properties": {
                "style": "solid",
                "thickness": 3
            },
            "geometry": {
                "type": "LineString",
                "coordinates": [
                    [
                        -75.56569083333333,
                        39.81413638888888
                    ],
                    [
                        -75.55210611111112,
                        39.80062583333333
                    ]
                ]
            }
        },
        {
            "type": "Feature",
            "properties": {
                "style": "solid",
                "thickness": 3
            },
            "geometry": {
                "type": "LineString",
                "coordinates": [
                    [
                        -75.46866777777778,
                        39.81943666666667
                    ],
                    [
                        -75.48737694444445,
                        39.82859305555556
                    ]
                ]
            }
        },
        {
            "type": "Feature",
            "properties": {
                "style": "solid",
                "thickness": 3
            },
            "geometry": {
                "type": "LineString",
                "coordinates": [
                    [
                        -75.38843194444445,
                        39.837429722222225
                    ],
                    [
                        -75.39129694444445,
                        39.84602944444445
                    ],
                    [
                        -75.38013249999999,
                        39.84366166666667
                    ],
                    [
                        -75.38843194444445,
                        39.837429722222225
                    ]
                ]
            }
        },
        {
            "type": "Feature",
            "properties": {
                "style": "solid",
                "thickness": 3
            },
            "geometry": {
                "type": "LineString",
                "coordinates": [
                    [
                        -75.18218861111112,
                        39.778980555555556
                    ],
                    [
                        -75.13595611111111,
                        39.68548083333333
                    ]
                ]
            }
        },
        {
            "type": "Feature",
            "properties": {
                "style": "solid",
                "thickness": 3
            },
            "geometry": {
                "type": "LineString",
                "coordinates": [
                    [
                        -75.18218861111112,
                        39.778980555555556
                    ],
                    [
                        -75.19215472222223,
                        39.77569694444444
                    ]
                ]
            }
        },
        {
            "type": "Feature",
            "properties": {
                "style": "solid",
                "thickness": 3
            },
            "geometry": {
                "type": "LineString",
                "coordinates": [
                    [
                        -75.18218861111112,
                        39.778980555555556
                    ],
                    [
                        -75.17222194444444,
                        39.782262777777774
                    ]
                ]
            }
        },
        {
            "type": "Feature",
            "properties": {
                "style": "solid",
                "thickness": 3
            },
            "geometry": {
                "type": "LineString",
                "coordinates": [
                    [
                        -75.25804694444444,
                        39.775213888888885
                    ],
                    [
                        -75.30302722222221,
                        39.63602611111111
                    ]
                ]
            }
        },
        {
            "type": "Feature",
            "properties": {
                "style": "solid",
                "thickness": 3
            },
            "geometry": {
                "type": "LineString",
                "coordinates": [
                    [
                        -75.25804694444444,
                        39.775213888888885
                    ],
                    [
                        -75.24743388888889,
                        39.77350888888889
                    ]
                ]
            }
        },
        {
            "type": "Feature",
            "properties": {
                "style": "solid",
                "thickness": 3
            },
            "geometry": {
                "type": "LineString",
                "coordinates": [
                    [
                        -75.25804694444444,
                        39.775213888888885
                    ],
                    [
                        -75.26866111111111,
                        39.776917499999996
                    ]
                ]
            }
        },
        {
            "type": "Feature",
            "properties": {
                "style": "solid",
                "thickness": 3
            },
            "geometry": {
                "type": "LineString",
                "coordinates": [
                    [
                        -75.23526833333334,
                        39.88608638888889
                    ],
                    [
                        -75.22826666666667,
                        39.872082222222225
                    ]
                ]
            }
        },
        {
            "type": "Feature",
            "properties": {
                "style": "solid",
                "thickness": 3
            },
            "geometry": {
                "type": "LineString",
                "coordinates": [
                    [
                        -75.230045,
                        39.878305833333336
                    ],
                    [
                        -75.21269972222223,
                        39.88177694444445
                    ]
                ]
            }
        },
        {
            "type": "Feature",
            "properties": {
                "style": "solid",
                "thickness": 3
            },
            "geometry": {
                "type": "LineString",
                "coordinates": [
                    [
                        -75.25558555555556,
                        39.868701944444446
                    ],
                    [
                        -75.22292,
                        39.875283333333336
                    ]
                ]
            }
        },
        {
            "type": "Feature",
            "properties": {
                "style": "solid",
                "thickness": 3
            },
            "geometry": {
                "type": "LineString",
                "coordinates": [
                    [
                        -75.27513416666666,
                        39.86082833333334
                    ],
                    [
                        -75.23380138888889,
                        39.86916638888889
                    ]
                ]
            }
        }
    ]
}